26277  4  1
    1     365   796  1739  3999    1
    2    2082  2044  1580  1980    1
    3     371   331   460   599    1
    4    1283  1410  3710  4397    1
    5     507   869   901  1842    1
    6     380   345   439   828    2
    7     701   271  1002  1234    2
    8    1295  1931  3700  4309    1
    9    2302  2582  2805  3104    1
   10     283   284   430   533    2
   11     461   880  1221  2548    1
   12     297   286   298   300    2
   13     173  2044  2065  3830    2
   14    1852  1006  1955  2145    2
   15    1579   761  3129  3260    1
   16     180   182  2781  4066    1
   17    3864  3750  4095  4187    1
   18     393  1255  3660  4153    1
   19     334   581   958  1047    2
   20    2235    41  2901  3614    2
   21    1458   745  2415  3879    2
   22     814  1250  1394  1592    2
   23     605   604  1091  1208    2
   24     941  1130  4107  4328    2
   25     288  1335  3519  4013    2
   26     403   401   622   647    1
   27     468   517   581   794    2
   28     334   328   581   634    2
   29    1668  1266  1675  1788    2
   30    1619  1765  2243  2412    2
   31     320   308  1083  1656    2
   32    2053  2396  3493  1541    1
   33     618   704  1144  1680    1
   34     465   449   657   711    2
   35    1439  2332  3345  3391    1
   36    1363  1276  1433  1457    1
   37     509   818  1079  1166    2
   38    2621  2636  3480  4066    1
   39    1306   379   838  2989    2
   40     914   868  1351  1432    2
   41     608   535   730   893    1
   42     587   612   942   953    1
   43    2000  1789  3379  4171    1
   44     798   471  1120  2966    2
   45     641    10  4350  4388    2
   46    1016   996  1939  3168    1
   47    1068  1513  1943  2734    1
   48    2845  1809  2876  2991    2
   49    3350  3169  4218  1491    2
   50     151  3094  3722  4071    2
   51     308   532   970  1083    2
   52    1190  1170  2458  2459    2
   53     274   489  1247  2800    1
   54     528   311   839  1783    1
   55    1223  1465  1511  1827    2
   56     285    19   298   302    2
   57     325   740   871  1229    1
   58    3193  2007  3234  3824    2
   59     807  1693  1984  1997    2
   60    2009  2633  3130  3231    2
   61     369   326   919  1725    2
   62     521   814  1250  1394    2
   63     836  1352  1986  2417    1
   64     585  1011  1542  3028    1
   65     197  2073  2488  2718    1
   66    2707  1014  2942  4038    2
   67     787   598   929   949    1
   68     345   360   552   762    1
   69    1237  3226  3648  4401    1
   70    2309  3176  3232  3264    1
   71     369    15   446   844    2
   72    3048  2848  3305  4150    2
   73     480   500   564  2560    2
   74     680   969  1394  2350    2
   75    3244  2110  3736  4270    2
   76     404   462   957  1900    1
   77    2212   775  2882  3052    1
   78    3278  3945  3949  4296    1
   79    1189  1438  1667  1994    1
   80     436   390   541  2359    1
   81    1876   873  2088  3038    2
   82     884   774  1274  2734    1
   83    1481  1632  2450  4181    2
   84     838   354  1306  2791    2
   85    1006  1852  1878  3615    2
   86     310   304   358   439    2
   87    1587   981  2624  3637    1
   88     602  1212  3609  3966    2
   89     471  1306  2519  2966    2
   90     460   596   599   617    1
   91     405   374   624   650    1
   92    1860  1756  3735  4240    1
   93     400   527   803  1098    2
   94    3118  3544  3555  4407    2
   95    2261  1777  2468  2497    2
   96    1525  2480  3063  4034    2
   97    2172  2101  2176  2335    2
   98     228  2331  2367  2737    2
   99     942   852  2721  3662    1
  100     344    16   480   564    2
  101    1787  1876  3038  3806    2
  102    1285   746  1806  2423    2
  103     299   292   447  2138    2
  104    1197  2472  3184  4163    1
  105    1439  1662  2332  3132    1
  106     250   251  2284  3040    1
  107     823   700  1019  1022    1
  108    3467  2233  3574  3575    1
  109     842   670   891  2395    1
  110     917  1232  1299  1637    1
  111     265   268   267   297    3
  112    2056  2790  3394  3452    2
  113      17   266   268   881    2
  114     364   479   637   730    1
  115     295   294   300   889    1
  116    1239  1704  2418  3165    2
  117    1370  2485  2563  4242    2
  118     502   291   621   664    1
  119    1057  2487  3790  4195    2
  120     834  1102  1179  1414    1
  121     401  1255  1614  1814    1
  122     951  1452  2292  4016    2
  123    2091  1239  2139  3412    1
  124    1617  1624  1751  2133    2
  125    1068  1171  1799  2605    1
  126     756   613   877  4105    1
  127    2765  1979  3286  3520    2
  128     721   467   789  1811    1
  129     500   564  1380  2897    2
  130     270   269   291   394    2
  131     890   648   972  1948    1
  132    3917  3913  4369  4396    1
  133      19    20   302   303    2
  134    2867  3878  4379  4402    2
  135     716  2293  3047  4307    1
  136     442   935  2736  4321    1
  137    2860  3179  3406  3954    1
  138     442   516   935  4321    1
  139    1542  1025  2369  2647    1
  140     106   107  2676  2900    2
  141     779  1237  3648  4401    1
  142    1846  1864  2431  2595    2
  143    2632  1397  3166  3665    1
  144    2353  2051  2372  2904    1
  145     346   340   347   366    1
  146    1101   459  4194  4417    2
  147    2100  3144  3997  4293    2
  148     725  1576  3253  3254    2
  149     310   326   638  1725    2
  150    1477   575  2381  2698    2
  151    2949  3493  3587  4209    1
  152    1834  1069  1975  2215    2
  153     769  1692  1773  4179    2
  154     571   585  1058  1138    1
  155     826  1814  3328  4090    1
  156     610   649   875  2316    1
  157    2160  2533  3123  3702    2
  158     745  1616  2006  3985    2
  159     326   369  1335  1725    2
  160     618  2961  4409  4413    2
  161     558   675   857  1676    2
  162     541   831   860   913    1
  163    1207   926  2962  3393    2
  164    2934  1391  2867  1291    2
  165     951   689  1361  1452    2
  166    1770  1636  3324  3369    1
  167     143   141   142  2281    1
  168     746   620  1285  1469    2
  169     322    15   391   392    2
  170     655  2511   435  2689    1
  171    1819  2880  2892  2944    2
  172     266    18   298   459    2
  173     310   323   477   639    2
  174    1285  1419  1519  2851    2
  175     834   614  1102  1159    1
  176    2744  1851  3320  3885    1
  177    1720  1770  2281  2848    1
  178     809   588   939  4076    2
  179     904  1124  1800  1813    2
  180    2167  2977  3497  3498    1
  181      72    73  2805  4000    1
  182    2252  2788  3538  3595    1
  183     170  3334  3451  4158    1
  184    1506  1530  3039  3634    2
  185    2370    32  3442  3896    1
  186    1489  1500  1708  1746    2
  187     505    10   641  1115    1
  188     347   377   903  1073    1
  189     280   278   871  1325    1
  190    2995  2207  3098  3491    2
  191     669   928  1092  1238    2
  192     340   319   346   771    1
  193     113  2506  3201  3661    1
  194    1269   809  1505  2013    2
  195     315   312   934  1110    1
  196     352   365   743  3220    1
  197    2490  1012  2850  3989    2
  198     385   458   810  4276    1
  199      19   299   303   536    2
  200    1429  3206  4079  4246    2
  201     435   491   655  1147    2
  202    1264   738  2031  4374    2
  203     359   399   535   730    1
  204     980  1016  2008  2682    1
  205     463   560  3016  3333    1
  206    3014  3379  3748  3768    1
  207    1237  3267  4380  4401    1
  208    2940  3099  3803  3852    1
  209     718  2332  3368  3775    1
  210    1835  1337  2517  2546    2
  211     884  2734  3086  4085    1
  212    1741  1911  2982  3853    1
  213    1064  2639  3281  4015    2
  214    1165   490  1313  2959    1
  215     108  2036  4026  4268    1
  216     672  1224  1337  2921    2
  217     400   321   435   757    2
  218    2533  1809  2661  2876    2
  219     157  1904  2413  2588    2
  220    2697  2180  3939  3964    1
  221     458  1335  1730  3871    2
  222     621   443  1694  2584    1
  223     369    15   391   919    3
  224    1070   766  1097  1196    1
  225     280   337   430   871    1
  226     972  1777  3885  4060    1
  227      16   322   391   480    2
  228    3684  1782  3726  3863    2
  229    1548  1586  1574  1536    1
  230     429   499   589  1665    1
  231    1526  1226  1814  3006    1
  232     609   525   845   965    2
  233     337   332   339   430    1
  234    2152  1267  2746  2938    2
  235     836  1323  1352  1376    1
  236    3781  3350  4048  4205    2
  237    2092  1781  2148  2884    1
  238      36  3374  3890  3919    1
  239     180  2701  3480  4066    1
  240     459   782   825  1101    2
  241    1666   902  3749  4244    2
  242     609   888  1899  2391    2
  243     542  1223  2287  3221    2
  244     413   296   447   583    1
  245     437   422   646  2913    2
  246     877  1162  3772  4253    1
  247    1190  1265  1315  4180    2
  248     720   605  3262  4359    2
  249    2187   913   601   541    1
  250    1808  3420  3492  3494    1
  251     455  1379  1907  3190    2
  252    1273   630  2282  3548    1
  253    1509  2063  2981  3520    2
  254    3018  3208  3393  3541    2
  255     347   353   377   621    1
  256    1062  1361  1452  1787    2
  257    1087   764  1218  2577    1
  258    1701  1741  1912  2775    1
  259    3544   501  3555  3755    2
  260     404   411   573  1562    1
  261    2259  2637  2704  3308    1
  262    1693   739  1794  1997    2
  263    1271   458  1730  3871    2
  264     408   435   463   494    1
  265     872  1198  1270  1550    2
  266    3209  3583  3584  3777    2
  267     400   321   757  3175    2
  268     747  1040  1322  1388    2
  269      20   295   297   300    2
  270     521   429   589  1047    2
  271    2824   665  4092  4321    1
  272     334   354   378   838    2
  273    1787  2551  3090  4124    1
  274    3364  1767  3601  4007    1
  275     117   119  2356  2715    1
  276     391   322   392   480    2
  277    1285   620  1375  1469    2
  278    2056  2782  3142  3394    2
  279    2785  4026  4283  4364    1
  280    1178  2144  2993  3928    2
  281    2944  1819  2950  2967    1
  282    3121  3034  3486  4029    2
  283     281  1341  2855  3930    2
  284    1030   672  1848  4226    2
  285    2052   566  2107  4062    2
  286    2165  1049  3808  3966    2
  287    2323  2276  2574  3522    2
  288     966   481  1162  1867    1
  289    1941  1958  2022  2133    2
  290      89  2388  2430  3818    2
  291    1018   691  1369  1444    2
  292    1874  2235  2362  2901    2
  293    3648  1578  4213  4401    1
  294    1120  1268  1300  1499    2
  295     906   831  1536  1742    2
  296    1654  1975  3261  4326    2
  297     922  3260  3532  3936    1
  298     298   285   301   459    2
  299    1081  1190  1265  1315    2
  300    2642   239  2960  3464    2
  301     571   585  1138  3028    1
  302    1759   807  3626  4130    2
  303    1764  1514  2137  2674    1
  304    1278  2828  3899  4032    1
  305    1327  1440  2254  2450    2
  306    2236  3715  3899  4032    1
  307    1122   835  2093  3018    2
  308     487  2883  4405  4419    1
  309    1003   378  1420  3434    2
  310     795  1049  1483  2010    2
  311    1763  1164  1879  1958    2
  312     247   248  2244  2813    1
  313    1191   608  1339  3140    1
  314    2023  3156  3362  3762    2
  315     275  1778  1783  3950    1
  316    1362  1204  1601  1747    1
  317     804   542  1223  1549    2
  318     379   661   746  2989    2
  319    2423  2307  3137  3423    2
  320    1807  1703  3015  4332    2
  321     706   602  3609  3966    2
  322    1331  1248  1973  2714    2
  323     617   808  2772  3047    1
  324    1792  1802  2844  3073    1
  325     347   353   355  1073    1
  326    2691   703  2972  3535    1
  327    1864  2269  2431  2595    2
  328     337   278   740   871    1
  329    2099  1150  2952  4107    2
  330    2376  2720  4134  3891    1
  331    1592  2349  2378  2752    1
  332    3774  3644  3803  3933    2
  333     525   418   609   845    2
  334    3314   204  3653  3979    2
  335     337   332   771   871    1
  336     874  2251  3021  3386    2
  337     604   605   898  2446    2
  338    1239  1704  2139  3461    1
  339     656   678   968  1033    1
  340    2252  1395  2318  3178    2
  341    1291  1105  2234  3827    1
  342     282   902  3787  4244    2
  343    1951  1475  2353  3337    2
  344    1632  2227  3605  4025    2
  345      17    19   297   298    3
  346    1618   675  3139  3612    2
  347     503   788  2049  2147    2
  348    2214  3072  3316  4361    1
  349     444   408   483   497    2
  350    1873  1036  2908  3012    2
  351    1258   518  3312  4394    2
  352     503   790  1253  1656    2
  353      13    14   562  1725    3
  354    2937  1221  3673  4216    1
  355     640   813  2888  3017    2
  356     463   411   464   560    1
  357    2895  2866  4011  4174    1
  358    1467  1386  1622  1945    1
  359    1077  1299  3309  3543    1
  360    1194   814  1592  1921    1
  361    1334  3349  4218  4367    2
  362     305   270   644  1724    3
  363     270   305   644  1324    2
  364     339   341   357   380    2
  365     759   658  1411  1444    2
  366     796   473  1087  1739    1
  367    1169   840  3035  3518    1
  368     163   164  3271  3474    2
  369     798  1300  1557  2495    1
  370    1293  2062  3635  3667    1
  371     548   917  1232  1299    1
  372     361   393   912  2382    1
  373     127  2996  3526  3556    1
  374     730   535  1019  1537    1
  375     797   486  1153  4330    2
  376     732  1797  1944  3194    2
  377    2385   114  3998  4080    1
  378    1700  1203  2196  3629    1
  379    1812   510  1699   468    1
  380    1083   565  1810  1953    2
  381    2527    54  3240  4281    2
  382    2670  2696  2852  3731    2
  383    1626  1501  1655  2467    1
  384    2436   749  2619  2910    1
  385     671  1627  2391  2465    2
  386    1844  1556  1932  2739    1
  387    2376  1588  3516  3725    1
  388     651   391   919  1725    3
  389     762   828   854  2112    2
  390     330  3528  3620  4416    1
  391    2762  2790  3214  4128    1
  392    1232   741  1680  3542    1
  393     438   314   662   825    2
  394    1310  1013  3200  3793    2
  395    2018  1693  2022  3453    2
  396    1967  1753  2768  4344    1
  397     284   293   430   561    2
  398    1907   972  3212  3262    2
  399     411   366   463   494    1
  400    2142  2426  1658  1160    1
  401    1584  3482  4040  4051    2
  402    2028    72  2783  4051    2
  403    2592  2256  2735  3150    2
  404    2354  3681  3990  4178    2
  405    1947   727  3028  3259    2
  406    1124  1800  1813  2184    2
  407     282   413   420  1196    1
  408     429   499   521   589    1
  409    2385   114  3290  3998    2
  410     834  1179  2583  4012    1
  411    2304   525  2738  4322    2
  412     150   151  1991  2530    2
  413     805   848  1141  1404    2
  414    3267  1237  3827  4401    1
  415    1717  2621  3480  4066    1
  416    3558  3525  3838  4143    2
  417    2393   585  3253  3254    2
  418     339   341   351   506    1
  419     436   390  2359  3384    1
  420    1531  1118  2200  2496    1
  421     380   341   402   473    2
  422     664   599   799  3138    1
  423    1983  2313  2877  3105    2
  424     727   812  1628  1801    2
  425     156  2172  2335  2365    1
  426    2250  2571  2881  3183    2
  427     317   469   529  1664    2
  428    1200   671  1996  3726    2
  429    3068  2836  3292  3389    1
  430    1169  2543  3488  3631    1
  431     300   294   502   889    1
  432     709   604  3656  3856    2
  433    1595  3019  3837  3841    1
  434     901   584  4114  4142    1
  435    2079  1384  1547  4378    2
  436    2370  1769  2719  2844    1
  437    1515  1503  3755  4406    2
  438    3620   329  4416  4419    1
  439     625   929  1534  3077    1
  440    2851  1806  3160  3455    2
  441    1514  1764  1846  1864    1
  442    1774  1077  2670  2852    2
  443     217   216  3488  3631    1
  444    2160  2533  3702  4157    1
  445    1081  1011  1542  3253    1
  446     294   290   295   297    2
  447    1522  2726  2898  3002    1
  448     490   442   893   840    1
  449     360   434   854  1130    2
  450    3891  2603  3987  4134    1
  451    2498  3602  3731  4054    2
  452     432   356   677  1145    2
  453    2044  1980  2082  3778    1
  454     295   294   297   300    2
  455     243   242  1629  3675    2
  456    1130  3544  4107  4328    2
  457    1492  1955  2042  3669    2
  458    2627  2919  3530  3911    1
  459     405   399   524   637    1
  460    2527  2339  3704  4366    2
  461     322    15   561   919    2
  462     331   468   581   970    2
  463    1027  1655  2475  3651    1
  464     176   175  2748  3750    2
  465    2725   849  3842  4267    2
  466    2252  1395  3178  3595    1
  467    2594  3715  3978  4032    2
  468     383   888   908  1660    2
  469     330   352   414   743    1
  470    1361   951  1452  2088    2
  471    1981  2442  2621  3003    1
  472    1547  3149  4101  4378    2
  473    1574   938  1641  2779    2
  474    3031    50  3141  3824    2
  475     563   266   562  1319    2
  476     294   286   297   300    2
  477    1262  1099  1987  3575    1
  478     328   334   378   634    2
  479    1158  1069  1834  4154    2
  480     785  1485  1799  3211    1
  481     511   724  1142  2760    2
  482     765   669  1002  1238    2
  483     986   441  1872  1874    2
  484    2924    58  3315  3984    2
  485     329   330  3620  4416    1
  486     974   614  4411  4415    2
  487     663  1238  4127  4351    2
  488      44    43  2480  2915    2
  489    2373  2132  3147  4030    2
  490    1034   863  1203  1266    1
  491    2071    46  2269  3311    1
  492    2623    71  3371  3547    1
  493    1522  2773  3200  3331    2
  494     542   804  1223  3221    2
  495    3436  3153  3761  3939    1
  496     961   856  1147  2049    2
  497    1134   589  1135  1251    2
  498    2715  1659  2843  3994    1
  499     851   452   953  2669    1
  500    3418  3118  3534  4107    2
  501     544   362  1812  3956    1
  502    1365  2074  2474  3283    2
  503    3078  2466  3361  3409    2
  504     457   684   896  2584    1
  505     469   529   579   679    1
  506    1675  1872  2320  2525    2
  507    2624  4092  4210  4321    1
  508      40  2235  2345  2525    2
  509    1171  1068  2465  3684    2
  510    3188  3009  3654  3838    2
  511     822   691   982  1276    1
  512     400   375   564   633    2
  513     558   534  1252  2322    1
  514    1421  1560  2379  2585    2
  515     656   514   715   845    2
  516    2840  1235  1291  2934    2
  517    1977   855  2008  2927    1
  518    2372  3103  3431  3576    2
  519    3500  3501  3513  4010    1
  520     294   291   331  1195    2
  521    1160  1123  1174  2516    2
  522    2983  1575  3617  3637    1
  523    1678  1687  2304  3180    2
  524    1722  1015  4096  4252    1
  525     618  1056  1150  4409    2
  526     573   522  1301  2174    1
  527    3206  3410  3902  4064    2
  528     361   353   393   753    1
  529     470   418   715   845    2
  530     698   616  1168  4418    2
  531    1602  1862  3040  4117    1
  532    3083   236  3422  3674    2
  533     545   566   607   802    2
  534    1563  1597  2550  4042    1
  535    1086   417  1098  1353    2
  536     323   310   326   638    2
  537    1731  2303  3256  3906    2
  538     377   366   411   494    1
  539    1269  1442  1858  2532    2
  540     820  1365  2052  3066    2
  541    1825   944  2401  4213    1
  542    2225  2010  2886  3082    2
  543     836   598  1534  2417    1
  544     795   945  3035  3082    1
  545     170   169  3792  4158    1
  546     345   337   740  1229    1
  547     321   284   692  3594    2
  548     689  1062  1452  1484    1
  549    1260  1390  1412  1495    2
  550     358   310   380   383    2
  551    2180  1644  2697  4124    1
  552     613   877  3826  4253    1
  553     928   318  4235  4351    2
  554    1529  1507  2143  4119    2
  555     898   709  2925  3139    2
  556     494   366   819  1073    1
  557    2051  2904  3184  4160    1
  558      14   310   562  1725    2
  559     277  1065  1097  1330    2
  560    2637  3308  4206  4349    1
  561     474   874  1598  1621    2
  562    3611  2815  4073  3206    2
  563     417   543   622   737    1
  564    2502   207  2573  2756    1
  565    2401   944  3568  3648    1
  566    1446   600  1474  2006    2
  567     689   843  1062  1517    1
  568    1611  2940  3873  3933    2
  569     600  1330  1446  2929    2
  570    2016  1471  2484  2580    2
  571     177   179  3033  3961    2
  572     232  3092  3151  3152    1
  573    1357  2792  3018  3541    2
  574     392   391   480  1188    2
  575    3373  1942  3549  3550    2
  576     949  1509  2981  3520    2
  577     498   505   839  1297    1
  578     333   342  1047  1468    2
  579    2005  1952  2259  4098    1
  580     972  1261  1948  3885    1
  581     322   561   651   919    2
  582     346   283   695   771    1
  583    1580  1605  1718  2483    2
  584     677   811  1170  1333    2
  585     927  1598  2338  3615    2
  586    1441  1240  1640  1695    1
  587    1873  3012  3305  3909    2
  588     466  1255  1526  2668    1
  589    2082  1640  2180  2273    1
  590     481   522   726   776    1
  591    2905  2810  3476  3957    2
  592     998  1205  2745  4381    1
  593     437   646   672  2334    2
  594     540   375   622   633    1
  595      99   101  1950  2454    1
  596     388   769  1333  2393    2
  597     334   354   711  1003    2
  598    2724  2816  3300  3529    1
  599    2697  3153  4124  4146    1
  600      19   285   420   536    2
  601    3172  2032  3302  4173    1
  602     303   299   889   948    1
  603     285    19   303   536    2
  604     388   683   769  2393    2
  605     666  1107  1698  2666    2
  606     436   894  2811  2994    1
  607     376   318   641  1131    2
  608    1480  2050  2657  3049    1
  609    1578  1591  2077  3716    2
  610    2693  2499  3816  4372    2
  611    1644  2550  2697  4128    1
  612     959   915   995  1078    1
  613     703   551  1279  3310    1
  614     961   856  1201  2504    1
  615     982  1276  1363  1457    1
  616    2847  2670  2852  3731    2
  617    2720  3891  3987  4134    1
  618     427   467   516  1165    1
  619     201  2353  3431  3576    2
  620    3206   767  3512  3902    2
  621     284   321   692   695    2
  622    3750  3078  4095  4187    1
  623     357   339   380   439    2
  624      37    38  2210  2438    2
  625     685   654   962  1029    1
  626    1111  1381  1726  3073    1
  627     285   413   420   536    1
  628     413   296   420   536    1
  629     341   402   473   506    1
  630    1036   747  1292  1647    1
  631    3710  1262  3825  4087    1
  632    1840  2277  3812  4126    1
  633    1418  1182  2961  4083    2
  634    2028  1603  2783  3104    1
  635    1679  2139  2754  3164    2
  636    1579   761  3260  3694    1
  637    1634  2764  3305  3909    2
  638     896   647   957  2745    1
  639     468   510   530   652    1
  640      17    19    20   297    3
  641      17    20   292   295    2
  642     391   651  1724  1725    3
  643     832   808  2293  3404    1
  644    1693  1938  3453  3569    2
  645    1313  1165  2959  3882    1
  646    1440  1481  1518  1915    1
  647    1155   186  2251  3249    2
  648    1071  1210  2277  3182    2
  649    2354  3087  3681  4384    1
  650     763  1375  2981  4228    2
  651    1897  1779  2337  4198    2
  652    1901  1792  1961  2844    2
  653     469   579   713   760    2
  654     325   740  1229  3805    1
  655    1456   803  1823  4125    2
  656     137   135  3586  3861    1
  657     321   400   435   494    1
  658    2311  1262  2878  3575    1
  659    2458  2032  3531  3598    2
  660    1049   795  1483  3609    2
  661     767   690  3111  4014    1
  662    3222  2500  4168  4185    1
  663    1974  1666  2855  3930    2
  664     821   652  1124  1822    1
  665    1008  1479  2185  2561    1
  666    2556   813  2667  3408    1
  667     796  1517  1533  3752    1
  668    2572  2118  2821  2914    1
  669     435   408   463   491    1
  670    2748  2693  3409  3766    2
  671    3713  3015  4237  4352    2
  672     945  1337  1436  1835    2
  673     190  1979  2542  3685    2
  674     266   563   268  1319    2
  675    1249  1692  1773  1856    2
  676    1623  1448  2832  3109    2
  677     380   310   477   639    2
  678    1032   790  1253  2850    2
  679     394   291   621  2486    1
  680    1581  1279  1593  2963    1
  681     375   321   400   564    2
  682    3891  3782  3987  4263    1
  683     633   702   809  1055    2
  684     381   444   693  1383    2
  685     730   515   823   893    1
  686    1750  1729  1930  2344    2
  687      41    40  2235  2901    2
  688    2252  3178  3537  3595    1
  689     971   920  1099  1987    1
  690     766  1070  1097  1280    1
  691     366   463   494   819    1
  692    1715  1103  3412  3461    1
  693     240  1649  3605  3877    2
  694     877   613  1231  3772    1
  695    1053   894  2171  2811    1
  696      16   305   391   651    3
  697     805   861  1060  1528    1
  698    1912  2775  3826  4253    1
  699     409   681   835  1122    2
  700    2924    59  3315  3572    2
  701     538  1853  1942  3550    2
  702     772  1381  3217  4077    1
  703     915  1000  3063  3425    2
  704    1314  1303  1846  4190    2
  705    1239  1680  2654  3412    1
  706     444   483   693  1383    2
  707    1745   705  3225  4267    2
  708    1684   240  2096  3605    2
  709    3251  3642  3748  4237    1
  710     248  1862  2244  2813    1
  711     274   275   641  1131    2
  712    1501  1027  1655  2673    1
  713     728   451  1240  1441    1
  714    2032  2306  3380  3598    2
  715     650   624  1670  1894    1
  716    1133   659  1325  1345    1
  717    3241  2722  3649  4249    1
  718     309   311  1186  2121    1
  719     271   914  3724  3971    2
  720     104   102  3714  4250    2
  721    1193   601  2187  2378    1
  722     300   302   303   889    1
  723    3671  3240  4281  4366    2
  724     375   400   543   622    1
  725     323   383  1101  1145    2
  726    1064  2218  3017  3281    2
  727    1470  2705  3219  3616    2
  728      20    19   299   303    2
  729     372   947  1730  1801    2
  730    1681  1715  2332  3132    1
  731    1943  1513  2117  2734    1
  732    2193  3156  3762  3796    2
  733    1416  1444  1649  1928    2
  734    2063  2765  3286  3520    2
  735    1860  3020  3735  4050    1
  736    1009  1293  2403  3667    1
  737    1126  1805  1833  3975    1
  738    1015   887  2579  4252    1
  739     458   602  1271  3609    2
  740     513   667  1108  2275    1
  741     356   432  1333  1454    2
  742    2481  2241  3515  4070    1
  743    1667  1639  1994  2375    1
  744      18    17   266   298    3
  745     452   387   777  1665    1
  746     332   337   339   506    1
  747    1137  2535  2975  4256    1
  748     171  2126  2355  3865    1
  749    1642  3117  3798  3864    1
  750     402   473   656   715    2
  751     874  1076  1621  1744    2
  752     988  1815  2539  3318    1
  753     439   698  1168  4418    2
  754    1001   886  1955  3411    2
  755    1850  3070  3411  3647    2
  756    4282  3312  4326  4331    2
  757     468   510   652   821    1
  758    1904  1174  2095  2516    2
  759      73  2582  2930  2968    1
  760     600   931  1446  1559    2
  761     173   172  1888  1926    1
  762    2550  1597  2697  4128    1
  763     377   366   494  1073    1
  764     310   358   380   439    2
  765     378   992  1003  1420    2
  766    1575  2832  3109  3704    2
  767    1577   751  1828  1912    2
  768      20   300   302   303    2
  769     353   361   393   621    1
  770    2836  2684  3068  3292    1
  771    2276  2953  3338  3522    2
  772     270   265   267   291    2
  773     372   422   437  2913    2
  774     221  3066  3227  3407    2
  775     580   662   686  4261    2
  776    3536  2252  3590  3595    1
  777     648   456  3136  3262    2
  778     258   259  1934  3795    1
  779     682   805   861  1060    1
  780     680  1018  1369  1411    2
  781    1240   843  1510  1517    1
  782     419  1221  2695  4216    1
  783    2416   690  2698  4373    2
  784    1564  1385  1884  3442    1
  785    1844    42  2113  2266    1
  786    1268  2216  3089  4069    2
  787     804   542  2109  3221    2
  788    3570  1018  1173  3767    2
  789    1839  2405  2488  2718    1
  790     337   345   357   506    1
  791     725   705  1184  1563    1
  792     704  3953  4012  4260    1
  793    2209   873  2464  3225    2
  794    1293  3552  3991  4246    2
  795     400   435   494   543    1
  796     541   440   860  4067    1
  797     332   337   506  1229    1
  798     328   316  4176  4311    2
  799    1883  2531  2955  3478    2
  800    2330   130  2746  3029    2
  801    2722   213  3099  3649    1
  802    2713  1720  2825  2848    1
  803     408   321   435   494    1
  804     349   381   390  2359    1
  805    1079   509  1166  3817    2
  806     283   284   561   695    2
  807     461   396   687   925    1
  808     695  2477   349   819    1
  809    1898   935  3606  3884    1
  810    1459   836  2338  2409    2
  811     387   452   642   851    1
  812     508   897  2029  3148    1
  813     380   358   383   470    2
  814     766   859  1097  1196    1
  815     468   517  1699  1812    1
  816     751  1577  1791  1912    2
  817     349   346   695   819    1
  818     269   369  1335  2437    2
  819     359   355  1127  2211    1
  820     565  1403  1810  1953    2
  821    2898  1522  3002  3613    1
  822    2874  1273  3010  3234    2
  823    1743   576  2706  3668    1
  824    3302  2459  3598  3633    2
  825     334   378   634   838    2
  826     507   451  1441  1510    1
  827     596   371   684   911    2
  828     627   977  1638  1940    2
  829     351   332   506  3823    1
  830     427   419   442   467    1
  831    2595  1514  3239  3378    2
  832     649   610   682   714    1
  833    1610  1155  1646  1744    2
  834    1809  2845  2876  3638    1
  835    1287  1548  1602  1735    1
  836     492   328  1064  4015    2
  837     253   254  1735  1868    1
  838     535   608  1191  1313    1
  839    1521  1463  4119  4154    2
  840    3995  2213  4072  4074    1
  841     518   554  3312  4267    2
  842    2562  1393  4136  4252    1
  843     319   340   350   495    1
  844    1477   596  2698  3108    2
  845    1782  1717  2552  2696    2
  846     358   310   383  1101    2
  847     861   805  1141  1404    2
  848     308   307   344   757    2
  849    1344  1877  3672  3811    2
  850     367   507   901  2407    1
  851     457   526   684  1035    2
  852    2047  1954  2105  4003    2
  853     196  1560  2405  2585    2
  854     856   491   961  1147    2
  855     312   325   934  1070    1
  856    2856  2443  2907  3822    2
  857    1323   836  1352  3960    2
  858     340   347   366   664    1
  859     295    20   299   300    2
  860    2044  2003  2126  2273    1
  861     327   534   753  1252    1
  862    2602   607  4346  4386    2
  863     640   492  2287  3017    2
  864    1302  1143  1595  3019    1
  865      55  2527  4239  4281    2
  866    1281  1112  2219  2387    1
  867    1333  1190  1692  2087    2
  868    2541  3690  3781  4255    2
  869     638  1335  3392  3519    2
  870     468   517   530  1699    1
  871     519   390   593   601    2
  872    2623  3135  3547  3954    1
  873     424   689   951  1192    2
  874     281   279  2855  4001    2
  875     459    18   660   881    2
  876     489   317   528   529    1
  877    1251   798  1850  1940    2
  878      57    59  3463  3699    1
  879    2625  3820  3836  4273    2
  880    3015  3669  4291  4352    2
  881    2509  2648  2728  3294    2
  882    1501  2301  3970  4148    2
  883     640   778  3325  3622    2
  884    1866  1180  1889  1891    2
  885    4111  2257  4195  4208    1
  886    1150  1288  2952  4107    2
  887     280   283  2223  2994    1
  888     644   270  1324  1379    2
  889      13    14  1892  2024    2
  890     299   413   447   889    1
  891     900  2241  2536  4279    1
  892    1132   955  2436  2619    1
  893    4031  3620   288   301    1
  894    3226  1128  3757  4195    1
  895     328   492   542  2439    2
  896    2228  1731  2303  3256    2
  897      10   318   641  1115    1
  898     133  2796  3207  3557    2
  899    1580  2003  2044  2273    1
  900     279   281   859  4001    1
  901     392   446  1091  3612    2
  902     679   766  2395  2411    1
  903     413   282   859  1196    1
  904     479   364   515   730    1
  905     395   336   654   888    2
  906     193   194  3232  3511    1
  907     378   354   379   838    2
  908     597   747  1040  4135    1
  909    1396  2294  2344  3423    2
  910     630   551   703  2793    2
  911    1839  2576  2585  2718    2
  912      16   305   307   344    2
  913    1338  1461  2236  3715    1
  914     323   310   383   639    2
  915    3179  2510  3296  3954    1
  916     336   287  4412  4416    1
  917     344   305   397   480    2
  918    1692  1333  2087  2410    2
  919    2911  2571  3069  3360    1
  920     606   443   855  2136    2
  921     700  1019  1290  3618    1
  922     333   563   793  1319    2
  923    2609  2657  3049  3283    2
  924    2154  1721  3700  3736    2
  925       3   937   559   964    2
  926    2880    98  2944  2950    1
  927     557   541   860   913    1
  928    2195  1415  2524  3069    1
  929    2405  2488  2507  3955    1
  930    2143  2160  2533  3123    2
  931    1234  1238  1254  1474    2
  932     425   373   908  1145    2
  933    1202  1514  2634  3378    2
  934    3648  3226  3757  4401    1
  935     385   586  1628  1730    2
  936     904  1800  1840  2184    2
  937    2408  1572  3180  3366    2
  938     926  1671  3174  4248    2
  939     340   332   771  1073    1
  940    1170  1609  2458  3598    2
  941    1369  1411  1417  1428    2
  942    1722  1177  2261  2352    1
  943    2607  2217  3477  3718    1
  944    3786  2417   851   657    1
  945    3495   135  3586  4209    1
  946    1109  1082  1819  2246    1
  947    2690  2434  3562  4151    2
  948     472   555   570   594    2
  949     142   143  2281  2970    1
  950     454   604   844  1091    2
  951    2528  3189  3433  4020    2
  952     514   656   678   845    2
  953    1858  1269  2394  2872    2
  954     337   280   430   439    2
  955     529   469   579   713    2
  956     805  1963  2476  2958    1
  957     900  1154  4357  4392    1
  958     390   519   541   601    1
  959    1187  2019  2934  4402    2
  960     579   610   760   842    2
  961    1407  1367  2726  2773    2
  962     691  1362  1417  1859    2
  963    1159   834  1364  1414    1
  964    2478  3592  3701  3840    1
  965     301   948  3620  4419    1
  966     339   337   430   439    2
  967     382   386  2937  4216    1
  968    1054  1682  1791  2775    1
  969       1   697   868   914    2
  970     711   657  1003  1878    2
  971    1967  2768  2894  4344    1
  972     454   484   604   709    2
  973    2339  2047  2527  4365    2
  974    1589  2722  3241  4249    1
  975     310    14   919  1725    2
  976     858   526  1966  2159    1
  977     605   720  1392  1929    2
  978    1366  2078  2086  2899    1
  979    1421  2576  2585  2641    2
  980    1349  1695  1804  2057    1
  981    3269  2827  3676  3897    1
  982     422  4204  4320  4370    2
  983     866  1618  2318  2656    2
  984     663  1446  1474  2006    2
  985    3029  3751  2124  2091    1
  986    2871  1264  2918  3965    1
  987    3494  2894  3586  4344    1
  988    2250  2571  3006  3360    1
  989    1669  1199  2567  2792    2
  990     671   609   864  2465    2
  991    2090  1527  3069  3183    2
  992     677   388  1333  2393    2
  993     745   600  1348  1849    2
  994     539   412   870  2324    1
  995     525  1660  1759  1899    2
  996     273   701  1002  1254    2
  997     440   557  1518  2048    1
  998     347   340   502   664    1
  999     317   264   775  1836    1
 1000    2120  1855  2787  4080    1
 1001    1036  1890  3012  3747    2
 1002    1236   748  2574  3973    1
 1003     403   411   799  1072    1
 1004    3071  2693  3766  3816    2
 1005     329   332  1229  1713    1
 1006    1423  1398  1920  3375    1
 1007     407   859   934  1196    1
 1008     540   564   633   809    2
 1009     376   275   493  1131    2
 1010     460   596   617  3108    2
 1011    1478  2672  2850  3951    2
 1012    1128  1591  2526  3648    1
 1013    1713   502  3620  4156    1
 1014     422   437   646   672    2
 1015     833  1202  1343  1514    1
 1016     752  1937  1995  2971    1
 1017    3220   395  4408  4412    1
 1018    1693  1080  2018  2022    2
 1019    1241   388  1333  3659    2
 1020     221   219   220  2341    1
 1021     473   656   715   965    2
 1022    2004  1522  2898  3613    1
 1023    2100  1305  3127  3144    1
 1024     134   133   132  2025    2
 1025     614   834  1102  4411    2
 1026     323   356   878  1454    2
 1027    1393  1434  2524  3360    1
 1028      98  3773  4139  4294    2
 1029    2762  2697  2790  4128    1
 1030     590   327  1618  3612    2
 1031     586   810  1628  1811    1
 1032    3281   732  3448  3564    2
 1033    2053  2242  2769  3079    2
 1034    2661  2533  2991  3123    2
 1035     291   286   294   502    1
 1036     420    18    19  2138    2
 1037     707  1057  1214  2526    1
 1038    2083  3129  3260  3936    1
 1039     333   342   581  1047    2
 1040    1296  1041  1771  3854    1
 1041     292   295   299   889    1
 1042      13   562  1724  1725    3
 1043    2263  3353  3709  3875    1
 1044    2153  1688  2954  3763    1
 1045    1210   940  1840  2184    2
 1046    1401  2608  3147  3181    2
 1047     417   400   543   803    1
 1048     641   274  1131  1453    2
 1049    3054  2677  3389  4371    2
 1050     455   443  1379  2136    2
 1051    1346  1895  3159  4095    1
 1052     374   405   753  1252    1
 1053     265   266   268   297    3
 1054     363   478  2312  4193    1
 1055    2988  3691  4093  4317    1
 1056    1882  1344  2479  2655    1
 1057    2231  1901  2260  2719    1
 1058    1321  1270  2418  2754    2
 1059     980   855  1117  2008    1
 1060     848   805   895  1404    2
 1061     971   920   997  1099    1
 1062     510   806  1949  2596    1
 1063    1011  1081  1496  2393    2
 1064     762   828   834  4411    2
 1065    3433  2267  3554  4334    2
 1066    4142   876  4395  4408    1
 1067    1157  1578  1674  2077    2
 1068     788   504  3026  3256    2
 1069    1596  2962  3628  3636    2
 1070     137  2980  3585  3777    2
 1071     435   527   757  1384    2
 1072    3418  1503  3435  3555    2
 1073    1358  3404  3973  4057    1
 1074      95    94    93  1048    2
 1075     456   394  1208  1379    2
 1076    1522  1498  3096  3613    1
 1077     992   598  1003  1420    2
 1078    1839  2103  2424  2576    2
 1079    1751   231  1938  2030    2
 1080    1174   898  2095  2446    2
 1081    2785  2140  4268  4364    1
 1082     252   251  2134  3040    2
 1083     649   875  1110  1755    1
 1084    2303  3687  3835  3906    2
 1085     188   187  1646  3508    1
 1086     237   238  2085  2492    1
 1087     599   371   664   799    1
 1088     765   572  2514  2581    1
 1089     722  1977  2008  2927    1
 1090     442   427   467   516    1
 1091     673   423  1504  1547    2
 1092    2355   171  2377  3830    2
 1093     670   760  2761  3057    2
 1094     510   530   652  2127    1
 1095    1349  1506  3842  3929    2
 1096     659   276  1345  1776    1
 1097     365   796  1087  1739    1
 1098     309   839  1050  1297    1
 1099     417   803  1086  1098    2
 1100      32  2370  3125  3441    1
 1101    1267  1198  2754  3323    2
 1102    1093  3124  3562  4182    2
 1103     445   493   616   931    2
 1104    1030   672  1289  2517    2
 1105     296   282   420   902    2
 1106    2394  1269  2594  4034    2
 1107     391   322   651   919    3
 1108    2258   735  2307  3931    1
 1109    1908  1918  2291  4265    1
 1110    3300  3603  4336  4383    1
 1111    1496  1565  2652  2708    1
 1112     571   385   586  1138    1
 1113     642  3786  4019  4392    1
 1114    1827  2193  2287  2556    2
 1115    2648  2728  3294  4143    2
 1116    1134   354  1306  2966    2
 1117    1004  1907  2384  2497    2
 1118     537   736   900  1740    1
 1119     357   345   360   552    1
 1120     400   417   543   622    1
 1121     866  1395  2909  2951    1
 1122    1148   736  1376  1534    1
 1123     949   929  1553  3077    1
 1124     418   715   845   965    2
 1125     653   691   822  1369    1
 1126     843   905  1507  1516    1
 1127     581   517   634   794    2
 1128    1443  1527  2090  2523    2
 1129    1989  2235  2336  3991    2
 1130    1065  1254  1280  1330    2
 1131     824  2384  3190  4020    2
 1132     988   783  2725  3382    2
 1133    2770  3083  3327  3674    2
 1134     315   649  1755  4065    1
 1135    1505  2709  3364  3601    1
 1136    1264  2031  2570  4105    1
 1137    2790  2056  3394  4184    2
 1138     925  1126  2857  2884    1
 1139     472   597  3814  4135    1
 1140    1236  1358  3973  4285    1
 1141    2762  3214  4121  4128    1
 1142     678   845  3270  3942    2
 1143    1571  1839  2405  2406    1
 1144    2602   665  3282  4062    2
 1145     624  1894  2075  2972    1
 1146    2285   946  2558  3443    1
 1147     893   515  1342  1409    1
 1148     359   419   427   467    1
 1149    1354  1782  2552  3674    2
 1150     355   353   524  1073    1
 1151     504   503  2049  3509    2
 1152    2227  3605  3877  4165    1
 1153     339   337   357   506    1
 1154     785   962  1029  1799    1
 1155    2056  2782  4184  4229    2
 1156     353   377   393   903    1
 1157     471  1120  1399  1740    1
 1158     581   342   958  1047    2
 1159    2494    94  3011  3640    1
 1160     285   303   413   536    1
 1161     779   569  2526  3159    1
 1162    2278  2456  3446  3836    2
 1163      41   930  2806  2945    1
 1164     714   610   875  2316    1
 1165    1120  1557  3197  3819    1
 1166     514   402   715  2987    2
 1167     660   459   782   825    2
 1168     461   396  1138  3304    1
 1169    1348  1458  1849  2024    2
 1170    1322  1571  2576  2585    2
 1171    1903  1947  2731  3316    1
 1172     910  2667  3233  3513    1
 1173    1250   982  3733  3815    1
 1174    2968    74  3051  3683    2
 1175    2587  2032  3380  3598    2
 1176     790   488  1032  1253    2
 1177    3096  3002  3381  3613    1
 1178     346   319   894  2994    1
 1179    1221   921  1281  2548    1
 1180    1343  2325  2932  3320    1
 1181    1843  2015  3901  4362    1
 1182    2379  1460  2518  3955    1
 1183     594   472   597   792    2
 1184    2569  2366  3000  3247    1
 1185     394   412   456  3357    2
 1186    1294  1841  1852  2145    2
 1187    2873  3075  3697  3791    1
 1188    2454  1854  2568  2812    1
 1189     472   444   483   497    2
 1190     340   350   495   544    1
 1191     299   300   303   889    1
 1192    2118  2157  2767  2821    1
 1193    2055  2007  3193  3475    1
 1194    1074  1563  2564  3964    1
 1195    1072   628  1301  4014    1
 1196    2289  2221  2361  3092    1
 1197    1597  1563  2056  3091    2
 1198     884  2351  3086  3497    1
 1199     527   435   655  1384    2
 1200    1437  3462  3781  4078    2
 1201     725   578  1058  1184    1
 1202     626  1041  3854  4135    1
 1203    2087  2919  3598  3633    2
 1204    2693  2499  3766  3816    2
 1205     231   233  1938  2030    2
 1206     696   603   955  2295    1
 1207    1427  1369  2227  2889    1
 1208     286   267   291   294    2
 1209    3410   147  4064  4073    2
 1210    1313  1191  3042  3140    1
 1211     676   509   693   818    2
 1212     973   720  1929  3870    2
 1213    3012  2713  3881  3909    2
 1214     540   702  1045  4257    2
 1215     519   860  1336  1535    1
 1216     342  1404  1486  4192    2
 1217    2828  3094  3899  4032    1
 1218     290   294   295   889    1
 1219    2087  2649  3065  4016    2
 1220    2464  1745  3225  4267    2
 1221    1779   841  1961  2337    2
 1222     686   580   698  4418    2
 1223     283   284   533   561    2
 1224     285    19   420   459    2
 1225    1484   424  1192   689    1
 1226     274   489  1778  3888    2
 1227    2574  2276  3338  3522    2
 1228    2484  1375  2565  2580    2
 1229    3693   987  3700  3976    1
 1230     535   870  1191  1279    1
 1231    1448  1575  1623  2861    2
 1232     771   280   871  1325    1
 1233    1827  2193  3521  3723    2
 1234     592   713  3888  4099    2
 1235     795  1224  1337  1483    2
 1236    2400  1642  3864  4277    2
 1237    2500  1501  2660  2673    1
 1238     608   535  1191  1593    1
 1239    1290  1611  2318  3178    2
 1240     578   705   725  3225    2
 1241     438  2883  4404  4410    1
 1242    1679  2139  3164  3412    1
 1243     782   304   825  1101    2
 1244    1918  1908  2551  4265    1
 1245    1180   645  1241  1692    2
 1246     632   546   795  2736    1
 1247    2623    70  3135  3794    1
 1248     527   655   899  1384    2
 1249     332   319   340   771    1
 1250    3448  3281  3564  4341    2
 1251    1922  1476  2172  2515    1
 1252      17  2138  3749  3930    2
 1253    2488  1768  2618  4126    1
 1254    1285  1121  1519  2565    2
 1255    2541  1704  2654  3272    1
 1256    2069  1207  2962  3393    2
 1257    1259   832  2210  3665    1
 1258     282   859  1257  1360    1
 1259     310   562   638   782    2
 1260     997   971  1099  2233    1
 1261    3433  3189  3969  4020    2
 1262     810   359  1127  1165    1
 1263    1844   985  2200  2508    1
 1264     180   181  3199  3481    2
 1265     256   255  1585  1590    2
 1266     308   316   320  1083    2
 1267    1856  1317  3517  3633    2
 1268     321   375   494   903    1
 1269    1256  1491  1503  3435    2
 1270      18    19   298   459    2
 1271     836  1323  1376  1534    1
 1272    2628  2859  3134  4231    2
 1273    2162  2163  3037  3091    2
 1274     610   579   760  1616    2
 1275    1441   869  1510  2129    1
 1276      26    25  3782  3987    1
 1277     314   282  1196  1257    1
 1278     311   679   766  1110    1
 1279    1816  1911  2118  2157    1
 1280    3077  1553  3210  4344    1
 1281     115  2070  2456  2787    1
 1282     366   347   377   621    1
 1283     423   575  1477  1547    2
 1284    1983  1022  2313  2500    2
 1285    1844    44  2266  2612    1
 1286     905  1463  1507  1521    2
 1287     754   685   800  2374    2
 1288    3350  3467  3574  3711    2
 1289     373   638  1145  3519    2
 1290     270   443  1324  1379    2
 1291    3163  2865  3413  3421    1
 1292    1943  1068  2605  3044    2
 1293     670   469   760   842    2
 1294     398  2477  2750  3907    1
 1295     430   439   533  1318    2
 1296     349   444  2477  3106    1
 1297     583   859   891   934    1
 1298     211  2061  3834  3837    1
 1299     609  1678  3044  3507    2
 1300    1304   471  1399  1740    1
 1301     630   539   846  1894    1
 1302    1728  1802  2217  2522    1
 1303     337   280   439  1458    2
 1304    1544   990  1549  3076    2
 1305     523   600  1330  3787    2
 1306     598   631   787   929    1
 1307    1579  2041  3129  3334    1
 1308     513   667  1105  4217    2
 1309    1414   512  1869  2975    1
 1310    1322   747  1771  4135    1
 1311     815   745  1348  3879    2
 1312     966   733  1054  1791    1
 1313    2126   171  2355  3830    2
 1314    3290  2834  3977  3998    2
 1315    2887  2167  3571  4167    1
 1316     305   397   480  1324    2
 1317    2674  2137  2903  4047    1
 1318    1656  1810  4304  4305    2
 1319     345   357   506   552    1
 1320      19    20   297   302    2
 1321     743   571  1058  1138    1
 1322     589   798  1135  1251    2
 1323    2442  2264  3198  3480    1
 1324    3013  1183  3289  4301    1
 1325    2376  2720  2447  4134    1
 1326    1581  1537  3342  3618    1
 1327     916  1583  1861  3967    1
 1328     383   380   470   715    2
 1329     677  1170  1190  1333    2
 1330    1544  1650  2245  2899    1
 1331    1540  1550  2201  2243    2
 1332    1264  4298  4305  4374    2
 1333     197   196   195  1560    2
 1334     406   428  2171  2223    1
 1335    1411  1416  1444  1649    2
 1336    1350   519  1535  4067    1
 1337    1337   795  1483  2225    2
 1338    2295   603  4278  4395    1
 1339    1154  2241  2481  2646    1
 1340     616   531   931  4418    2
 1341    1625  2106  2407  4331    1
 1342    2888  2310  3054  3430    2
 1343    3102  2614  3115  3593    1
 1344    1775  1390  2785  3651    2
 1345    3714  2601  4234  4250    2
 1346      70    71  3547  4315    2
 1347     304   782  1849  2024    2
 1348    2621  2741  3095  4066    1
 1349      72  2028  3051  4051    2
 1350    2354  4339  3438  4178    1
 1351     548   773   917  1299    1
 1352    3321  2748  3409  3766    2
 1353     671   770  1182  1246    2
 1354     682   649  1053  1060    1
 1355     365   367  1087  1108    1
 1356     948   329  1713  3620    1
 1357    1789  1807  2000  3972    2
 1358    1129   442  1409  2220    1
 1359     415   796  1108  1533    1
 1360    2591  2589  2764  3150    2
 1361     432   811  1333  2088    2
 1362    2640  3306  3325  3622    2
 1363    1081  1542  2647  3253    1
 1364    3462  1437  3781  4048    2
 1365    1311  1697  2251  3021    2
 1366    2973  2757  3038  3806    2
 1367     480   392   500  2560    2
 1368    1201   961  2228  3026    2
 1369     148  1406  2933  4073    2
 1370    1531  2809  2854  3920    2
 1371    2270  1606  2478  2938    2
 1372     851   537  4357  4392    1
 1373      16   561  2560  3594    2
 1374    1002  1234  1238  1254    2
 1375     985  2274  2508  2612    1
 1376     341   357   380   402    2
 1377    2352  1228  2384  2497    2
 1378    2179  1494  2650  2711    2
 1379    1090  1630  3381  3663    1
 1380     281   296   447   902    2
 1381     682   848   867  1141    2
 1382     467   789  1811  2548    1
 1383     458   289  1335  2437    2
 1384    2543  1169  3035  3518    1
 1385     332   337   740   871    1
 1386    3715  2236  3978  4032    2
 1387    3029  2547  3741  3840    1
 1388    1113  2051  3088  3111    1
 1389     420   282  1196  1573    1
 1390     345   360   762   828    2
 1391     350   387   499   544    1
 1392    1303  1971  2634  4190    2
 1393     467   461  1221  2548    1
 1394    1228  1004  2595  3239    2
 1395     898   973  2575  4108    2
 1396    2021   111  2506  3613    1
 1397     408   463   497  3333    1
 1398    1935  1406  4073  4079    2
 1399    2470  1782  2498  2696    2
 1400     914   697  2265  3971    2
 1401    1180  1241  1582  2093    2
 1402    1897  3855  3857  3896    2
 1403    1521  1543  2098  2885    1
 1404     346   771   819  1073    1
 1405    1945  1386  2740  2870    1
 1406    1291  1105  2173  2934    2
 1407     742   526   957   998    1
 1408     687   396  1533  1964    1
 1409    1545  1161  1627  3915    2
 1410     669   765   928  1238    2
 1411     788   503  1403  2147    2
 1412    2109   763  2580  3122    2
 1413    1583   916  2319  3221    2
 1414     827  1540  1545  1627    2
 1415     955  1132  1759  3626    2
 1416     240   241  1629  1685    1
 1417     341   415   473   639    2
 1418    1209   603  4394  4408    2
 1419     532   270   911  1324    2
 1420    2202  1419  2386  3725    1
 1421    2729  1853  2829  3890    2
 1422     647  1222  2745  4280    1
 1423     318   376   641   839    1
 1424     486   797  1153  2313    2
 1425    2726  1407  3002  3381    1
 1426    1338  1461  3715  4280    1
 1427    2143  2533  2661  3123    2
 1428     178   177  3886  4297    1
 1429    2354  1621  3089  3990    2
 1430     617   565   716   776    1
 1431     561   533   651   919    2
 1432     545   566   802  2773    2
 1433    1429  3206  3512  4188    2
 1434    1204  1018  1277  1859    2
 1435     191   190  1979  2542    2
 1436    2437   412  3357  4189    2
 1437    2572  2118  2914  2997    1
 1438     606  2136  3085  3424    2
 1439     940   904  1840  2184    2
 1440     380   341   473   639    2
 1441    1807  1492  1955  2145    2
 1442     372   545   566   607    2
 1443     920   781  1144  1283    1
 1444     301   285   302   948    1
 1445     416   512   548  1029    1
 1446     463   435   491  2511    1
 1447     399   535   870  1127    1
 1448    2712   236  3083  3674    2
 1449    2044   173  2126  3830    2
 1450     527   494   543   573    1
 1451     649  1060  4065  1053    1
 1452     577  2267  2881  4201    2
 1453    1033   623  1739  3358    1
 1454     783  2675  2725  3382    2
 1455     485   593   958  2350    2
 1456     823  1027  1775  3769    2
 1457    1876  1787  3265  3806    2
 1458    1723  1716  2131  3622    2
 1459    1483   795  2010  2225    2
 1460      68    66    67  4380    1
 1461     279  1097  1257  1330    2
 1462    1130   854  2112  4328    2
 1463     241   242  1629  1685    1
 1464     422   372   437   545    2
 1465    2010  1049  2225  2886    2
 1466    1015   887  1907  2384    2
 1467    1237   779  3267  3827    1
 1468    1916  1926  2017  4265    1
 1469    2072  1889  2120  3676    1
 1470     862   797  1691  4038    2
 1471     319   332   340   871    1
 1472     826   995  1016  1854    1
 1473      39  2235  2320  2469    2
 1474     637   419  2695  4216    1
 1475     372   388   947  3624    2
 1476     861   476   895  1404    2
 1477      73    74  2968  3683    2
 1478    1286  3010  3356  3538    2
 1479    1780  1749  1804  1918    2
 1480     407   315   934  4065    1
 1481    1598   474  2338  3615    2
 1482    1495  1390  2140  2785    2
 1483    2639   732  4015  4176    2
 1484    3289  2826  4285  4301    1
 1485    2195  1415  2528  3062    2
 1486    2617  1570  3162  4117    2
 1487    3004  2896  3326  3940    2
 1488     599   460   617   776    1
 1489    3342  2951  3595  3618    1
 1490     296   282   413   420    1
 1491    1440  1481  2450  4181    2
 1492     480   577  1208  1379    2
 1493     665  1426  1954  3282    2
 1494    1795  1955  2042  2185    2
 1495     339   380   439   477    2
 1496      16   305   344   480    2
 1497    1679  2060  2330  3412    1
 1498    3110  1149  3588  3602    2
 1499    1638  1555  1940  2229    2
 1500    1149  3327  3460  3674    2
 1501    2364   157  2365  2515    1
 1502    2021  2846  3793  3661    2
 1503    2021   111  2846  3661    2
 1504    1573   420  4244  4405    2
 1505    1976  2064  2933  3604    1
 1506    3240  1587  3671  4329    1
 1507     477  1318  3224  4370    2
 1508    2407  1625  4331  4363    1
 1509     831  1287  1336  1398    1
 1510    2834   116  3977  3998    2
 1511     296   281   447   583    1
 1512    1037  1232  1299  3543    1
 1513     783   584   901  1842    1
 1514     686   345   762   828    2
 1515     460   565   617   776    1
 1516     266    17   297   298    3
 1517     321   375   400   494    1
 1518    1225  1441  1695  3650    1
 1519    2003  2044  2126  3830    2
 1520     561   284   692   695    2
 1521    2788  2252  3536  3595    1
 1522    2371  2939  3218  3499    2
 1523    2137  2420  2747  4334    2
 1524    1102  1156  1179  1414    1
 1525     614   762  4411  4415    2
 1526    1819  1082  1874  2362    2
 1527    1775  2785  2820  3651    2
 1528     814  1194  1793  1921    1
 1529     421   323   432  1145    2
 1530    1380  1045  3295  4081    2
 1531      49  3141  3235  4112    2
 1532     310    14   562   782    2
 1533    2878   184  4327  4382    1
 1534    1994  1762  2357  3248    1
 1535     512   548   688  1232    1
 1536     998   954  2197  3277    2
 1537    2228  1816  3026  3256    2
 1538     111   113  2846  3661    2
 1539     549   777  1740  1995    1
 1540    1163  1870  2988  3245    2
 1541     672  1030  1289  2334    2
 1542    1970  2268  2482  3006    1
 1543     607  1473  1623  2832    2
 1544    2392  1421  2576  2718    2
 1545     750   937   964  1002    2
 1546     294   291   502   664    1
 1547    1372  1352  1986  2409    2
 1548     468   510   547   806    1
 1549    2598  3243  3500  3513    1
 1550    2144  1709  2160  3187    2
 1551    1987   800  3775  3784    1
 1552    3757  3226  4195  4227    1
 1553     818   593  1957  3343    2
 1554    1818  2721  2906  3170    1
 1555    1180   645  1692  3301    2
 1556     445   531   636  4324    1
 1557     285   298   301   302    2
 1558     519   450  1350  1865    2
 1559     607   437  1483  4386    2
 1560    1248  1244  1794  2714    2
 1561    2027  1150  2099  4107    2
 1562     269   644  1724  1725    3
 1563     824   577  1188  1698    2
 1564     354  1134  1306  2791    2
 1565     614   438  4414  4415    2
 1566    3261  1069  3312  4326    2
 1567     338   429   521  1047    2
 1568     478   342  4192  4193    2
 1569    1916  1640  2082  2273    1
 1570     396   386  1533  3752    1
 1571     451  1240  1517  4177    1
 1572    2197  1082  2892  2944    2
 1573    1029   754  1137  1600    1
 1574    1192  2410  3301  4016    2
 1575    1357  3018  3393  3541    2
 1576    2728  2801  3347  4218    2
 1577     625   736  1148  1534    1
 1578     586   571  1138  3028    1
 1579    2325  1948  3885  4060    1
 1580    1811   820  2824  3258    1
 1581    1583  2319  2808  3221    2
 1582     582   490   608   893    1
 1583     821  1213  1264  2918    1
 1584    1283   781  2740  3456    1
 1585    1059   709  3656  3856    2
 1586     341   339   357   506    1
 1587    1883  2521  2531  3478    2
 1588      19   297   298   302    2
 1589     359   355   637  2695    1
 1590    2020  2026  2561  2683    1
 1591    1655  2467  2475  3651    1
 1592    1157  1591  2688  2714    2
 1593    1693  1751  2022  2133    2
 1594     555   953  2669  2750    1
 1595     287   301  3620  4419    1
 1596     500   480   511   577    2
 1597    3305  2593   141  3192    2
 1598     714   682   805   815    2
 1599     476   478  4192  4193    2
 1600     338   362   429  1047    2
 1601    2077   123  2401  4008    1
 1602     670   679   842   891    1
 1603     941  1150  2027  4107    2
 1604     518  1745  3843  4267    2
 1605    2207  2314  2995  3098    1
 1606     595  1075  1141  1341    2
 1607    1100  1124  1813  2392    2
 1608      23    21    22  3768    1
 1609    1471  1857  1967  2016    1
 1610     484   604   709  3856    2
 1611    2561  1472  2777  3968    1
 1612     303   299   413   536    1
 1613     872   501  1246  1515    2
 1614     307   615   692   757    2
 1615    1054  2554  2767  3938    2
 1616    2254  1632  3605  4025    2
 1617    1618   866  2457  2656    2
 1618     855  1051  1219  2927    1
 1619     245   244  1645  1817    2
 1620     285   413   948  4419    1
 1621    1649  1444  1817  1928    2
 1622     456   455   648   912    1
 1623     113   112   111  2846    2
 1624     273   263   553  1186    1
 1625     512   704   781  1414    1
 1626     330   329   343   699    1
 1627     974   453  1515  4390    2
 1628     371   596   684   799    1
 1629     813   640  2287  3017    2
 1630    3520  1927  3685  4228    2
 1631    2458  1190  2459  4180    2
 1632    1597  2564  2697  3436    1
 1633    1398  1402  1672  2222    1
 1634    1355  1172  2494  3355    1
 1635     430   337   771   871    1
 1636     689   415  1517  1533    1
 1637    2192  2783  2805  4000    1
 1638     531   445   616   931    2
 1639     899   573  2039  2380    1
 1640     918   476  1377  1404    2
 1641     765   572   964  1002    2
 1642     281   292   583   595    1
 1643     859  1097  1196  1257    1
 1644     374   405  1252  2322    1
 1645     785  1657  2535  2912    1
 1646    2329  3969  4096  4299    1
 1647    1576   725  3253  3260    1
 1648     284   695   771  1073    1
 1649      80  2158  3735  4050    1
 1650     337   339   357   439    2
 1651    1472  2020  2026  2561    1
 1652     915   995  1078  1117    1
 1653    2157  2155  2821  4068    2
 1654     756   629   936  2512    1
 1655     399   353   524   637    1
 1656     326   310   919  1725    2
 1657     366   347   621   664    1
 1658     880   921   999  3269    1
 1659     493   445   616   636    1
 1660     129  2547  3701  3741    1
 1661     319   771   871  1325    1
 1662    1661  1391  1674  2840    2
 1663     485   521   680  1047    2
 1664    4013   414  4156  4276    1
 1665     611   708  1258  3988    2
 1666     540   666  1255  2807    1
 1667    2399  3735  3943  4050    1
 1668      57    58  3463  3984    1
 1669    1548  1602  1735  2308    1
 1670    1013  3282  3776  4062    2
 1671     494   403   543   573    1
 1672     269   394   644  3357    2
 1673    2463    82  3160  3266    1
 1674     319   340   346   350    1
 1675    2670  2701  2946  3198    1
 1676     273   263  1186  3946    1
 1677    2625  1786  2652  2978    2
 1678    3199   181  3480  3809    1
 1679     282   314  1573  1599    2
 1680      16   322  2560  4215    2
 1681     307   308   615   757    2
 1682      19   285   298   459    2
 1683     290   331   970  1195    2
 1684    1492  1736  1789  2020    1
 1685     266   265  1724  1725    3
 1686    1025  1265  2369  3694    1
 1687    3054  2309  3470  4287    2
 1688     839   498  1297  2882    1
 1689    3390  3903  4003  4210    2
 1690     428   448  2811  3384    1
 1691    2815  3597  4064  4300    1
 1692    1499   474  2519  4069    2
 1693    1027  2467  3651  4312    1
 1694    1723   852  1965  2023    1
 1695     357   360   380   402    2
 1696     995   959  1078  1215    1
 1697     283   284   695   771    1
 1698     852   990  1370  2563    2
 1699     769  1190  1333  2393    2
 1700    1037   741  1038  1232    1
 1701     486   454  1031  2656    2
 1702    1262  1552  3825  4087    1
 1703    1228  2206  2333  2566    2
 1704     604   605   709   898    2
 1705     495   502   664   889    1
 1706     648   455   887  2383    1
 1707    2914   144  3064  3706    2
 1708    1124  1213  2256  2735    2
 1709     402   514   656  3600    1
 1710    2648  3294  3376  4143    1
 1711     355   359   637  2211    1
 1712     654   785  1029  2535    1
 1713     521   814  1135  1275    1
 1714    2789  2021  3661  4225    1
 1715     581   333  1047  1468    2
 1716     399   359   637   730    1
 1717      17    20   295   297    2
 1718     469   579   760   842    2
 1719     403   377   411   494    1
 1720    1654  1975  2058  2414    2
 1721     453  3737  4355  4390    2
 1722    1560   195  2379  3236    2
 1723     854   360  1130  2112    2
 1724     284   494   819  1073    1
 1725     325   340   407  1713    1
 1726     653   680   691  1369    2
 1727    2933  1976  3597  3611    2
 1728     254   253  1747  1830    2
 1729    1298   829  1403  2554    2
 1730    1562   463  2164  2511    1
 1731      99   101   100  2170    2
 1732    1287   831  1602  1742    1
 1733     816  1872  1989  3991    2
 1734      77    76  2801  3838    2
 1735    1011  1903  1947  2731    1
 1736    1862   250  3040  4117    1
 1737    1763  1693  2018  3453    2
 1738     643  1064  2218  3017    2
 1739     636  1070  1133  3758    1
 1740     478   363  1518  2048    1
 1741    2144  3123  3439  4224    2
 1742     402   473   506   780    1
 1743     265   267   286   297    2
 1744    2381  2445  3175  4247    2
 1745     463   408   494  3333    1
 1746    2875  2424  3048  3305    2
 1747     296   413   447   536    1
 1748    1164  1218  1879  1958    1
 1749     572   262   765   964    2
 1750    2599  2680  2951  2965    1
 1751    2037    93  3166  3640    1
 1752     359   399   637  2211    1
 1753    3744  2624  4003  4210    1
 1754    1548   938  1574  2752    1
 1755     377   494   622   903    1
 1756    2281  1720  2825  2970    1
 1757     377   353   393   621    1
 1758    3092  2182  3151  3152    1
 1759     455   443   855  1694    1
 1760     913   557   982  1287    1
 1761     853  1218  1896  2643    1
 1762     332   319   771   871    1
 1763    2155  3158  3706  4068    2
 1764     654   453   685   888    2
 1765    2976  1870  3371  4102    1
 1766    1285  1419  2851  3160    2
 1767    1604  1606  2819  3592    1
 1768      28    29    27  1366    1
 1769    3387  2145  3788  4332    2
 1770    3851  3727  3899  4032    1
 1771    2080  2114  2247  2868    2
 1772     726  1696  2299  3230    1
 1773     966  1696  1867  2118    1
 1774     563    13   793  2024    2
 1775     385   571   586  3392    2
 1776     183   185   184  4205    2
 1777    1576  1170  1609  2458    2
 1778     955  1660  1759  2853    2
 1779    1362  1590  1830  1859    2
 1780    3018  2263  3353  3541    2
 1781     601   593  2779  3332    2
 1782     714   348   815   907    2
 1783    2455  1633  3045  3401    1
 1784    1662  1439  2390  3132    2
 1785    2529    50  2763  3475    1
 1786     455   648   912  2383    1
 1787    1354  1981  2621  3003    1
 1788     664   544  1812  2449    1
 1789    2766  2797  3365  3545    2
 1790    2665  2642  2960  3164    2
 1791    1018  1369  1411  1444    2
 1792     647   722   924  1977    1
 1793    1154  1106  2125  3680    1
 1794    1809  1158  1815  2513    2
 1795     323   383   421   639    2
 1796    1926  1916  2273  3865    1
 1797     528   529  2662  2733    1
 1798    3015  4043  4120  4237    2
 1799    1925  2164  2511  2689    1
 1800      71  4175  4306  4315    2
 1801     371   291   911  1195    2
 1802    1332  1197  1976  3679    1
 1803    2715  1659  4121  4128    1
 1804     285    19   302   303    2
 1805    1634  2576  2908  3305    2
 1806     298   297   300   302    2
 1807    1062  1240  2551  3427    1
 1808     458   602   801  1271    2
 1809    2980   136  3584  3777    2
 1810    2466  1895  3078  3361    1
 1811      92    91  2461  3707    2
 1812      49    50  2529  3475    1
 1813     978  1347  1482  2360    2
 1814     277   523  1254  1330    2
 1815    1793  2780  3411  3647    2
 1816     341   357   402   506    1
 1817     346   283   349   695    1
 1818    1445  1214  1631  2040    1
 1819     470   888  1246  1515    2
 1820     608  1191  1339  1593    1
 1821      46    45  2206  2269    2
 1822    2126  2044  2273  3865    1
 1823     952   624  1125  1670    1
 1824    1506  2144  2993  3634    2
 1825    1174  1766  1904  2426    2
 1826    2594  1520  3715  3859    2
 1827    1322  1388  2576  2908    2
 1828    1568  1438  1733  2357    1
 1829    1788  1874  2345  3155    2
 1830    2083  2823  3533  3664    1
 1831     525   739   807  1759    2
 1832      20   299   300   303    2
 1833    1371  1113  2772  3111    1
 1834     290   294   544   664    1
 1835     465   598   836   851    1
 1836     810   546  1628  3258    1
 1837     525   611   739  1759    2
 1838     270   394   443  1379    2
 1839     311   309   528   839    1
 1840    3862  3878  4379  4084    2
 1841     658   759  1411  1416    2
 1842    3669  3058  4171  4291    2
 1843     861   476  1141  4343    2
 1844    1261  1902  2333  4190    2
 1845    2123  1760  2135  3348    2
 1846     397   344   480  2897    2
 1847     565   716   733  1403    2
 1848    1449  1148  1534  3077    1
 1849    2224   239  3464  3692    2
 1850     486  1031  1702  2656    2
 1851    1678  3110  3180  3366    2
 1852     563   333   268  1319    2
 1853     468   460   547  1083    2
 1854    1395  2252  2951  3595    1
 1855     665  3025  3390  4092    1
 1856     550  1220  2275  3081    1
 1857     520   560   626  1558    1
 1858    1202  1107  1526  2420    1
 1859    1004  1228  2595  4190    2
 1860     660   304   662   782    2
 1861     601   390  1193  2187    1
 1862     455  1307  1863  3190    2
 1863    1639  1567  2115  2375    1
 1864     916  1583  2109  3221    2
 1865    1241  2410  3005  3659    2
 1866    3751  3029  2124  3840    1
 1867    3176  2677  3470  4349    1
 1868     451   367   507   901    1
 1869     660   782   881  1319    2
 1870    1129  1898  3637  3754    1
 1871     831   913   938  1536    1
 1872    2099  2952  3118  4107    2
 1873     560   819  2477  3333    1
 1874    1840   940  2277  4126    1
 1875    2951  2252  3538  3595    1
 1876    1051   855  1219  3085    2
 1877    2867  3757  4380  4401    1
 1878     815   805   848   867    2
 1879     810   467  1811  2419    1
 1880    1044   507  1516  2885    1
 1881     238  2085  2492  3272    1
 1882     391   305   480   644    2
 1883     408   483   615   692    2
 1884    2252  3537  3590  3595    1
 1885     257   256  2009  2247    2
 1886    1542  1138  3028  3072    1
 1887     710   325  1070  1196    1
 1888    1511  2078  2563  4242    2
 1889    2135  1380  2666  3295    2
 1890    1761  1886  3071  3816    2
 1891     408   463   491   497    1
 1892    2871   923  3252  4298    2
 1893    2458  2459  3146  4180    2
 1894     361   374   912  1114    1
 1895     282   859  1196  1257    1
 1896    2149  1529  3551  4119    2
 1897    1072   617  2772  3047    1
 1898    1518   440  1915  2441    1
 1899    2636  2621  3095  4066    1
 1900     760  1233   842   867    2
 1901    1597  2697  3153  3436    1
 1902     805   682   861  1141    2
 1903     540   666  1045  1255    1
 1904     802   545  2773  2832    2
 1905    1271  1483  3609  3966    2
 1906     633   809  1455  2013    2
 1907    2144  3720  3928  3996    2
 1908    2836  2640  3306  3325    2
 1909     528   274   839  2800    1
 1910    1082  1819  2892  2944    2
 1911     785  2295   696  3211    1
 1912    2790  3394  3452  4184    2
 1913     913   938  1536  1548    1
 1914    1053   895  2476  2958    1
 1915    1742  1868  2080  2134    2
 1916     398  2449  2710  3138    1
 1917     297    20   300   302    2
 1918     534   833  1095  1392    2
 1919     616   740  1168  1345    1
 1920     679   579   842   891    1
 1921    2399  1472  2495  4202    1
 1922     407   413   859  1196    1
 1923     488   790  3167  3465    2
 1924    1365  1480  1673  2074    1
 1925     647   896   957  1900    1
 1926     688   548  1029  1600    1
 1927    1072  1301  3111  4014    1
 1928     464   599   776   806    1
 1929    1224   672  1337  1483    2
 1930    2309  3307  3567  4287    2
 1931       6   505   786  1115    1
 1932      46    45  2269  3311    1
 1933    3039  1530  3123  3634    2
 1934     473   513   567  1108    1
 1935    2438    37  2729  3890    2
 1936    1634   923  3150  3909    2
 1937    1227  1167  2170  3348    2
 1938    1990  2152  3257  3345    2
 1939    1679  1439  1715  1719    1
 1940    1204  1362  1590  1747    2
 1941     123   125   124  1157    2
 1942     257   256  2114  2308    1
 1943    1212   437  1271  1483    2
 1944     305    16   391   480    2
 1945    2346  1553  3077  4344    1
 1946    1088  2036  3739  4364    1
 1947    2051  3088  3111  3337    1
 1948     688   548   917  1232    1
 1949    2193  3472  3723  3796    2
 1950    2230  1099  2311  3574    1
 1951    1180  1502  1773  1866    2
 1952    2946  2696  3895  4310    1
 1953     463   494   819  3333    1
 1954     345   357   360   380    2
 1955     358   825  1101  3737    2
 1956     490   427   535   893    1
 1957     403   404   543   573    1
 1958    1045  1614  1814  4090    1
 1959     844   392  1091  1188    2
 1960    1855  3316  3910  4080    1
 1961     574  1484  3427  4177    1
 1962    1651    88  2388  3477    1
 1963     344  2381  2445  3175    2
 1964    2091  1679  2330  3412    1
 1965     413   299   447   536    1
 1966    1127   556  2075  2211    1
 1967     641   505  1115  1297    1
 1968    1652   354  1878  3615    2
 1969    1896  1661  1941  1958    1
 1970    2846   113  3201  3661    2
 1971    1546  1370  2086  2166    1
 1972     553   469   670   679    1
 1973    2982   199  3821  3835    2
 1974     313   815   848   867    2
 1975    3204  3014  3642  3748    1
 1976     415   424   689   951    2
 1977    2345    40  2525  2806    1
 1978    1800  1840  2184  3703    2
 1979      20   292   295   299    2
 1980    2267  2528  3433  4020    2
 1981     824  2267  2384  4020    2
 1982     415   341   473   796    1
 1983     596   599   617   776    1
 1984    1040   597  1726  1728    1
 1985    2063  1509  2765  3520    2
 1986     906   831  1336  4109    2
 1987     959  1078  1215  1227    2
 1988     266   268   881  1319    2
 1989      33  2999  3022  3298    1
 1990    1226  2250  2268  3006    1
 1991    1826  1797  2939  3297    2
 1992     307   305   532  1324    2
 1993     286   267   294   297    2
 1994    1478  2614  2672  3951    2
 1995    3141  2156  3193  3235    2
 1996    1868   252  2134  3040    2
 1997     443   457   606  2584    1
 1998     371   457   684   911    2
 1999     463   491   497   897    1
 2000    1409  1169  3488  3582    1
 2001    1028   628  2039  3604    1
 2002    1304  1399  1425  1740    1
 2003     910  3233  3408  3454    1
 2004    1671   926  3174  3393    2
 2005    2696  3731  3743  4123    2
 2006    3361   175  4011  4187    1
 2007      48  3030  3141  3191    2
 2008     672   607  1224  1448    2
 2009     286   265   298   301    2
 2010     501   470  1246  1515    2
 2011    2952  1288  3534  4107    2
 2012    1103   920  1552  2654    1
 2013    2169  1828  2181  3771    2
 2014       8  1026  1063  1104    1
 2015    2512  1820  2703  3022    1
 2016     415   424   951  1454    2
 2017     526   457   684   896    1
 2018     387   452   851  4392    1
 2019    2306  1609  3380  3598    2
 2020     361   353   399  2211    1
 2021     793   313  1348  2024    2
 2022    1082   742  2197  2892    2
 2023    1190  1315  1692  3633    2
 2024    1257   282  3787  4244    2
 2025     567   905  1463  3439    2
 2026     359   427  1127  1165    1
 2027     189  1979  2730  3599    2
 2028    2376  2663  3137  3891    1
 2029    1100  1124  2392  2735    2
 2030    2763  3031  3656  3824    2
 2031    1509  1323  2102  3520    2
 2032    1004  1228  2384  3239    2
 2033     657  1003  1652  3960    2
 2034    2760   588  2897  4076    2
 2035     347   502   556   621    1
 2036    1640  1441  1695  2082    1
 2037    2716  2043  3213  4308    1
 2038     348   714   744   875    1
 2039    1831    78  2686  2835    2
 2040     405   558   866  2457    1
 2041     455   456  1208  1379    2
 2042     836   598  1323  1534    1
 2043     206   205   204  3314    2
 2044     103  1721  2893  4234    2
 2045    1097  1070  1196  1280    1
 2046    3833  2440  4186  4372    2
 2047     325   319   340   871    1
 2048     901   584  1209  2407    1
 2049    1262  2311  2878  4403    1
 2050    1128  1057  3790  4195    2
 2051     578   571   585  1058    1
 2052    1914  1049  2165  3510    1
 2053     283   280   430   771    1
 2054    2091  1679  2139  2754    2
 2055    1253  1308  3989  4236    2
 2056     727   586  2419  3028    1
 2057    1763   807  1984  3905    2
 2058     984   968  1470  1648    1
 2059    2781   182  3095  4066    1
 2060     565   460   806  2559    1
 2061    2996  2351  3179  3556    1
 2062      17    18    19   298    3
 2063     917   688  1042  1600    1
 2064     714   682   815   867    2
 2065     566  1730  2602  4062    2
 2066     833  1252  1343  1551    1
 2067    1717  2701  2781  4066    1
 2068     620   379   763   992    2
 2069    1743  1714  3657  3668    1
 2070     286   298   300   302    2
 2071     438   662  4414  4415    2
 2072     439   339   477  1318    2
 2073     563   793  1319  2024    2
 2074     298   286   301   302    2
 2075     284   283   430   771    1
 2076     329   325   710  2883    1
 2077    2679  2935  2976  3317    1
 2078      46  2206  2431  2595    2
 2079     404   573  1072  1301    1
 2080     890  2110  2161  3693    1
 2081    1513  2117  2734  2753    1
 2082     286   265   297   298    2
 2083     596   460   599   799    1
 2084     588   511  1142  2760    2
 2085    2874  2680  3356  3539    1
 2086     348   659  2171  2316    1
 2087     266    18   459   881    2
 2088     677   725  3253  3254    2
 2089      31    32  2370  3896    1
 2090    1131   592  1453  3888    2
 2091     573   655   748   899    1
 2092     904   652  1124  1813    2
 2093    2589  2592  2764  3150    2
 2094     610   649   682  1755    1
 2095     943   926  1569  4248    2
 2096    2762  2973  4121  4229    2
 2097    2565   735  2580  2971    2
 2098    2092  1913  2120  2787    1
 2099    1016  1939  2568  2812    1
 2100     339   341   380   477    2
 2101     528   529   744  1778    1
 2102     863   417  1098  1455    2
 2103    1012  1731  1757  4082    1
 2104     185  3574  3711  4205    2
 2105     405   558  1252  2322    1
 2106    1591  2401  2688  3568    1
 2107     790   488  1253  1656    2
 2108     345   357   380   439    2
 2109     273   553   701  2761    2
 2110    3061  3321  3413  4094    2
 2111     486  2793  4023  4189    2
 2112     107   106  3339  3536    1
 2113     328   492   594  4176    2
 2114     736   900  1740  2663    1
 2115    1133   659  1345  1783    1
 2116     444   472   483  1383    2
 2117    2100   979  2557  3140    1
 2118    1951  3337  3431  3512    2
 2119     678   976  1033  3543    1
 2120    1381  1726  3073  3718    1
 2121    1022  1027  1501  2673    1
 2122     267   290   294   297    2
 2123     286   300   502   889    1
 2124     688  1029  1137  1600    1
 2125    3559  1923  4219  4397    1
 2126     615   435   692   757    2
 2127     294   290   495   889    1
 2128    1211  3017  3054  4287    2
 2129    3376  1987  3575  3802    1
 2130    1984  4130   807  3569    2
 2131     579   610   842   891    1
 2132     529   579   679   875    1
 2133     288  1335   269   638    2
 2134    1505   863  1838  2013    2
 2135     464   629   756   897    1
 2136    1222  1767  3479  3601    1
 2137     265   266   297   298    3
 2138    1460  2521  3185  3883    1
 2139     794  1185  1813  2639    2
 2140    1457  1585  1934  2664    1
 2141     315   325   407   934    1
 2142     168   170  3146  3529    2
 2143    1337  1835  2225  2546    2
 2144     266    17   268   297    3
 2145     270   269   265   291    2
 2146     223   224   222  2659    1
 2147    1704  2541  3165  3272    2
 2148     743  1058  4142  4333    1
 2149     550   960  1895  3421    1
 2150    3469  3216  3577  4104    2
 2151     345   337   357   439    2
 2152     724  1142  1167  3466    2
 2153     824   963  1188  1907    2
 2154    3321   174  3889  4094    2
 2155     483   692  3106  4058    2
 2156     354   474   661  1306    2
 2157     848   313  1141  1404    2
 2158    2837  2671  3932  4313    2
 2159     337   345   506  1229    1
 2160    1932  1844  2200  3892    1
 2161     946  3217  3442  4077    1
 2162    1511  1431  1539  3952    2
 2163     435   400   527   543    1
 2164     359   419   637   893    1
 2165     623   370   749   853    1
 2166     357   506   552   780    1
 2167     482     2   568  1453    2
 2168     795  2879  3630  3682    2
 2169     628   404  1072  1301    1
 2170    2567   220  2792  2890    2
 2171     504   503  1810  2001    2
 2172     502   294   664   889    1
 2173    2734  1010  3371  3406    1
 2174     352   330  1657  3220    1
 2175     491   655   856  2511    1
 2176    1621  1744  3089  4069    2
 2177    1161  1312  1447  1538    1
 2178     645   687  2148  2937    1
 2179     222  2659  3820  4362    1
 2180     486   454   801  2334    2
 2181     367  1087  1108  1220    1
 2182     735   549  1995  2971    1
 2183     628   404  2403  4400    1
 2184     311   766   934  1110    1
 2185    1477   673  1504  2179    2
 2186     811   873  1328  2088    2
 2187     418   609   888  1899    2
 2188     714   610   867  1616    2
 2189     511  1380  2760  2897    2
 2190    2114   257  2308  2936    1
 2191     818  1079  1166  2615    2
 2192     835   681   921  1112    1
 2193    2108   259  3154  3795    1
 2194    2859  3566  4159  4214    2
 2195     215   213  3649  3774    2
 2196    1683  1399  2435  2536    1
 2197    1891  2070  3067  1913    2
 2198    1103  1715  2085  3461    1
 2199    1415  1527  2528  2881    2
 2200    1030  1260  1390  1775    2
 2201    2356   117  2715  3326    1
 2202    2088   432  2464  3843    2
 2203     246   245  2802  3285    2
 2204     741  1116  1374  1680    1
 2205     812  1677  1801  2052    2
 2206    1391  2867  3827  4401    1
 2207     611   383   908  1660    2
 2208    1126  2015  2659  2708    1
 2209     524   405   637  2457    1
 2210    2870  2099  4360  4407    2
 2211     250   251  2134  2288    2
 2212     376   445   493  1663    1
 2213     935  1378  2205  3884    1
 2214    1664  4099   529   317    2
 2215     213  2722  3414  3649    1
 2216     729   537   900  1665    1
 2217    1198  1270  2418  4083    2
 2218    1337  1344  1436  1835    2
 2219     525   418   845   965    2
 2220     863  1086  1266  1353    2
 2221     229   230  2046  2367    2
 2222     777   591  2613  3845    1
 2223    1055  1118  1269  2872    2
 2224     415   341   477   639    2
 2225    1455   863  1505  2013    2
 2226    1114   846  1894  1969    1
 2227    2582  1765  2930  2968    1
 2228    2004   111  2021  3613    1
 2229     206  2132  3314  3653    2
 2230     611   525   739  1763    2
 2231     331   362   468  1812    1
 2232    1270   872  1550  2390    2
 2233    2149  1758  2215  2534    2
 2234    1181  1243  1552  4087    1
 2235    3422  2498  3460  3674    2
 2236    1601  1602  1613  2284    1
 2237     710  1229  1887  3805    1
 2238    1570  1602  1862  2813    1
 2239    1504   994  1951  4101    2
 2240     742  1009  2177  2403    1
 2241    1947  2731  2858  3259    2
 2242      28  1366  2818  2899    1
 2243     381   449   465   711    2
 2244     993   789  2151  3709    1
 2245     542   763   804  2109    2
 2246    2117  2304  3400  3589    2
 2247     320  1083  1185  1656    2
 2248    1590   254  1747  1830    2
 2249    1395  3178  3595  3618    1
 2250     998   526  2067  3277    2
 2251    1917  1732  2156  3191    2
 2252     610   760   842   867    2
 2253    2763  3450  3475  3824    2
 2254     812   820  1628  1801    2
 2255     216   218  2814  3344    2
 2256     490   535   608   893    1
 2257    1677  1021  2052  2962    2
 2258     704   512   781  1680    1
 2259     399   353   637  2211    1
 2260     718   920  1144  1680    1
 2261    2353  2051  2904  3337    1
 2262     222   223  2659  4362    1
 2263    1120  2216  2435  3197    1
 2264     865  1200  3482  3578    2
 2265     328   778  2439  2544    2
 2266     294   495   664   889    1
 2267      13   562   563  1724    3
 2268     883   706  2557  2723    2
 2269    1928  1649  2096  2635    2
 2270    2629  1684  3128  3237    1
 2271     284   430   533   561    2
 2272     548   512   688  1029    1
 2273    1274   884  3086  3497    1
 2274    2002  1396  2294  2344    2
 2275    3238  3379  3768  3972    1
 2276    3913  2869  3917  4399    2
 2277     651    13  1724  1725    3
 2278    3555  1356  3755  4406    2
 2279    1411  1416  1649  4025    2
 2280    2790  3452  3958  4184    2
 2281     514   402   656   715    2
 2282    2021  2004  2047  3200    2
 2283     623   370   853  2577    1
 2284     271   592  1002  1234    2
 2285    1301   573  2174  2380    1
 2286    1761  1543  3071  3163    2
 2287     831  1287  1536  1742    1
 2288     172   173  1888  2065    2
 2289    2113  2200  2496  2508    1
 2290    3917  2869  4396  4397    1
 2291     340   495   502   664    1
 2292     495   340   544   664    1
 2293    1355  1113  1494  2494    1
 2294     796   365  1087  1108    1
 2295    2214  2120  3228  4197    1
 2296     360   762   828   854    2
 2297     828   974  4411  4415    2
 2298    2237  1675  2320  2817    1
 2299     882   368  1147  2049    2
 2300    1789  1736  1807  3788    2
 2301     110   108  4005  4046    2
 2302    1987   781  3456  3775    1
 2303    3001  3098  3540  3875    1
 2304     921   835  1112  2363    1
 2305    2020  3014  3204  3379    1
 2306    1345   493  1663  1776    1
 2307    1341  1075  1974  3930    2
 2308     681  1090  1112  2685    2
 2309     957  1005  1109  2967    1
 2310    2339  1473  3704  4366    2
 2311    1174  2054  2095  2516    2
 2312     334   581  1047  2791    2
 2313     418   383   470   715    2
 2314    3746  3269  3867  3984    1
 2315     443   455   456   912    1
 2316     405   399   730  1537    1
 2317    1460  2379  2518  2585    2
 2318    3210  2346  4209  4344    1
 2319     984  1984  2186  3639    2
 2320     235  2498  2696  4123    2
 2321    1218  1661  1896  1958    1
 2322    1146   872  3418  3555    2
 2323     400   417   564  1098    2
 2324    1172  1475  2051  2372    1
 2325     807  2738  3639  3905    2
 2326     666   833  1202  1551    1
 2327    1177  1015  2261  2384    2
 2328     337   332   740  1229    1
 2329    1633  2455  3045  3318    1
 2330     497   629   897  1036    1
 2331    1057  1128  3226  4195    1
 2332     733   966  2559  3826    1
 2333     375   400   494   543    1
 2334     766   277  2395  2411    1
 2335    1202  1343  1514  1764    1
 2336    1402  1928  2802  3457    2
 2337    2395   842  3057  4001    2
 2338    3206  3410  3611  4079    2
 2339    2215  1521  4119  4154    2
 2340    3041  2221  3351  4004    1
 2341     769  1508  3133  3446    2
 2342    1804  1888  1918  1926    1
 2343    2649  2292  3065  4016    2
 2344     633  1455  1505  2013    2
 2345    2865  1543  3081  3421    1
 2346    1275  1921  2777  3968    1
 2347     500   392  1188  1392    2
 2348     460   331   468   599    1
 2349    1023  1505  3364  3601    1
 2350     345   337   439   698    2
 2351     473   506   780   796    1
 2352     485   521   653   680    2
 2353      13   333   563   793    2
 2354    2286  2213  3614  4074    1
 2355    1341   760  1233  3057    2
 2356     280   283   430   533    2
 2357     822   691  1204  1613    1
 2358     226  3761  3926  4337    1
 2359     531   445   931  4127    2
 2360     613   464   756   897    1
 2361     393   377   401   903    1
 2362    1665  1275  2777  3968    1
 2363    2696  2847  3895  4310    1
 2364    1021  1677  2052  3066    2
 2365     540   375  2560  2807    2
 2366    1279   535  1581  1593    1
 2367     632  2736  3884  4321    1
 2368     648   972  1907  3262    2
 2369     682   805   815   867    2
 2370     445   531   616   636    1
 2371     400   435   527   757    2
 2372     926   683   943  2093    2
 2373     608   535  1593  1655    1
 2374     257  1934  2664  3154    1
 2375     567   689   843  1178    2
 2376    2479   945  3630  4097    1
 2377    1315  1786  1959  2978    2
 2378    1592  1394  2622  3130    2
 2379     591   530   643  1064    2
 2380     379   378   763   992    2
 2381     708  1187  1554  2440    2
 2382     242   243  1686  2096    2
 2383    1254   663  1446  1474    2
 2384    3414  2722  4044  4249    1
 2385    1177  2903  4096  4376    1
 2386    2842  2296  3074  3273    1
 2387    2478  2547  3592  3840    1
 2388    2575  1988  3445  4108    2
 2389     632  1165  2736  4321    1
 2390     407   340   431   495    1
 2391    2356  2317  2715  3994    1
 2392     357   360   402   780    1
 2393     554   849  2725  4267    2
 2394    1116  1239  1374  1680    1
 2395     943  2924  3067  3290    2
 2396     226   227   225  3761    1
 2397     305   644  1324  1379    2
 2398    3078  1346  3117  4095    1
 2399    1442  1991  2189  2872    1
 2400    2557   883  2942  3140    1
 2401    1329  1526  1814  3006    1
 2402     379  1306   838   354    2
 2403     689  1062  1240  1517    1
 2404    3376  3559  4143  4221    1
 2405    1191  1845  2699  2963    1
 2406     207  2502  2573  2606    1
 2407    2768  1471  2894  3007    1
 2408     566   372  1801  3624    2
 2409    1601  1362  1747  1956    1
 2410    1269   939  1488  1520    2
 2411    1498  1532  2773  3704    2
 2412    1472  2561  2777  4202    1
 2413    2051  1475  3088  3337    1
 2414    1889  2093  2827  3676    2
 2415    1032  1253  4305  4374    2
 2416     510   468   599   806    1
 2417    1511  1710  2066  2078    2
 2418    2217  2522  2607  2955    1
 2419    1019  1290  3618  3799    1
 2420     918  1327  1440  1919    1
 2421     354   378   379  1003    2
 2422     411   366   799  3138    1
 2423    2007  1273  3234  3824    2
 2424    3213  2893  4035  4309    1
 2425    1061  1206  2916  3397    2
 2426    2234  2014  3081  3267    1
 2427    2759  1587  3240  3637    1
 2428    1607  1596  2343  4361    1
 2429    2059  3284  3481  3721    2
 2430     418   383   611  1660    2
 2431     305   270   532  1324    2
 2432    1248  1244  1331  3568    1
 2433    1571  1322  2576  2875    2
 2434    2536  1425  2663  4263    1
 2435     810   467  1165  3258    1
 2436     354   334   378  1003    2
 2437     294   286   300   502    1
 2438     778  2439  2544  3434    2
 2439     981   935  2624  3637    1
 2440     922  2162  2209  2163    2
 2441    2021  1954  2789  3793    2
 2442    2092  2120  2148  4207    1
 2443    2173  3101  3267  4084    1
 2444     334   693   711   818    2
 2445     372   437   545   607    2
 2446    1000   879  1142  3920    2
 2447    1255  1107  1526  1551    1
 2448     935   516  1524  4321    1
 2449     520   626   772  1558    1
 2450     275   274   839  1783    1
 2451    1721  2692  3700  3870    2
 2452     413   296   583   859    1
 2453    3534  2952  3858  4399    2
 2454     657   465   836   851    1
 2455      83  1806  1930  2344    2
 2456     347   502   621   664    1
 2457      16   321   564   692    2
 2458     558   675  1618  3612    2
 2459     269   265   638  1725    2
 2460     820   812  1677  1801    2
 2461    1632  2227  2889  4165    1
 2462    1372  1352  3516  4134    1
 2463     176  3750  3864  4187    1
 2464    1032  1253  1308  2850    2
 2465    1203  1109  1700  2928    1
 2466     650   624   952  1670    1
 2467    3780    68  4111  4145    2
 2468      61    60  3229  3444    1
 2469    3525  3188  3558  3654    2
 2470    1868  1602  2284  3040    1
 2471      13   919    14  1725    3
 2472     441   816  1872  1874    2
 2473     480   305  1324  1379    2
 2474    2920  3147  3314  3848    2
 2475    1438  1667  1994  2357    1
 2476    2192  1790  2582  2805    1
 2477     632   546   665  2602    2
 2478    1378   935  2624  4210    1
 2479    1492  1008  2026  2683    1
 2480     675   605   898  3139    2
 2481    3099   214  3803  3852    1
 2482    1840  2277  3703  3812    2
 2483     784   475  1479  1852    2
 2484     400   417   622   633    1
 2485     609   671  1246  2465    2
 2486    1808  3080  3420  3494    1
 2487     280   283   533  1326    2
 2488    1299  1139  1774  3198    1
 2489     518   554  1069  3312    2
 2490    2190   129  3712  3741    2
 2491     948   413  1196  4419    1
 2492     831   860   913  1287    1
 2493     530   591   643  1699    1
 2494    1911  1054  2118  2157    1
 2495     381   349   642  2359    1
 2496     254   255  1590  1747    2
 2497    3011  3336  3355  3640    2
 2498    1362  1830  2153  2288    2
 2499     730   608   893  1655    1
 2500     766   679   891   934    1
 2501    1853   538  3522  3550    2
 2502     408   483   497   615    2
 2503    3317  2429  3639  4262    2
 2504     196  1560  2585  3236    2
 2505     516  1165  3258  4321    1
 2506    3512  4373  3206  3552    2
 2507    2400  1936  1998  3798    1
 2508     672   437  1212  1483    2
 2509     174   176  2748  3889    2
 2510     353   361   399   524    1
 2511     610   682   714   867    2
 2512     853   944  1445  1896    1
 2513    1795  1793  1921  2561    1
 2514    1722  1343  1764  2325    1
 2515    1720  2281  2825  2848    1
 2516    1056  1116  2418  4409    2
 2517     426   809   939  2013    2
 2518     641   318   839  1115    1
 2519    2147   791  3026  3158    2
 2520     633   417   737  1505    1
 2521    1149   864  2465  3726    2
 2522    2863  3109  3617  3705    2
 2523    1277  1173  1641  2080    2
 2524    2402  2098  2444  3275    1
 2525     551   539   870  2324    1
 2526    1886  1761  1871  3816    2
 2527     341   351   506   796    1
 2528     473   656  1087  1739    1
 2529    1731  2228  2303  4082    1
 2530     342   338   478   485    2
 2531     464   463   560   629    1
 2532     526   684   742   896    1
 2533     499   521   589  1275    1
 2534    2452  2216  3426  4339    1
 2535    4043  3015  4295  4332    2
 2536     308   307   532  2381    2
 2537    1124   821  1822  2130    1
 2538    1678   525  2304  2992    2
 2539     638   310   782  1101    2
 2540    2035  1904  2588  3173    2
 2541     281   292   447   583    1
 2542     233  1751  1938  2030    2
 2543    2408  2520  2977  3180    2
 2544     554  1158  2725  3382    2
 2545     353   393   753   903    1
 2546     383   421   611   908    2
 2547    1304   471  1306  1399    2
 2548     584   425   908  1745    2
 2549    2128  1984  3453  4191    2
 2550    1369  1411  1428  2227    2
 2551     332   339   351   506    1
 2552    4006  3433  4155  4334    2
 2553     904   940  1840  1978    1
 2554     916  2287  2319  3221    2
 2555    1740   900  2536  2663    1
 2556    1809  2143  2661  3403    2
 2557     860  1287  1398  1920    1
 2558     494   435   527   543    1
 2559    1521   905  1543  2885    1
 2560     834   854  1364  2583    1
 2561    3987  2603  4263  4288    1
 2562    2114   255  2247  2868    2
 2563     727  1947  3028  3072    1
 2564     974  1515  3737  3755    2
 2565    2483  3372  3698  3939    1
 2566     577  1208  1379  1907    2
 2567    1204   691  1276  1363    1
 2568     318   262   765  1115    1
 2569    2059  1996  3284  3726    2
 2570      68  3780  4111  4195    2
 2571    1011  1081  1542  2369    1
 2572    2328  1971  2692  3870    2
 2573    2265   489  3888  4099    2
 2574    1605  2056  3142  3416    2
 2575    2178  1387  3818  3893    2
 2576    2359  1066  2994  3384    1
 2577     994   575  1504  3512    2
 2578     474   661  1119  2338    2
 2579    1913  2070  2120  2787    1
 2580    3469  3577  3868  4104    2
 2581     548   688   917  1600    1
 2582     695   284   819  1073    1
 2583    1452  1192  2292  4016    2
 2584    1412  1495  2140  3121    2
 2585    1480  2074  2341  3049    1
 2586     429   499  1665  3956    1
 2587     601   635   831   906    2
 2588    1936  2400  1998  2038    1
 2589     405   399   637   730    1
 2590     586  1138  2419  3028    1
 2591    2922   223  3869  4362    1
 2592     358   974  3737  3755    2
 2593     805   815   848   907    2
 2594    1496  1451  1508  1565    2
 2595     611   525  1660  1759    2
 2596     510   652   821  1822    1
 2597    1634  2908  3012  3305    2
 2598     537   900  1665  1740    1
 2599     491   408   497   615    2
 2600     445  1092  4127  4324    2
 2601    2353   201  2372  3576    2
 2602     604   844  1091  1208    2
 2603     684   799   896  2584    1
 2604    1184   725  2550  3260    1
 2605     972   963  1907  3212    2
 2606     702   809  1055  1118    2
 2607    3700  1931  3976  4233    1
 2608    1162   613  1231  1867    1
 2609    2526   779  3226  3648    1
 2610    1740   777   537  1995    1
 2611    1191   883  3042  3140    1
 2612     956  1020  2931  3928    2
 2613     806   464  1949  2596    1
 2614    1369   989  1632  2889    1
 2615     568  1131  1453  4389    2
 2616    1003   379  1652  3960    2
 2617     485   680   958  1047    2
 2618    2421  2167  2555  2977    1
 2619     208   207  2090  2911    2
 2620     373   414   571   743    1
 2621     647   957  1005  1900    1
 2622    1190  1315  2459  4180    2
 2623     676   509  1079  1326    2
 2624     654   785   962  1029    1
 2625    1982  2742  2916  3330    2
 2626    2155  1400  2626  3205    2
 2627    1834  2215  4119  4154    2
 2628    1015   887  1777  1907    2
 2629    1402  1423  1570  2617    1
 2630    2478  2412  2979  3712    2
 2631    3926  3732  3958  4184    2
 2632     481   464   613   897    1
 2633     463   497   629   897    1
 2634     371   460   596   799    1
 2635     374   576  1252  2382    1
 2636    1918   172  2291  4265    1
 2637    2124  3029  3323  3701    2
 2638     459   487  1573  4405    2
 2639     639   415   933  1454    2
 2640     459   287   487  4405    2
 2641     658   485   680  2350    2
 2642    1747  1585  1956  2664    1
 2643    2207  1607  2314  3074    1
 2644    1210  1840  2277  3703    2
 2645    1416  1684  2096  3605    2
 2646    2814  2517  2921  3580    2
 2647     871  1133  1325  1345    1
 2648     968  1033  1572  1648    1
 2649     592  1002  1234  1238    2
 2650    2920  2841  3546  3848    2
 2651     589   521  1047  1134    2
 2652     924  1977  2927  3908    1
 2653     473   656   965  2089    2
 2654     399   361   405   524    1
 2655      82    83  2463  3455    1
 2656    1912  1828  2169  4253    1
 2657     424   689  1484  1533    1
 2658    2317  2162  2356  3037    2
 2659     747   597  1040  1388    2
 2660     870  1127  1313  2324    1
 2661    1579  1576  2957  3694    1
 2662    2870  2099  3118  4360    2
 2663    2032  2587  3172  3598    2
 2664     645  1180  1582  2148    1
 2665    3291    35  3476  3957    1
 2666    2499  2934  3988  4372    2
 2667    1267  1550  2243  2938    2
 2668    3370  2849  3807  4315    2
 2669    1684  1653  2254  3918    2
 2670     338   478   485   521    2
 2671     956   849  3928  4267    2
 2672     274   489   528  1778    1
 2673    1269  1118  2394  2872    2
 2674      55  4239  4329  4348    1
 2675     325   329  1229  1713    1
 2676     394   270   644  1379    2
 2677    1457  1433  1992  2248    1
 2678     299   303   413   948    1
 2679     195  2379  2507  3182    1
 2680    3100  2645  4111  4186    2
 2681     247   248  2617  2802    2
 2682     169  3334  3792  4158    1
 2683    2485  2023  3156  3362    2
 2684    1475  1951  3088  3337    2
 2685     170  2816  3451  3529    1
 2686     346   319   350   894    1
 2687    3919  2826  3973  4057    1
 2688     587  1699  3177  4052    1
 2689    1068  2465  3044  3507    2
 2690    2500  1983  2877  3105    2
 2691    1124   821  1213  2735    2
 2692     687   461   925  1781    1
 2693     318   928  1238  4351    2
 2694    1830  1362  1859  2288    2
 2695    2404  1704  3165  3272    2
 2696     345   552  1229  1887    1
 2697     792   830  1803  3814    1
 2698    1706  1767  3364  4007    1
 2699    1086  1675  2237  2817    1
 2700     716   829  2299  2554    1
 2701    1682  1701  1741  2982    1
 2702     467   442   516   981    1
 2703     272   309  1104  1186    1
 2704     939  1269  1488  2013    2
 2705    1000   959  2011  2274    2
 2706     493   376  1131  1785    2
 2707    2550  1659  2843  4128    1
 2708     415   424  1454  3005    2
 2709    1516   869  1633  3401    1
 2710    2152  2938  3257  3345    2
 2711    3388  2964  3747  3881    2
 2712    3528   287  3620  4416    1
 2713    1005   647  1023  1706    1
 2714    2461  3112  3645  4138    2
 2715     849  3843  3928  4267    2
 2716     131   129  2547  2979    1
 2717     767   690  2698  3512    2
 2718     375   540   564   633    2
 2719    1693   807  1759  1997    2
 2720     648   890   972  3212    2
 2721    2680  1273  2691  2874    1
 2722     820   721  1677  1811    1
 2723    3394  3732  3926  4184    2
 2724     804  1808  3221  3583    2
 2725    1249  2857  3530  3911    1
 2726     661   474  1652  2338    2
 2727    2678  2624  3240  3744    1
 2728    1034   863  1266  1788    2
 2729    1273  2007  3450  3824    2
 2730     518   611  3988  4164    2
 2731    1173  1277  1590  2080    2
 2732    1240  1640  2017  2551    1
 2733    1143  1302  1430  1476    1
 2734    1263  2556  2667  2830    1
 2735    1937   735  1995  2971    1
 2736    2485  3157  3362  3643    1
 2737    2051  1301  2590  3111    1
 2738     392   410   500  2560    2
 2739     757   655   882  1147    2
 2740    3592  2124  3701  3840    1
 2741     686   345   698  1887    1
 2742    1611  2318  3469  3983    2
 2743     256   255  2114  2308    1
 2744     883  2723  4038  4330    2
 2745    1213  1316  2592  2735    2
 2746    2156  1059  3031  3141    2
 2747    3110  2408  3180  3366    2
 2748    1767  1222  3479  3801    1
 2749     643   916  1245  4052    1
 2750     416   548   785  1029    1
 2751     514   434   618  3542    1
 2752     238   239  2085  3692    1
 2753     638   326  1335  1725    2
 2754      24    25  3399  3625    1
 2755     658   759  1416  2611    2
 2756    1325   406  2171  2223    1
 2757     949   787  1420  1553    2
 2758     583   281   595   891    1
 2759    1835  2546  2814  2886    2
 2760    1484  1192  1964  3664    1
 2761      96    98    97  4294    2
 2762     415   689   933   951    2
 2763    1480  2074  3066  3268    1
 2764    2317  1007  3831  3994    1
 2765    1646  1610  1667  3508    1
 2766    1866  1891  2456  3446    2
 2767    1041   626  1726  4135    1
 2768    1099  1262  2311  3575    1
 2769    2137  1764  2674  2903    1
 2770       6    10   505  1115    1
 2771    2648  2728  3347  4218    2
 2772     594   570   792  1716    2
 2773     933   432   951  3843    2
 2774     604   454   709  3139    2
 2775     510   547   806   821    1
 2776     906   759  3457  3570    2
 2777     439  1168  1458  4418    2
 2778     443   455   912  1694    1
 2779     186   188  2146  2357    1
 2780    2507   195  3182  3812    1
 2781     304   662   782   825    2
 2782      95  1048  2650  2711    2
 2783     624   399   870  2075    1
 2784     147   149  3410  4064    2
 2785      84    85  3242  3643    1
 2786    2101  2172  2199  2335    1
 2787    2052  2107  3776  4062    2
 2788     447   296   536   902    2
 2789    2789  1933  3201  4225    1
 2790    4026  3319  4046  4268    2
 2791     333   342   818   958    2
 2792    2988  3626  3691  4230    2
 2793    3764  3577  3980  4249    2
 2794    2368  1571  2405  2406    1
 2795     248   249  2954  3763    1
 2796     468   331   510   599    1
 2797     763   992  1420  2981    2
 2798     668  1722  2668  2903    1
 2799     401   722  1977  2008    1
 2800    3216  2837  3933  3983    2
 2801    1661  1825  1896  1941    1
 2802     490   582   608  1313    1
 2803      33  3022  3291  3298    1
 2804     304   662  4415  4418    2
 2805    1213   936  1316  1820    1
 2806    2673  1497  4168  4185    1
 2807     828   360   854  2112    2
 2808     481   613   966  1162    1
 2809     982   913  2752  3815    1
 2810     460   468   547   599    1
 2811     331   468   970  1083    2
 2812    2461  3113  3707  4236    2
 2813    1936  2104  3075  3697    1
 2814      18  1666  3749  4244    2
 2815     312   315   659  1110    1
 2816      88    89  2388  2430    2
 2817     414   571   743  1138    1
 2818     363   350   499   544    1
 2819    1692  1315  1773  3633    2
 2820     391   369   644   844    2
 2821     426   939  1488  2013    2
 2822    1352  1372  1729  2409    2
 2823    1189  1438  1643  1667    1
 2824     784   449  1193  3332    2
 2825    1727   986  1788  3789    2
 2826    3113  2427  3707  4236    2
 2827    1748  1768  3883  4126    1
 2828    1095  1743  2706  3668    1
 2829     872   971  2076  2233    2
 2830     172   171  2291  4265    1
 2831     973  1712  2907  4108    2
 2832     974  1102  4355  4390    2
 2833     164   162  1882  3672    2
 2834     848   313   867  1141    2
 2835    2217  1883  2522  2955    1
 2836     436   363  3623  3847    1
 2837     675   857  1676  1999    2
 2838    1654  1821  2833  4356    1
 2839     416   512  1029  1137    1
 2840    1157   123  1674  2941    2
 2841    1194  2185  2187  2378    1
 2842     333    13   563   676    2
 2843    1540   754  1550  1627    2
 2844     905   892  1463  1761    2
 2845    1972  1760  2568  2839    1
 2846    2237  1406  2320  2469    2
 2847     307  3829  3839  4058    2
 2848     345   337   698   740    1
 2849    3732  3926  3958  4146    1
 2850      66    68  3780  4145    2
 2851     685   888  1515  2391    2
 2852    1607  2207  2990  3043    2
 2853     667   513  1220  2275    1
 2854    1176   553  1186  1836    1
 2855     290   294   495   544    1
 2856    3679  1230  3959  4300    1
 2857     961   856  2049  2503    2
 2858     908   373  4408  4412    2
 2859     657   465   711  1003    2
 2860      29    28  1539  2066    2
 2861     507  1044  1516  1633    1
 2862    2177  1082  2246  2336    1
 2863    2713  3022  3369  3747    1
 2864     480   391   644   844    2
 2865    2404  2492  3164  3461    1
 2866    1809  2533  3401  3813    1
 2867    1625  1642  2106  4282    2
 2868     492   328   778  2439    2
 2869    2079  1547  4101  4378    2
 2870    2257    68  4111  4195    1
 2871    1285  1121  2565  3084    2
 2872     843   689  1062  1178    2
 2873    1843  1126  2659  3975    1
 2874     758  2193  3723  3796    2
 2875    2640  2684  2836  3306    2
 2876    3757  2257  4380  4401    1
 2877    1152  2079  4314  4378    2
 2878      35  3298  3476  3944    2
 2879     550   367   960  2275    1
 2880    2478  2270  2938  3712    2
 2881     923  2735  3252  3734    2
 2882     655   435   757  1384    2
 2883     332   325   340   871    1
 2884     876   603  4395  4408    1
 2885    1968  2605  2770  3327    2
 2886    1703  1001  1807  3669    2
 2887      81  1729  2294  2344    2
 2888     315   319   325   871    1
 2889     265   266   638  1725    2
 2890     269   638  1335  1725    2
 2891    1465  1245  3056  3383    1
 2892     387   398   452   777    1
 2893     306   327   410   753    1
 2894    2751  2567  2792  2890    2
 2895     497   491   508   897    1
 2896    3174  3018  3208  3393    2
 2897    1570  1423  1602  2813    1
 2898     334   676   693   818    2
 2899     293   364   524  3925    1
 2900    2090   207  2502  2756    2
 2901    2703  3022  3115  3280    1
 2902    2329  4006  4155  4335    1
 2903     493   636  1345  1663    1
 2904     863   737  1203  1266    1
 2905    1772  1752  2797  3545    2
 2906    2980   135  3496  3587    2
 2907    1343   668  1722  2668    1
 2908    1664   701  2761  3093    2
 2909    1610  1646  3248  3508    1
 2910    2326   943  2858  2924    2
 2911    3970  2658  4063  4148    2
 2912    2329   153  3062  4122    1
 2913     328   378   542   634    2
 2914    2578  1943  3036  4085    1
 2915     805   848   895  2476    2
 2916     581   362  2791  3845    2
 2917    1204  1585  1601  1747    1
 2918    1253  1577  1810  4374    2
 2919    2242  2769  3329  4169    1
 2920     550   569  1220  2234    1
 2921     680   521   958  1047    2
 2922     700   730  1019  1537    1
 2923     341   380   477   639    2
 2924     384   382   409  3673    1
 2925     314  1196  1573  2883    1
 2926     680   521  1250  1394    2
 2927    2387  2751  2792  2890    2
 2928     458   385   810  1628    1
 2929     162  1344  3672  3705    2
 2930     831   860  1287  1398    1
 2931    3041  3351  3569  4130    2
 2932     266   459   782   881    2
 2933    3603  3911  4173  4383    1
 2934     567   513   667  1108    1
 2935    2131   758  2563  3156    2
 2936     318   376  4235  4351    2
 2937     495   294   664   544    1
 2938    1106   927  1311  1598    2
 2939    1527  1368  2528  3844    2
 2940     620   992  1375  1469    2
 2941     768  1482  2079  4101    2
 2942     651   307  3839  4058    2
 2943    3441  2370  3442  4098    1
 2944    3838  3913  4284  4368    2
 2945      99   101  2170  2432    2
 2946     522  1067  1236  1358    1
 2947     822  1204  1276  1601    1
 2948     431   292   583   889    1
 2949    1741   200  1912  2775    1
 2950     405   650   952  2322    1
 2951     434   941  1130  1150    2
 2952     489   317  2265  3027    2
 2953     663  1254  1446  4127    2
 2954    1106  1311  1639  1734    1
 2955     740   325  1133  3805    1
 2956     377   403   411   799    1
 2957     696   962  1485  1899    2
 2958     325   407   934  1196    1
 2959    3917  2869  4274  4399    2
 2960     585   578  3253  3607    2
 2961     366   377   411   799    1
 2962    2319  2808  3221  3952    2
 2963     887   648   972  1907    2
 2964     120  3045  3403  3880    1
 2965    2697  2762  3514  4128    1
 2966     737  1023  1505  3364    1
 2967     432   933   951  1454    2
 2968     318   765   928  1050    1
 2969    2340  1201  3026  3158    2
 2970     291   394   457   911    2
 2971    1795  1921  2185  2561    1
 2972    2042  1795  2185  2561    1
 2973    3647  1489  4120  4295    2
 2974      40    41  2806  2945    1
 2975     304   358   825  1101    2
 2976     355   556  3304  4276    1
 2977    1206  1061  2002  4172    2
 2978     628  2039  2380  4163    1
 2979    2858  2326  2924  3290    2
 2980    1472  1189  2495  3968    1
 2981    1136  1094  2210  2438    2
 2982      15   446   844  1091    2
 2983    1172  1355  1371  1475    1
 2984     727  1596  2343  2831    1
 2985    2645  2487  3226  4195    1
 2986    1123  1658  2054  2516    1
 2987    1676  1999  2101  2255    2
 2988      26  2116  3059  3782    2
 2989    2016   191  2081  2484    2
 2990     270   269   394   644    2
 2991    3836  3820  3975  4273    1
 2992     540   633   702   809    2
 2993     990  1370  1546  2166    1
 2994    1939  2568  2812  3348    2
 2995     760  1341  1974  3057    2
 2996     460   371   599   799    1
 2997     398   520   953  4243    1
 2998    1434  2482  2573  3006    1
 2999    2011  1219  2612  2739    1
 3000    2729  3549  3550  3981    2
 3001    1223   804  1431  3221    2
 3002    2142  2426  1160  3030    1
 3003     129  3701  3712  3741    2
 3004    2197  2745   957  2967    1
 3005     660   304   782  1849    2
 3006     467   721  1281  1630    1
 3007     849   956  3842  4267    2
 3008    3141  3193  3234  3824    2
 3009    1392  1095  1929  1971    2
 3010     375   400   622   633    1
 3011    3429  3577  4027  4249    2
 3012    1885  1617  2040  2289    1
 3013     403   377   494   622    1
 3014    1152  1523  3962  3973    1
 3015    1834  1069  2215  4154    2
 3016     915   959   995  2011    1
 3017    1108   796  1517  1533    1
 3018     394   443   456   912    1
 3019     280   278   337   871    1
 3020     303   285   413   948    1
 3021     278   337   439  1458    2
 3022    4222    55  4329  4348    1
 3023     310   380   383   639    2
 3024     302   285   303   948    1
 3025     496   732  3194  3297    2
 3026     229  2737  3276  3730    1
 3027    2474  2107  3579  4100    2
 3028    3349  2648  3641  4218    2
 3029    1977   606  2927  3908    1
 3030    1234   663  1238  1474    2
 3031    1513  1943  2117  3400    2
 3032    2642  1679  2754  3164    2
 3033    2256  2589  2591  3150    2
 3034    1782  1717  2852  3284    2
 3035    1906  1843  3869  4362    1
 3036     496   674  1813  2690    2
 3037     974   614  1102  4411    2
 3038     315   319   871  1325    1
 3039     185   183  4200  4205    2
 3040     874  1499  2203  3596    2
 3041    3667  1230  4245  4316    1
 3042     668  1343  1722  2325    1
 3043     430   339   439  1318    2
 3044     621   366   664   799    1
 3045    1994  1610  2115  3248    1
 3046    1409  2655  3485  3488    1
 3047    1275   499  2048  3815    1
 3048     328   581   634   794    2
 3049    1056  1144  1552  1680    1
 3050    1248  1445  1885  2040    1
 3051     321   408   435   692    2
 3052     383   908  1101  1145    2
 3053    1464  1850  3070  4202    1
 3054    1577  3770  3906  3989    2
 3055      16   322   561   651    2
 3056     266   562   638  1725    2
 3057    1536  1586  1641  2247    2
 3058     635   593  1865  2615    2
 3059     322    16   391   651    3
 3060     305    16   307   651    2
 3061    1594  1568  1733  2203    2
 3062      97  2196  3629  4325    1
 3063     214   215  3414  3980    1
 3064     657   784   927  1878    2
 3065     706  1049  2165  3966    2
 3066    2699  1014  3107  4133    2
 3067    1050   839  1115  1297    1
 3068     383   639  1893  4164    2
 3069    1568  1733  2146  2357    1
 3070      94    93  1048  4059    2
 3071     472   444   555  1383    2
 3072    1199  1021  1669  2151    1
 3073    1914  2959  3484  3518    1
 3074     362   468   517   581    2
 3075     294   290   331   664    1
 3076    1965   942  2086  2166    1
 3077    1183  1298  1400  4113    1
 3078     362   331   468   581    2
 3079     186   188   187  1155    2
 3080     424  1484  1192  1964    1
 3081     275   376   493  1663    1
 3082     815   714   867  1616    2
 3083    2998  2520  3179  3299    2
 3084    3704  3671  4281  4366    2
 3085    1919  1053  2476  2811    1
 3086    1792  1797  1944  1961    2
 3087    1412  2475  3582  4269    1
 3088     391   305   644  1724    3
 3089     450   448  1066  3384    1
 3090     469   553   670  1664    2
 3091     566  1207  1357  2685    2
 3092     340   332   347  1713    1
 3093    2044  2082  1580  2273    1
 3094    1443  2090  2586  2606    2
 3095    3215  2297  3497  3498    1
 3096     737   462  1829  1900    1
 3097    2429  3033  4191  4262    2
 3098    1987  2233  3467  3575    1
 3099     396   386   461   687    1
 3100     928   669  1092  2111    1
 3101     918  1052  1327  1919    1
 3102    1292  1036  1647  1873    1
 3103    2680  2972  3341  3535    1
 3104    2374  1503  2974  3784    2
 3105    1323   949  1509  1534    1
 3106     256   255  2308  2664    1
 3107     494   375   543   622    1
 3108     393   466   912  2383    1
 3109    1794  1631  2040  2289    2
 3110     417   622   633   737    1
 3111    1413   808  1477  2179    2
 3112     287   336   487  4416    1
 3113     529   875  2662  2733    1
 3114    2483  1605  3142  3416    2
 3115     936  2512  2703  3280    1
 3116     752  1937  2016  2045    1
 3117    1857  1753  1967  3685    1
 3118    1700  2196  2928  2950    1
 3119     405   327   753  1252    1
 3120     435   321   692   757    2
 3121    1624  1885  1896  2133    1
 3122    3878  3409  4342  4372    2
 3123    1040  1728  1883  2531    2
 3124    1621  1119  1982  3990    2
 3125     685  1515  2537  2974    2
 3126     299   413   889   948    1
 3127     407   340   889   948    1
 3128     497   629  1036  3016    1
 3129    2182  2128  3453  3569    2
 3130    1946  2219  2657  2774    1
 3131     372   947  1335  3871    2
 3132     625   929  2346  2894    1
 3133     826  1854  2839  2891    1
 3134     412   456   539  1114    1
 3135    1826  2430  2607  3195    2
 3136     330   329  4391  4416    1
 3137     654   888   962  1899    2
 3138     962   785  1485  1799    1
 3139    1122  1241  3005  3659    2
 3140    2336  2235  3614  3991    2
 3141     113   111  2506  3661    1
 3142    1503  3555  3755  4406    2
 3143    3015    23  4043  4237    2
 3144    3155  1788  3789  4258    2
 3145    1826  2430  2448  2607    2
 3146     395   908  4408  4412    2
 3147     547   460   599   806    1
 3148     124   123  1157  2941    2
 3149    1661  1674  1825  2194    1
 3150     402   380   473   715    2
 3151    1652   836  2338  3680    2
 3152    1750  1806  1930  3160    2
 3153    1782  1149  3684  3726    2
 3154    3433  2862  3554  4020    2
 3155    3456  1987  3775  3784    1
 3156    1927  1519  1979  2484    2
 3157    2268  2250  2571  3006    1
 3158      10   261   505   641    1
 3159    3771  1828  3772  4253    1
 3160    2810  3012  3167  4002    2
 3161    1279  1191  1593  2963    1
 3162     414   385   571  1138    1
 3163     371   331   599   664    1
 3164     329  4391  4416  4419    1
 3165     543   737  1829  1900    1
 3166     480   391   844  1188    2
 3167     473   380   639   715    2
 3168     411   464   776  2164    1
 3169     460   547   565   806    1
 3170     144  2638  2821  2914    1
 3171     291   371   621   664    1
 3172    2254  3605  3918  4025    2
 3173     615  2397  3465  3573    2
 3174    3356  2680  3536  3539    1
 3175     976  2408  2555  3110    2
 3176    3370  2860  3406  3954    1
 3177    2571  1415  2881  3069    2
 3178     562   266   638   782    2
 3179    2528  1415  2881  3553    2
 3180     291   331   371   664    1
 3181    3636  2984  4248  4272    2
 3182    1908  1749  2017  3187    1
 3183    3627  3317  3886  3974    1
 3184    2558  1385  3218  3443    1
 3185     271   482   568   592    2
 3186     730   405  1537  2457    1
 3187    1095   833  1252  1743    1
 3188    1784  1718  2377  3830    2
 3189     353   347   377   903    1
 3190    3105  2877  3923  3932    2
 3191     392    15   844  1091    2
 3192     432   811  2088  2464    2
 3193     812   727  1628  1811    1
 3194     977   627  1001  1940    2
 3195    1757  1731  3687  4082    1
 3196     292    17   295  1075    2
 3197    2262  2402  3163  3276    2
 3198     592   663  1474  1785    2
 3199     376   318  1131  4351    2
 3200    3597  3679  4300  4375    1
 3201    1918   172  2065  2377    2
 3202     766   311  2121  2411    1
 3203      66  3862  4145  4379    2
 3204     312   311   766   934    1
 3205     104   102  1931  3714    1
 3206     278   439  1168  1458    2
 3207     395   908  1660  4408    2
 3208     413   407   583   889    1
 3209     344   307   692   757    2
 3210    1880  1615  2443  3668    1
 3211     737   863  1203  3364    1
 3212     576  1017  1252  2382    1
 3213     417   400   564   633    2
 3214     721   789  1281  1480    1
 3215    1749  2017  3187  4132    1
 3216     802  1532  2105  2339    2
 3217     591   517   777  1699    1
 3218     223  1959  3869  4273    2
 3219    2102  1689  2386  3266    1
 3220     313   333   793  1075    2
 3221     307    16   344   692    2
 3222     474  1499  2519  2966    2
 3223      64  2533  2876  3638    1
 3224    1461  1401  2462  3196    1
 3225    2217  1802  3073  3718    1
 3226    2267   824  3190  4020    2
 3227    1776  1663   275   493    1
 3228    1641  1394  2622  2779    2
 3229    2079  2829  4314  4377    2
 3230     599   596   799  1072    1
 3231    2231  2005  2259  2719    1
 3232    1171  1354  1981  3055    1
 3233     933   415   951  1454    2
 3234     610   579   744   875    1
 3235     452   537   625   736    1
 3236    3160  2851  3455  3725    1
 3237    1339  2301  3900  4212    1
 3238    1400  2545  3205  4113    1
 3239    1254  1280  1330  4127    2
 3240     603   707   955  2295    1
 3241     781   512  1137  3775    1
 3242    2783  2188  2799  4040    2
 3243     707   955  1214  2853    2
 3244    1927  1375  2484  4228    2
 3245     579   713   760  1616    2
 3246     275   274   641   839    1
 3247    1921  1592  2187  3733    1
 3248     307   305   651  1724    2
 3249    1065   277  1254  1330    2
 3250     371   621   664   799    1
 3251     223   224  2204  2978    2
 3252    2549  3010  3234  3538    2
 3253    1092  1065  1254  1280    2
 3254     473   656   764  1087    1
 3255    1428  1629  1685  2227    1
 3256    1036  3012  3167  3465    2
 3257     723  1969  2161  3019    1
 3258     337   332   430   771    1
 3259    1328   811  2088  2649    2
 3260    3226  2257  4195  4227    1
 3261    1074   956  2564  3225    2
 3262    1640  2180  2273  3090    1
 3263    3098  3174  3208  3491    2
 3264    2646  3120  3438  4384    1
 3265    1612  2125  2471  2796    2
 3266     526   457   896  2159    1
 3267     674  1100  2392  2641    2
 3268     346   340   771  1073    1
 3269    3102  2810  3957  3965    2
 3270     426   397   441  1035    2
 3271    2842  3269  3273  3463    1
 3272     407   413   583   859    1
 3273     406   815  3817  3879    2
 3274     403   494   543   622    1
 3275     307   308   532   970    2
 3276     407   340   948  1713    1
 3277    1482   978  4314  4378    2
 3278    2934  2019  3878  4402    2
 3279     882   538  2503  3522    2
 3280    2646  2471  3438  3557    1
 3281     919    13   651  1725    3
 3282     938   906  1641  2779    2
 3283     617   690  1039  1477    2
 3284    2332   800  3368  3775    1
 3285    1111  2259  2719  3073    1
 3286     688   512  1232  1680    1
 3287     623   416  1739  3358    1
 3288     668   466  1393  2668    1
 3289     291   294   331   664    1
 3290     617   596   690  1477    2
 3291    1252   833  1343  1743    1
 3292     920  1103  1552  1680    1
 3293     512   688   718  1680    1
 3294     684   742  2698  3277    2
 3295    1132  1631  1794  1997    2
 3296    2202  1519  2484  3599    2
 3297     496  1388  3194  4091    2
 3298    1512  2590  3111  3337    1
 3299     491   408   615  1147    2
 3300    2279  1908  2291  2551    1
 3301     573   522  1072  1301    1
 3302    2628   792  2637  2906    1
 3303     492  1064  2287  3017    2
 3304     467   442   981  2220    1
 3305    1693  1080  2022  2714    2
 3306    2807   375  3594  3660    1
 3307     230   229  2046  3941    2
 3308     660   600  1446  1559    2
 3309     622   403   647  1900    1
 3310     622   633   737  1023    1
 3311     301   287  4405  4419    1
 3312     755  1575  1587  2759    1
 3313    1962  4158  4173  4383    1
 3314     338  1047  1468  4144    2
 3315     279   766   859  1097    1
 3316     562   266  1724  1725    3
 3317     283   509  1326  2223    2
 3318    3004  3326  3927  3940    2
 3319    1461  1401  2236  2462    1
 3320    1697  1733  3385  4116    1
 3321    2124  3097  3751  3840    1
 3322      77  2801  3347  4143    2
 3323     659   312  1110  1133    1
 3324    3146  3302  3531  4162    2
 3325    1572   968  2705  2738    2
 3326     476  1377  1404  1486    2
 3327    2252  3538  3590  3745    2
 3328     807   739  1763  1984    2
 3329     440   541   557  3815    1
 3330     568   271   592   937    2
 3331      76  3838  4284  4368    2
 3332    1540   827  1545  1600    1
 3333    2218  1211  3017  3281    2
 3334    1722  1177  2352  2538    1
 3335    1219  1051  1278  1932    1
 3336    1337  1224  1877  3811    2
 3337    1466  1428  1629  1685    1
 3338     643   813  2287  3017    2
 3339    2132  2373  3147  3314    2
 3340     574   717  1184  1644    1
 3341     377   393   401   621    1
 3342     541   601   831   913    1
 3343    1036   747  1647  2908    2
 3344     905   843  1507  3439    2
 3345    1511  1539  1549  3076    2
 3346    1057   707  2440  2487    2
 3347    1190  1315  1508  1786    2
 3348     801   486  2334  2948    2
 3349    2035  2172  2176  2335    2
 3350     682   805   848  1141    2
 3351    1164  1291  1661  2018    2
 3352    1227  1215  1309  2123    2
 3353     659  1325  1345  2415    1
 3354     771   695   819  1073    1
 3355      15   322   391   919    3
 3356    1923  1283  3376  4219    1
 3357     478  1377  1518  2312    1
 3358     700   479   730  2457    1
 3359     422   545  1448  4183    2
 3360     722   826   932   995    1
 3361    1091   605  1188  3139    2
 3362     657   465  1003  3960    2
 3363    1362  1690  1859  2288    2
 3364     802  1013  1532  2773    2
 3365      13   919   533    14    2
 3366     326   323   638  1145    2
 3367     821  1124  1213  2130    1
 3368     314  1097  1280  1599    2
 3369     570   472   594   792    2
 3370     114   116  3998  4080    1
 3371     810  1127  3304  3887    1
 3372    2394  1408  2594  3722    2
 3373    1276  1204  1363  1433    1
 3374     823   730   893  2475    1
 3375     534   558   675   857    2
 3376    1896  1445  3524  3568    1
 3377     272   309  1186  2969    1
 3378     437   801  1212  1271    2
 3379     478   485   521   653    2
 3380     435   408   615   692    2
 3381     466   401  1694  2008    1
 3382    1854  1016  1970  2839    1
 3383    2646  2241  2700  3120    1
 3384    3419  1635  3496  3584    2
 3385    1300  1268  1422  1499    2
 3386     262   318   765  4389    2
 3387    3245  2988  3626  4130    2
 3388     562   310   638  1725    2
 3389    1913  2070  2072  2120    1
 3390     647   924  1096  4280    1
 3391    2191  1914  2225  3808    2
 3392     474   874  1621  4069    2
 3393    1334  3349  3641  4218    2
 3394    1619  2968  3051  3405    2
 3395     533    14  1318  1892    2
 3396    3202  3344  3518  3631    1
 3397     155   154  3433  4299    2
 3398     478   363  2048  4193    1
 3399     972   890  1948  2597    1
 3400     601   831   913   938    1
 3401    1540  2201  3345  3391    1
 3402    1479  1008  1492  2683    1
 3403    1475  2051  2353  3337    1
 3404     379   378   992  1003    2
 3405    1026   389  1063  1176    1
 3406    2887  1968  3083  3460    2
 3407     766   679   934  1110    1
 3408    2280  2069  2962  3043    2
 3409     592   713  1785  2006    2
 3410      23    21  3768  4352    1
 3411    1610  1566  1646  1667    1
 3412     306   327   524  3143    1
 3413    1043  2666  2881  3295    2
 3414     815   313  1079  1348    2
 3415     529   469   713  1664    2
 3416    1213   923  1340  2735    2
 3417     452   625   929  1534    1
 3418    1944  1792  1961  2337    2
 3419    1505  1023  3479  3601    1
 3420     512  1232  1680  3542    1
 3421    1191  1497  1593  2963    1
 3422     593   969  2350  3332    2
 3423     751  1828  2427  4236    2
 3424    3339  1089  3342  3800    1
 3425    1116  1056  1181  1552    1
 3426    1339  1014  2301  2422    1
 3427     267   291   294  1195    2
 3428     488   320  1185  1656    2
 3429    1644  2180  2697  3964    1
 3430     926  2093  3393  3624    2
 3431    1069  1834  1975  3261    2
 3432     886   475  1006  1955    2
 3433     577   724  1380  2666    2
 3434     859   766   891   934    1
 3435     989  1440  1481  1518    1
 3436    1993  1575  2759  3637    1
 3437     667  1543  2014  4061    2
 3438     820   665  2824  3258    1
 3439    1355  1113  1371  1475    1
 3440    1438  1555  1568  4086    1
 3441     764   513  1105  1235    2
 3442     593   519   601   635    2
 3443    2270  1038  2799  2961    2
 3444     481   522   776  2164    1
 3445    2032  3302  3531  3598    2
 3446    3943  2399  4050  4086    1
 3447    1229   740  1887  3805    1
 3448    3750  3078  3833  3864    2
 3449     459   660   782   881    2
 3450    1715  1719  2332  3132    1
 3451    1036  1292  2512  3369    1
 3452    1844   985  1932  2200    1
 3453     156  2172  2365  2515    1
 3454     208   209   207  2573    1
 3455    2343  1607  3074  3415    1
 3456      14   310   919  1318    2
 3457     573   522  1562  2164    1
 3458    1175   979  2100  3140    1
 3459     759   635  3767  4109    2
 3460    1758  1821  2058  2414    1
 3461     302   303   889   948    1
 3462     789   812  1677  1811    1
 3463     340   502   889   948    1
 3464    1370   942  1965  2166    1
 3465     913   938  1548  2752    1
 3466    1124  1213  2130  2256    1
 3467     379   838  2989  3122    2
 3468     450   448  1166  1957    2
 3469    1484   424  1533  1964    1
 3470     306   410  2560  2807    2
 3471    1335   288   269  4013    2
 3472     200  1741  1912  2169    1
 3473     793   600   881  1849    2
 3474     826  1016  1329  1970    1
 3475     398   387   452   642    1
 3476    1803   792  1924  4220    2
 3477    1992  1457  2248  3795    1
 3478     579   469   679   842    1
 3479     431   407   583   934    1
 3480     407   340   495   889    1
 3481    1267  2243  2270  2938    2
 3482    1671  2069  2962  3393    2
 3483    1404   476  1486  4192    2
 3484    1753  2063  3210  4344    1
 3485    2281   143  2589  2970    1
 3486    1095   833  1303  1971    2
 3487     545   372   566  3624    2
 3488     383   418   470   888    2
 3489     493   931  1785  2755    2
 3490     784  1294  1492  2026    1
 3491    2594   939  3859  4034    2
 3492    2369  1081  2647  3694    1
 3493    1847  1901  2231  2719    1
 3494    1235   611  1763  2089    2
 3495    1177  2384  3554  4020    2
 3496    1673  1365  2474  3201    1
 3497     371   291   457   911    2
 3498    2410  1454  3005  3659    2
 3499     377   494   903  1073    1
 3500      40    39  2235  2525    2
 3501    2404  1704  2654  3461    1
 3502      95    93  3166  3658    1
 3503    2020  1472  2026  2749    1
 3504    2101  1999  2172  2176    2
 3505    1612  3000  3398  4070    1
 3506    3141    49  3193  3475    2
 3507    2105  2339  2527  3903    2
 3508    1938  2182  3092  3152    2
 3509     394   644  1208  1379    2
 3510    2766  3365  3444  3831    1
 3511    2243  2270  2938  3874    2
 3512    2422  3900  4055  4133    2
 3513    2032  2306  3367  3380    2
 3514     342   485   593   958    2
 3515     342   593   818   958    2
 3516     620   379  2989  3122    2
 3517     279   277   766  1097    1
 3518    3232   193  3389  3501    1
 3519    2651  1815  3045  3318    1
 3520     468   547   599   806    1
 3521     117   118  2715  3927    1
 3522     155   153   154  2329    1
 3523      10   262   318  1115    1
 3524      29    27  1366  2769    1
 3525     990  1546  1650  2166    1
 3526    3495  3210  3496  3587    2
 3527     265   269  1724  1725    3
 3528    3319   108  4046  4268    2
 3529     782   266   881  1319    2
 3530    4107   618  4409  4413    2
 3531    1601  1735  1956  2664    1
 3532    2509  1491  2728  4218    2
 3533    2262  2046  2367  3276    2
 3534     710  2883  3804  4410    1
 3535     457   526   606  3908    1
 3536    1192   951  2410  4016    2
 3537    2237  1456  2817  3604    1
 3538     265   269  4013  4031    2
 3539    1386  1179  2027  4407    2
 3540    2393  1011  3028  3259    2
 3541     858   526  2159  3908    1
 3542    1733  1697  1762  1994    1
 3543    1330   600  1446  1599    2
 3544     680   658  1018  1411    2
 3545    1768  2488  2507  4126    1
 3546    1208   456  1907  3262    2
 3547     858  1966  2067  4030    2
 3548     768   673  1504  1547    2
 3549    3303  2631  3532  3904    2
 3550     951  2088  2410  4016    2
 3551     715   639   383   380    2
 3552    2359   991  3847  4019    1
 3553    1201   961  1867  2228    1
 3554    3189  2803  3433  4006    2
 3555    2045  1967  2894  3077    1
 3556    3376  3294  3558  4143    1
 3557     817  1861  3056  3420    1
 3558    1756  1438  2347  4116    1
 3559    2614  1478  3765  3951    2
 3560     870   399  1127  2075    1
 3561     774   773   884  1274    1
 3562    2044  1784  2065  3830    2
 3563    1402  1336  1672  1928    2
 3564     171   172  2377  3830    2
 3565     705   578   725  1184    1
 3566     495   340   502   889    1
 3567     996  1016  2682  3168    1
 3568     505   498   839  2800    1
 3569    2235  1989  2320  2469    2
 3570    1585  1204  1590  1747    2
 3571    1503  1356  3555  4406    2
 3572      99   100  2454  2838    1
 3573     616   636  1345  2493    1
 3574    3410  1935  4079  4246    2
 3575     140  3502  3567  4340    1
 3576     178  3627  3974  4075    1
 3577    1352  1376  1689  3516    1
 3578    2549  2252  3590  3745    2
 3579     217   218  2348  2814    2
 3580     387   350   642  2477    1
 3581     842   610   867  1233    2
 3582    1530  2993  3123  3634    2
 3583    1976  2933  3597  3679    1
 3584    2135  1043  2523  3295    2
 3585     270   443   911  1324    2
 3586    2271  1683  2428  2916    2
 3587     428  1066  2223  3817    2
 3588      41    39    40  2806    1
 3589     803   543  1829  2039    1
 3590    1126   925  1781  2884    1
 3591     866   700  1290  3618    1
 3592    1514  1864  2595  3239    2
 3593     839  1663  1783  3758    1
 3594     702   633  1614  4024    1
 3595    1246   671  2391  2465    2
 3596     855  1694  1977  2008    1
 3597    1620  2106  4326  4331    2
 3598    1316  1213  1820  2871    1
 3599    2435  1683  2452  3330    2
 3600    1204  1362  1601  1613    1
 3601    2314  2198  2681  3708    1
 3602    1699   398  2449  4243    1
 3603    1497  1339  1593  2673    1
 3604     579   610   744  1616    2
 3605     418   611  1893  2089    2
 3606     865   770  2799  3482    2
 3607     233  1751  2030  2289    2
 3608    1087   513  1108  1220    1
 3609     455   855   980  2008    1
 3610     746   379  1469  2409    2
 3611    3862  3267  4084  4380    1
 3612    2531  2585  1388  2641    2
 3613     587   520  2119  3170    1
 3614    3176  2309  3263  3307    1
 3615     128   127   126  3527    2
 3616    1507   843  1510  1709    1
 3617    1245  1263  3056  3383    1
 3618     600  1446  1474  2929    2
 3619     496   674  1100  1813    2
 3620    1360   902  2855  3787    2
 3621      43  3695  4018  4021    2
 3622    2503  2147  3026  3158    2
 3623    1921  1008  4019   991    1
 3624     967   749  1010  2012    1
 3625     360   345   380   828    2
 3626    2511   655   435   491    1
 3627     874  1076  1598  1621    2
 3628     369   269   644   844    2
 3629     357   402   506   780    1
 3630     360   357   552   780    1
 3631    2623    69  4152  4323    1
 3632     487   459   825  4417    2
 3633     751  2427  3113  4236    2
 3634    1639  1311  1697  1762    1
 3635    2447    81  2463  3428    1
 3636     415   473   567  1108    1
 3637    1212   801  2948  3042    2
 3638     513   764  1105  1220    1
 3639     748   978  1152  2174    1
 3640    2803  3553  4006  4334    2
 3641    2487  2645  3790  4195    2
 3642    2294  1396  2376  2447    1
 3643     844   480  1208  1379    2
 3644     764   513  1087  1220    1
 3645    2647  1576  3253  3260    1
 3646     347   366   377  1073    1
 3647    2534  3551  3880  3947    1
 3648     529   713  1616  4099    2
 3649    2810  2905  3012  4002    2
 3650      14    13   562  2024    2
 3651    1571  2424  2875  3305    2
 3652    1133   311  1783  3758    1
 3653     110  2036  3313  4005    1
 3654    2281  1770  2589  2593    1
 3655    1397  1067  2772  3665    1
 3656     321    16   564  2560    2
 3657    3026  3256  3509  3770    2
 3658    1132  1214  1759  1794    2
 3659     793  1348  1849  2024    2
 3660     560   626  1558  1949    1
 3661     795  1877  2879  3682    2
 3662    2156  3141  3234  3824    2
 3663    1268  1120  1300  1557    1
 3664     473   341   506   796    1
 3665     717  1024  2097  3664    1
 3666     971   997  2076  2233    2
 3667    3041  3351  3961  4004    1
 3668    2084    79  2835  2923    2
 3669     869   507   901  1441    1
 3670    2748  2693  3766  4277    2
 3671    1068   962  1171  2465    2
 3672     644   844  1208  1379    2
 3673    1675  1086  1829  2817    1
 3674     290   295   297  1468    2
 3675     393   401   466  1255    1
 3676    2508    43  4018  4021    1
 3677    2727  1305  4026  4283    1
 3678     938   906  1536  1641    2
 3679     617   596   776  1072    1
 3680    1144  1056  1552  4087    1
 3681    1175   979  1305  2100    1
 3682     963   824  1188  1698    2
 3683    2142  2798  2917  3030    1
 3684     655   757   882  1384    2
 3685     226   225  3394  3926    2
 3686    3577  3764  4027  4249    2
 3687     349   381   444   693    2
 3688      78  1831  2084  2835    2
 3689    3097  2124  3592  3840    1
 3690    2547  2478  3701  3840    1
 3691     926   943  3628  3636    2
 3692     856  2276  2300  2504    1
 3693    1767  1706  2068  4007    1
 3694     271   592  1234  3724    2
 3695    2050  1480  2657  2774    1
 3696     353   347   903  1073    1
 3697    1060   431  1755  4065    1
 3698     607   672  1224  1483    2
 3699     553   263  1063  1186    1
 3700    3126  2830  3233  3521    1
 3701    2672  2029  2850  3951    2
 3702    2441  2629  2889  3223    1
 3703    2241   900  2536  3197    1
 3704    3483  2474  3579  4100    2
 3705     492   758  2131   640    2
 3706     748   899   978  2174    1
 3707    1752  2627  3530  3664    1
 3708    1329  1814  1970  3006    1
 3709     315   312   659  1133    1
 3710    1357   566  2685  2702    2
 3711    1109  1005  1203  1700    1
 3712    2790  1597  3214  4128    1
 3713     160  2239  3900  4055    1
 3714    2172  1476  3131  3841    1
 3715    1906  1856  1959  3869    2
 3716    1408  1556  1844  2113    1
 3717     262   572   765  1115    1
 3718     353   355   524  2211    1
 3719    1645  1466  2540  3876    1
 3720     664   366  2710  3138    1
 3721    1312   917  1637  1790    1
 3722    1120  1399  1740  3197    1
 3723    1458  2223  3817  3879    2
 3724     832   808  1136  2293    2
 3725    1500  3788  3972  4332    2
 3726     367   365   370   876    1
 3727    3169   185  3711  3728    2
 3728     846   539  1114  1894    1
 3729     980   455  2008  2562    1
 3730    1974   523  2929  3057    2
 3731     389    12  1026  1063    1
 3732     413   407   889   948    1
 3733    1622  1467  1945  3456    1
 3734     720   605   973  1929    2
 3735    1321  2224  3165  3462    2
 3736     821  1185  3252  3734    2
 3737    2192  2188  2783  2819    1
 3738    2770  2712  3055  3083    1
 3739    3247  3399  3506  3625    1
 3740    1290  1019  1022  3799    1
 3741     971  1662  2374  2390    2
 3742    2219  1946  2657  2702    2
 3743    3367  3129  3444  3797    1
 3744     974  1515  3755  4406    2
 3745     387   642  4019  4392    1
 3746    1388  1322  2576  2585    2
 3747     887  1015  1777  4060    1
 3748    2372  2360  3468  4160    1
 3749     125  1591  2077  2401    1
 3750     382   384  4203  4347    1
 3751     344    16   564   692    2
 3752    2551  1787  3427  4124    1
 3753    1151  1540  1550  3345    2
 3754     473   965  1893  2089    2
 3755    2716   102  4028  4250    2
 3756    3334   170  3451  3792    1
 3757     798  1464  1850  1940    2
 3758    2118  2157  2821  2914    1
 3759     542  1223  1549  2439    2
 3760      92  1320  3112  4138    1
 3761    1381   772  1558  4077    1
 3762    1281   721  1480  2774    1
 3763     400   527   543   803    1
 3764     796  1108  1517  3752    1
 3765    1522  1532  2004  3200    2
 3766    2803  2420  3553  4334    2
 3767     672  1337  1483  2225    2
 3768     972   890  2597  3212    2
 3769    2684  2640  2836  3068    1
 3770    1370   990  1546  2563    2
 3771    2226   231  2473  3152    1
 3772    1807  1789  3788  3972    2
 3773     873   811  2209  2464    2
 3774     594   792  1924  3325    2
 3775    1237   779  1895  3267    1
 3776     441   397  1098  4247    2
 3777    3045  3401  3403  3880    1
 3778     517   468   530   794    2
 3779    3913  3917  4368  4399    2
 3780      80    79  2084  2923    2
 3781    1078   995  1215  1950    1
 3782    2315  2186  2577  2643    1
 3783    3012  1634  3305  3909    2
 3784    1897  1779  1961  2337    2
 3785    2068  1767  2600  3801    1
 3786    1052   450  1327  2778    1
 3787     773  4056  1981  1799    1
 3788      17    18   266   881    2
 3789    2734  2753  3371  3449    1
 3790    2996  2947  3086  3215    1
 3791    1417  1645  1817  2253    2
 3792    1272  1711  2060  2547    1
 3793    1570  1868  2134  3040    2
 3794    1933  2506  3002  3613    1
 3795     374   361   912  2383    1
 3796      15   369   391   844    2
 3797     526   606   858  2067    2
 3798    1597  2056  2564  3436    2
 3799    1152   748  2079  4378    2
 3800    1833  1855  3316  3910    1
 3801     416   548   623   785    1
 3802    1618  1395  2318  3346    2
 3803     417   633  1098  1455    2
 3804     315   649  1110  1755    1
 3805     275   376   641  1131    2
 3806    1748  1978  2618  4126    1
 3807     381   449  2359  3786    1
 3808     507  1510  1516  1517    1
 3809    2249  2700  2742  3207    1
 3810    1206  2916  3397  4172    2
 3811    2120  2214  3228  3269    1
 3812     515   479   730   823    1
 3813    1012   508  1231  2029    1
 3814     575   994  1504  1547    2
 3815    1502  1843  1906  3836    1
 3816     479   700   730   823    1
 3817    1682  1054  1911  2775    1
 3818     277   279   766  2395    1
 3819     513   473   764  1087    1
 3820    3188  3440  3558  3654    1
 3821    1515   470  3737  3755    2
 3822     398   387  2449  3956    1
 3823    1129  1284  2655  3754    1
 3824    2405  2368  2406  3955    1
 3825     955  2436  2619  2910    1
 3826    1913  1889  2072  3067    2
 3827     616   493  2493  2755    2
 3828      69    71  4306  4323    2
 3829     644   480   844  1379    2
 3830     687   925  2857  2884    1
 3831     492   328   594   778    2
 3832    2178  1387  2388  3818    2
 3833    2125  1612  2471  2646    1
 3834     442   427  1165  2736    1
 3835    1699   777  2449  3956    1
 3836    1851  2071  2538  3311    1
 3837     109  3319  3739  4358    2
 3838    1213   821  1264  3252    2
 3839     209  2524  2573  3023    1
 3840     543   527   573   803    1
 3841     314   662   825  1573    2
 3842    1164   764  1763  1879    2
 3843    2623  3053  3135  3954    1
 3844     720  3244  4270  4359    2
 3845    2823  2766  3365  3444    1
 3846     276   348   659  2415    1
 3847     329   325   407  1713    1
 3848     569   370  1087  1218    1
 3849     452   537   851  4392    1
 3850     729  3786  4019  1008    1
 3851    1604  1038  1637  2188    1
 3852    2704  3170  3176  3308    1
 3853    1173  1830  1859  2134    2
 3854    1222  1023  1706  1767    1
 3855    2058  1758  2331  2732    2
 3856     159   161  3432  4053    2
 3857      18    17    19  2138    2
 3858    1019  1593  2673  3799    1
 3859     546   632   795  4386    2
 3860     418   525  2089  3905    2
 3861    3033  3351  3961  4191    2
 3862    2773  1532  2832  3704    2
 3863    1039  2772  3088  3111    1
 3864    3265  3732  4146  4337    1
 3865     823  1027  1655  2475    1
 3866    1861  1583  2808  3420    1
 3867    2063  3077  3210  4344    1
 3868     670   679  2395  2411    1
 3869     471   549   777  1665    1
 3870    1271  1212  1483  3966    2
 3871    2980  2768  3861  4110    2
 3872    2088  2292  2649  4016    2
 3873     277   669  1065  1254    2
 3874    1439  1151  2390  3345    2
 3875    1069   554  3261  3312    2
 3876    2594  2828  4032  4071    2
 3877    2190  1267  2270  2938    2
 3878    1825  1661  3827  4213    1
 3879    2345    40  2806  2945    1
 3880     763   542   804  1635    2
 3881     805   682   848   867    2
 3882    1173   906  2080  2134    2
 3883     608   582  1175  1313    1
 3884    1476  1143  1969  2054    1
 3885    3410  3635  3753  4246    2
 3886     528  2882  2800   839    1
 3887    1970  1226  2268  3006    1
 3888    1522  2726  2773  3331    2
 3889     602  1313  3609  3887    1
 3890    2007  3193  3475  3824    2
 3891    2110   987  2553  3693    1
 3892    1558  1041  1822  1949    1
 3893    1382  1357  1669  2792    2
 3894    1264  2871  3252  4298    2
 3895    3544  1130  4107  4409    2
 3896    2995  2990  3043  3912    2
 3897     359   637   730   893    1
 3898    1448  1575  2832  3109    2
 3899    1935  3410  3753  4246    2
 3900    1509  1323  1534  2102    1
 3901    1292  1647  2406  2875    1
 3902     537   387  1665  4019    1
 3903    2137  2674  3239  3554    2
 3904    1619  1765  2968  3405    2
 3905     419   359   427   893    1
 3906     661   379  1306  2989    2
 3907     734   551  3042  4189    2
 3908     442   490   893   427    1
 3909     535   359   730   893    1
 3910     847   462  1109  2246    1
 3911     427   359   535   893    1
 3912    2232  1877  3672  3682    2
 3913     625   612   929  3420    1
 3914      25    24  2116  3625    2
 3915    1198   872  1270  4083    2
 3916     999   921  2842  3269    1
 3917     549   471  1304  1740    1
 3918    3126  2240  3383  3521    1
 3919    3575  2878  3728  3802    1
 3920     243  1629  1817  3675    2
 3921    2168  2162  2317  3037    2
 3922     390   450  1865  1957    2
 3923     421   432   933  3843    2
 3924     740   636  1133  1345    1
 3925    3252   547  4304  4305    2
 3926    1313  1165  3882  3887    1
 3927     493   445   663   931    2
 3928    1219   915  3063  3425    2
 3929     805   861   895  1404    2
 3930     508   961  1012  1231    1
 3931    1940  1850  3411  3647    2
 3932    2509  2648  3349  4218    2
 3933    2478   129  3701  3712    2
 3934    1873  2848  3012  3909    2
 3935    1877  1224  2232  3811    2
 3936    1127   427  1313  3887    1
 3937    1123  1174  2054  2446    2
 3938    2848  1873  3305  3909    2
 3939     945  1436  1882  2655    1
 3940    2279  1908  2931  3720    2
 3941     563   268   970  1195    2
 3942    3300  3517  3603  4383    1
 3943     574   717   761  2647    1
 3944     648   887   972  4060    1
 3945     310   323   383  1101    2
 3946     586  1628  1730  1801    2
 3947    1079   848  1166  1404    2
 3948    2261  1722  2538  3885    1
 3949    3782  2720  3891  3987    1
 3950    2261  2468  2538  2566    1
 3951    2276   856  2300  2503    2
 3952    2883  4391  4404  4410    1
 3953    1447  2028  3482  3578    2
 3954     859   766   934  1196    1
 3955    1277  1433  1585  2009    2
 3956    1651  3218  3443  3818    1
 3957    1711  1606  1765  2412    1
 3958    3294  3525  3558  4143    2
 3959     469   670   679   842    1
 3960    1017   576  1948  2325    1
 3961     291   270   911  1195    2
 3962     934   766  1070  1196    1
 3963     325   934  1070  1196    1
 3964     914   592  3724  3888    2
 3965     840   442   893  1409    1
 3966     537   736  1740  1995    1
 3967    2952  3009  3913  4396    1
 3968    1967   191  2016  2542    1
 3969     888   383   908  1101    2
 3970    1098   527  3149  3175    2
 3971     392   480   500  1188    2
 3972    2939  1387  3297  3893    2
 3973     574   717  1644  2097    1
 3974    1543  1761  2098  3163    2
 3975     399   359   535  1127    1
 3976     258   257  1934  2009    2
 3977    2979  2938  3257  3712    2
 3978    1240  1640  2551  3090    1
 3979    1807  1001  1955  3669    2
 3980     616   493   636  2493    1
 3981     596   599   776  1072    1
 3982     397   344   564  1098    2
 3983    3229  2587  3367  3380    2
 3984    2683  1795  3014  3058    1
 3985    1345   659  1776  1783    1
 3986    2360  2372  3468  3576    2
 3987     292   281   447  3930    2
 3988    1669  1382  2792  3227    2
 3989    3327  2770  3674  3684    2
 3990    1544  2245  3076  3079    2
 3991    1158   988  1809  1815    2
 3992     574   396   761   925    1
 3993    2610   441  2698  3277    2
 3994    1056   618  1116  4409    2
 3995    2419   727  3028  3072    1
 3996    1397  1371  2174  3717    1
 3997     618   741  1116  2961    2
 3998    1367   755  3473  3663    1
 3999     269   289  4013  4031    2
 4000    1977  2159  2584  3908    1
 4001    1908  1709  2017  2551    1
 4002     299   295   300   889    1
 4003     738   751  1577  1791    2
 4004     674  1100  2184  2392    2
 4005     669   928  1050  2111    1
 4006     370   569   853  1218    1
 4007    1443  2358  2586  3844    2
 4008     544  1812  2449  3956    1
 4009    1835  2225  2546  2886    2
 4010     414   373   571  3519    1
 4011     397   426   441  1098    2
 4012    1806  1285  2851  3160    2
 4013    1315  1496  1508  2652    2
 4014    1022   823  1027  1655    1
 4015    2878  3802  3825  4327    1
 4016     727   586  1811  2419    1
 4017    1837  2488  2618  4126    1
 4018     276   275  1783  3950    1
 4019    1378   632  3630  3884    1
 4020    1711  1619  2201  2412    1
 4021     609   671   845  1182    2
 4022    2624  1993  3240  3637    1
 4023     502   286   889   948    1
 4024     739  1693  1794  2714    2
 4025     774   749  1010  1033    1
 4026     913   601   938  2752    1
 4027     305   344   397  1324    2
 4028    2327  2271  3395  4263    1
 4029    1624  1941  2022  2133    2
 4030     304   310   358  1101    2
 4031     211   210  2856  3834    1
 4032     310   304   782  1101    2
 4033    2790  2056  3436  3452    2
 4034     872  1146  1270  4083    2
 4035     653   478  1518  2048    1
 4036    1830   251  2134   252    2
 4037    2193   813  2287  2556    2
 4038    1154  1106  1639  2375    1
 4039    1065   766  1097  1280    1
 4040    1111   772  1381  3217    1
 4041      12     8  1026  1063    1
 4042    1918  1908  2377  3720    2
 4043     716   733  1403  2554    2
 4044    3219  2738  3639  4322    2
 4045    2196  1700  3629  4325    1
 4046     312   311   934  1110    1
 4047     177  3886  4009  4045    1
 4048     735  1121  2258  3084    1
 4049     399  1127  2075  2211    1
 4050    2063  1509  3077  3116    1
 4051     377   366   621   799    1
 4052     402   473   780  1739    1
 4053    1536  1548  1586  2114    1
 4054     457   371   684   799    1
 4055    2318  1290  2656  3983    2
 4056    2772  1067  3404  3665    1
 4057     393   401  1255  4153    1
 4058    1610  1567  1994  2115    1
 4059    3739  3319  3846  4358    2
 4060    1435  1381  3443  3718    1
 4061    3553  2420  4201  4334    2
 4062    1054   966  1682  2118    1
 4063    1354  2552  2770  3674    2
 4064     960  2275  2885  3421    1
 4065     370   623  1087  2577    1
 4066     519   541   601   831    1
 4067     253   252  1747  1830    2
 4068     860   831  1336  1398    1
 4069     667  1105  2014  3081    1
 4070    2762  2790  3958  4184    2
 4071    2460  2387  2792  2890    2
 4072     506   345   552  1229    1
 4073     955   707  1660  2853    2
 4074     862  1289  1775  2334    2
 4075     279   277  1097  1330    2
 4076    2112  1356  3632  4328    2
 4077     309   311  2121  3758    1
 4078     367   365   876   901    1
 4079    3554  2137  4047  4334    2
 4080     328  1064  4015  4176    2
 4081     154  2329  4155  4376    1
 4082     185   183   184  2878    1
 4083    3433  4047  4155  4334    2
 4084     365   367   451   901    1
 4085     397   441  1035  4247    2
 4086    2636   181  3480  4066    1
 4087    1895   960  3159  4095    1
 4088     241   240  1629  3675    2
 4089    2679  1470  3616  4137    1
 4090    2830  2086  3126  3157    1
 4091    2299  2118  2554  3230    1
 4092     570   631   852  2131    2
 4093    1377   918  1404  1486    2
 4094     462  2817  3604  4316    1
 4095    1498  1522  1532  2004    2
 4096     130   131  2425  2746    2
 4097     715   656   845   965    2
 4098    1819  4166  1668  3155    2
 4099     601   593  2350  2779    2
 4100     315   312   325   934    1
 4101    1688  1690  2153  2954    2
 4102     279   523  1360  2855    2
 4103    1036  1647  1873  2908    2
 4104     519   601   635   831    2
 4105    1886  2106  4282  4326    2
 4106    1398  1287  1423  1920    1
 4107    1560   197  3703  3812    2
 4108    1192  1484  1752  3664    1
 4109     533    13    14  1892    2
 4110    1048  1482  3336  4059    2
 4111     435   655   757  1147    2
 4112      28    29  1366  2066    1
 4113     406   428  2223  3817    2
 4114     682   610   891  1233    1
 4115    3322  3306  3505  4010    2
 4116    1099   920  1262  1987    1
 4117     672  1448  1623  1848    2
 4118    2747  4006  4155  4334    2
 4119    1576  2957  3253  3254    2
 4120     328   794  1064  4176    2
 4121     650   712  1302  1969    1
 4122    3271  2205  3474  4097    2
 4123    2748   175  3361  3750    2
 4124     951   689  1178  1361    2
 4125    1695  1441  2129  3650    1
 4126    1328  2088  2292  2649    2
 4127     628  2403  3667  4014    1
 4128     361   393   621   912    1
 4129    2521  2505  3185  3883    1
 4130     679   529   875  2662    1
 4131    1186   309  1836  2662    1
 4132     265   266   298  4194    2
 4133     461   687   999  1781    1
 4134    1576  1579  3260  3694    1
 4135    3247  2116  3625  4172    2
 4136     962  1068  1485  3507    2
 4137     808   617  1039  1477    2
 4138     927  1311  1598  1852    2
 4139    1431  1223  3221  3952    2
 4140     936  1213  1720  2130    1
 4141    1642  1625  1936  3117    1
 4142     530   468   652   794    2
 4143    1001   977  1708  2145    2
 4144    1046   707  2853  4278    2
 4145     735   549  1304  3931    1
 4146    3571  2847  3731  3743    2
 4147     373  3220  4408  4412    1
 4148    2116    26  3059  3395    2
 4149     624   405   952  2951    1
 4150     805   682  1053  1060    1
 4151     361   374  1114  2075    1
 4152    1574   260  2622  2633    2
 4153    2693  2748  3409  3833    2
 4154    1124  1405  2392  2591    2
 4155    3233  2667  3359  3417    1
 4156     831   601   906   938    2
 4157    1445   569  2295  2526    1
 4158     592   713  3724  3888    2
 4159     229  2038  2046  3941    2
 4160    3613  4092  3096  4225    1
 4161    1885   950  2473  3151    1
 4162     361   374   405   753    1
 4163     410   327   534   753    1
 4164    1293  1935  2213  4074    1
 4165     361   405   524   753    1
 4166     353   361   524   753    1
 4167     405   327   524   753    1
 4168     937   568  4388  4389    2
 4169     330   699  3220  4416    1
 4170    2735   821  3252  3734    2
 4171     781   718  1144  1680    1
 4172    1930    81  2344  3428    2
 4173    1097   314  1196  1257    1
 4174    1367  1498  1522  1532    2
 4175     207  2573  2756  2911    1
 4176    2748  3361  3409  3833    2
 4177     727   586  1628  1811    1
 4178     450  1327  1350  1865    2
 4179    2488   197  2507  4126    1
 4180     577  1043  2666  2881    2
 4181    1819  1109  2246  2362    1
 4182     817  1216  2086  2166    1
 4183     264   868  2265  3027    2
 4184    1797   841  1961  3857    2
 4185    2071  1851  2744  3311    1
 4186    2768  3495  3586  4344    1
 4187      26  3059  3395  3782    2
 4188    1071  1210  2178  2277    2
 4189     611   518  1258  4394    2
 4190     897   508  1867  2511    1
 4191    1585   256  1590  2009    2
 4192    1800   904  1813  2184    2
 4193     323   326   477   878    2
 4194     326   372   422   878    2
 4195    2535   395  2912  3220    1
 4196     306   410  2807  3660    1
 4197     326   323   356   878    2
 4198     902   281  2855  3930    2
 4199    2180  3698  3761  3939    1
 4200    2543  2655  3485  3581    1
 4201      47    46  2206  2566    2
 4202    2270  2190  2938  3712    2
 4203     454   604  1091  3139    2
 4204     206  2132  2608  3147    2
 4205    1329  2008  2562  2804    1
 4206     690  1504  2698  3512    2
 4207     638   323  1101  1145    2
 4208    1841  1311  2342  2347    1
 4209    1451  1493  1508  1565    2
 4210     689   933   951  1178    2
 4211     920   718  1103  1680    1
 4212    3146  2459  3302  4162    2
 4213    1587  1524  3096  4387    1
 4214     774   884  2421  3296    1
 4215     372   326   422  2913    2
 4216    1136   808  1942  2293    2
 4217     805   714   815   907    2
 4218    1951  1512  3088  3337    2
 4219    3001  2986  3098  3875    1
 4220    1054   733  2554  3938    2
 4221    3009  2870  3188  3440    1
 4222      66    68    67  3780    2
 4223     922  1007  2162  2163    2
 4224    1078  2682  3168  3466    2
 4225    2579  3922  4096  4136    1
 4226     369   326  2913  4370    2
 4227     200   198   199  1741    1
 4228     396   386   687  1533    1
 4229    2338   927  3615  3680    2
 4230    2274  2011  2612  2739    1
 4231    2850  1012  3770  3989    2
 4232    2053  1541  2245  2396    1
 4233     968   984  1470  2738    2
 4234    1595  1430  3131  3445    2
 4235    1343  1514  1764  2932    1
 4236     702  1055  4024  4049    1
 4237     349   509  1066  1957    2
 4238     340   346   350  2710    1
 4239    1113  1494  1504  3336    2
 4240    2091  2330  2746  3029    2
 4241    3463  3759    59    57    1
 4242     829  1942  3373  3550    2
 4243     974  1102  4406  4411    2
 4244    1459  1612  3000  3397    2
 4245    1403   538  1942  2626    2
 4246     374   361   405  2075    1
 4247     778   328  1383  2544    2
 4248    1509   949  1553  3077    1
 4249     659   315  1325  2171    1
 4250     869  1510  2129  3813    1
 4251    1796  2940  3099  3873    1
 4252    1998  2895  3413  4094    1
 4253    1193   601  2378  2779    2
 4254    1720  1820  2713  2999    1
 4255    1729  1930  2344  3428    2
 4256    2193   813  2556  3408    2
 4257     573   527   655   899    1
 4258    1407  1946  2604  2774    1
 4259    1284  1140  1342  1848    2
 4260     495   335  2943  4266    1
 4261    2188  2783  2819  4040    2
 4262    2498  2470  3460  3674    2
 4263     589   521  1135  1275    1
 4264    1901  1792  2844  3073    1
 4265     955   707  1214  2295    1
 4266    1395  1618  2909  3346    2
 4267    1891  1889  1913  3067    2
 4268     411   522   776  1072    1
 4269     455   443   456  1379    2
 4270    1636  1296  2175  2406    1
 4271      71    70  4175  4315    2
 4272     519   541   831   860    1
 4273    2609  2792  2890  3729    2
 4274    2625   224  3050  3820    2
 4275    1639   927  2026  2347    1
 4276     671   609   845  3942    2
 4277     588   879  3425  4034    2
 4278     458   385  1335  4013    2
 4279     510   468   547   821    1
 4280     649   610   875  1755    1
 4281    2561  1472  3014  4202    1
 4282     896   404   957  1900    1
 4283    1694   401  1977  2008    1
 4284    2309  3232  3263  3504    1
 4285     273  1186  2411  2581    1
 4286    1998  2038  2046  3276    2
 4287    1555  1464  1940  2229    2
 4288    1800   904  1840  1978    1
 4289    1764  1846  1864  2071    1
 4290     266   265   638  4194    2
 4291     485   593   658  2615    2
 4292      25  2720  3782  3987    1
 4293     147   148  3610  4073    2
 4294    2032  2587  2627  3172    1
 4295     293   533   430   561    2
 4296     102  2716  4035  4308    1
 4297    2475   582  4269  4283    1
 4298    1190   677  1333  2393    2
 4299    2585  2531  1388  1460    2
 4300     331   468   510  1812    1
 4301    4078  3781  4205  4382    2
 4302    2068  1706  3689  4007    1
 4303     365   367   370  1087    1
 4304    3669  3713  4291  4352    2
 4305     643   813  2218  3263    1
 4306      42  2113  2266  2480    2
 4307      91    92    90  1320    1
 4308     798   589  2777  3819    1
 4309     593   485   658  2350    2
 4310    2848  1770  3324  3369    1
 4311    1356  3755  4406  4411    2
 4312     835  1582  2093  2363    2
 4313     783   988  2675  3382    2
 4314    1148   625  1534  3077    1
 4315    2919  2087  3517  3633    2
 4316    2500  1983  3799  4185    1
 4317    2788  3339  3536  3539    1
 4318      61    62  3444  3894    1
 4319     443   394   621  1694    1
 4320     547   460   565  1083    2
 4321    1500  1756  3204  4240    1
 4322    1615  2575  1929  2907    2
 4323     916  2287  3221  3832    2
 4324    2541  1437  3165  3272    2
 4325    2713  1340  3881  3909    2
 4326    1406   148  1935  4073    2
 4327     401   393   466  1694    1
 4328     776   464   806  2559    1
 4329    2013  1838  2709  2841    2
 4330     411   464   599   776    1
 4331    1637  1604  2188  2192    1
 4332    1508  1496  1565  2652    2
 4333    2250  2268  2571  3183    2
 4334    1327  1915  1919  2778    1
 4335     287  3620  4416  4419    1
 4336    1364  1159  1414  1869    1
 4337    1911  1682  2775  3853    1
 4338     199   200  1741  3853    1
 4339    2407  3159  4363  4395    1
 4340    1482  1172  3336  3355    2
 4341     274   261   641  2800    1
 4342    3528   287  4412  4417    2
 4343    1638  1555  2229  3943    2
 4344     717  1184  1644  2550    1
 4345     420   285  4405  4419    1
 4346     329   407  1196  4419    1
 4347    2429  3033  3317  3974    2
 4348    2107  3331  3579  4100    2
 4349     131   130   129  2746    2
 4350     972   963  1777  1907    2
 4351    1094  1523  2632  3973    1
 4352      53    52  2658  4289    2
 4353    2264  2701  3198  3199    1
 4354      53  3354  3997  3677    1
 4355     677   585  2393  3254    2
 4356    1299  1232  3358  3543    1
 4357    1767  1023  3364  3601    1
 4358     742  1082  2610  2892    2
 4359     627   977  1001  1006    2
 4360    2935  2315  3317  3886    1
 4361    1263  1465  2086  4118    1
 4362    3299  2977  3498  3526    2
 4363     758  1223  2287  2439    2
 4364    1924  1211  3564  4015    2
 4365    2539   988  2725  3261    2
 4366     699   343  1159  4410    1
 4367    3129  3444  3532  3936    1
 4368    2614  1881  3645  3765    2
 4369    1736  2020  2026  2749    1
 4370    2206    46  2333  2566    2
 4371    2181  3821  3906  3986    2
 4372    1250   982  1363  3733    1
 4373     615   435   757  1147    2
 4374    1838  1505  2013  2709    2
 4375     857  1615  1988  2575    2
 4376     491   508   961  1147    2
 4377    3696  3690  3825  4327    1
 4378      58    57  3463  3699    1
 4379     976  2408  3110  3366    2
 4380    3206  3410  4079  4246    2
 4381     378   542   763   992    2
 4382    3866  3621  4272  4361    1
 4383    3142   227  3416  3436    2
 4384    1243  2541  3781  4398    2
 4385     929   787   949  1553    1
 4386     579   529   744   875    1
 4387    1384  2079  1547   882    2
 4388     986  1455  1727  2453    2
 4389    1543  2014  2865  3081    1
 4390    1743  1714  2043  4309    1
 4391    2883   487  4391  4419    1
 4392    1506  1749  1780  3634    2
 4393    1723  1716  2640  2721    1
 4394      34  3022  3115  3291    1
 4395     580   662  1559  4418    2
 4396    2520  2510  3179  3180    2
 4397     720  2141  2692  3212    2
 4398     394   443   457   911    2
 4399     413   285   420  4419    1
 4400     358   380   439   828    2
 4401     875   891  1110  1755    1
 4402     594   492  3325  4015    2
 4403     873   811  1328  2209    2
 4404    1241  1122  3624  3659    2
 4405     282   902  1360  3787    2
 4406    1588   736  2663  4279    1
 4407     426   397   588  2897    2
 4408    3351  2315  3886  4004    1
 4409     166  2238  3540  3688    2
 4410     955  1132  1214  1759    2
 4411    1361   951  2088  3843    2
 4412     760  1341  1233   867    2
 4413     366   340   664  2710    1
 4414    3181  2920  3363  3848    2
 4415    2780  3014  3070  4202    1
 4416     344  2381  3175  4247    2
 4417    1040  1322  1388  1460    2
 4418     114  2687  3067  3290    2
 4419    1120  1399  2435  2519    2
 4420     883   706  3042  3140    1
 4421    1436  1344  1877  1882    2
 4422     968   678   976  1033    1
 4423     414   556  3921  4156    1
 4424    1606  2819  2930  3948    2
 4425     607   802  1473  2832    2
 4426    2070  1913  2092  2787    1
 4427     524   327  2457  3143    1
 4428    1999   857  2101  2575    2
 4429    1343  1551  2382  2668    1
 4430     535  1019  1593  1655    1
 4431     463   491   897  2511    1
 4432    3687  3821  3835  3906    2
 4433     679   875   891  1110    1
 4434    1556  1219  1932  2739    1
 4435     868     1   914  1351    2
 4436    1429  1823  3206  3611    2
 4437    3309  1299  3358  3543    1
 4438     255   256  2247  2868    2
 4439     321   408  3106  3333    1
 4440    1908  1749  1918  2017    1
 4441    2145   977  3021  3386    2
 4442     898   605  2095  2446    2
 4443     885   643  1064  2218    2
 4444     546   632  1165  2736    1
 4445     350   319   495  3623    1
 4446     562   266   782  1319    2
 4447    2534  2215  3551  4170    2
 4448     747  1036  1292  3016    1
 4449     822  1369  1427  2889    1
 4450    3322  3306  4010  4275    2
 4451     541   440   557   860    1
 4452    1138   585  1542  3028    1
 4453    2709  2532  3363  3601    1
 4454    2412  2478  2938  3712    2
 4455    1463  1507  1521  1529    2
 4456     967  2012  3627  4317    1
 4457    3630   945  3682  4097    2
 4458    1370  1965  2086  2166    1
 4459    1046  1346  2440  2487    2
 4460    1234   713  1474  3093    2
 4461    1357  1382  2702  2792    2
 4462    1335   385  3519  4013    2
 4463    2988  3245  3691  4130    2
 4464    1433  2009  3130  3231    2
 4465    1579  1609  2041  2458    2
 4466     839  1050  1663  3758    1
 4467     728  1640  1644  2180    1
 4468     833   666  1202  1698    2
 4469     404   403   543  1900    1
 4470     869   507  1516  1633    1
 4471     462   404  1829  1900    1
 4472    2069  2238  3208  3491    2
 4473     632   546  2602  4386    2
 4474    1821  1654  2414  2620    1
 4475     647  1005  1023  1900    1
 4476    3206  1429  3552  4246    2
 4477    1937   752  1995  2045    1
 4478    3118  2952  3534  4107    2
 4479    2081  1967   191  2016    1
 4480     332   355   524  1073    1
 4481    1740  1425  2663  2536    1
 4482     280  1326  1458  2223    2
 4483    1682  1816  1911  2118    1
 4484      42  1844  2113  2508    1
 4485     765   669   928  1050    1
 4486    1708  1746  1831  2158    2
 4487     912   466  1694  2383    1
 4488    1463   905  1507  3439    2
 4489    3858  3838  4271  4399    2
 4490    1457   982  1548  3992    1
 4491    2055  2529  3450  3475    1
 4492    1405  1837  2073  2175    1
 4493    2607  1826  3195  3478    2
 4494     970   563  1724  3839    2
 4495     415   341   796  1533    1
 4496    2139  2404  3164  3461    1
 4497    1915  2629  3223  3237    1
 4498    1179   834  2112  4411    2
 4499     576   374  2161  2383    1
 4500     212   210  2061  3652    1
 4501     823   700  1022  1031    2
 4502     976   968  1033  1572    1
 4503    2274    43  2612  2915    2
 4504    1063   694  1104  1186    1
 4505    1818  2598  2721  3359    1
 4506     487   336  4391  4416    1
 4507    1041  1748  1771  3185    1
 4508     363  2312  2943  4193    1
 4509    3115  3291  3476  3957    1
 4510    1127   602  2324  3887    1
 4511    3786   729  4019  4392    1
 4512     919   533    14  1318    2
 4513     392   306   410  2560    2
 4514     375   321   564  2560    2
 4515     358   470  3632  3755    2
 4516     500   410   666  2560    2
 4517     520   772  3170  3177    1
 4518    2109   838  2613  3832    2
 4519     112   113  2506  3483    1
 4520     394   270   443   911    2
 4521     539   604   630   846    2
 4522    1659  1024  2843  3994    1
 4523     678   741  1037  3543    1
 4524    1323  1376  1534  2386    1
 4525    1172  1355  3336  3355    2
 4526     971   872  1256  2233    2
 4527    3765  2614  3951  4138    2
 4528     459   487   825  1573    2
 4529     505   786  1115  1297    1
 4530     873  1361  2088  2464    2
 4531    1218  1164  1220  2234    1
 4532     464   629  1949  2596    1
 4533    1720  2281  2592  2970    1
 4534     277   701  1254  2761    2
 4535     647   401   722  1977    1
 4536     474  1598  3386  3615    2
 4537     473   796  1087  1108    1
 4538     308   307   615  3829    2
 4539    1069  1158  1834  3261    2
 4540    1385   946  2558  2939    2
 4541      28  1539  2078  2818    2
 4542      53    51  3354  3677    1
 4543    1153   734  4023  4027    2
 4544    1638   977  1708  1940    2
 4545     290   331   664  1812    1
 4546    3444    62  3563  3894    1
 4547    1437  1099  1487  1681    1
 4548     164  1882  2479  4097    1
 4549    1049   706  3609  3966    2
 4550     331   290   362  1812    1
 4551    2017  1695  2129  4132    1
 4552    1017  1295  3320  4223    1
 4553    2420  2250  2803  2881    2
 4554     865   770  2243  3874    2
 4555     578   425   705  3607    2
 4556    1953  1477  2381  3108    2
 4557    2640  2906  3068  3359    1
 4558    1719  1439  2390  2642    2
 4559    1018   691  1204  1363    2
 4560    1015  2579  3190  4020    2
 4561     564  1380  2897  4257    2
 4562    1445  1214  2295  2436    1
 4563     591   643   916  3832    2
 4564     660   600   881  1666    2
 4565    1207   926  3393  3624    2
 4566     504  1253  1577  1810    2
 4567     942   817  2086  2166    1
 4568    1758  1975  2215  2414    2
 4569     249   248  1862  3763    1
 4570    2578  2947  3086  4085    1
 4571     865   770  1627  2243    2
 4572     567   843   905  3439    2
 4573    1478  3148  3279  3280    1
 4574    2603  3891  3987  4263    1
 4575     842   891  1233  4001    1
 4576    3165  2492  3272  3464    2
 4577     523   279  2395  4001    2
 4578     533   280  1326  1892    2
 4579     596   911  2698  3108    2
 4580    1525   879  2394  4034    2
 4581     803  1456  2039  2817    1
 4582    3451  2458  3792  4180    2
 4583     469   529   679  2662    1
 4584     126  3179  3274  3589    2
 4585     620   379   746  2989    2
 4586    2621  1717  2701  3198    1
 4587     175  3061  3321  4174    2
 4588    2781   180  3284  3721    2
 4589    1375   763  2484  4228    2
 4590    1299  1077  1774  3543    1
 4591    1931  2601  3114  4233    1
 4592     360   828  1130  2112    2
 4593    1440  1481  1915  2254    1
 4594    2501  1752  3065  3545    2
 4595    1416  1672  1928  2096    2
 4596    2223   406  3817  3879    2
 4597     332   339   430  2183    1
 4598     985  2200  2496  4039    1
 4599     966   481  2559  3826    1
 4600    2494    95  2650  2711    1
 4601    1239  2418  2754  3165    2
 4602    2308  2108  2936  3154    1
 4603    1646   187  3248  3508    1
 4604     970   316  1083  1185    2
 4605    1711  1606  2412  2478    1
 4606    1379   577  1907  3190    2
 4607    2077  2401  3648  4213    1
 4608      42  2113  2480  3695    2
 4609     284   321   695   819    1
 4610     321   284   494   819    1
 4611     695   346   771   819    1
 4612    1872  2237  2320  2469    2
 4613     374   624   650  1894    1
 4614     926  1671  2962  3393    2
 4615     691   982  1276  1363    1
 4616     332   351  1713  3823    1
 4617     213   215   214  3774    2
 4618     623   749   774  1033    1
 4619     567   415   689   933    2
 4620    1162   613  3826  4253    1
 4621    2033  1541  2346  2396    1
 4622    1422  1464  1499  1555    2
 4623      88    89  1651  2388    1
 4624    2444  2402  3275  3730    1
 4625    1934  1457  3154  3795    1
 4626    1784  1780  2044  2065    2
 4627     926   683  3624  3628    2
 4628    1041  1296  1949  3854    1
 4629     220  2609  2792  2890    2
 4630      44    42  1844  2266    1
 4631    1924   792  2628  3325    2
 4632     875   610   891  1755    1
 4633    1757  1828  3771  3989    2
 4634    1751   233  1938  2289    2
 4635    1361  1178  3928  3996    2
 4636     586   727   947  3028    2
 4637     773   774   884  2421    1
 4638     868  1247  1432  2265    2
 4639    1579  1576  1609  2458    2
 4640     992  1375  3520  4228    2
 4641    1137  3775  3784  4256    1
 4642     183  4078  4205  4382    2
 4643     926  2093  3174  3393    2
 4644    1307   887  2579  3190    2
 4645     481   776  2299  2559    1
 4646     936  1213  2130  2918    1
 4647     291   502   621  2486    1
 4648     325   329  1196  2883    1
 4649    1302   712  1476  1969    1
 4650    2808  3056  3420  4169    1
 4651     336   453   654   888    2
 4652    2442  2636  2822  3809    1
 4653     340   544   664  2710    1
 4654    1502  1843  1856  1906    1
 4655    1943  1968  2605  3086    1
 4656     974   614  2272  4355    2
 4657     662   660   782   825    2
 4658    2691  2874  3010  3539    2
 4659    1580  2082  2180  2273    1
 4660     407   431   583   889    1
 4661    1679  1439  1719  2152    2
 4662     243   244  1645  3171    1
 4663    2085  1681  2654  3272    1
 4664    1835  2225  2886  3082    2
 4665    2244   246  1909   247    1
 4666     292   299   447   889    1
 4667     428  1963  2171  2811    1
 4668    2263  1112  2387  3541    2
 4669     671  1200  1627  2465    2
 4670      40  2345  2362  2945    1
 4671     119   117  2356  3037    2
 4672    3410  3206  3635  4246    2
 4673     290   295   495   889    1
 4674     476   895   918  1528    1
 4675     715   473   965  1893    2
 4676    1172   978  1482  2360    2
 4677     278   337   740  1168    1
 4678     175  3321  3361  4174    2
 4679    1844   985  2508  2739    1
 4680    1226  1760  2523  3295    2
 4681    2620  1842  3318  4356    1
 4682      90  2461  3937  4138    2
 4683    1275   589  1665  2777    1
 4684    1656  1083  1810  1953    2
 4685    1515   453  2537  4390    2
 4686    3761  4124  4146  4337    1
 4687    1704  1181  2418  3462    2
 4688     446   454   844  1091    2
 4689     273   277   553  2761    2
 4690    1152   748  1236  3973    1
 4691     421   518   611   908    2
 4692     840   490  2736  2959    1
 4693     403   404   799   896    1
 4694    1107  1202  1526  1551    1
 4695     278   740   871  1345    1
 4696     254  1868  2114  2308    1
 4697    2900  2549  3537  3745    2
 4698    3146  2459  3529  4180    2
 4699    2617   248  2813  4117    1
 4700    1463  1178  3439  4224    2
 4701    1613  1602  1862  2284    1
 4702    1086  1266  1353  1675    2
 4703    1261   963  2141  2333    2
 4704     997  1487  1681  3132    1
 4705    1077   976  3110  3270    2
 4706    1690  1362  2153  2288    2
 4707     737   417   863  3364    1
 4708    1267  2190  2746  2938    2
 4709    2320    39  2469  3995    2
 4710    1494  1397  2772  3665    1
 4711    1145   638  1335  3392    2
 4712     761   574   925  1964    1
 4713     645  1180  2148  2884    1
 4714    1294   784  1492  1852    2
 4715     852  1370  2023  2131    2
 4716     724   980  1167  1863    2
 4717    1901  1847  2231  2337    2
 4718    2458  3146  3792  4180    2
 4719     916   643  1245  2287    2
 4720    3425  3063  3859  4034    2
 4721    2408  1033  2421  3296    1
 4722    1010  3371  3406  3954    1
 4723    2281  2589  2592  2970    1
 4724    1241  1333  1692  2410    2
 4725     146   145   144  2155    2
 4726    1054   733  2299  2554    1
 4727    1998  3071  3163  3276    2
 4728    1707    97  2283  4258    2
 4729    1685  2694  3171  3375    1
 4730    1650  2078  2818  2899    1
 4731     364   524  3925  4347    1
 4732     469   317  1176  1664    2
 4733     451  1517  3752  4177    1
 4734    3033  2429  3245  3974    2
 4735     966   726  1696  2299    1
 4736    3495  3210  4209  4344    1
 4737    1244  1248  1331  2714    2
 4738     255  1585  1590  1747    2
 4739     476   861  1141  1404    2
 4740    1179  1156  1356  1386    2
 4741    2012  2988  4317  4354    1
 4742    1225  1349  3842  3929    2
 4743     374   576  2382  2383    1
 4744    1349  1695  2057  2129    1
 4745     245  2540  3171  3352    1
 4746    1339  2467  2673  3354    1
 4747    1918  1908  2291  2377    2
 4748    2678  3744  3903  4210    2
 4749     438  2883  4391  4404    1
 4750    1057  2526  3159  3226    1
 4751    1157  1084  1591  2714    2
 4752    1043  2881  3183  3295    2
 4753    1236   522  1358  1925    1
 4754    1602  1548  1742  2308    1
 4755     700   730   823  1019    1
 4756    1089  1589  3342  3800    1
 4757     363   495  2943  3623    1
 4758    1076  1155  1610  1744    2
 4759    1122   566  1207  3624    2
 4760     817  1216  3080  3420    1
 4761    1419  2150  2386  2730    1
 4762      15   391   392   844    2
 4763     433   893  1140   515    1
 4764    2336  1874  2362  2901    2
 4765     515   823   893  1260    1
 4766    1377  1440  1518  2312    1
 4767    1002   765  1238  4389    2
 4768    1402  1336  1570  1602    1
 4769    2191  3655  3670  3738    2
 4770    1126  1025  2857  3901    1
 4771    1251   627  1499  1940    2
 4772    2042  1795  2561  2683    1
 4773    1804  1695  1926  4132    1
 4774     235   234  2498  4123    2
 4775    1416   759  1444  1928    2
 4776     632  1378  3025  4321    1
 4777    3030  1160  2142  2798    1
 4778     479   700   823  1031    2
 4779    1023   647  1222  1706    1
 4780     426   954  1455  2013    2
 4781    2070  2092  2456  2787    1
 4782    1292  1296  1636  2406    1
 4783    3278  3914  3937  3945    1
 4784    1046   707  2440  2853    2
 4785    1595  1302  3019  3841    1
 4786     331   460   468  1083    2
 4787    3313  2305  3510  3670    1
 4788    1666   523  2855  3787    2
 4789    1257   282  1360  3787    2
 4790     600   523  1666  3787    2
 4791     792   594  1716  3325    2
 4792     789   812  2343  2831    1
 4793    2329  1424  4161  4335    1
 4794     648   456   912  1114    1
 4795     277   523  2395  2761    2
 4796    3096  1933  3613  4225    1
 4797      22  3238  3768  3972    1
 4798    2597  2601  3114  3976    1
 4799    1367  1090  1407  3381    1
 4800     620   746  2423  2989    2
 4801    2274   985  4018  4039    1
 4802     291   270   394   911    2
 4803    1976  1197  3604  3679    1
 4804    1717  2670  2701  2946    1
 4805    2191  3034  3655  3739    2
 4806    1121  1285  1519  2851    2
 4807     284   293  3594  3666    1
 4808     662   580  4254  4261    2
 4809    1604  2188  2192  2819    1
 4810     282   296   413   859    1
 4811     436   440  2312  3623    1
 4812    1245  1465  1827  3383    2
 4813     480   500   511  1380    2
 4814     334   475   711  1878    2
 4815    1162  1701  3772  4253    1
 4816    2403  3667  4014  4373    1
 4817    1441   869  2129  3650    1
 4818    1597  2550  4042  4128    1
 4819     574   717  1058  1184    1
 4820    1290  1581  1796  3618    1
 4821     977  1001  1708  1940    2
 4822     581   468   794   970    2
 4823    2106  1625  4282  4326    2
 4824     295   290   495  4144    1
 4825    2184  1210  2392  3703    2
 4826     333   563   268   970    2
 4827     592   568  1131  1453    2
 4828    1335   947  1730  3871    2
 4829    1484  1452  1787  3427    1
 4830    3932  2877  4140  4185    1
 4831     598   949   992  1323    2
 4832     424   409   645  3005    2
 4833    3134  2859  3566  4231    2
 4834    1629  1428  1645  1817    2
 4835    1530  2661  2991  3123    2
 4836    1687  2786  3400  3589    2
 4837    1448  1140  1623  1848    2
 4838    2748  3321  3889  4094    2
 4839     739  1080  1693  2714    2
 4840    1792  1728  1797  1802    2
 4841    2370  1769  2844  3855    1
 4842    1296  1292  1771  2406    1
 4843    1153   797  1691  2313    2
 4844    1315  1389  2652  2978    2
 4845    1292  1036  1873  3369    1
 4846     957   647  1005  2745    1
 4847    1280  1092  2111  4324    1
 4848     656   473   764  2089    2
 4849    2216  2519  3330  4069    2
 4850    2498   234  4054  4123    2
 4851     472   483  1383  1905    2
 4852    1921  1275  3733  3815    1
 4853    2789  1426  3201  3776    2
 4854    1705   862  4131  4251    2
 4855     349   381   642  2477    1
 4856     751   877  2427  4253    1
 4857    3013    36  3981  4301    1
 4858     387   452   537  1665    1
 4859    1337  2225  2517  2546    2
 4860    2722  1589  4044  4249    1
 4861    2788  2680  2951  3341    1
 4862     495   363   544  3623    1
 4863    2370  3442  3855  3896    1
 4864     821   652  1185  1813    2
 4865    3129  2083  3444  3936    1
 4866     537   452   777  1665    1
 4867    3379    22  3768  3972    1
 4868     271   482   592   914    2
 4869     666  1107  1255  1551    1
 4870    2363  2827  3269  3897    1
 4871     282   420   902  4244    2
 4872    1311  1852  3021  3386    2
 4873    1288  1359  3534  4107    2
 4874    2973  2762  3514  3806    1
 4875    1790  2192  2302  2805    1
 4876     944   569  1445  2526    1
 4877    1105  1164  1235  1291    2
 4878    1304  2663  3137  3931    1
 4879    1106  1567  1639  2375    1
 4880    1216   817  3056  3420    1
 4881    1215    99  2170  2432    2
 4882    1145   571  3519  3392    2
 4883    1292   747  1322  1647    1
 4884    1018  1394  1641  2350    2
 4885     584  1209  3312  4394    2
 4886    1326    13  1892  2024    2
 4887    1709  2144  2160  3439    2
 4888    1144  1410  3560  3953    1
 4889    2197  1082  2944  2967    1
 4890     513  1105  1235  4217    2
 4891     755   981  1575  2861    1
 4892    2905  3476  3944  3957    2
 4893     706   979  2557  2723    2
 4894     384   382  4216  4347    1
 4895    1390  1260  1412  2475    1
 4896    1033   976  1572  2408    1
 4897     915  1000  2011  3063    2
 4898     676   334   693  4311    2
 4899     824   577  2267  3190    2
 4900    3054  3264  3504  3511    2
 4901    1307  1368  2528  2579    2
 4902     539   412  1114  2075    1
 4903     663   592  1234  1238    2
 4904     722   401   826  1329    1
 4905    1542   585  2647  3253    1
 4906    1387   674  2531  3297    2
 4907    1425  1396  2327  3059    2
 4908     483   615  1905  2397    2
 4909     839   318  1050  1115    1
 4910     318   765  1050  1115    1
 4911    3748  3768  4291  4352    1
 4912    1076  1155  2203  2251    2
 4913    1934  1457  2664  3154    1
 4914     683   947  3624  3628    2
 4915     136  3493  3777  4209    1
 4916     280   430   771   871    1
 4917    1515  1246  2374  2391    2
 4918     655   748  1384  2323    2
 4919    1027  1022  1655  2673    1
 4920    1398  1336  1535  3237    1
 4921    2938  2746  3257  3712    2
 4922    1310  1013  2107  3331    2
 4923     274   641   839  2800    1
 4924     431   407   495   889    1
 4925    3307  3176  4340  4385    1
 4926     525   418  1660  1899    2
 4927    2938  2412  2979  3257    2
 4928    1745  2464  3843  4267    2
 4929    3347  3376  3559  4143    1
 4930     516   442   935  1524    1
 4931     588  2136  3085  3425    2
 4932    2631   922  3303  3532    2
 4933     327   590  1618  2457    2
 4934    1850  1940  3070  3647    2
 4935     287  3528  4412  4416    1
 4936    1164  1661  1958  2018    2
 4937     835  1112  2363  3018    2
 4938     866  1395  1618  2909    2
 4939     710   314  4106  4254    1
 4940    1062   689  1240  1484    1
 4941    1556  1278  3063  4034    2
 4942    1338   858  3859  4030    2
 4943    1978  1840  2618  4126    1
 4944    1143   723  2110  3019    1
 4945     714   610   744   875    1
 4946    1288  1056  1359  4409    2
 4947     939   588  3859  4034    2
 4948    1388  2641  2908  4091    2
 4949     367   370   550   876    1
 4950    4024  2200   702  4049    1
 4951    2781  2741  3095  3721    2
 4952    1593  1581  2963  3799    1
 4953    1368  1527  2195  3844    2
 4954    2866  3061  3321  3413    2
 4955    1701  2169  3771  4253    1
 4956     485   338   521  1047    2
 4957     296   420   536   902    2
 4958    2933   148  3610  3959    1
 4959     127   128   126  2996    1
 4960    3358  1232  3542  3600    1
 4961    1821  1654  2058  2414    1
 4962    3078  3117  3864  4095    1
 4963    1380   666  1698  2666    2
 4964     735  1304  2307  3931    1
 4965    1296  1768  2175  2406    1
 4966     674  1100  1813  2184    2
 4967    1361  2088  2464  3843    2
 4968    1933  1673  3201  4225    1
 4969    1148  1995  2045  2258    1
 4970    2996   126  3179  3274    1
 4971     596   690  1477  2698    2
 4972    1434  1329  1970  3006    1
 4973    2836  2640  2906  3068    1
 4974    1863  1307  2358  3844    2
 4975    2911  2090  3069  3183    2
 4976    1563  1074  2564  3225    2
 4977    2056  1563  2564  3225    2
 4978     624   405   650   952    1
 4979      30  2231  2260  2370    1
 4980      73    74    72  3104    1
 4981     370   853  1087  1218    1
 4982     701   553  1664  2761    2
 4983    1317  1389  2015  2816    1
 4984    2732  2331  3791  3941    2
 4985     224   222  2659  3820    1
 4986    1651  2388  2505  3477    1
 4987    2014  2499  3101  3878    2
 4988    2964  3388  3593  4002    2
 4989    2418  1270  3462  4083    2
 4990     676   509   818  1079    2
 4991     754   800  1151  2374    2
 4992    4092  3613  3096  4387    1
 4993    1207   566  2052  4062    2
 4994     815   313   848  1079    2
 4995    1994  1639  2115  2375    1
 4996    2107  1365  3776  4100    2
 4997    1921  2561  2777  3968    1
 4998     899  1197  1347  2380    1
 4999     918  1377  1440  1486    2
 5000     696   654   785   962    1
 5001     368   308  1083  2381    2
 5002     570   555   953  2669    1
 5003     368   308   757   882    2
 5004    1831    78  2158  3735    1
 5005     466   393  1255  2382    1
 5006     305   307   344  1324    2
 5007    1648   967  2315  2577    1
 5008    1368  2195  3062  4136    1
 5009    1682   966  1867  2118    1
 5010     393   753  1255  2382    1
 5011    3750  3078  3864  4095    1
 5012     423   538   882  2079    2
 5013     100  2454  2568  2812    1
 5014     444   381  2477  2750    1
 5015    1198  1267  2270  3323    2
 5016    1005  1109  1203  2928    1
 5017    1764  1846  2071  2431    1
 5018     236   234   235  2389    1
 5019     270   305   532  1724    2
 5020     356   372   388   947    2
 5021     201   203   202  3431    2
 5022     583   407   859   934    1
 5023     487   287  4416  4419    1
 5024    1916  2017  2551  4265    1
 5025    2724  2816  3451  3694    1
 5026    1270  1321  2076  2390    2
 5027    2389  3055  3083  3459    1
 5028    1126  1781  2092  2884    1
 5029      54  3240  3671  4329    1
 5030    2101  2199  2255  2335    1
 5031    1550   754  2374  2391    2
 5032    2894  2768  3007  3861    1
 5033    1476  2364  2365  2515    1
 5034     524   364   637  4347    1
 5035    2163  2162  2209  3091    2
 5036    3319  2140  3846  4268    2
 5037     661  1061  2338  2409    2
 5038    1356  2112  3632  4411    2
 5039    2233  2076  3350  3574    2
 5040    1813  1124  2184  2392    2
 5041     828   974  3632  4411    2
 5042    2011  1000  2274  2915    2
 5043     701   271  3724  3971    2
 5044    1273   630  2691  3856    2
 5045     622   647  1023  1900    1
 5046    1295  2932  3320  4308    1
 5047     385   586   810  1628    1
 5048     960   550  2275  3421    1
 5049    2103  2424  2576  3305    2
 5050    2118  1054  2554  2767    1
 5051    1911  2982  3821  3986    2
 5052    1338  1401  1520  2236    2
 5053     390   349  1066  1957    2
 5054     503  1403  1810  2001    2
 5055    1118  1408  2113  2394    2
 5056    2104  1936  2444  3697    1
 5057      80    79    78  2084    2
 5058     329   343   699  4410    1
 5059    3176  2309  3307  3567    1
 5060     740   332   871  1229    1
 5061    1817   243  2096  2635    2
 5062    2842  3228  3269  3463    1
 5063    3121  1412  3582  4269    1
 5064     146  2155  2545  3205    2
 5065     884  2351  3406  4085    1
 5066     323   310   638  1101    2
 5067     713   760  1616  2006    2
 5068     375   540   622  4153    1
 5069     447   413   583   889    1
 5070     292   447   583   889    1
 5071    1541  1544  2245  2396    1
 5072     523  2395  3057  4001    2
 5073    1890  2964  3593  4002    2
 5074    1544  1541  2033  2396    1
 5075     668  1343  2325  2382    1
 5076     466   668  2382  2668    1
 5077    2522  2607  2955  3478    2
 5078     579   679   875   891    1
 5079     610   579   875   891    1
 5080    3167  1890  3593  4002    2
 5081      45    47    46  2206    2
 5082      68  3780  4195  4227    2
 5083     825   459  1101  4417    2
 5084     701   553  1176  1664    2
 5085    2430  1826  2448  3499    2
 5086    2241  2481  2646  4070    1
 5087     688   718  1680  3097    1
 5088     838   549  1306  2989    2
 5089     958   334  1047  1134    2
 5090     766   312   934  1070    1
 5091    2757  2973  3514  3806    1
 5092     195  1560  2379  3182    2
 5093    1204  1277  1590  1859    2
 5094     397   480  1324  3424    2
 5095     391   392   844  1188    2
 5096    1854  2454  2568  2839    1
 5097     804  1431  1808  3583    2
 5098    2727  4005  4026  4046    2
 5099    1303   833  1343  1514    1
 5100    3390  2624  4003  4092    1
 5101    1370  2131  2563  3156    2
 5102    1672  1928  2096  2222    2
 5103    1684  1672  1686  3237    1
 5104     770  1182  1198  2961    2
 5105     617  1477  1953  3108    2
 5106     326    15   369   919    2
 5107     268   793   881  1319    2
 5108    2546  2814  2886  3344    2
 5109    2707    51  3354  3970    1
 5110    2986  3098  3174  3208    2
 5111    2910   785  2295  2912    1
 5112     572   964  1002  2514    2
 5113    2905  1340  2999  3298    2
 5114     334   581   818   958    2
 5115     342   333   581   958    2
 5116    1756  2347  2749  4116    1
 5117     665  2105  3025  4346    2
 5118     340   346   347  1073    1
 5119     332   340   347  1073    1
 5120    1653  1416  1672  1928    2
 5121     612   587   817  1263    1
 5122    2025   134  3330  3426    2
 5123     123   125  2077  2401    1
 5124     751   738  1577  4236    2
 5125    1317  3300  3517  3633    2
 5126     754   685   962  1029    1
 5127    1964  1752  3530  3664    1
 5128    3032  3515  4070  4288    1
 5129    1067   522  1236  2174    1
 5130     829  1298  1403  2626    2
 5131    1527  2090  2523  3183    2
 5132    1742  1536  2080  2114    2
 5133    1648  1010  3296  4137    1
 5134     655   748   899  1384    2
 5135    3500   910  3505  3513    1
 5136    1011  1451  1542  1903    1
 5137     423   368  1953  2445    2
 5138     809  1055  1118  1269    2
 5139     906  2080  2134  3457    2
 5140    2245  2053  2396  3080    1
 5141     897  1231  2029  3148    1
 5142    1494  1413  1504  2179    2
 5143     927  1154  1639  2026    1
 5144    2801  2728  4271  4399    2
 5145    1022  1501  2500  2673    1
 5146    1543  2865  3071  3163    2
 5147     332   325   871  1229    1
 5148     541   913   991  2187    1
 5149    2816  2724  3451  3529    1
 5150    2178  2388  2505  3818    1
 5151    1625  1936  3117  4095    1
 5152    1943  2578  3036  3400    2
 5153    3779  3015  4043  4332    2
 5154     906   759  3570  3767    2
 5155     333   313   676  1079    2
 5156    2805    73  2819  4000    1
 5157     915   959  1000  1078    2
 5158     333   676   818  1079    2
 5159    2351   884  3296  3556    1
 5160    2240  1465  3126  3383    1
 5161    2463  3160  3455  3725    1
 5162    2277   940  2505  4126    1
 5163    1189  1438  1557  1643    1
 5164     810   458  3887  4276    1
 5165    2432  1078  3168  3466    2
 5166     122   120  3045  3046    1
 5167    2136  1142  3466  3425    2
 5168    1287  1601  1613  1920    1
 5169    3014  3204  3379  3768    1
 5170     644   391  1724  1725    3
 5171     663   592  1238  4351    2
 5172    1284  1409  2655  3485    1
 5173     379  1469  2409  3960    2
 5174     432  1333  1454  2410    2
 5175     638  1101  4194  4417    2
 5176    1537  2951  3341  3342    1
 5177    1890  3167  3881  4002    2
 5178    1858  2530  3722  4071    2
 5179    1085   877  3113  4105    1
 5180     543   622   737  1900    1
 5181    1026   264  1176  1836    1
 5182    1955  1001  3647  3669    2
 5183     850   484  1702  2318    2
 5184     273   277   701  1254    2
 5185    1774  1139  1996  2264    2
 5186    3831  1007  3936  3994    1
 5187     264   317  1176  1836    1
 5188    1399  2428  2435  2519    2
 5189     309   272  1104  1836    1
 5190    4043  3591  4120  4237    2
 5191    1265  1081  1315  1496    2
 5192     589   429  1665  3819    1
 5193    1416   240  1649  3605    2
 5194     501   872  1503  1515    2
 5195    1153   734  1845  2699    2
 5196    2526  1591  3568  3648    1
 5197    1433  1457  1585  1934    1
 5198     917  1042  1637  1790    1
 5199     418   888  1660  1899    2
 5200    3646  2433  4132  4211    1
 5201     478   476  1377  2312    1
 5202    1581  1589  2963  3458    1
 5203     492  1064  3017  4015    2
 5204     880   999  1781  4207    1
 5205    1381  1041  1435  1748    1
 5206    1555  1422  1568  2203    2
 5207     195   197  1560  3812    2
 5208    2587  2032  3367  3380    2
 5209    1130   501  1418  3544    2
 5210     674   496  1100  2641    2
 5211    1442  2189  3479  4049    1
 5212    1340  3012  3881  3909    2
 5213    1325   278  1345  2415    1
 5214     511   588  2136  2897    2
 5215    1344  3485  3581  4196    2
 5216    3500  3243  3504  4275    2
 5217     539   870  1894  2972    1
 5218     544   387  2449  2710    1
 5219    1689  1323  2102  2386    1
 5220     743   414  1138  3304    1
 5221    2603  3399  4070  4288    1
 5222    1751  1693  2022  2714    2
 5223    1816  1867  2228  2914    1
 5224     663  1474  1785  2006    2
 5225     931   745  1785  2755    2
 5226     469   760  1664  2761    2
 5227    3744    56  3903  4003    2
 5228    3838  2801  4271  4399    2
 5229    2658    51  4063  4149    2
 5230     845   609   965  3270    2
 5231     436   440  1919  2312    1
 5232     614   438  1159  3804    1
 5233    2177  2246  2286  2336    1
 5234    2657  1946  3049  3283    2
 5235     925  1542  1781  2419    1
 5236    1795  2780  3014  3058    1
 5237     728   574  3427  4177    1
 5238     742  2197  2892  3277    2
 5239     722   924  1614  4024    1
 5240     840   442  2655  2736    1
 5241     543   403   622  1900    1
 5242     501   470  1182  1246    2
 5243     443   394   456  1379    2
 5244    1751  1938  1997  2289    2
 5245     355   332  1713  3921    1
 5246     766  1070  1280  2111    1
 5247     699  1159  2975  4404    1
 5248    1039  1113  1494  1504    2
 5249     314   710  1196  2883    1
 5250     626  1111  1381  1726    1
 5251     396   743  1058  1138    1
 5252     919    13   533   651    2
 5253    3399  3924  4070  4288    1
 5254     595   335   861  1141    2
 5255    1732  1917  2599  3191    1
 5256    1798  2980  3495  3496    2
 5257      84  2240  3723  3742    2
 5258    1541   990  1544  2033    1
 5259    1273  2691  3010  3856    2
 5260    3213  4035  4308  4309    1
 5261    1544  2245  2396  2899    1
 5262    1923  3376  3440  3559    1
 5263    3288  3502  4182  4341    2
 5264     454   446   590  1091    2
 5265     940  1840  1978  4126    1
 5266    1749  1804  1918  1926    1
 5267    1713   414  3921  4156    1
 5268    3209  3494  3585  3777    1
 5269    1017   576  1252  1743    1
 5270    1033   749  1648  2577    1
 5271     673   538  1136  1942    2
 5272    3635   149  3753  4245    1
 5273     733   966  2299  2559    1
 5274     935  1993  2624  3637    1
 5275     337   278   439  1168    2
 5276     281   292   595  1075    2
 5277    1723   942  2721  3359    1
 5278     464   806  2570  2596    1
 5279    1420   542  1635  3419    2
 5280    3120   133  3207  3438    1
 5281    3240  2527  4281  4366    2
 5282    2014  1105  2234  3081    1
 5283     832  1136  1259  2210    2
 5284    3159  1046  4095  4264    1
 5285     434  1130  2987  4413    2
 5286    1745  2464  3225  3607    2
 5287    2132  2600  2608  3801    1
 5288     227  3372  3416  3939    1
 5289    2543  1169  3518  3631    1
 5290    3334  1962  4158  4173    1
 5291     603   395   696  1660    2
 5292     391   369   919  1725    3
 5293    1888   173  1926  2044    1
 5294    1826  2430  3195  3478    2
 5295     411   464   560  1949    1
 5296     408   321   494  3333    1
 5297    1111  1726  2259  3073    1
 5298    1738  1997  2221  2289    2
 5299    2848  1873  3048  3305    2
 5300    3833  2748  3864  4277    2
 5301    1121   735  1937  2565    2
 5302    1902  1314  2333  4190    2
 5303    2676  3339  3537  3800    1
 5304     825   336  3737  4355    2
 5305    2256  1213  2592  2735    2
 5306    1491  2233  3350  3467    2
 5307    1061   746  2428  3059    2
 5308    1034  1707  1838  2453    2
 5309     649   610   714  2316    1
 5310    3071  2748  3766  4277    2
 5311     853   749   967  2436    1
 5312     441   986  1353  1455    2
 5313     461   925  1781  2419    1
 5314     843   567  1178  3439    2
 5315     343   329  1229  4410    1
 5316     860  1535  1915  3237    1
 5317    3597  2815  3611  4188    2
 5318     406   659  2171   348    1
 5319     557   822  1920  2441    1
 5320    3691  3245  4093  4130    2
 5321    3098  2314  3540  3875    1
 5322     959  1000  1078  1227    2
 5323    1190   677  2393  3254    2
 5324     382   415   424  1533    1
 5325    2300  1201  2504  2997    1
 5326     953   851  2669  2750    1
 5327    1438  1189  1472  2347    1
 5328     554   518  3843  4267    2
 5329    2988  3245  4075  4093    2
 5330     652   904  1124  1822    1
 5331    1007   922  2631  3532    2
 5332      23    22  3591  3768    1
 5333     381   465   642  2750    1
 5334    3361  3321  3409  4174    2
 5335     260  2248  2349  2622    2
 5336    1373  1268  3089  3596    2
 5337    2159   457  2584  3908    1
 5338     747  1322  1647  2908    2
 5339     948   329  3620  4419    1
 5340     822  1369  1417  3876    1
 5341    1847  1792  1901  2719    1
 5342    2275  1516   905  1517    1
 5343     308   344  2381  2445    2
 5344     723   846  2054  2446    2
 5345    1076  1598  1621  1744    2
 5346    1459  2125  2338  3680    2
 5347    1371  1301  2174  2380    1
 5348     680   658  2350  3767    2
 5349     633   809  1098  1455    2
 5350     809   426  1098  1455    2
 5351     863  1098  1353  1455    2
 5352     265   267   291  4031    2
 5353    2070   114  2072  2120    1
 5354     930    39  2806  3995    1
 5355     154   153  3433  4155    2
 5356    1442  1858  1991  2872    2
 5357    3115    35  3291  3957    1
 5358    1481  1632  2254  2450    2
 5359    3925   637  4216  4347    1
 5360     254   255  1747  1956    1
 5361     675  1188  3139  3612    2
 5362     700  1022  1031  3983    2
 5363    1381  1435  2217  3718    1
 5364    1891  2070  2456  2687    2
 5365     996  1016  1939  2502    1
 5366    3621  3636  3866  4272    2
 5367    1431   804  1808  3952    2
 5368    1461  3196  3479  3801    1
 5369     839   641  1115  1297    1
 5370     647  1023  3479  4024    1
 5371     207  2090  2502  2606    2
 5372    1879  1763  1984  3905    2
 5373     114  2120  2787  4080    1
 5374    1290  1581  3618  3799    1
 5375     745   931  1348  1458    2
 5376      17   295  1075  1468    2
 5377    1441  1225  2082  4114    1
 5378    1841  1736  2208  3387    2
 5379     716   829  1942  2293    2
 5380      19    20   299  2138    2
 5381     116   115  1960  3910    1
 5382    1154  2417  4357  4392    1
 5383    1413  1494  2772  3665    1
 5384    3821  3256  3835  3906    2
 5385    1248  1331  1973  3568    1
 5386     405   866  1537  2457    1
 5387    2205  3606  3884  4097    1
 5388     325   329   407  1196    1
 5389     369   391   644  1725    3
 5390     913   991  2187  2752    1
 5391    1658  1160  1766  2516    1
 5392    3503  2904  3810  4160    1
 5393     840  2959  3035  3518    1
 5394    1451  1496  2369  2708    1
 5395    1109   847  2246  3335    1
 5396     433  1140  1448  4226    2
 5397    1128  1554  1591  3716    2
 5398    2742  2452  2916  3330    2
 5399     648  1948  2161  4060    1
 5400    3349  1334  3641  4219    1
 5401    1094  1259  1523  4377    2
 5402     913  2187   601  2752    1
 5403    1799  1274  2605  3055    1
 5404     587   612   817   942    1
 5405     797   862  2723  4038    2
 5406    1473   802  2105  2339    2
 5407    1880  3657  3668  3834    1
 5408     423   673  1477  1942    2
 5409     598   631   929  2669    1
 5410     971   800  1662  2332    1
 5411    1289  1030  1495  1775    2
 5412    1260  1027  1390  1775    2
 5413    1075   595  1141  4266    2
 5414     781  1622  2740  3456    1
 5415    1537  2951  3342  3618    1
 5416    1946  1673  2074  2474    1
 5417    3031  1160  3030  2798    2
 5418    3657  1561  3668  3834    1
 5419     529   744  1778  4099    2
 5420     305   307   532  1724    2
 5421     685   654  1029  2535    1
 5422     316   308   970  1083    2
 5423    2567  1199  2751  2792    2
 5424     646   422   672  4226    2
 5425     340   502  1713  3921    1
 5426     322   392   480  2560    2
 5427    2658    52  4251  4289    2
 5428     723   846  2446  3136    2
 5429    1255   401  1329  1814    1
 5430    1088  2036  4283  4303    1
 5431     305   391   651  1724    3
 5432     488  1032  1253  4305    2
 5433    3317  3255  3886  3974    1
 5434    1580  1718  2003  2483    2
 5435     313   848  1079  1404    2
 5436     630   539  1894  2972    1
 5437     624  1125  1670  1894    1
 5438    1296  1041  1822  1978    1
 5439     764  1105  1164  1235    2
 5440    1799  1943  2605  3086    1
 5441    1259  2179  2650  3658    2
 5442    1008   784  1479  1492    1
 5443    1277  1173  1590  1859    2
 5444    1240  1640  1695  2017    1
 5445    1290   866  1395  2318    2
 5446    1962   761  2627  4173    1
 5447     163  3617  3619  3705    2
 5448     273  1002  1238  1254    2
 5449    2013  1505  2532  2709    2
 5450      46  2333  2566  2744    1
 5451    1673  1933  2824  4225    1
 5452    1155   187  1610  1646    2
 5453     689  1484  1533  4177    1
 5454    3353  3001  3540  3875    1
 5455    3782  3395  3987  4263    1
 5456    2206  1228  2333  2595    2
 5457      14   562   782  2024    2
 5458     300   302   889   948    1
 5459     286   300   889   948    1
 5460     300   286   302   948    1
 5461     764   656   965   968    2
 5462      81    83  2294  2447    1
 5463    1316   936  1720  1820    1
 5464    1098   441  1353  1455    2
 5465     718   781   920  3775    1
 5466     933   567  1463  3439    2
 5467     532   371   911  1195    2
 5468     275   839  1663  1783    1
 5469     270   532   911  1195    2
 5470     733   738  1791  3826    1
 5471     143  2281  2589  2593    1
 5472    3284  2059  3726  3863    2
 5473    3374  3013  4285  4301    1
 5474     620   379   992  1469    2
 5475     316   320  1905  3573    2
 5476    1631  1885  2040  2289    1
 5477     427   490  1165  2736    1
 5478    2215  1758  2414  2534    2
 5479     823   893  1260  2475    1
 5480    1386  2870  4360  4407    2
 5481    1753  1967  3077  4344    1
 5482    1582  1180  1889  2148    1
 5483    1659  1644  2697  4128    1
 5484     382   409   424  3005    2
 5485    1160  1174  2763  3031    2
 5486    1210   674  2184  2392    2
 5487    1711  2478  2547  3592    1
 5488     553   670  1664  2761    2
 5489     763  1420  1635  2981    2
 5490    2466  3361  3409  4174    2
 5491    1793  1135  1850  3411    2
 5492     910  2888  3243  3500    2
 5493     479   590  2457  2656    2
 5494     773  2122  3309  3895    1
 5495     784  1008  1193  3786    1
 5496     677  1145  3392  3607    2
 5497    2719  1901  2844  3073    1
 5498     381   390   449  3343    2
 5499     951   424  1192  2410    2
 5500     901   507  1842  2407    1
 5501    1972  2839  2891  4090    1
 5502    1917  2426  3030  3173    2
 5503    3525  2801  3838  4143    2
 5504     500   666  1380  2560    2
 5505      22    23  3591  4043    2
 5506     597   472  3016  4135    1
 5507    3036  2786  3527  3589    2
 5508    1372  2002  2294  2344    2
 5509    1607  2314  3074  3415    1
 5510    2747  2420  2803  4334    2
 5511     350   387   544  2710    1
 5512    1955  1479  2042  2185    2
 5513     158   157  2364  2515    1
 5514     660   600  1330  1599    2
 5515     461   687   880   999    1
 5516     687   461   880  1221    1
 5517    1228  2333  2497  2566    2
 5518     556   347   621  2211    1
 5519    1356  3544  3632  4328    2
 5520     502   556   621  2486    1
 5521    1305  1775  2743  2785    2
 5522     848   895  1166  1404    2
 5523    1049  1914  2959  3510    1
 5524     504   503   790  1253    2
 5525    1839  2405  2406  2488    1
 5526    2205  3271  3606  4097    1
 5527    1122  3018  3174  3393    2
 5528     342   338   485  1047    2
 5529      21  3779  4291  4352    2
 5530     944   569  1218  1896    1
 5531    1127  3304  3887  4276    1
 5532    2185  2042  2561  2683    1
 5533    2297  1968  3086  3459    1
 5534    3471   140  4141  4340    1
 5535     812  1677  2052  2962    2
 5536    1161   827  1545  1627    2
 5537     451  1240  1510  1517    1
 5538     342   485   958  1047    2
 5539     557   541   913  3815    1
 5540    1471   752  1824  4110    2
 5541    3353  3540  3688  3875    1
 5542     456  1208  3136  3262    2
 5543    1822   904  1978  2127    1
 5544     939   809  1269  2013    2
 5545     323   356   432  1145    2
 5546    1925  1867  2504  2511    1
 5547     365   876  1657  2912    1
 5548     777  1740   537  1665    1
 5549    4155  2329  4335  4376    1
 5550     535   608   730  1655    1
 5551     381   349   444  2477    1
 5552     435   463   494  1562    1
 5553    1004   963  1907  2497    2
 5554    1976  1332  3597  3611    2
 5555      66    67  4318  4379    2
 5556     937     3   750   964    2
 5557     158   156   157  2515    1
 5558    3669  2780  3713  4120    2
 5559    3087  2471  3119  3438    1
 5560    1074  2564  3939  3964    1
 5561     413   407   948  1196    1
 5562     467   359   810  1165    1
 5563     598   465   836  3960    2
 5564     458   546   810  1165    1
 5565     924   722   932  1932    1
 5566    2521  1883  2955  3478    2
 5567    3380  2451  3545  3756    2
 5568     967  2012  2315  3627    1
 5569    1011   585  1542  3253    1
 5570    1350  1535  1653  3237    1
 5571     331   291   371  1195    2
 5572     814  1592  1921  3733    1
 5573    1767  3479  3601  3801    1
 5574    1777  1722  2261  3885    1
 5575    1837  1800  1840  2618    1
 5576     752  1471  1824  2045    1
 5577    3065  2292  1752  4016    2
 5578    2261  2352  2384  2497    2
 5579    3089  2025  3426  4178    2
 5580    1057  1128  2526  3226    1
 5581    3673   384  4216  4347    1
 5582     315   649  2171  2316    1
 5583     323   326   356  1145    2
 5584    1759  1132  1794  1997    2
 5585    1820   936  2703  2918    1
 5586    1315  1265  1496  2652    2
 5587    2012  3317  3627  3974    1
 5588    1409  1129  2220  2861    1
 5589     522   776  1072  3047    1
 5590    2470  1782  2696  3731    2
 5591     331   581   290   970    2
 5592     581   331   290   362    2
 5593     122   121  2094  2489    2
 5594    1119  1982  2796  2916    2
 5595    2238  3208  3540  3688    2
 5596    1437  2224  3165  3272    2
 5597     971  1256  1987  2233    1
 5598    2113  2394  2480  3695    2
 5599    1565  2278  2625  3050    2
 5600     682   867  1233  1341    2
 5601    1617  1885  2030  2289    1
 5602     715   470   845  1182    2
 5603    1388   496  2531  2641    2
 5604    2963  1845  3644  4044    1
 5605     781   718   920  1144    1
 5606     332   325  1229  1713    1
 5607    1971   720  2141  2692    2
 5608    1855  2092  2120  2787    1
 5609    1099  1437  1487  2230    1
 5610     698   616   740  1168    1
 5611     934   315  1110  1755    1
 5612     328   594   778  1383    2
 5613    2262  2367  2737  3276    2
 5614    2396  2053  3493  3080    1
 5615    1418  1130  4409  4413    2
 5616    2553  3652  3736  3740    2
 5617    1437  2541  2654  3272    1
 5618    1087   764  1164  1218    1
 5619     659  1783  2733  3950    1
 5620    1658  1476  2054  2516    1
 5621    2785  3319  4026  4268    2
 5622    2538    47  2566  2744    1
 5623    1491  2728  3435  3525    2
 5624    1718  1980  2044  3842    2
 5625     610   682   867  1233    2
 5626     426   441  1098  1455    2
 5627    1216  1366  2086  2899    1
 5628    1119  2338  2796  3990    2
 5629     128   126  2996  3274    1
 5630    1884  1832  3855  3857    2
 5631     978  1152  2174  3717    1
 5632    1922  1430  2095  3445    2
 5633    1389  1315  2922  2978    2
 5634     379   354   661  1306    2
 5635    2362  2246  2901  2945    1
 5636    2381  1035  2698  4247    2
 5637    3957  3102  3993  4302    2
 5638    1413   832  2179  2650    2
 5639    1017  1295  1948  3976    1
 5640     432   421  1145  1745    2
 5641    1116  2654  1239  1680    1
 5642    1241   409  1582  2093    2
 5643     689   567   843  1517    1
 5644    3238  3204  3379  3972    1
 5645    1415  2329  2803  3062    1
 5646    3503  3431  3576  3810    2
 5647    1300  1422  1464  1499    2
 5648     854   434   941  1130    2
 5649    1119  1621  2338  3990    2
 5650     706   883  2557  3140    1
 5651    2458  3146  3531  3792    2
 5652    4026  2785  4268  4364    1
 5653     138   139  4088  4319    2
 5654     706  1313  3042  3140    1
 5655      15   392   446  1091    2
 5656    1215   959  1227  1309    2
 5657    2879   632  4346  4386    2
 5658     691   653   822   982    1
 5659     685   800  2374  2974    2
 5660    1398  1423  2694  3375    1
 5661    3022  2964  3388  3593    1
 5662    2014  2173  3101  3267    1
 5663     360   552   762  1364    1
 5664    1475  1113  2051  3088    1
 5665     535   730  1019  1655    1
 5666    1458   304  1849  2024    2
 5667    1100  1634  2576  2908    2
 5668    2151  1199  2280  2630    1
 5669    1147   882  2049  2503    2
 5670    1236   748  2323  2574    1
 5671    2336  2901  2945  3614    1
 5672     427   359   467  1165    1
 5673    3586  3495  4209  4344    1
 5674    2140  1495  3319  3846    2
 5675     961  1201  2503  3026    2
 5676    1239  1181  1704  2654    1
 5677    1473  1623  2832  3109    2
 5678     553  1063  1176  1186    1
 5679    1618  1702  2318  2656    2
 5680     172  1918  1926  4265    1
 5681    1421  1560  2585  2718    2
 5682     544   290   664  1812    1
 5683     245   244  1817  2635    2
 5684    1774  1139  2264  3198    1
 5685    1954  3390  4003  4092    1
 5686    1828  1577  1912  2169    2
 5687    2243  2201  2412  2938    2
 5688     765   669  1050  2581    1
 5689     401   466  1329  2008    1
 5690    1508  1565  2278  2625    2
 5691    2513  2094  3046  3403    2
 5692     517   634  3832  3845    2
 5693     588   879  1142  3425    2
 5694     478   485   653   989    2
 5695    1654  2414  2620  3261    2
 5696    2256  2591  2735  3150    2
 5697    1891   983  2093  3067    2
 5698     443   455   855  2136    2
 5699    1221   467  1281  1630    1
 5700     600   745  1348  2006    2
 5701     584   901  1842  2407    1
 5702     218  1835  2814  2886    2
 5703    1588  2258  3084  3931    1
 5704    2113  1844  2200  2508    1
 5705    1611  1796  3799  3873    1
 5706     366   346   819  1073    1
 5707    1532  2339  3704  4365    2
 5708     255  1956  1735  2664    1
 5709     267   270   291  1195    2
 5710     470   358  3737  3755    2
 5711     369   269  1335  1725    2
 5712     347   346   366  1073    1
 5713    2661  2533  2876  2991    2
 5714    3319   108  4268  4358    2
 5715     343   699  1159  2975    1
 5716     461   396   925  1138    1
 5717     739  1214  1554  1794    2
 5718    1405  1124  1837  2618    1
 5719     511  1142  2136  3425    2
 5720     511   500   577  1380    2
 5721     855   455  1694  2008    1
 5722     996   980  1167  2682    2
 5723     574  1533  1964  4177    1
 5724    1113  1371  2051  3111    1
 5725    1288  2869  2952  3534    2
 5726    1103  1681  2654  3461    1
 5727    1117   980  2682  3466    2
 5728    1870  2988  3245  3828    2
 5729    1064   643  2287  3017    2
 5730    1205   998  2197  4381    1
 5731    1112  1090  1281  2219    1
 5732     325   332   340  1713    1
 5733     454   486  1702  2656    2
 5734    1514  1202  2137  3378    2
 5735     964   765  1002  4389    2
 5736    2727  2305  2743  4131    2
 5737      50  2917  3031  3141    2
 5738     475   354   886  1006    2
 5739    1047   342  4193  4343    2
 5740     561  2560  3594  4215    2
 5741     384   433  3473  4183    2
 5742    1003   711  1383  2544    2
 5743    1416  1653  1672  1684    2
 5744    1174   898  1999  2176    2
 5745    1992  2248  3130  3231    2
 5746    1556  1844  2113  2266    1
 5747     327   590  3143  3612    2
 5748    1022  1019  2673  3799    1
 5749    1811  2343  2419  2548    1
 5750    2235    40  2362  2901    2
 5751    1335   458  2437  3871    2
 5752    1990  1679  2060  2330    1
 5753     827   962  1171  4056    1
 5754    1563   922  2163  2550    1
 5755    1524   981  1587  3096    1
 5756    1918  1908  2017  2551    1
 5757     888   395   908  1660    2
 5758    2553  1595  3019  3872    1
 5759    1579  2957  3451  3694    1
 5760     147   149   148  3410    2
 5761    1272  1439  1715  2060    1
 5762     276   275  1776  1783    1
 5763     841   732  1797  1944    2
 5764     810   458  1165  3887    1
 5765    2564  2697  3436  3939    1
 5766    3214  3091  4041  4042    2
 5767     157   156  2365  2515    1
 5768     672  1030  1848  2517    2
 5769     271   592   937  1002    2
 5770     420   536   902  2138    2
 5771     271   619   701  1002    2
 5772     701   619   750  1002    2
 5773     641   318  4388  4389    2
 5774     568   592  1131  4389    2
 5775    1238   318  4351  4389    2
 5776     252  1956  2153  2284    1
 5777     428  1325  2171  2223    1
 5778    3925   382  4203  4347    1
 5779    2537   453  4256  4390    1
 5780     592   568   937  4389    2
 5781     964   937  4389  1002    2
 5782    1856  1773  1959  2922    2
 5783     757   344  2445  3175    2
 5784    2364   158  2515  2516    1
 5785     750   271   937  1002    2
 5786     619   271   750  1002    2
 5787     318   262  4388  4389    2
 5788      74  2582  3051  3104    1
 5789    2527  2105  3903  4003    2
 5790     602  1127  1313  3887    1
 5791     412  1127  2324  3887    1
 5792     378   542  1420  3434    2
 5793    2079   882  2503  3522    2
 5794    1081  1011  1496  2369    1
 5795     909  1513  2753  2992    2
 5796    1134   589  1251  2966    2
 5797    1296  1822  1949  2596    1
 5798    1915   440  1919  2778    1
 5799     492   328   542  3832    2
 5800    1668  1788  3155  4258    2
 5801    1070   636  4106  4324    1
 5802      74  3683  3686  4051    2
 5803     457   684   911  1035    2
 5804    1560  2379  2585  3236    2
 5805    3192   141  3305  4150    2
 5806     532   270   970  1195    2
 5807     597   497   747  3016    1
 5808    1093  3288  4182  4341    2
 5809     546   458   810  1628    1
 5810     379   620   746  1469    2
 5811    1160  1123  1658  1670    1
 5812    2061  1561  3019  3693    1
 5813    1736  1789  2020  3788    1
 5814     523  1360  2855  3787    2
 5815     615   790  1147  3573    2
 5816     190   189  1979  3286    2
 5817      59  2984  3315  3759    2
 5818     772  1111  2259  2704    1
 5819    3610   147  4064  4300    1
 5820     675   898  2925  3139    2
 5821    1495  3121  3319  3846    2
 5822    2070  1891  3067  2687    2
 5823    2426  1174  3030  3173    2
 5824     756   936  2918  3280    1
 5825    1899   609  2391  2465    2
 5826    1399  1306  2428  2519    2
 5827     382  3925  4216  4347    1
 5828    2255  2335  2588  3173    2
 5829    1391  1291  1661  3827    1
 5830    1449  1148  2150  2386    1
 5831     317   264  1176  2265    2
 5832     480   344   564  2897    2
 5833     987  2154  2553  3693    1
 5834    2607  2955  3195  3477    1
 5835    1161  1447  2442  2822    1
 5836    1428  1466  1629  1645    1
 5837    1025  2369  2647  3694    1
 5838    1355  2494  2711  3011    1
 5839     693   711   818  3343    2
 5840     363   350   544  3623    1
 5841     552   345   762  1887    1
 5842    2056  2762  2790  3214    2
 5843    2103  1405  2589  2591    2
 5844    2795  2072  3228  3867    1
 5845     942   587   953  2119    1
 5846     608  1191  1313  3140    1
 5847     132   134  2025  4178    2
 5848    1365  3201  3776  4100    2
 5849    2672  2614  3937  3951    2
 5850    1024  1644  1659  2550    1
 5851     920  1099  1262  1552    1
 5852    2050   789  2151  3268    1
 5853     658  1018  1411  1444    2
 5854     749   853   967  2577    1
 5855    2592  2825  2970  3150    2
 5856    1839  1405  2073  2175    1
 5857    1276  1433  1457  1585    1
 5858     795  1224  1483  2879    2
 5859    3029  2190  3323  3701    2
 5860     510  1558  1822  1949    1
 5861      31    30  1897  2260    2
 5862     826   722  1329  2008    1
 5863    2099  2870  3118  3858    2
 5864     629   464   756  2596    1
 5865    1310  2846  2898  2926    2
 5866     356   323   432  1454    2
 5867    1731  1757  3687  3770    2
 5868     570   555  2669  3662    1
 5869     911  2381  2698  3108    2
 5870    1103  1552  1680  2654    1
 5871    1001  1940  3411  3647    2
 5872     920  1987  2332  3775    1
 5873    1527  1043  1863  2528    2
 5874    1284  1342  1409  3203    1
 5875    2886  3035  3518  3631    1
 5876     691   680  1250  1363    2
 5877    1332  1197  2472  4188    2
 5878    2946   235  4123  4310    1
 5879     274   275  1778  1783    1
 5880    1057  1214  1244  1554    2
 5881     754  1151  1540  1550    2
 5882    1729    81  2294  2447    1
 5883     664   544  2449  2710    1
 5884    1452  1361  2088  2292    2
 5885     609   671  1182  1246    2
 5886    1522  1367  1532  2773    2
 5887     597   830  1726  1728    1
 5888     669   765  2514  2581    1
 5889    2221  3041  3569  4130    2
 5890    1470  1648  2315  2577    1
 5891     199  1741  2982  3853    1
 5892     457   371   799  2584    1
 5893    2679  2976  3616  4152    1
 5894    3773  2967  4325  4381    1
 5895     766   277  1065  1097    1
 5896    1084  1080  2840  3716    2
 5897    1630  2774  3002  3096    1
 5898    1117   980  2008  2682    1
 5899    1316  1720  2592  2825    1
 5900     113  2846  3201  3483    2
 5901    2452  2216  3330  3426    2
 5902     307   344   532  2381    2
 5903     710   314  4254  4261    1
 5904    1571  1322  2368  2585    2
 5905    3307  3567  4287  4341    2
 5906    1591  2401  3568  3648    1
 5907    1565  1493  2278  2708    1
 5908     468   547   821  1185    2
 5909     537   452   625  1995    1
 5910     153   155   154  3433    2
 5911      67    68  2257  4227    1
 5912    3053  2510  3135  3954    1
 5913     337   439   698  1168    2
 5914     463   560   629  3016    1
 5915    2470  1149  3460  3674    2
 5916    2862  1177  3554  4020    2
 5917    2114  1586  2247  2936    2
 5918    4245  3635  4300  4353    1
 5919     507  1044  1842  2407    1
 5920     643   530   885  1064    2
 5921    1880   210  2856  3822    2
 5922     770  2270  2799  2961    2
 5923    1577   738  1810  4374    2
 5924    2208  1831  3788  4240    1
 5925    1311  1294  1841  1852    2
 5926    2815  3611  4073  3597    2
 5927    1369   691  1417  1444    2
 5928    1276  1204  1585  1601    1
 5929    1668  1874  2362  3155    2
 5930    1399  1683  2271  2536    1
 5931      61  3444  3831  3894    1
 5932    1769  2719  2844  3073    1
 5933     767   690  1512  3111    1
 5934      99  1215  2123  2838    2
 5935    2421  2167  2977  3497    1
 5936    2161  2110  3019  3693    1
 5937     540  1045  1614  1814    1
 5938     618  1056  1116  1680    1
 5939    1100  2392  2576  2591    2
 5940     635   601  2350  2779    2
 5941     646   823  1030  1031    2
 5942    1708  1489  1746  2229    2
 5943    1249  1180  1502  1692    2
 5944     679   553  1836  2411    1
 5945     720   963  1188  1392    2
 5946     476   918  1377  2312    1
 5947     942   817  1263  2086    1
 5948      41   930  2945  3614    1
 5949     446   590   646  1031    2
 5950     454   446   646  1031    2
 5951     446   454   590  1031    2
 5952    2513  2651  3045  3046    1
 5953    2589  2103  2591  2593    2
 5954     281   595  1233  1341    2
 5955    2310  1211  3017  3054    2
 5956    1092   669  1238  1254    2
 5957      18   660   881  1666    2
 5958    1819  1109  2928  2950    1
 5959    2605  1943  3044  3327    2
 5960    1065   669  1092  1254    2
 5961    1002   701  1234  1254    2
 5962     317   469  1176  1836    1
 5963     614   438   974  2272    2
 5964    1148  1449  1534  2386    1
 5965     763   620  1375  2565    2
 5966     926   947  1207  3628    2
 5967    2537  1515  4390  4406    2
 5968    1291  1164  1661  2234    1
 5969     487   438   825  1573    2
 5970     800  2374  2974  3784    2
 5971    1077  1299  1774  3309    1
 5972    1833  1805  1903  3316    1
 5973    1445   944  2526  3568    1
 5974    3087  3438  3681  4384    1
 5975    3701  2190  3712  3741    2
 5976     990   852  1370  2166    1
 5977    1017  1295  3657  4309    1
 5978    3123  1507  3439  4224    2
 5979     426   441   954  1035    2
 5980     465   598   851  2669    1
 5981    3771  1577  3906  3989    2
 5982     836   657   851  2417    1
 5983    2043  1714  2328  2893    2
 5984    1459   836  1986  2417    1
 5985     598   851  1534  2417    1
 5986    1214   739  1759  1794    2
 5987    2997  2794  3064  3860    1
 5988    1240  1441  1510  2017    1
 5989     602   706  1313  3042    1
 5990    1252  1343  1551  2382    1
 5991     111  2021  2846  3200    2
 5992    1118  1408  2394  2872    2
 5993     108   109  2036  4358    1
 5994     523   279  1360  3787    2
 5995    2056  2790  3091  3214    2
 5996    1231  1012  2029  3278    1
 5997    1070   636  3805  4106    1
 5998    2034  2226  2473  3152    1
 5999     981   442  1129  2220    1
 6000     411   599   799  1072    1
 6001     596   617   690  1072    1
 6002    2053  1808  2242  3079    2
 6003     897   497  1036  1282    1
 6004    1451  1493  1565  2708    1
 6005    1635  1798  3583  4110    2
 6006    1577  2181  3771  3906    2
 6007     405   399   624  2075    1
 6008     460   371   596  3108    2
 6009      37    36  3890  3919    1
 6010     599   411   776  1072    1
 6011    2406  1292  2875  3324    1
 6012    1061   661  2338  2916    2
 6013    1374  1116  2961  3323    2
 6014    1723   852  2023  2131    2
 6015    1546   990  1650  3076    2
 6016    1795  2780  3058  3669    2
 6017     162   163  3619  3705    2
 6018    1143   723  2054  2095    2
 6019    2196    96  2928  2950    1
 6020     846   630  1894  2282    1
 6021     991   436  2359  3847    1
 6022     188   186   187  3508    1
 6023     442   427   893  2220    1
 6024    1008  1479  2561  2683    1
 6025     473   415   796  1108    1
 6026     726  3047  3404  4307    1
 6027    1765  1711  1790  2582    1
 6028    2283  1838  2453  3689    2
 6029    2071  1864  2269  2431    1
 6030     376   445  4235  4351    2
 6031    1224   672  1848  2921    2
 6032    1196   420  4405  4419    1
 6033     856   961  1201  2503    2
 6034    1947   943  3628  2858    2
 6035    1124  1800  1837  2618    1
 6036     618   704  1056  1144    1
 6037     495  1060  2943  3623    1
 6038     879  1525  3063  4034    2
 6039     620  2423  2565  2989    2
 6040    1605  1608  1718  2483    2
 6041     895   476   918  1404    2
 6042    1806  1750  1930  2344    2
 6043    1318  1458   533  1892    2
 6044    1472  1756  2347  2749    1
 6045    1213  1820  2871  2918    1
 6046     980  2358  2562  2804    1
 6047    1742  1548  2114  2308    1
 6048    1721   103  2893  4309    1
 6049    2206    46  2269  2595    2
 6050     665  3025  4092  4321    1
 6051    1095   857  1615  2706    1
 6052    3204  3238  3379  3768    1
 6053     496   732  2639  4176    2
 6054     571   425   578  3607    2
 6055    1619  1765  1790  2582    1
 6056    1175   582  2475  4283    1
 6057     570  1716  2119  3814    1
 6058     803   417  1086  1829    1
 6059    3312  1069  4238  4326    2
 6060    1186  1050  2581  2969    1
 6061     957   998  2159  2745    1
 6062    1615  1095  1714  1929    2
 6063     553   469  1176  1664    2
 6064     405   374   650  2322    1
 6065    2103  2175  2424  3324    1
 6066     600   660  1330  3787    2
 6067    1214  1244  1794  2040    2
 6068     829  1183  1298  2626    2
 6069    1329   466  1393  2562    1
 6070     885   946  2639  4241    2
 6071     375   903  3594  3660    1
 6072     683  1241  2093  3624    2
 6073     683   388  1241  3624    2
 6074    2224  1487  3132  3783    2
 6075     182   181  2636  4066    1
 6076     390   450  3384  4067    1
 6077    1500  1489  1708  3024    2
 6078     727  3028  3259  3628    2
 6079    2031  3112  3113  4105    1
 6080     931  1348  1458  1849    2
 6081     787   990  1541  2033    1
 6082     132  2025  3681  4178    2
 6083     396   574  1533  1964    1
 6084     551   734  4023  4189    2
 6085    1287  1276  1601  1920    1
 6086     982   822  1276  1920    1
 6087    1467  1386  1945  4393    2
 6088    1829  1005  2928  3335    1
 6089    4014  2403  4373  4400    1
 6090     694     8  1063  1104    1
 6091     386   461   687  1221    1
 6092    3691  4004  4093  4317    1
 6093     712  1658  1670  2199    1
 6094     906   831   938  1536    2
 6095    2072  2120  3269  3867    1
 6096    1138   925  1542  2647    1
 6097     272   309  1297  2882    1
 6098     496   316   794  1185    2
 6099     468   794   970  1185    2
 6100     652   468   821  1185    2
 6101     594   732  3194  4176    2
 6102     320   316   496  1185    2
 6103     468   652   794  1185    2
 6104     605   973  1929  2575    2
 6105    1419  2102  2386  3266    1
 6106     209   208   207  2090    2
 6107    1336  1398  1402  1672    1
 6108    2894  1583  3420  3492    1
 6109    1718  1784  2044  3830    2
 6110    1868  1742  2114  2308    1
 6111    1139  1603  2188  2799    2
 6112    1226  1526  2250  3006    1
 6113    1866  1913  2092  2456    1
 6114    1476  1658  2364  2516    1
 6115     441   954   986  1455    2
 6116    1369  1417  1427  1428    1
 6117     269   369   644  1725    3
 6118     290   267   294  1195    2
 6119    1414  1364  1869  4012    1
 6120     393   753   903  3660    1
 6121    3798  2400  3864  3889    1
 6122    1125  1273  2055  3548    1
 6123    1437  1487  2224  3272    2
 6124    2410  1692  3301  4016    2
 6125     401   466  1255  1329    1
 6126    1204  1018  1363  3130    2
 6127    1346  3078  3117  3833    2
 6128     634   328   794  1064    2
 6129    1045   540  1255  1814    1
 6130    1255   540  1614  1814    1
 6131     401   826  1329  1814    1
 6132     530   517   794  1064    2
 6133     517   530   591  1064    2
 6134     517   634   794  1064    2
 6135    4011   176   175   174    1
 6136    2713    33  3388  3881    2
 6137    2518  2368  2585  3236    2
 6138      32    30  2370  3561    1
 6139    2999  1820  3291  3298    1
 6140     924  1096  3892  4049    1
 6141     869   507  1441  1510    1
 6142    1888   173  2044  2065    2
 6143    1183   829  3373  3550    2
 6144    2786  2297  3498  3588    2
 6145     404   403   799  1072    1
 6146    3846  3319  4268  4358    2
 6147     403   404   411  1072    1
 6148    1153  1702  3216  4027    2
 6149     260  1574  1586  2633    2
 6150    2952  3009  3858  4399    2
 6151    1400  3205  3860  4113    1
 6152    2376  2447  2463  3516    1
 6153     396   925  1138  2647    1
 6154     419   637   893  4347    1
 6155     735  1937  1995  2258    1
 6156     943  2093  3067  4017    2
 6157     860   557  1287  1920    1
 6158    1149  2465  3684  3726    2
 6159     863   417  1086  1353    2
 6160    1126  1025  2015  2369    1
 6161     810   586  1138  2419    1
 6162     791   788  1403  2147    2
 6163    1343  1764  2325  3320    1
 6164     954   426  1488  2013    2
 6165     356   326   878  3659    2
 6166    2720  2327  3059  3782    2
 6167    2698  3512  3552  4373    2
 6168    1034  1266  1668  1788    2
 6169     216   217  3488  3489    1
 6170     355   556  1127  2211    1
 6171     639   473   715  1893    2
 6172      44  1844  2508  2612    1
 6173    2057  2129  3646  3929    1
 6174    1356  1386  4393  4407    2
 6175     411   404   573  1072    1
 6176    1911  1054  2157  3938    2
 6177    1322  1571  2368  2406    1
 6178    1759   525  1899  2992    2
 6179     669  1065  1092  2111    1
 6180    1848   672  2517  2921    2
 6181    1123  1174  2446  3656    2
 6182     441  1035  2698  3277    2
 6183    3256   504  3770  3906    2
 6184     802   566  1013  2773    2
 6185     475   886   969  3332    2
 6186    1367  1522  2726  2773    2
 6187    1102   834  1159  1414    1
 6188    1365  2107  2474  4100    2
 6189     495   544  2943  4144    1
 6190     244   243  1645  1817    2
 6191    1663  1345  1776  1783    1
 6192      59    57    58  3699    1
 6193     794   316   970  1185    2
 6194     547   468  1083  1185    2
 6195    1059  3031  3141  3824    2
 6196     316   320  1083  1185    2
 6197    1535  1865  2611  4109    2
 6198     812   727  2343  2831    1
 6199    2007  2055  3450  3475    1
 6200     986  1727  1788  2453    2
 6201     773  1981  2122  3055    1
 6202    2110  2553  3019  3693    1
 6203    2026  1472  2347  2749    1
 6204     797   862  2334  2723    2
 6205     268    17   881  1075    2
 6206     333   268   793  1075    2
 6207     793   268   881  1075    2
 6208    1336  1402  1570  3457    2
 6209    1775  1305  2743  4131    2
 6210    3843   956  3928  4267    2
 6211     485   658  1486  2615    2
 6212    1226  1760  1970  2268    1
 6213    3765  3102  2614  1881    2
 6214      55  4222  4281  4348    2
 6215     867   760  1341  1974    2
 6216     334  1047  1134  2791    2
 6217    3886  3351  4004  4297    1
 6218     736  1148  1588  2258    1
 6219    1875  2679  3245  3317    2
 6220    2455  1821  2534  2616    1
 6221     313   333   342  1079    2
 6222     342   333   818  1079    2
 6223    1130   470  1182  1418    2
 6224    1240   728  1441  1640    1
 6225     364   293   524  3143    1
 6226     143   141  2281  2593    1
 6227     276   278  1345  2493    1
 6228    2885  2275  3081  3421    1
 6229     458   385  1628  1730    2
 6230     471   549  1665  1740    1
 6231    2346   625  2894  3077    1
 6232     151   150  2189  3851    1
 6233    1055  1269  1505  2532    2
 6234    1311  1639  1734  1762    1
 6235    3831  2451  3894  3904    2
 6236    1158  2094  2513  2661    2
 6237     522   726  1358  1925    1
 6238    1178  2993  3439  4224    2
 6239    1095  1714  1971  2043    2
 6240    1620  1842  2539  2620    1
 6241    2266    44  2480  2612    2
 6242     679  1186  1836  2662    1
 6243    1933  2506  2789  3201    1
 6244    2342  2686  2749  3020    1
 6245    1014  1691  2301  2422    2
 6246     813  1245  2287  2556    2
 6247    1051  1932  3908  4280    1
 6248     679   891   934  1110    1
 6249    2298  2794  2997  3860    1
 6250     732  1924  3564  4015    2
 6251     436  2359  2994  3384    1
 6252     745   278  1458  2415    2
 6253    1253  1032  1308  4374    2
 6254     343   330   699  1657    1
 6255     301   287  3528  4194    2
 6256     207   208  2573  2911    1
 6257     758  1827  3156  3796    2
 6258    2587  2823  3229  3367    1
 6259    2132  2068  2600  3801    1
 6260    2090   207  2756  2911    2
 6261     669   273  1238  1254    2
 6262     756  1085  3148  3280    1
 6263     301   298   459  4194    2
 6264     945  1436  1877  1882    2
 6265     265   298   301  4194    2
 6266    1984  2429  4130  4191    2
 6267     484   454   486  1702    2
 6268     557   822  1518  2048    1
 6269      73    72  3686  4000    2
 6270     668  1722  4096  4252    1
 6271    3759  3463    59  3273    1
 6272     580   686  1887  4261    1
 6273    1151   800  1662  2374    2
 6274    1339  1191  1497  1593    1
 6275      73    74  2582  2968    1
 6276     757   882  1384  2445    2
 6277    1393  1329  1526  2668    1
 6278    1268  1300  1422  1557    1
 6279    1645  1417  1909  2253    2
 6280     452   612   953  2669    1
 6281     200   199  3821  3853    2
 6282    1174   898  2446  3656    2
 6283    1435  2217  2505  3185    1
 6284    2623  2976  3616  4137    1
 6285     442   427   516  1165    1
 6286    2064  1976  2933  3611    2
 6287    4331  2407  4363  4395    1
 6288     634   334   838  2791    2
 6289     700   479  2457  2656    2
 6290     370   623   749  2910    1
 6291     855   606  2136  3085    2
 6292     691   653   982  1250    1
 6293    3174  1671  3208  3491    2
 6294    1550  2201  2243  2938    2
 6295    1785  1778  3985  4099    2
 6296    1239  2139  3412  3461    1
 6297    1499  1120  2519  2966    2
 6298     387   499   544  3956    1
 6299    1280  1097  1330  1599    2
 6300    3609  1313  3882  3887    1
 6301    1403  1298  2554  2626    2
 6302    1024  3533  3936  3994    1
 6303    2019  1187  3790  4402    2
 6304    1264   821  2570  4304    1
 6305     468   362   517  1812    1
 6306    3273  3228  3463  3699    1
 6307    2401   944  3524  3568    1
 6308     417   400   803  1098    2
 6309     766   279   859  4001    1
 6310    1090   681  1112  1281    1
 6311    2490  2029  3278  3914    1
 6312     738  1264  2031  2570    1
 6313    3255  2935  3317  3886    1
 6314     688   512   718  3775    1
 6315    2264  1603  2442  3198    1
 6316    1805  1833  1903  2708    1
 6317    2734  1513  2753  3449    1
 6318     797  1691  4038  4330    2
 6319     610   760   867  1616    2
 6320    3045  2455  3401  3880    1
 6321    2444  2104  2885  3421    1
 6322     689  1062  1361  1452    2
 6323     503   368  1403  2147    2
 6324     925   461  1138  2419    1
 6325     704   781  1144  1680    1
 6326     729   900  1154  1189    1
 6327    1566  1373  1610  1744    2
 6328    3683  1584  3874  3948    2
 6329    1799  1171  1981  3055    1
 6330    2105   802  2602  3282    2
 6331    1078   995  1950  2682    1
 6332     523   600  1974  2929    2
 6333     920   997  1681  3132    1
 6334    1406   148  3959  4245    1
 6335    1004  2595  3239  3378    2
 6336    2500  2660  3105  3222    2
 6337    1696   726  3289  4113    1
 6338    2069  2238  3043  3912    2
 6339     449   657   711  1878    2
 6340    1292  1322  1771  2406    1
 6341     678  1033  3358  3543    1
 6342    1774  1299  3198  3309    1
 6343    1695  2057  2129  4132    1
 6344     784   927  1294  2026    1
 6345      60  2306  2451  3380    2
 6346    1665   471  1740  3819    1
 6347     564   417   633  1098    2
 6348     564   633   809  1098    2
 6349     552  1159  1364  1869    1
 6350    1272  1042  1711  3097    1
 6351     712   650  1670  1969    1
 6352    2981  1753  3210  3495    2
 6353    3178  3469  3537  3800    2
 6354    1476  2364  2515  2516    1
 6355     799   403   896  2584    1
 6356     427   419   893  2220    1
 6357    2292  3065  1752  3545    2
 6358     362   429  2791  3845    2
 6359    2070   115  2456  2687    2
 6360    1194  1795  1921  2185    1
 6361    2523  1043  3183  3295    2
 6362    1022  1290  3983   700    2
 6363      42    44  1844  2508    1
 6364    1130  1418  2987  4413    2
 6365     514   434  2987  4413    2
 6366     869   507  1510  1516    1
 6367     109   110  2036  3738    1
 6368    2036   110  3670  3738    1
 6369    2560   306  3594  4215    2
 6370      15   561  3224  4215    2
 6371     989  1377  1440  1518    1
 6372    3156  2485  3742  4242    2
 6373     369   326  1335  3871    2
 6374    1688  1362  1690  1859    2
 6375    1551  1255  2382  2668    1
 6376     202   203  2904  3810    1
 6377     602   801  1212  3042    2
 6378     891   934  1110  1755    1
 6379    2136   588  3085  3859    2
 6380       8   837  1026  1104    1
 6381     837   731  1026  1104    1
 6382     343  1159  1869  2975    1
 6383    3264  3054  3430  3511    2
 6384    2870  3009  3560  4396    1
 6385    4036  3214  4042  4128    1
 6386    1978   940  2505  3898    1
 6387     668  2325  3885  4060    1
 6388     252   253  1747  1956    1
 6389    2587  2501  2627  3172    1
 6390     500   480   577  1188    2
 6391     386   352   396  2695    1
 6392    1177  2261  2352  2384    2
 6393     411   463   464  2164    1
 6394    1554   708  2440  2853    2
 6395    1464   798  1850  4202    1
 6396     462   957  1005  1109    1
 6397    1210   940  1387  2178    2
 6398    1586  1536  2114  2247    2
 6399    1823  1976  2064  3611    2
 6400     507   367   960  2407    1
 6401    3427  1787  3514  4124    1
 6402    2173  2014  3101  3878    2
 6403     689   567   933  1178    2
 6404    1538  3051  3405  3915    2
 6405     617   596  1477  3108    2
 6406    3642  3070  3647  4120    2
 6407    3458  3414  3644  3803    1
 6408    1513  2117  2304  3400    2
 6409    1632  2254  2450  4025    2
 6410     513   473  1087  1108    1
 6411    2552  1782  2712  3674    2
 6412    1910   850  2318  2549    2
 6413     707  1554  2440  2853    2
 6414     780   473   796  1739    1
 6415     236  2498  3422  3674    2
 6416     508   497   897  1282    1
 6417    3112  1085  3113  4105    1
 6418    2387  2219  2460  2702    2
 6419    1157   124  2022  3293    2
 6420      94    95  2494  3011    1
 6421     893   433  1140  2220    1
 6422    1466  1645  2540  3171    1
 6423     891   583   934  1755    1
 6424    1967  2081   191  2150    1
 6425     581   334   634  2791    2
 6426    2508   985  2612  2739    1
 6427    3284   180  3481  3721    2
 6428     916  2109  2613  3832    2
 6429    1378  2678  3678  3903    2
 6430    1348  1326  1458  1892    2
 6431    3532  3444  3563  3894    1
 6432     527   803  1098  3149    2
 6433    1965  1370  2086  2485    1
 6434     665   820  1426  3282    2
 6435      84    86  2240  3126    1
 6436     397  1035  2067  3424    2
 6437    2195  1527  3023  3844    2
 6438    1310  3776  3793  4100    2
 6439     474  1134  1251  2966    2
 6440     496  1100  2641  4091    2
 6441    1291  1391  1661  2840    2
 6442    1035   526  2067  3424    2
 6443    1837   197  2073  2488    1
 6444    2619   909  3211  3449    1
 6445     978  1152  1462  4314    2
 6446    1768  2175  2406  2488    1
 6447     754   685  2374  2391    2
 6448    2267  3433  3554  4020    2
 6449     610   842   891  1233    1
 6450    2420  2881  3553  4201    2
 6451     655   491   856  1147    2
 6452     281   595   891  1233    1
 6453     230   229  3697  3730    1
 6454    1050   839  2121  3758    1
 6455     497   463  3016  3333    1
 6456     882   655  1384  2323    2
 6457    3179   126  3299  3589    2
 6458    1080  1235  1763  2018    2
 6459     628   573  1301  2380    1
 6460    1505  1269  2013  2532    2
 6461     499   387  1665  3956    1
 6462    1469  1352  1689  1729    2
 6463    1013  2107  3776  4100    2
 6464    1217  1531  2809  2854    2
 6465     676   333   818  3839    2
 6466    1132  1738  1997  3626    2
 6467     419   442   467  2220    1
 6468     570   594   778  1716    2
 6469      54  3671  4222  4329    1
 6470    2122  2946  3895  4310    1
 6471    1975  1758  2058  2414    2
 6472     601   635   906  2779    2
 6473    1173   906  1641  2080    2
 6474    1609  1579  2041  2306    2
 6475     111  2506  2898  2926    1
 6476    1491   872  2076  2233    2
 6477     410   534   833  1252    1
 6478     782  1319  1849  2024    2
 6479    2624  1993  2678  3240    1
 6480    2894  3007  3492  3585    1
 6481    3179  2351  3296  3556    1
 6482     955   909  1132  3626    2
 6483    2208  1831  2686  2835    2
 6484     612  1861  3420  3967    1
 6485    3232  3500  3501  3513    1
 6486     481   464   776  2559    1
 6487     269   289   394  3357    2
 6488    1650  2245  2818  3076    2
 6489    1968  2578  2786  2947    2
 6490     347   353   621  2211    1
 6491     511   577   724  1380    2
 6492    2930    73  3683  3686    2
 6493    2186  2315  2935  3246    1
 6494    3000  2569  3247  3398    1
 6495     945   795  2736  3630    1
 6496    3690  2541  3825  4255    1
 6497    1278  2828  3892  3899    1
 6498    2113  1118  2394  2496    2
 6499     746   661  1061  2428    2
 6500    2487  2440  3790  4186    2
 6501     365   367  1108  3752    1
 6502    2418  1321  3165  3462    2
 6503    1325   428  2171  2994    1
 6504     886  1001  1940  3411    2
 6505    2210  1094  3665  4057    1
 6506    1287   831  1336  1602    1
 6507     860   557   913  1287    1
 6508     341   351   796  1533    1
 6509     373   414   743  3220    1
 6510    1124  1405  1837  2392    2
 6511     739  1759  1794  1997    2
 6512    1726   830  2259  2719    1
 6513    1068  3044  3400  3507    2
 6514    1432   914  2265  3888    2
 6515    1247  1432  2265  3888    2
 6516     114  2072  2120  2385    1
 6517    1615  1988  2575  2907    2
 6518     817  1216  1263  2086    1
 6519    2908  1873  3012  3305    2
 6520    2576  1634  2764  3305    2
 6521    2875  1873  2908  3305    2
 6522    2092  1833  2456  3910    1
 6523    1131   592  4351  4389    2
 6524    1202  1526  1551  2668    1
 6525     496  1388  2531  3194    2
 6526     383   418   888  1660    2
 6527     149   148  3410  3753    2
 6528    2729  3374  3522  3890    2
 6529    2333    46  2431  2744    1
 6530    1328  2162  2631  2649    2
 6531     474   661  1306  2519    2
 6532    1793  2561  2780  3014    1
 6533    1706  3629  3689  4007    1
 6534    3022  2999  3291  3298    1
 6535     936  1820  2512  3369    1
 6536    1099   997  2233  3574    1
 6537    1114   374  1894  2075    1
 6538     732   594  4015  4176    2
 6539    1922  2035  2172  3445    2
 6540     800   971  1256  1987    1
 6541    1709  1240  2017  2551    1
 6542    2142  1160  2763  2798    1
 6543     367   550   960  2407    1
 6544     435   408   491  1147    2
 6545     408   435   615  1147    2
 6546    3306  2836  3325  3389    2
 6547    1808  3079  3209  3583    2
 6548      42    44    43  2480    2
 6549     778   640  2131  3622    2
 6550    2950  2944  2967  3773    1
 6551     259  1934  2248  3231    2
 6552    3018  3001  3174  3208    2
 6553    2959  1049  3510  3882    1
 6554     352   351   355  2695    1
 6555    1880  1615  1929  2907    2
 6556    2274    43  2915  4018    2
 6557    3788  1807  3972  4332    2
 6558    1100  2392  2591  2735    2
 6559     312   315   325  1133    1
 6560     325   315   871  1133    1
 6561    1787  2757  3514  3806    1
 6562     740   325   871  1133    1
 6563    1383   465   555  2544    2
 6564     557   822   982  1920    1
 6565    2296  2984  3273  3759    1
 6566    3265  1787  3514  3806    1
 6567     312   325  1070  1133    1
 6568     841   732  2690  3297    2
 6569    2995  2238  3043  3491    2
 6570    1671  1607  2207  3491    2
 6571     277   279   523  1330    2
 6572     470   501  1182  1418    2
 6573    1610  1076  1744  2115    2
 6574     354   886  1006  1134    2
 6575     833   534  1095  1252    1
 6576    1113  1355  1371  2494    1
 6577    1170  1190  2087  2459    2
 6578     857  1988  2101  2575    2
 6579     942  2033  2166  3662    1
 6580     534   410   753  1252    1
 6581    1894   870  2075  2972    1
 6582    2367   229  2737  3276    2
 6583    3878  4084  4318  4379    2
 6584     754   685  1029  1137    1
 6585     685   754   800  1137    1
 6586    1325   406  2223  2415    1
 6587     409   835  1582  2093    2
 6588     826  1329  1814  1970    1
 6589    1378  2205  3884  4097    1
 6590     512   688  1029  1137    1
 6591    1365   820  2052  3776    2
 6592     985  1844  1932  2739    1
 6593    2770  1968  3083  3459    1
 6594    2346  2949  3587  4209    1
 6595    3032  3395  3515  4288    1
 6596     338   335  1468  4343    2
 6597    2860  2510  3179  3954    1
 6598     950   853  1445  1896    1
 6599    1213  1316  1340  2871    2
 6600     736   625  1148  1995    1
 6601    1717  1782  2552  2741    2
 6602    1273  3234  3824  3856    2
 6603     464   411   599  3138    1
 6604    2002  1372  2294  2720    2
 6605    1718  1020  1780  1784    2
 6606     603  1660  2853  4394    2
 6607     470  1130  2987  3632    2
 6608     600   660   881  1849    2
 6609    1513  2304  2753  2992    2
 6610      38    37    36  2729    2
 6611    1005   647  1706  2745    1
 6612    1695  1510  2017  2129    1
 6613    1990  2152  2425  2746    2
 6614    1041  1381  1558  4077    1
 6615    2150  1419  2202  2730    1
 6616     726   481   776  2299    1
 6617    1319   793  1849  2024    2
 6618     281   279   859  1360    1
 6619     996  1016  2502  2804    1
 6620    1524  2824  3096  4225    1
 6621     407   329   948  4419    1
 6622    1256  1491  2509  3467    2
 6623     549   777  2613  3845    1
 6624     467  1811  2419  2548    1
 6625    2509  1987  3467  3575    1
 6626    4391   487  4416  4419    1
 6627     337   698   740  1168    1
 6628    1681  1487  3272  3692    1
 6629    2109  2580  2971  3122    2
 6630     376   275   641  1663    1
 6631    1215  1078  1950  2432    1
 6632    1107   666  1202  1551    1
 6633    3934  3265  4124  4337    1
 6634      25  2116  3506  3625    2
 6635     680  1250  1363  3130    2
 6636     383   421   908  1145    2
 6637     383   323   421  1145    2
 6638     831   519   860  1336    1
 6639     514   618   741  3542    1
 6640    2693  2440  3833  4372    2
 6641    3007  3583  3861  4110    2
 6642    3041  1738  3691  4130    2
 6643    1095  1714  1743  3668    1
 6644    2152  2091  2190  2754    2
 6645    3281  3307  4287  4341    2
 6646    3910  3316  3977  4080    1
 6647    1449  1967  3116  3963    1
 6648    2502  2482  2523  2756    2
 6649     164  2479  3606  4097    1
 6650     908   611  1660  2853    2
 6651     902  1666  2855  3787    2
 6652    1017  1343  2325  2932    1
 6653     859   279  1097  1257    1
 6654     419   467   981  2220    1
 6655    1343  1202  1551  2668    1
 6656    3008  1498  4348  4387    1
 6657    1938   231  2133  2226    2
 6658    2054  1174  2095  2446    2
 6659     472   594   597  3194    2
 6660    2541  1181  3462  4398    2
 6661    2363  2093  3018  3174    2
 6662     119  2290  2715  2843    1
 6663    1629  1685  2227  3877    1
 6664     585   578  1058  2647    1
 6665     194   192  4010  4275    2
 6666    1231  1012  3772  4082    1
 6667    2091  1679  2152  2330    2
 6668     923  1340  2735  3150    2
 6669    2272   438  4391  4404    1
 6670    2315  2935  3255  3886    1
 6671    1856  1843  2922  3869    1
 6672    1057   707  1214  1554    2
 6673      29    28    27  1539    2
 6674    3071  3321  3413  3766    2
 6675    3012  2713  3747  3881    2
 6676    1821  1758  2058  2833    1
 6677    1602  1287  1613  1920    1
 6678     494   375   622  4153    1
 6679    2629  2889  3223  4165    1
 6680    2702  1013  2773  3331    2
 6681    3117  3798  3864  4095    1
 6682    3142  2056  3394  3436    2
 6683     471  1120  1740  3819    1
 6684     666  1045  1380  4257    2
 6685    1098   803  1353  4125    2
 6686      75    77  3347  3559    1
 6687     213  3774  3852  4104    2
 6688    1301  1067  1371  2174    1
 6689      38  2438  2729  3549    2
 6690     127   128  2996  3215    1
 6691     862  1289  2334  2723    2
 6692    1879  1984  2128  2186    2
 6693    1532  1522  2773  3200    2
 6694     946   885  2639  2690    2
 6695    1782  1354  2552  2741    2
 6696    1668  1707  1788  4258    2
 6697    1933  3002  3096  3613    1
 6698     239  2224  2642  3783    2
 6699    1439  2152  2390  2642    2
 6700    1085  1231  3278  3949    1
 6701      44    42  2266  2480    2
 6702    1008   784  1492  2026    1
 6703     822  1204  1601  1613    1
 6704     614   762   834  4411    2
 6705    3128   240  3605  3877    1
 6706     920   781  1283  1987    1
 6707     800  1151  1662  2332    1
 6708    1981  2122  2946  3309    1
 6709     417   863  1098  1353    2
 6710     936  1292  1296  1636    1
 6711     873  1361  1876  2088    2
 6712    2003  1608  2355  3865    1
 6713    3379  2000  3935  3972    1
 6714    2894  2346  3077  4344    1
 6715    3514  2697  4124  4146    1
 6716     680   653   691  1250    2
 6717     288   414  3528  4156    1
 6718    1936  1642  3117  3798    1
 6719    1034  1668  1707  1788    2
 6720     393   361   753  2382    1
 6721     671   770  1200  2799    2
 6722    1865   635  2611  4109    2
 6723     555   570   631  3662    1
 6724     210   212   211  3740    2
 6725     465   657   836  3960    2
 6726    2624  2956  3240  3744    1
 6727    2401   125  2688  3293    1
 6728    3359  2684  3417  3513    1
 6729    3260  3129  3303  3936    1
 6730    1695  1916  2082  2273    1
 6731    1916  1695  1926  2273    1
 6732     497   491   615  2397    2
 6733     605   898  2095  4270    2
 6734     444   381   555  1383    2
 6735     211   212  2061  3872    1
 6736    1501  1027  1626  1655    1
 6737     606  1051  2927  3908    1
 6738     879   588  1142  2854    2
 6739    2139  2642  2754  3164    2
 6740    1057   707  1554  2440    2
 6741    1631  1132  1738  1997    2
 6742     756   936  2596  2918    1
 6743    1615   857  1988  2706    1
 6744    2697  2180  3153  3939    1
 6745     861   805   895  1528    1
 6746    2057  1749  3187  4132    1
 6747     373   330   414  3220    1
 6748     830  1726  1728  1792    1
 6749    1223  1245  2287  2319    2
 6750    1109  2246  2362  2945    1
 6751    1629  1428  1817  3675    2
 6752    2204  2015  2659  2922    1
 6753    1220   667  2275  3081    1
 6754    1245  1263  1861  3056    1
 6755    1720  2713  2825  2999    1
 6756     993   999  2842  3074    1
 6757    2166  1544  2396  2899    1
 6758     958   475   969  3343    2
 6759     265   288   301  4031    2
 6760    1179  1356  4328  4407    2
 6761    2252  2788  3536  3538    1
 6762    2498   235  2696  2712    2
 6763    1090  1367  1407  2773    2
 6764     645  1180  1241  1582    2
 6765     793   881  1974  3930    2
 6766     274  1131  1453  3888    2
 6767    3432  2671  4133  4313    2
 6768     729  1008  2026  3786    1
 6769     635   658   759  3767    2
 6770    2506  2789  3201  3661    1
 6771    1815   988  2539  3261    2
 6772    2162  1007  2317  2356    2
 6773    1574   260  2108  2349    1
 6774    2137  3239  3378  3554    2
 6775    3789  2892  4166  4294    2
 6776     707  1046  2440  2487    2
 6777     909   696   955  2619    1
 6778    1049   706  2165  3882    1
 6779    2524  2195  3023  3844    1
 6780    2043  2893  3213  4309    1
 6781     597   594  1944  3194    2
 6782     709  2925  3139  3346    2
 6783     245  1817  2253  2635    2
 6784    1299   917  1312  2442    1
 6785     773  4056  1799   548    1
 6786    1038  1037  1139  2799    2
 6787    1996   671  2799  3942    2
 6788     601   906   938  2779    2
 6789    1987  1256  2758  3376    1
 6790    1715  1272  2060  3412    1
 6791     557   982  1287  1920    1
 6792    1658  2199  2364  2365    1
 6793     982  1276  1287  1920    1
 6794    3179  3296  3406  3954    1
 6795     513  1108  1220  2275    1
 6796     539   551   870  2972    1
 6797    1113  1504  1951  3336    2
 6798    4373  3512  3206   767    2
 6799     982  1457  3733  3992    1
 6800    2553  3652  3850  3872    2
 6801     564   540  2560  4257    2
 6802    2129  2433  3813  4157    1
 6803    2195  2524  3023  3069    1
 6804     399   359  1127  2211    1
 6805     764  1235  1763  2089    2
 6806     293   306   524  3143    1
 6807    3351  3886  4009  4297    1
 6808     530   510  1558  2127    1
 6809    1224   672  1623  1848    2
 6810     314   438   710  2883    1
 6811     374   624  1894  2075    1
 6812    2138   902  3749  3930    2
 6813     515  1260  1342  4226    2
 6814     290   294   331  1195    2
 6815    1652   661  2338  2409    2
 6816    1651    87  3477  3499    1
 6817     601   593   635  2350    2
 6818     996  1443  2586  2606    2
 6819     515  1140  1342  1409    1
 6820    1226  1045  1760  4081    2
 6821    1566  1373  1744  3596    2
 6822    1010   884  3296  3954    1
 6823     504  1577  3770  3906    2
 6824    2007  1273  2680  2874    1
 6825    1340  2810  2871  3476    2
 6826     515   893  1140  1409    1
 6827     949   992  1323  1509    2
 6828    2874  1286  3010  3356    2
 6829    1038  1374  2961  3323    2
 6830    3414  3458  3644  4044    1
 6831    1757  3687  3770  3906    2
 6832    2295   370  2436  2910    1
 6833    1303  2043  2716  2932    1
 6834     789   812  1021  1677    1
 6835     311   679  1110  2662    1
 6836    1846  1514  1864  2595    2
 6837    1179  1156  1386  1622    1
 6838    3925   382  4199  4203    1
 6839     476  1377  1486  4192    2
 6840    3453  1984  3569  4191    2
 6841    2388  1651  2505  3818    1
 6842    2908   488  3465  4091    2
 6843      87  2607  3195  3477    1
 6844    1310  2604  3331  3579    2
 6845    2856   211  3834  3837    1
 6846    1526  1393  2668  4161    1
 6847     589   499  1275  1665    1
 6848     264   389  1026  1176    1
 6849     389   264   697  1176    2
 6850     365   352   743  4333    1
 6851    1888  1804  1918  2065    2
 6852    2427  2461  3989  4296    2
 6853     957   742   998  2197    1
 6854    1106  1598  1734  2115    2
 6855     914   868  1432  2265    2
 6856    3044  2605  3327  3684    2
 6857     973  1712  3736  3870    2
 6858     609  1246  2391  2465    2
 6859     102  1902  2716  4308    1
 6860    1307  1368  2562  3844    1
 6861    2586  2524  3023  3844    1
 6862    1684   240  1686  2096    2
 6863    2094  2215  2414  2489    2
 6864    1904  1174  2426  3173    2
 6865    2600  3181  3363  3546    1
 6866    1889  1866  1891  1913    2
 6867    3116  2063  3286  3685    1
 6868    2569  2366  3247  3399    1
 6869     133  2025  3119  3681    2
 6870    1285   746  1469  1750    2
 6871     835   409  1122  2093    2
 6872    1715  1439  1990  2060    1
 6873    2386  1509  2765  3116    1
 6874     360   762   854  1364    1
 6875     245  1645  1909  2253    2
 6876    2206  1228  2497  2566    2
 6877    1005  1706  3364  3629    1
 6878    2083  2627  2823  3664    1
 6879    1875   807  2992  4322    2
 6880    1325   280  2223  2994    1
 6881     346   366   819  2710    1
 6882    2353  2372  3431  3576    2
 6883    1815  2513  2651  3045    1
 6884     261   274  1247  2800    1
 6885    1854   995  2682  3168    1
 6886    2135  2482  2523  3348    2
 6887     418   609   845  1182    2
 6888     470   418   845  1182    2
 6889     887   455  1907  3190    2
 6890     296   583   859  1360    1
 6891    2007  1273  2874  3234    2
 6892     763  2109  2580  4110    2
 6893     282   296   859  1360    1
 6894     739  1693  1759  1997    2
 6895    2389  2122  3055  3459    1
 6896     956  1580  1605  1718    2
 6897     468   970  1083  1185    2
 6898    1304   746  1425  2428    2
 6899    1596   727  2343  3072    1
 6900     196   197   195  2507    1
 6901     618   434  1150  3953    1
 6902     211   210  3740  3822    2
 6903    1813   652  2639  4241    2
 6904      78    80  2158  3735    1
 6905     401   722   826  1814    1
 6906    1830   251  2153  2288    2
 6907    1045  1107  1226  1814    1
 6908    1045   666  1107  1814    1
 6909     666  1045  1255  1814    1
 6910     320  2397  3465  4091    2
 6911    1095  1714  1929  1971    2
 6912    2397  1905  3194  4091    2
 6913    1054  2001  3938  3986    2
 6914     286   265   301  4031    2
 6915    1619  1711  1765  2412    1
 6916     156   158  1922  2515    1
 6917    3269  2986  3463  3746    1
 6918     998  1966  2745  3916    1
 6919    1662  1151  2374  2390    2
 6920     204  2068  2600  3653    1
 6921     700   866  1290  2656    2
 6922     735  1937  2580  2971    2
 6923     263   694  1063  1186    1
 6924     156  1922  2172  2515    1
 6925    2341  2050  3227  3268    1
 6926    1174  1123  2054  2516    2
 6927    1021   789  1677  3268    1
 6928    2172  1476  2365  2515    1
 6929    1620  1654  4259  4356    1
 6930     833   410  1252  1551    1
 6931     714   348   744  1616    2
 6932    2589   143  2593  3192    2
 6933    2624  1524  4092  4321    1
 6934    2162  2317  2766  3545    2
 6935    1982  1119  3089  3330    2
 6936    1056   618  1144  1680    1
 6937     636  1133  1345  1663    1
 6938    1202   833  1343  1551    1
 6939     574  1484  1964  3664    1
 6940    4088  3566  4206  4349    1
 6941    1585  1276  1601  2664    1
 6942      59  2924  3315  4272    2
 6943    1276   822  1601  1920    1
 6944     448  1052  2476  2811    1
 6945     598   992  1003  3960    2
 6946    1269  1520  2013  2532    2
 6947     512   718   781  1680    1
 6948    1315  1190  2459  3633    2
 6949    1797  1792  1802  1961    2
 6950    3363  2532  3479  3601    1
 6951    1658  1670  1917  2426    1
 6952     828   762   834  2112    2
 6953     314  1097  1196  1280    1
 6954     521   653   680  1250    2
 6955     440   436  1919  2778    1
 6956    1982  2025  2796  3207    2
 6957     691   822  1204  1276    1
 6958      95  1048  2711  3011    2
 6959    1576  2458  2957  3254    2
 6960    2109  1824  2580  4110    2
 6961     789   812  1811  2343    1
 6962    3102  2810  3765  4302    2
 6963    1606  2478  3592  3701    1
 6964    1389  1317  2724  2816    1
 6965     150  1991  2189  3196    1
 6966    1126  1843  2857  2884    1
 6967     687   645  2148  2884    1
 6968     645   687  2857  2884    1
 6969    1180   645  2857  2884    1
 6970     938  1536  1548  1574    1
 6971    1191   535  1279  1593    1
 6972    2336  2235  2901  3614    2
 6973     479   700  1031  2656    2
 6974    1160  1174  1766  2516    2
 6975    1729  1689  1750  3266    2
 6976    1406  1935  2213  2469    2
 6977    1510   843  1516  1517    1
 6978     763   620   992  1375    2
 6979    2061   210  2154  3652    1
 6980    1666   523  1974  2855    2
 6981    3430   194  3511  4275    2
 6982    3780  3757  3790  4227    2
 6983    1276  1548  1735  2664    1
 6984    2833  2104  2873  3075    1
 6985    1030  1390  1495  1775    2
 6986    2098  2262  2402  3163    2
 6987    3134  3566  4214  4319    2
 6988    1405  2256  2589  2591    2
 6989    2701   180  3199  3481    2
 6990    2346  2396  3080  3494    1
 6991    2219  2387  2685  2702    2
 6992      89  2430  3218  3818    2
 6993      40  2362  2901  2945    1
 6994     519   541   860  4067    1
 6995    2790  1597  3153  3436    1
 6996    2922   223  2978  3869    2
 6997    2158  1746  2399  3943    1
 6998    1362  1688  1690  2153    2
 6999    1609  1170  2631  3756    2
 7000     652   794  1185  1813    2
 7001     510   468   530  1699    1
 7002     662   660   825  4244    2
 7003     881    17  1666  3930    2
 7004     635   759  2611  4109    2
 7005     510   530  1558  1699    1
 7006     530   517   591  1699    1
 7007     976  3110  3270  3366    2
 7008     820   812  1628  1811    1
 7009    1276  1204  1433  1585    1
 7010    2269    46  2431  2595    2
 7011    1649  1629  2227  3675    2
 7012    3179  2860  3274  3589    2
 7013    1272   718  2332  3391    1
 7014    1391  3827  4213  4401    1
 7015     503   504   790  3509    2
 7016    1703  1807  3015  3669    2
 7017     762   834   854  1364    1
 7018      97    96  1707  2196    1
 7019     680   691  1018  1363    2
 7020    2433  2129  4132  4157    1
 7021    1587  1498  2759  3008    1
 7022    1053   805  1060  1528    1
 7023     746  1469  2002  2409    2
 7024    2094   122  2489  2651    2
 7025    1176   697  1664  2265    2
 7026     442   516   981  1524    1
 7027    2848   142  3909  4150    2
 7028     807  1875  2992  3626    2
 7029    1759   807  2992  3626    2
 7030    2976  2623  4152  4323    1
 7031    1594  1555  1638  3943    2
 7032     361   399  2075  2211    1
 7033    2671  2837  3644  4313    2
 7034    2691  1910  3340  3539    2
 7035    1759  1132  1997  3626    2
 7036    2988  1163  3245  3626    2
 7037     940   904  2184  3893    2
 7038    3731  2498  4054  4123    2
 7039    3807    71  4306  4315    2
 7040    2598  1818  3170  3263    1
 7041     643  2218  3177  3263    1
 7042    1641   906  2350  2779    2
 7043     422   437  1448  2832    2
 7044     904   940  2285  3893    2
 7045     844   480  1188  1208    2
 7046     480   577  1188  1208    2
 7047     976   678  1077  3543    1
 7048    1739  3358  3542  3600    1
 7049    1091   844  1188  1208    2
 7050     605  1091  1188  1208    2
 7051     717   574   761  1964    1
 7052    1473   802  2339  2832    2
 7053     720   963  1971  2141    2
 7054     364   524   637  3143    1
 7055    3209  3493  3494  4209    1
 7056    2698   767  3512  4373    2
 7057    2204  1389  2922  2978    2
 7058    3914  2672  3937  3951    2
 7059    2810  2905  3944  3957    2
 7060     822   691  1613  3876    1
 7061     197  1837  3703  3812    2
 7062     795  1337  2010  2225    2
 7063    1631  1794  1997  2289    2
 7064     188   187  1155  1646    2
 7065     395   876  3220  4408    1
 7066    2032  2041  3129  3367    1
 7067    1864  2071  2269  2674    1
 7068    3096  1524  4092  4387    1
 7069    2235    41  3614  3995    2
 7070    2794  3158  3860  4129    2
 7071    1359  3418  3544  4083    2
 7072    2296  2207  2314  3074    1
 7073     824  1004  1907  2384    2
 7074    1129  1284  1409  2655    1
 7075     988  1158  1809  2845    2
 7076     772   626  1111  1381    1
 7077     304   660   662  1559    2
 7078    3080  1808  3420  4169    1
 7079    2290   119  2356  3037    2
 7080    2003  1608  3090  3698    1
 7081     942   817  2033  3662    1
 7082     905  1507  1516  1521    1
 7083    1920   860  2441  3223    1
 7084     605   898   973  2575    2
 7085     315   659  1110  2316    1
 7086     172  2065  2377  3830    2
 7087     817   587   942  1263    1
 7088     961  2228  3026  3770    2
 7089    1541   787  2033  2346    1
 7090    2173  1291  2867  3827    1
 7091     997  1099  1487  2230    1
 7092     905  1521  1543  1761    2
 7093    1604  1606  3592  3701    1
 7094     690  1039  1512  3111    1
 7095     721  1281  1630  2774    1
 7096    1364   552  1869  4260    1
 7097    2119   942  2721  3662    1
 7098    1208   456  3136  3357    2
 7099    2956  4003  4092  4239    1
 7100    1105   764  1164  1220    1
 7101     764  1087  1164  1220    1
 7102     370   550   569  1220    1
 7103     370   367   550  1220    1
 7104     370   569  1087  1220    1
 7105     367   370  1087  1220    1
 7106     505   641   839  1297    1
 7107    2014  2895  3081  3267    1
 7108    1752  1772  2292  3545    2
 7109    1164  1087  1218  1220    1
 7110    1996  1774  2701  2852    2
 7111    1731  2303  3687  4082    1
 7112    2162  1007  2631  3904    2
 7113    1048    95  2650  3658    2
 7114    2074   221  2341  3049    1
 7115     884  2351  3497  3556    1
 7116     835   880   921  1221    1
 7117     835   409   880  1221    1
 7118    1328  2056  3091  4229    2
 7119     681   835   921  1221    1
 7120     436   390  3384  4067    1
 7121     390   436   541  4067    1
 7122    1022  1983  2313  3983    2
 7123    1510  1507  1709  2160    1
 7124    1967  1449  2081  2150    1
 7125     688  1232  1637  1680    1
 7126    1566  1610  1646  1744    2
 7127     607   545   802  2832    2
 7128    2691   630  2793  3856    2
 7129     834   762   854  2112    2
 7130     138   139  3471  4088    1
 7131    3627  3828  3974  4075    1
 7132    1057   707  2487  3159    1
 7133    1681  1715  3132  3783    1
 7134     857  1676  1999  2101    2
 7135    1309  1217  2854  4081    2
 7136    2704  3308  3471  4206    1
 7137     884  2421  3296  3556    1
 7138     275  1776  1785  3985    2
 7139     917   773  4056  1981    1
 7140    1372  1986  2366  2409    2
 7141     625  1449  2045  3077    1
 7142    1424  2903  4161  4335    1
 7143    1411  1369  1417  1444    2
 7144     580   686   698  1887    1
 7145     382   341   415  1533    1
 7146    1402  1398  1423  2222    1
 7147     508   897  1231  2029    1
 7148    1240  1510  1709  2017    1
 7149      82    81  1930  3428    2
 7150    1267  2152  2190  2754    2
 7151    1448  1140  1848  4226    2
 7152    2056   873  3038  4229    2
 7153    1259  1048  2179  3658    2
 7154     552   343  1159  1869    1
 7155     343   506   552  1229    1
 7156    3193  3141  3475  3824    2
 7157     329   332   343  1229    1
 7158     927   784  1294  1852    2
 7159    1013  1532  2773  3200    2
 7160    2435  2216  2519  3330    2
 7161     588   809   939  2897    2
 7162     617   690  1072  2772    1
 7163    2118  1867  2914  2997    1
 7164    3156  2193  3417  3622    2
 7165     223   222  4273  4362    1
 7166     299   447   536  2138    2
 7167    3531   169  4162  4336    1
 7168    1122   372  3624  3659    2
 7169    1687  1678  3110  3180    2
 7170     756   613   897  1231    1
 7171     613   756   877  1231    1
 7172     877   756  1085  1231    1
 7173    2823  2797  2985  3365    1
 7174    1008   784  1193  1479    1
 7175    1781  2092  2148  4207    1
 7176    1839  1571  2405  2576    2
 7177     325   710  1229  4410    1
 7178    1384   748  2079  2323    2
 7179    1387  1826  2430  3818    2
 7180    2721  2598  2906  3359    1
 7181    2079  2574  2829  3522    2
 7182     378   542   992  1420    2
 7183     100    99  2170  2838    2
 7184     549   777  1665  1740    1
 7185     356   677  1145  3392    2
 7186     641   505   839  2800    1
 7187     193  3264  3389  3430    2
 7188    1760  2123  2135  4081    2
 7189    3339  3342  3537  3800    1
 7190    1043   724  1443  1863    2
 7191    1405  1837  2175  2618    1
 7192    3035  2543  3518  3631    1
 7193     306  2807  3594  3660    1
 7194    2221  1738  3041  4130    2
 7195     483   615   692  3829    2
 7196    1842  1620  2407  4356    1
 7197    2094  2661  4119  4170    2
 7198     535   490   608  1313    1
 7199     963  1004  1228  2497    2
 7200    1477   575  1504  1547    2
 7201    1111  1381  1564  3217    1
 7202     254   253  1735  1956    1
 7203     784  1479  1492  1852    2
 7204     754  1137  1600  3368    1
 7205     927  1294  1311  1852    2
 7206     719   558  1676  2925    2
 7207     251   252  1830  2153    2
 7208     571   578  3392  3607    2
 7209    1099   971  1987  2233    1
 7210     263   553  1063  2864    2
 7211    1565  2652  2708  3050    1
 7212     594   732  1944  3194    2
 7213      59  2984  3273  4272    1
 7214    2624  2956  3744  4003    1
 7215     907   714  2171  2958    1
 7216     537   625   736  1995    1
 7217     139  3502  4214  4319    2
 7218    1489  1746  2229  2399    1
 7219    3098  2995  3491  3540    2
 7220    2343  2842  3074  4361    1
 7221    2907  1712  3822  4108    2
 7222    1048   768  4059  4377    2
 7223    1169   840  1409  2655    1
 7224    2575   973  2907  4108    2
 7225    1601  1276  1735  2664    1
 7226     669   273  1002  1238    2
 7227    1206  2116  2720  3782    2
 7228     628  2590  4163  1301    1
 7229    1112   921  2263  3709    1
 7230    2187  1592  2378  2752    1
 7231    2758  1256  3435  3525    2
 7232    1608  2003  2483  3698    1
 7233    1749  1506  1780  2057    2
 7234    1336  1570  1602  1742    1
 7235    1474   592  1785  2006    2
 7236     456   648  1907  3262    2
 7237    2414  2489  2534  2616    1
 7238     972   648  3212  3262    2
 7239      10   261   641  1453    2
 7240      57  2296  3315  3746    2
 7241     144   145  2638  3064    1
 7242     274   528   839  1783    1
 7243     233   232  1938  3092    2
 7244    1089  1589  3241  3429    1
 7245     376  1131  1785  4351    2
 7246     785   696   962  1485    1
 7247    1157   125  1591  2077    2
 7248     296   281   583  1360    1
 7249    1512  2590  3337  3565    1
 7250    1119  3089  3330  4069    2
 7251    1323   992  2102  3520    2
 7252     432   421  1745  2464    2
 7253     173   171   172  3865    1
 7254    1265  2957  3451  4180    2
 7255    1506  1349  2057  3929    2
 7256    2957  2458  3451  4180    2
 7257    2663  1425  3891  4263    1
 7258    1014  2422  3107  4133    2
 7259    2245  2053  2769  3079    2
 7260    2009  2080  2247  2868    2
 7261      13   533  1326  1892    2
 7262     733   716  2299  2554    1
 7263     668   466  2382  2383    1
 7264     851   598  1534  2669    1
 7265    1049  1914  2225  2886    2
 7266    1910  2691  3010  3539    2
 7267    1575  1623  2983  3109    2
 7268    1182   770  1198  1246    2
 7269    3101  2173  3878  4084    2
 7270     647   403   896  1900    1
 7271     466   393   912  1694    1
 7272     129   130  2547  3741    1
 7273     418   609  1182  1246    2
 7274     470   418  1182  1246    2
 7275     418   470   888  1246    2
 7276     609   418   888  1246    2
 7277    1037  1299  1774  3543    1
 7278      14  1318  1892  2024    2
 7279    1287  1276  1548  1735    1
 7280    2104  2444  2833  2873    1
 7281     629  1036  2512  3148    1
 7282    2524   209  2573  2606    1
 7283     116  2834  3290  3998    2
 7284     376   641   839  1663    1
 7285     924   932  1614  2200    1
 7286    1954  2021  2047  3793    2
 7287     542   763  1420  1635    2
 7288     595   682  1233  1341    2
 7289    1384   882  1547  2445    2
 7290     627   474  1006  1251    2
 7291     886  1006  1134  1251    2
 7292     522  1067  1072  1301    1
 7293     643   591  1064  3832    2
 7294     573   404   628  1301    1
 7295     354   474  1134  1251    2
 7296     474   354  1006  1251    2
 7297    1006   354  1134  1251    2
 7298     675   605  1929  2575    2
 7299    1701  2169  1912  1741    1
 7300    3246  2315  3255  3886    1
 7301     444   555  2750  3907    1
 7302     502  2486  4031  4156    1
 7303     872   800   971  1256    2
 7304    2847  2696  3743  4310    1
 7305     534   327   558  1252    1
 7306     327   405   558  1252    1
 7307    1797  1961  2448  3857    2
 7308     277   273   669  1254    2
 7309     561   533   919  3224    2
 7310    1631  1214  1794  2040    2
 7311    1162   966  1682  3826    1
 7312     348   276  3950  3985    2
 7313     921   789   993  1281    1
 7314    1330  1254  1474  2929    2
 7315     148   147  3610  3959    1
 7316    1089  1910  3577  3800    2
 7317     719   866  1618  2909    2
 7318     921   681  1221  1281    1
 7319     681   921  1112  1281    1
 7320    2116  2720  3506  4172    2
 7321     201   202  2904  4160    1
 7322    1679  1715  1990  2060    1
 7323    2191  3655  3738  3739    2
 7324     278   871  1325  1345    1
 7325     713   469   760  1664    2
 7326      68    67  3780  4227    2
 7327     867   745   815  1616    2
 7328     871   740  1133  1345    1
 7329     334   354   475  1878    2
 7330     742  2610  2698  3277    2
 7331    2319  1465  3056  3329    1
 7332      98    96  4166  4294    2
 7333     745   867   815  1348    2
 7334     340   502   948  1713    1
 7335     270   269   644  1724    3
 7336     140  3471  3502  4340    1
 7337     929   787  1553  2346    1
 7338    1997  1759  3626  4130    2
 7339    1767  2600  3601  4007    1
 7340     787   631   852  3662    1
 7341    1621  1610  2354  1744    2
 7342     361   621  2211  2486    1
 7343    3034  3484  3655  3739    1
 7344     756  1085  1231  3148    1
 7345     740   278  1168  1345    1
 7346     899   978  1347  4378    2
 7347    1825  2401  3524  4008    1
 7348     243  1686  2096  2222    2
 7349     809   564  2897  4257    2
 7350    1371  1301  2380  3184    1
 7351    1679  1990  2152  2330    2
 7352    4158  2816  4336  4383    1
 7353     434   854   941  4260    1
 7354    1422  1268  1490  1499    2
 7355    2371  3218  3443  3499    1
 7356    1146  1491  2076  3350    2
 7357    1962  2816  3334  4158    1
 7358    1751  1624  2022  2133    2
 7359    2250  1415  2803  2881    2
 7360    2777  2561  3014  4202    1
 7361    1831    78  2084  2158    2
 7362     729   900  1189  1557    1
 7363    1606  2412  2478  2938    2
 7364    3361  3078  3409  3833    2
 7365    3078  3361  3750  3833    2
 7366    2442  2717  2822  3003    1
 7367    1258   708  2440  3988    2
 7368     779   569   944  2526    1
 7369     699   330  4391  4416    1
 7370    3208  2069  3393  3541    2
 7371     986  1353  1788  1872    2
 7372    2424  3048  3305  4150    2
 7373     418   525   611  2089    2
 7374    2150  1449  3116  3963    1
 7375    1362  1590  1747  1830    2
 7376    2810  2871  3476  3965    2
 7377    1356  1503  4393  4406    2
 7378     537   729   900  4392    1
 7379     576  1561  2706  3668    1
 7380    1843  1126  2092  2884    1
 7381     650   374  1969  2161    1
 7382     458   412  2324  3887    1
 7383     402   656  1739  3600    1
 7384    1634  1100  2576  2591    2
 7385     634   581  2791  3845    2
 7386     593  2350  2779  3332    2
 7387    1516   905  1521  2885    1
 7388     741  1037  1038  2961    2
 7389     586   810  1811  2419    1
 7390    3090  2180  3698  4124    1
 7391     735  2258  2307  3084    1
 7392    1227  1215  2123  2170    2
 7393    2144  1178  3439  3996    2
 7394    1589  3339  3342  3535    1
 7395    3773    98  4166  4294    2
 7396     123  1157  1674  2077    2
 7397     973  1929  2575  2907    2
 7398    3000  2366  3397  4172    2
 7399    1117   915  3425  3466    2
 7400     534   410   833  1392    2
 7401    1635  1798  2981  3496    2
 7402    2313  2500  2660  3105    2
 7403    3177  3176  3263  4385    1
 7404    1215    99  2123  2170    2
 7405     386  3925  2695  4216    1
 7406     882   368  2049  2147    2
 7407     859   279  1257  1360    1
 7408     296   282   902  1360    2
 7409    2418  1418  2961  4083    2
 7410     281   296   902  1360    2
 7411     502   286   948  3620    1
 7412    2873   230  3697  3730    1
 7413    2103  2576  2591  3305    2
 7414    1192   689  1452  1484    1
 7415    3276  2444  3697  3730    1
 7416    1683  2435  2452  2700    1
 7417     607   437   672  1483    2
 7418    2307  1304  3137  3931    1
 7419    1236  1067  2174  3973    1
 7420     348   406   907  2171    1
 7421    1968  2786  3327  3460    2
 7422     511   724  1379  2136    2
 7423    3083  1968  3327  3460    2
 7424     724   511  1142  2136    2
 7425     129  2478  2979  3712    2
 7426     647  1222  1706  2745    1
 7427    3094   152  3851  4032    1
 7428    2517  1848  2921  4029    2
 7429    1537  1019  1581  1593    1
 7430     535  1019  1537  1593    1
 7431     641   275   839  1663    1
 7432     741   618  1116  1680    1
 7433    1116  1056  1552  1680    1
 7434    2628  2637  2859  4349    1
 7435    1835  1337  2225  3082    2
 7436    1007   922  3532  3936    1
 7437     547  1656  4304  4305    2
 7438    1516  2275   905  2885    1
 7439    1866  1180  2092  2148    1
 7440     717  1184  2550  3260    1
 7441     304   439  1318  1458    2
 7442     278   280   337  1458    2
 7443     580   710  1887  3805    1
 7444    3112  1320  3645  4138    1
 7445     503   504   788  2001    2
 7446    1768  1296  1771  2406    1
 7447    3370  2304  3589  4315    2
 7448    2029  2672  3278  3914    1
 7449     550  1895  3081  3421    1
 7450    1972  1760  2123  2568    2
 7451     982   691  1250  1363    1
 7452    1947  3621  3636  3866    2
 7453     856  1201  2300  2503    2
 7454    1140  1284  1342  1409    1
 7455    1082  1819  2246  2362    1
 7456    2712   236  3055  3083    1
 7457    2041  3129  3367  3797    1
 7458     605   720  1188  1392    2
 7459    1140  1284  1623  1848    2
 7460    1585  1601  1956  2664    1
 7461    2863   163  3474  3705    2
 7462     586   727  1628  1801    2
 7463     842   670  2395  3057    2
 7464    3071  2748  3321  3766    2
 7465     870   734  1191  1279    1
 7466    2541  1243  3690  4087    1
 7467    2330   130  2425  2746    2
 7468     774   773  1274  1799    1
 7469     551   734   870  1279    1
 7470    1683  2536  2700  3515    1
 7471    1851  2538  2744  3311    1
 7472    1427  1920  3223  3375    1
 7473     730   823  1019  1655    1
 7474     801   602  2324  3042    2
 7475    2925  1618  3139  3346    2
 7476    1186   694  2969  3946    1
 7477    1988  1615  2443  2907    2
 7478    2007  1273  2055  2680    1
 7479     744   529  1616  4099    2
 7480    2801  2728  3525  4271    2
 7481     733   565  1403  1810    2
 7482    1082  2246  2336  2362    1
 7483    2064  1406  2237  2469    2
 7484     453   685   888  1515    2
 7485    1511  1539  2066  3952    2
 7486     161   159  3432  3923    2
 7487     912   361  2382  2383    1
 7488    2145  1708  4295  4332    2
 7489     175  3361  4011  4174    1
 7490    1059   709  1174  3656    2
 7491    2276  2298  2953  4129    2
 7492    3748  3204  3768  4237    1
 7493    2034  1958  2133  3453    2
 7494    2351  2996  3086  3497    1
 7495     955  2295  2436  2910    1
 7496     560   411  1949  3138    1
 7497     752  1471  2016  2580    2
 7498     927   784  1852  1878    2
 7499     440  1518  1915  1919    1
 7500    1298  2626  2767  3938    2
 7501    1733   186  2146  2357    1
 7502    1988  2101  2172  2199    1
 7503    1864  2269  2595  3239    2
 7504    1910  2549  2900  3010    2
 7505     371   621   799  2584    1
 7506     652   530   885  2127    1
 7507     804  1223  1431  1549    2
 7508    1076  1155  1744  3596    2
 7509     520   398   560  1558    1
 7510    1411   658  1416  2450    2
 7511     351   352   355  3823    1
 7512     546   458  1628  1730    2
 7513    1583  1808  2808  3420    1
 7514    1112  2263  2902  3709    1
 7515     407   948  1196  4419    1
 7516    1417  1444  1690  2253    2
 7517     531   445  4127  4324    2
 7518     690   767  1512  3512    2
 7519    1471  1824  2894  3007    1
 7520    2495  1472  3968  4202    1
 7521     470   501  3632  3755    2
 7522     399   535   730  1537    1
 7523    3019  1595  3837  3872    1
 7524    1828  1757  3949  4296    1
 7525    1009  2416  2698  4373    2
 7526    2654  1552  4078  4403    1
 7527    1742  1570  2134  3457    2
 7528    2204   223  2922  4362    1
 7529     995  1854  1950  3168    1
 7530     484  1618  2318  3346    2
 7531    1867  1925  2504  2997    1
 7532     191   190  2542  3963    1
 7533    2359   642  3786  4019    1
 7534    2131   758  2439  2563    2
 7535      50  2142  2763  2917    1
 7536     816  2469  4079  4125    2
 7537    1345   493  1776  2493    1
 7538    2701  1717  2781  3284    2
 7539    2981  1753  3495  4228    2
 7540    1290   700  2656  3983    2
 7541    2122  2946  3309  3895    1
 7542     424   645  2410  3005    2
 7543    1329  1434  1970  2804    1
 7544    2199  1476  2364  2365    1
 7545     492   640  1211  3017    2
 7546    1470  1648  2679  2976    1
 7547    2203   874  3021  3386    2
 7548    2384  1015  3190  4020    2
 7549    1264  1213  2871  2918    1
 7550     917  1299  1312  1637    1
 7551    1897    31  2844  3855    2
 7552     812   727  1811  2343    1
 7553    1076  1598  2115  2771    2
 7554    1048   768  2179  3336    2
 7555    2816  3300  3529  4158    1
 7556     931   663  1446  1559    2
 7557    3214  1597  4042  4128    1
 7558     236  2389  3055  3083    1
 7559    1653  1350  1915  2254    1
 7560    1904  2035  2095  2176    2
 7561     542   763   992  1420    2
 7562     125  1157  2688  3293    2
 7563     688   917  1042  1637    1
 7564     786   324  1115  1297    1
 7565     874   474  1598  3386    2
 7566     490   427  1165  1313    1
 7567     427   490   535  1313    1
 7568    1111   772  3217  4385    1
 7569    2251  1311  3021  3386    2
 7570    2035   156  2172  2335    2
 7571    1113  1397  1494  2494    1
 7572     587   942  1263  2667    1
 7573    2116  1206  3398  3924    2
 7574    2846  3483  3579  4100    2
 7575     393   912  2382  2383    1
 7576    1149  1782  3327  3674    2
 7577      85    84    86  3796    2
 7578    2421  2167  3497  4167    1
 7579    1479  2185  2561  2683    1
 7580     458   801  2324  2437    2
 7581    1023   633  1505  3479    1
 7582     827   754  1540  1627    2
 7583    2326  2385  2795  2924    2
 7584    1626  3651  3760  4312    1
 7585     388  1241  3624  3659    2
 7586     308   368  1083  1656    2
 7587     347   332  1073  3921    1
 7588     438  1159  4410  4404    1
 7589     951  1192  1452  4016    2
 7590    2798  2917  3030  3031    2
 7591    2277  2505  3883  4126    1
 7592    2107  1365  2474  3283    2
 7593    1361  1787  1876  3038    2
 7594    1558   510  1822  2127    1
 7595    1067   522  3047  3404    1
 7596     677   432   811  1333    2
 7597    1484   574  1964  4177    1
 7598     356   432   677  1333    2
 7599     909   955  1759  3626    2
 7600    1509  2102  2386  2765    1
 7601    1586  1548  1574  2108    1
 7602     463   411   494  1562    1
 7603     494   403   573  1562    1
 7604     403   404   573  1562    1
 7605    1831  3020  3735  4240    1
 7606      35    33  3291  3298    1
 7607     404   403   411  1562    1
 7608     411   403   494  1562    1
 7609     354   379   661  1652    2
 7610     870   624  2075  2972    1
 7611    3695  2496  4018  4021    2
 7612    1983  1611  3873  3983    2
 7613    1097  1065  1280  1330    2
 7614    1777  1015  1907  2384    2
 7615    2846   111  2898  2926    2
 7616    1311  1106  1598  1734    2
 7617    2833  1044  3075  4356    1
 7618    2216  2435  3197  3437    1
 7619     471   549  1304  1306    2
 7620     604   605  2446  4359    2
 7621    1566   188  1646  3508    1
 7622    1625  1642  1936  3075    1
 7623     254  1735  1868  2308    1
 7624    2407   550  3159  4395    1
 7625    1152   978  1462  3717    1
 7626    1571  1839  2406  2424    1
 7627     636  1070  2111  4324    1
 7628     593   519   635  1865    2
 7629     606   855  1977  2927    1
 7630    1731  3256  3770  3906    2
 7631    1186  2121  2411  2581    1
 7632     877   613  1162  4253    1
 7633     978  1172  3355  3717    1
 7634     733  1791  1810  2001    2
 7635    1716   792  2628  2906    1
 7636    2676   107  3339  3539    1
 7637    2206  2333  2431  2595    2
 7638     986   441  1353  1872    2
 7639     740   345  1229  1887    1
 7640    1447  1161  1538  3578    2
 7641    1480   721  1673  2774    1
 7642    3559  4369  4396  4397    1
 7643    3510  1914  3655  3670    1
 7644    1103   718  1272  3751    1
 7645     452   851  1534  2669    1
 7646    2364   157  2413  2588    1
 7647      48    49  3287  4112    1
 7648    1560  1210  3182  3812    2
 7649     985   932  1932  2200    1
 7650     314   282  1257  1599    2
 7651     897   508  1231  1867    1
 7652    1422  1438  1555  1568    1
 7653     314   662  1573  1599    2
 7654     660   662  1559  1599    2
 7655    3852  2940  3868  4104    2
 7656     447   292   902  2138    2
 7657     843  1240  1510  1709    1
 7658    1054  1682  1911  2118    1
 7659    2003  1718  2044  3830    2
 7660    3696  1334  3710  3825    1
 7661    1378  2678  3903  4210    2
 7662     723   648   890  2161    1
 7663    1519  1927  1979  2730    2
 7664     870   535  1191  1313    1
 7665     535   870  1127  1313    1
 7666     589  1665  2777  3819    1
 7667    1024  1659  2097  3533    1
 7668     359   535  1127  1313    1
 7669     427   359  1127  1313    1
 7670     359   427   535  1313    1
 7671     817   942  2033  2166    1
 7672    3430  3054  3504  3511    2
 7673    1979  1927  2542  3685    2
 7674     603  2853  4278  4394    2
 7675     872   800  1256  1503    2
 7676     872  1256  1491  1503    2
 7677     772  2259  2637  2704    1
 7678    4054  3743  4123  4310    1
 7679    2094   122  2651  3046    2
 7680    1854  1016  2568  2812    1
 7681    3233  3408  3472  3521    1
 7682    2318  1702  3469  3983    2
 7683     344   564  1098  3175    2
 7684    3416  2564  3436  3939    1
 7685     380   439   477  1318    2
 7686     310   380   477  1318    2
 7687     380   310   439  1318    2
 7688     310   304   439  1318    2
 7689     705  1074  1563  3225    2
 7690    1506  2057  3608  3929    2
 7691     956   873  2056  3225    2
 7692     310   326   919  1318    2
 7693    2711  1355  3011  3336    2
 7694    3221  1808  3492  3583    2
 7695     696   654   962  1899    2
 7696     605   604   709  3139    2
 7697     499   387  3847  4019    1
 7698     600   523  1330  2929    2
 7699    2780  3070  3251  3647    2
 7700     292    17  1075  3930    2
 7701     323   310   477  1318    2
 7702     310   323   326  1318    2
 7703     326   323   477  1318    2
 7704     268   333   793  1319    2
 7705      87  2448  2607  3477    1
 7706     543   417   803  1829    1
 7707    2165  1914  3670  3808    2
 7708    1966  1338  2132  4030    2
 7709     956   849  1020  3928    2
 7710     398   560  2477  3907    1
 7711     135   137  2980  3861    2
 7712     640   492  1211  2310    2
 7713    2582    73  2805  3104    1
 7714     760  1664  2761  3093    2
 7715    1489  3024  3204  3642    1
 7716     772   626  1381  1558    1
 7717    1839  2103  2175  2424    1
 7718     354   334   711  1878    2
 7719    1726   830  2719  3073    1
 7720    1541  2346  2396  3493    1
 7721    1668  1874  2345  2362    2
 7722    1765  1606  2582  2930    1
 7723     722   401  1329  2008    1
 7724    2093  2827  3676  4017    2
 7725    1232   741  1637  1680    1
 7726    1225  1074  1980  2082    1
 7727    1086  1675  1872  2237    2
 7728     219   221   220  2609    2
 7729    2959   840  3484  3518    1
 7730    2346  3080  3493  3494    1
 7731    1746  1500  1831  2399    1
 7732     636   531  4106  4324    1
 7733     410   753  1252  1551    1
 7734     803  1086  1098  1353    2
 7735    1123   846  1894  2282    1
 7736     162  1344  1882  3672    2
 7737     257   256  1585  2009    2
 7738     630  1894  2282  3548    1
 7739     344   307   532  1324    2
 7740     315   871  1133  1325    1
 7741     659   315  1133  1325    1
 7742    1673  1946  2774  3002    1
 7743     319   346   771  1325    1
 7744     130   131   129  2547    1
 7745     763  1635  2109  4110    2
 7746    1572  2510  2520  3180    2
 7747     833  1303  1971  2634    2
 7748     659   406  2171  1325    1
 7749    1536  2080  2114  2247    2
 7750     493   616   931  2755    2
 7751     156  1922  2035  2172    2
 7752    1722  1015  1777  2261    1
 7753     749   967  1648  2577    1
 7754    2128  1879  2186  2643    1
 7755    1451   769  1508  3133    2
 7756    1032   488  2850  3167    2
 7757     888  1246  1515  2391    2
 7758     666   540  2560  2807    2
 7759     533   561   651  1326    2
 7760      13   533   651  1326    2
 7761    3355  1482  3640  4059    2
 7762     533   283   561  1326    2
 7763     561   283   695  1326    2
 7764     283   349   695  1326    2
 7765     349   283   509  1326    2
 7766     692   561   695  1326    2
 7767     748  1384  2079  4378    2
 7768      71  2849  3547  4315    2
 7769    3135    70  3547  4315    2
 7770    3336  3355  3640  4059    2
 7771    1462  2037  3640  4059    2
 7772    1482  1462  3640  4059    2
 7773    3011  3336  3640  4059    2
 7774    3370  3135  3547  4315    2
 7775      94  3011  3640  4059    2
 7776     826   995  1854  2891    1
 7777    4111  3100  4186  4342    2
 7778     776   617  1072  3047    1
 7779     228  2732  3275  3730    1
 7780     691   680  1018  1369    2
 7781    1820  1720  2713  3369    1
 7782    1968  2887  3083  3459    1
 7783     225   227  3394  3452    2
 7784    2452  1683  2742  2916    2
 7785     984   764  1879  3905    2
 7786    1244  1214  1445  2040    1
 7787     513   473  1893  2089    2
 7788    1374  1038  2270  3323    2
 7789     441   426   954  1455    2
 7790    2201  1619  2243  2412    2
 7791     598   929   949  1534    1
 7792     832   808  3404  3665    1
 7793     594   492   778  3325    2
 7794     656   764   965  2089    2
 7795    1315  1190  1692  1773    2
 7796     473   402   656  1739    1
 7797    2638  2572  2821  2914    1
 7798     638   326  1145  1335    2
 7799    1223   542  2287  2439    2
 7800     542   492  2287  2439    2
 7801     492   758  2287  2439    2
 7802     789  1281  1480  2050    1
 7803    1796  1611  2940  3873    1
 7804     940  2285  3818  3898    1
 7805    1207  1357  3018  3393    2
 7806     326   356  1145  1335    2
 7807    3850  3652   212  3872    2
 7808    1125   952  1670  2599    1
 7809    1222  1023  1767  3601    1
 7810     717  1024  1644  2097    1
 7811    1518  1440  1915  1919    1
 7812    3574  2230  4048  4200    2
 7813     356   372   947  1335    2
 7814    1671  3174  3208  3393    2
 7815    3761   226  4292  4337    1
 7816    2069  1671  3208  3393    2
 7817     812   820  1677  1811    1
 7818     597   594   792  1944    2
 7819    2726  2604  2926  3002    1
 7820    1316  1213  1340  2735    2
 7821    2399  1860  3735  4050    1
 7822      78    80  2084  2158    2
 7823    1398  2694  3237  3375    1
 7824    1368  2195  2528  3062    2
 7825    1550  1267  2152  2938    2
 7826     258   257  2247  2936    2
 7827    2924   943  3067  4017    2
 7828     206   204  2600  3653    1
 7829     576  1302  1561  3693    1
 7830     925  1903  2369  2708    1
 7831    1190  1081  1265  4180    2
 7832     847   930  2817  4072    1
 7833     379   992  1469  3960    2
 7834    1941  2022  2194  2941    2
 7835    3142   227  3372  3416    2
 7836     608   582   893  2475    1
 7837     795   546  1271  3609    2
 7838     961   508  1012  3509    2
 7839     682   595   861  1341    2
 7840    2097  1659  3514  4022    1
 7841    1996  1200  2059  3482    2
 7842     861   595  1141  1341    2
 7843    1539  1431  1549  3076    2
 7844    1824  1583  2894  3492    1
 7845     867   682  1141  1341    2
 7846     682   861  1141  1341    2
 7847    1985   983  3067  3290    2
 7848     893   515  1260  1342    1
 7849     893   730  1655  2475    1
 7850     245   244  2635  3285    2
 7851     122   120  2616  3045    1
 7852    1386  2099  2740  2870    1
 7853     550   876  2295  3159    1
 7854    2453  1727  3789  4294    2
 7855     136   137  3586  3777    1
 7856     518   421   611  4164    2
 7857     532   307   970  1724    2
 7858    1377   918  1440  2312    1
 7859    1212   797  2334  2723    2
 7860    2271  2536  3515  4263    1
 7861     932   985  1932  2739    1
 7862     937   964  4389   559    2
 7863     361   374  2382  2383    1
 7864    1531  2200   702  4039    1
 7865    1261   972  1948  2601    1
 7866     647   896  2159  2745    1
 7867     466   393  2382  2383    1
 7868    3563  3532  3894  3904    2
 7869    1850   798  2777  4202    1
 7870    1536  1641  2080  2247    2
 7871    2846  3201  3483  4100    2
 7872    1218  1661  1825  1896    1
 7873     569   853  1218  1896    1
 7874     809   633  1505  2013    2
 7875    1773  1315  1786  1959    2
 7876    3265  3732  3958  4146    1
 7877    1248  1244  1445  2040    1
 7878     266   638   782  4194    2
 7879      89  1651  2388  3818    1
 7880    2430  2939  3218  3818    2
 7881     120   121  2616  3880    1
 7882    2235  1989  2345  2525    2
 7883    1943  2734  3036  4085    1
 7884    1527  1368  2195  2528    2
 7885    2593  3305   141  2424    2
 7886    1579  1576  2458  2957    2
 7887    2600  2068  3979  4007    1
 7888     947   586  1335  1730    2
 7889    1099  1552  2654  4403    1
 7890    1515   685  2374  2974    2
 7891     149   148  3753  4245    1
 7892    2879  1378  3630  3682    2
 7893    1498   755  1587  2759    1
 7894    3711  3696  4327  4367    2
 7895    2113    42  2496  3695    2
 7896     853   967  2577  2643    1
 7897     243  2096  2635  3285    2
 7898      39  2320  2525  2806    1
 7899    1936  2104  2444  3421    1
 7900    2587  2501  2797  2823    1
 7901    1365   820  1426  1673    1
 7902    1446   660  1559  1599    2
 7903    1105  1164  1291  2234    1
 7904     980   455  1307  1863    2
 7905    1709  1908  2144  3996    2
 7906     662   304  1559  4418    2
 7907     981   755  1575  1587    1
 7908     438   314   825  1573    2
 7909     172  1888  1918  2065    2
 7910    1577   504  1810  2001    2
 7911    1033   774  2421  3296    1
 7912    1322  1388  1460  2585    2
 7913    3015    23  4237  4352    2
 7914     817   612  1861  3420    1
 7915     128   126  3274  3527    2
 7916    3686  1584  4040  4051    2
 7917    1603  2192  2783  2805    1
 7918     206  2068  2132  3653    1
 7919     906  1536  1641  2080    2
 7920    3440  1923  3559  4396    1
 7921    1155  1076  1610  2771    2
 7922     890   723  2110  3244    2
 7923     956  1074  1580  1718    2
 7924     368   503  1403  1953    2
 7925    3071  2046  2262  3276    2
 7926    1672  1398  2694  3237    1
 7927     790   508  1012  2029    2
 7928     575  1384  2445  3149    2
 7929    3118  2099  4107  4407    2
 7930    3118  3555  4393  4407    2
 7931     734  1191  1845  2699    1
 7932    1375  1519  1927  2484    2
 7933    2489   122  2616  2651    1
 7934     583   281   859  1360    1
 7935      16   561   692  4058    2
 7936     473   513   764  2089    2
 7937     764   513  1235  2089    2
 7938    1478  2029  2672  3148    1
 7939    2605  1171  2770  3684    2
 7940    1541  1420  1553  2949    2
 7941     462   737  1005  1900    1
 7942     163  2863  3617  3705    2
 7943    2800  2212  2882  3052    1
 7944    4131  1705  4251  4293    2
 7945    1040   747  1322  4135    1
 7946     739   708  1080  1554    2
 7947    1080  1084  1554  3716    2
 7948     835   880  1582  2363    1
 7949    3687  1757  3771  3906    2
 7950     243  1817  2096  3675    2
 7951      32    31  1897  3896    2
 7952     173  2044  2126  3865    1
 7953    3115  2614  3280  3593    1
 7954     698   345   740  1887    1
 7955     834   828  2112  4411    2
 7956     995  1016  1854  2682    1
 7957    1049  1483  2010  2225    2
 7958     251   250  2153  2288    2
 7959    2300  2276  2503  3158    2
 7960    3442  1564  3443  4077    1
 7961     450  2778  3384  4067    1
 7962     345   686   762  1887    1
 7963     408   483   692  3106    2
 7964    1946  2074  3049  3283    2
 7965    3374  3338  3522  3890    2
 7966     273   669  2514  2581    1
 7967     176   174  3798  3889    1
 7968     261   274   641  1453    2
 7969     318  1131  4351  4389    2
 7970    1158  1834  2661  4154    2
 7971    1398  1336  1402  1602    1
 7972    1458  1348  1892  2024    2
 7973    1975  1834  2414  3261    2
 7974    1572  2738  3219  3366    2
 7975      47    46  2744  3311    1
 7976    1287  1336  1398  1602    1
 7977    1398  1402  1423  1602    1
 7978    1067  1397  2174  3717    1
 7979    1901  1961  2260  2844    2
 7980     702  1045  1217  1614    1
 7981    1454   424  2410  3005    2
 7982      26    25    24  2116    2
 7983    1331  1244  1554  1591    2
 7984    2037  1462  3640  3717    1
 7985    2810  3476  3957  3965    2
 7986    1919  1052  2778  2811    1
 7987    2010  1049  2886  2959    1
 7988    3142   226  3394  4292    2
 7989     359   419   467  2695    1
 7990    1638  1708  2084  3943    2
 7991    2903  2674  4047  4376    1
 7992     596   684  2416  2698    2
 7993     534   675  1392  1929    2
 7994     386   396   461  2695    1
 7995     436   541   991  2359    1
 7996    2900  3537  3590  3745    2
 7997    2959  1165  3609  3882    1
 7998    1255   466  2382  2668    1
 7999    3458  2963  3644  4044    1
 8000    1885  1617  2030  2133    1
 8001    1227  1215  2170  2432    2
 8002    1536   906  1742  2080    2
 8003      20    17   292  2138    2
 8004    1589  3429  4044  4249    1
 8005     682   649  1060  1755    1
 8006    2841  1838  3364  4007    1
 8007    2424  1571  2875  3324    1
 8008     789  1281  2050  2902    1
 8009    1199  1021  2280  2962    2
 8010    1368  2524  2562  3844    1
 8011     804   542  1549  3419    2
 8012     957   742  1082  2246    1
 8013    3124   975  3562  4182    2
 8014    3567  3307  4182  4341    2
 8015     858  1338  2398  4280    1
 8016    1081  1190  1315  1496    2
 8017    1052   895  1166  2476    2
 8018    1020  1784  2377  3720    2
 8019     448   428  1066  3384    1
 8020    1106   927  2338  3680    2
 8021    1367   755  1498  2773    2
 8022      83  2294  2447  3423    1
 8023    2482  1939  2502  3348    2
 8024     256   257  1585  2664    1
 8025    3585  3494  3586  3777    1
 8026    1248  1617  1751  2040    2
 8027    1617  1248  1885  2040    1
 8028    1821  2414  2616  2620    1
 8029      23  3591  4043  4237    2
 8030    1079   342  1404  2615    2
 8031     687   386  1221  2937    1
 8032     770   865  2799  4040    2
 8033    1244  1248  1794  2040    2
 8034    1248  1751  1794  2040    2
 8035    2134  1570  3162  3457    2
 8036    2078  1465  2086  2240    1
 8037     843  1062  1240  1709    1
 8038      63    65  3608  3646    1
 8039     512   781  1137  1622    1
 8040    1722   668  4060  4252    1
 8041    1180  2092  2148  2884    1
 8042    1506  1349  1780  2057    2
 8043    1074   956  1580  1605    2
 8044    2472  2360  3184  3468    1
 8045     741  1038  1374  2961    2
 8046    3687  3771  3821  3906    2
 8047    1018  1173  1277  1859    2
 8048    1833  1451  1903  2708    1
 8049     999   461  1781  2419    1
 8050     915  1219  2011  2739    1
 8051    1021  1669  2052  2962    2
 8052     278   745  1458  2755    2
 8053    1826  1387  2430  3478    2
 8054     699  1159  4404  4410    1
 8055    2142    48  2529  3287    1
 8056    1105  2014  2173  2934    2
 8057     547   565   806  2559    1
 8058    1414   781  1622  2740    1
 8059     220   219  2609  3729    2
 8060     254   253  1830  2868    2
 8061    1052  1327  1919  2778    1
 8062     233   232   231  1938    2
 8063     925   687  1781  2884    1
 8064     385   458  1335  1730    2
 8065     192   193  3292  3322    2
 8066    1788   986  1874  3155    2
 8067     259  2108  3154  2936    1
 8068     475  1006  1852  1878    2
 8069     305   480   644  1379    2
 8070     480   511   577  1379    2
 8071     519  1350  1535  1865    2
 8072    1294  1736  1841  2145    2
 8073    1160  1658  1766  2426    1
 8074    1514  1202  1764  2137    1
 8075     915  1219  3085  3425    2
 8076    3064  2794  3706  3860    2
 8077     672   646  1030  2334    2
 8078     577   511   724  1379    2
 8079    1820  2713  2999  3022    1
 8080    1232  3358  3543  3600    1
 8081    2870  3118  3858  4360    2
 8082    1001  1807  1955  2145    2
 8083    1939  2482  2568  3348    2
 8084     855   915  3085  3425    2
 8085    1219  3063  3085  3425    2
 8086    2729    38  3549  3981    2
 8087    1782  2498  2712  3674    2
 8088     129   130  2190  2746    2
 8089    1624  1617  1885  2133    1
 8090     801   437  1212  2334    2
 8091    1183  1400  3860  4113    1
 8092     450   448  1052  1865    2
 8093    1790  2302  2582  2805    1
 8094     448   450  1166  1865    2
 8095     770  1200  2799  3482    2
 8096     450  1052  1327  1865    2
 8097     326   356   372  3659    2
 8098    2707  2658  3970  4148    2
 8099    1626  3760  4063  4312    1
 8100     223  2204  2922  2978    2
 8101     334   378  1003  1383    2
 8102    2547  1711  3592  3840    1
 8103    2547  3029  3751  3840    1
 8104     693   334   711  1383    2
 8105     711   334  1003  1383    2
 8106    2772  1113  3088  3111    1
 8107     381   693   711  1383    2
 8108     465   381   711  1383    2
 8109    1072  1301  2772  3111    1
 8110    2825  1316  2999  3150    2
 8111     421   518   933  4164    2
 8112    3115    35  3957  3993    1
 8113    3406  1010   884   774    1
 8114     849  1506  3382  3842    2
 8115     900  1154  2241  2481    1
 8116     836  1459  2338  3680    2
 8117     701  1234  1254  2761    2
 8118    1433  1457  1934  2248    1
 8119     229   230   228  3730    1
 8120     501   470  1130  1418    2
 8121    1523  1094  2829  3962    2
 8122     723  1143  1969  3019    1
 8123    3997  3144  4289  4293    2
 8124     673  1136  1259  2179    2
 8125     438   314  1573  2883    1
 8126     895   805  2476  2958    1
 8127    1912  1701  2775  4253    1
 8128    2722  3241  3649  3868    1
 8129    2090  2502  2523  2756    2
 8130    2333  1314  2431  2595    2
 8131     263   694  1186  3946    1
 8132    1003   598  2544  3434    2
 8133    2827  2986  3746  4017    2
 8134    1773  1502  1856  1906    2
 8135    1265  1081  2957  4180    2
 8136    3399    25  3506  3625    1
 8137    2483  3142  3372  3416    2
 8138     890   987  2597  3212    2
 8139    2949  1553  3210  3496    2
 8140    3176  3170  3177  3263    1
 8141    2820  3760  4149  4251    2
 8142    2154  2553  3652  3736    2
 8143     920   781  1987  3775    1
 8144    1263  2556  2830  3383    1
 8145    3019  2061  3652  3872    1
 8146    3807  4115  4306  4322    2
 8147    1158  1530  2661  2991    2
 8148     745   278  2415  2755    2
 8149    1428  1649  1817  3675    2
 8150     493   445   636  1663    1
 8151    3597  3679  3959  4300    1
 8152    2291  2279  2355  2377    2
 8153    1361  1876  2088  3038    2
 8154     402  1739  3542  3600    1
 8155    1144   920  1552  1680    1
 8156     729  1665  3819  3968    1
 8157     652   821  1124  1813    2
 8158     935  1378  3884  4321    1
 8159    1822  1296  1978  2618    1
 8160     942  1263  1965  2086    1
 8161      99  1215  1950  2432    1
 8162    1402  1336  1928  3457    2
 8163     675   605  1188  1392    2
 8164    2275   550  3081  3421    1
 8165     410   392   500  1392    2
 8166    2218   813  3017  3243    2
 8167     523  1254  1330  2929    2
 8168    1161  2442  2717  2822    1
 8169     878   477  1454  3005    2
 8170     770  1198  1550  2243    2
 8171    2238  2069  3043  3491    2
 8172    1671  2069  3208  3491    2
 8173    2354  3089  3426  4178    2
 8174    3418  2728  3534  4399    2
 8175    1490  1268  1557  1643    1
 8176    1381  1041  1726  2217    1
 8177    1793  1850  3070  3411    2
 8178     253   254  1747  1956    1
 8179    3701  3029  3741  3840    1
 8180    1256  1503  2758  3435    2
 8181      96    98  2880  2950    1
 8182    3878  3780  4342  4379    2
 8183    1843  1856  1906  3869    1
 8184    2862  4096  4299  4376    1
 8185    3401  1529  3402  3982    1
 8186     935   442   981  1524    1
 8187     276   275  3950  3985    2
 8188    1831  1500  3788  4240    1
 8189    3470  2309  3567  4287    2
 8190    1470  2679  2935  2976    1
 8191     254   255  2114  2868    2
 8192    1425  1399  2271  2536    1
 8193     720   963  1392  1971    2
 8194    2679  1470  3219  3616    2
 8195     600   931  1559  1849    2
 8196    2228  2340  2914  2997    1
 8197     913   831  1287  1536    1
 8198     747  1292  1322  1771    1
 8199    1946  1407  2219  2774    1
 8200    1160  2142  2763  1670    1
 8201     523   600  1666  1974    2
 8202    1027  1260  1390  2475    1
 8203    1042  1637  1790  3097    1
 8204     721   516  1811  2824    1
 8205     516  1811  2824  3258    1
 8206     655   856  2323  2503    2
 8207     476   861   895  1528    1
 8208     209   208  2090  3023    2
 8209    1043   724  1167  1443    2
 8210    2459  2087  3598  3633    2
 8211     763  1375  2484  2580    2
 8212    1025  1265  2015  2369    1
 8213     709   484   850  3346    2
 8214    1661  1941  1958  2018    2
 8215     722   924   932  1614    1
 8216     236  2389  3083  3422    1
 8217    1318   533  2183  3224    2
 8218     548   773   774  1799    1
 8219    2843  4036  4042  4128    1
 8220    1715  2085  2960  3783    1
 8221     766  1070  2111  2121    1
 8222    2661  2094  3403  4170    2
 8223     724  1380  2135  2760    2
 8224    1570  1602  1742  1868    1
 8225    1394  1641  2350  2779    2
 8226    2597   987  3114  3212    2
 8227    1766  1174  1904  2516    2
 8228    1477  1953  2381  2445    2
 8229    3683  1584  3686  4051    2
 8230     815   313  1348  1974    2
 8231     693   381   711  3343    2
 8232    1420  2949  3419  3496    2
 8233    3408  2193  3472  3521    2
 8234     872   800  1503  2374    2
 8235    1830  1859  2134  2288    2
 8236    1948   972  2597  2601    1
 8237     594   492  4015  4176    2
 8238    2012  1870  2976  3317    1
 8239    2009  2080  1641  2247    2
 8240    1539    27  2769  3079    2
 8241    3327  3083  3460  3674    2
 8242     893  1140  1409  2220    1
 8243    1133   659  1783  2733    1
 8244    2351   884  3086  4085    1
 8245     611  1893  2089  4164    2
 8246    2405   196  2488  2718    1
 8247      58    57  3315  3984    2
 8248     207   209  2090  2606    2
 8249     760  2761  2929  3093    2
 8250     806   776   460   599    1
 8251     995  1950  2682  3168    1
 8252     490  1165  2736  2959    1
 8253    3353  3688  3709  3875    1
 8254     895  1052  1919  2476    1
 8255     893   840  3582   490    1
 8256    2574  2829  3338  3962    2
 8257    1053   895  1919  2476    1
 8258     594   778  1383  2544    2
 8259    1746  1500  2399  3204    1
 8260     603   908  1660  4394    2
 8261     472   444   497  3333    1
 8262    2079  2323  2574  3522    2
 8263    1500  1756  2399  3204    1
 8264    1489  1500  1746  3204    1
 8265    2996  3179  3526  3556    1
 8266     691   822  1369  1417    1
 8267    1329   466  1526  2668    1
 8268    3448  3447  3523  4341    2
 8269     975  3281  3562  4182    2
 8270    3447  4287  4290  4341    2
 8271    3281   975  3307  4182    2
 8272    1833  1960  2456  3910    1
 8273     558   719   866  1618    2
 8274    3688  3540  3708  3875    1
 8275    3170  3176  3177  4385    1
 8276     925  1138  1542  2419    1
 8277     406  2223  2415  3879    2
 8278     466   668  1393  4252    1
 8279     507   451   901  1441    1
 8280     420   285   459  4405    2
 8281    1644  1659  2550  4128    1
 8282    3474  2232  3672  3682    2
 8283     516   981  1524  3096    1
 8284    1490  1566  1667  3508    1
 8285    1207  1801  2052  2962    2
 8286    1194   814  1394  1592    2
 8287    1607  2343  3074  4361    1
 8288    1163  1870  2012  2988    1
 8289    1013   566  2702  2773    2
 8290    1955  1479  2185  3332    2
 8291    1260  1030  1390  1495    2
 8292    1030  1260  1412  1495    2
 8293    1315  1190  1773  1786    2
 8294     660   600  1559  1849    2
 8295     600   745   931  1849    2
 8296    1033   976  2408  2421    1
 8297     286   302   948  3620    1
 8298    3606  2479  3884  4097    1
 8299    2786  2297  3215  3498    2
 8300    1602  1601  1735  2284    1
 8301    2546  2814  3344  3580    2
 8302     215  3414  3980  4249    1
 8303     790   615  3465  3573    2
 8304    1224   672  1448  1623    2
 8305    1033   976  2421  3543    1
 8306     640   492   758  2287    2
 8307    2118  2572  2767  3230    1
 8308    1401  1520  2236  3978    2
 8309    2895  2866  3413  4011    1
 8310    2675  1225  2725  3382    2
 8311    1937   752  2016  2580    2
 8312    2343   999  2548  3074    1
 8313    3350  3349  3711  4367    2
 8314    1968  1943  2605  3327    2
 8315    2262  1975  2331  3719    2
 8316    1184   728  1644  3964    1
 8317    1427   822  1920  3876    1
 8318    2598  3176  3232  3263    1
 8319     625   929  2894  3420    1
 8320     314  1599  4106  4254    2
 8321    2499  3409  3878  4372    2
 8322    1187  2019  4186  4372    2
 8323     128  2947  3036  4085    1
 8324    2996  2351  3086  4085    1
 8325    3447  3134  4214  4319    2
 8326    1178   933  1463  3439    2
 8327    1792  1901  2719  3073    1
 8328     949   598   992  1420    2
 8329    2461    92  3112  4138    2
 8330     868     1  1351  1432    2
 8331    1526  1107  2250  2420    1
 8332       9   868  1247  1432    2
 8333    1605  2056  2782  3142    2
 8334    1048   768  1482  4059    2
 8335    2240    84  3126  3742    1
 8336    2386  1419  3160  3725    1
 8337     174  2748  3321  3889    2
 8338    1381  1978  3898  4077    1
 8339    1479  1492  1955  2042    2
 8340     451  1240  1441  1510    1
 8341    1196  1573  2883  4419    1
 8342     403   404   896  1900    1
 8343    2724  1265  3451  4180    2
 8344     684   457   799  2584    1
 8345    1534   537  4357   851    1
 8346    1062   843  1240  1517    1
 8347      38  2210  3549  4057    1
 8348     189  2150  2730  3963    1
 8349    1706  1222  1767  2745    1
 8350     467   516   721  1630    1
 8351    1328  2162  2168  3037    2
 8352     354   711  1003  1878    2
 8353     933   951  1178  3843    2
 8354     569   853   944  1445    1
 8355     461   467  1221  2695    1
 8356    1979   190  3286  3685    2
 8357     608   893  1655  2475    1
 8358    1027   823  1260  2475    1
 8359     620  1285  1375  1519    2
 8360    2725   705  3842  4037    2
 8361     728  1441  1640  2082    1
 8362    2917    48  3030  3141    2
 8363    2734   884  3406  4085    1
 8364     249   248  3162  4117    2
 8365    1852  1006  2145  3386    2
 8366    1418  1130  3544  4409    2
 8367    2921  1848  3203  3580    2
 8368    1224   607  1473  1623    2
 8369    2191  3034  3202  3655    2
 8370    3447  3564  4287  4341    2
 8371    1307   980  2358  2562    1
 8372    1100  1813  2735  3734    2
 8373     660   782  1319  1849    2
 8374    3746  3315  3984  4017    2
 8375     456   412   539  3357    2
 8376    2235    39  2320  2525    2
 8377    2819    73  2930  3686    2
 8378     932   985   995  4039    1
 8379     874  1076  2203  2251    2
 8380     175   174  3061  4011    1
 8381     418   715   965  1893    2
 8382    2823  2797  3533  3664    1
 8383     947   926  3624  3628    2
 8384    1150  2027  2099  3953    1
 8385     577  1379  1863  3190    2
 8386    2168  1328  3037  3091    2
 8387    2051  2590  2904  3337    1
 8388    1423  1402  1570  1602    1
 8389     289   458  1335  4013    2
 8390    1191   734  1845  2963    1
 8391    1674  1391  3716  4402    2
 8392    1645   245  1817  2253    2
 8393     283   346   349  2994    1
 8394    1569   943  2924  4017    2
 8395    1569  2924  3315  4017    2
 8396    3338  2829  3522  3890    2
 8397    1819  1668  2362  3155    2
 8398    2027  1386  2099  2740    1
 8399     410   306   753  3660    1
 8400     477   415   639  1454    2
 8401     323   477   639  1454    2
 8402     477   323   878  1454    2
 8403     311  1186  2121  2411    1
 8404     482   914  1351  1432    2
 8405       9     1   868  1432    2
 8406    2014  2173  3267  3827    1
 8407    3549    38  4057  4301    1
 8408      74  3051  3683  4051    2
 8409    2215  2262  2331  3275    2
 8410    3708  2198  3709  3875    1
 8411    1488   954  2013  2373    2
 8412     378   634   838  3832    2
 8413     991   541  2187  2359    1
 8414    1756  1860  2399  4086    1
 8415    3363  2920  3546  3848    2
 8416    2089  3988  4164  4217    2
 8417    3170   587  3177  3263    1
 8418    2923  1594  3943  4050    1
 8419     812   789  1021  2831    1
 8420    1852  1006  3386  3615    2
 8421    2895  1998  3798  4094    1
 8422    1420   787  1541  1553    2
 8423     313  1141  1404  4343    2
 8424     626  1041  1381  1558    1
 8425     656   514   678  3600    1
 8426    2505  1071  2955  3195    1
 8427    3179  2520  3180  3299    2
 8428    1493  2278  2708  3975    1
 8429     985   959  2739   995    1
 8430    2250  1526  2420  2803    1
 8431    1729  1372  2376  2447    1
 8432     474   627   874  1499    2
 8433    2238   165  3541  3688    2
 8434    2190   130  3029  2746    2
 8435     592   663  1234  1474    2
 8436     533   293   430  2183    2
 8437    1413  1039  1494  1504    2
 8438     882   423  1547  2445    2
 8439     679   766   891  2395    1
 8440     354  1003  1652  1878    2
 8441    1639  1734  1762  1994    1
 8442    2363  2827  2986  3269    1
 8443    3353  3208  3541  3688    2
 8444    2984  1607  3621  3636    2
 8445     986  1353  1455  1788    2
 8446     586   385  1335  1730    2
 8447     698   580  1887  3805    1
 8448    3743  2696  4123  4310    1
 8449    1862  1570  2813  4117    1
 8450     253  1735  1956  2284    1
 8451     368  1083  1656  1953    2
 8452    2703  3115  3291  3476    1
 8453     982   913  1287  1548    1
 8454    1448   755  1575  2861    2
 8455    2164  1562  2511  2689    1
 8456    1509  2102  2765  3520    2
 8457    2530  1858  3196  3978    2
 8458    3344  2886  3518  3631    1
 8459    1867  1201  2228  2997    1
 8460      70    71    69  2623    1
 8461    1469  1352  1729  2409    2
 8462     901   869  1441  4114    1
 8463    2520  2998  3180  3299    2
 8464    2748  3071  4094  4277    2
 8465    1074   956  1605  2564    2
 8466     849   554  2993  3843    2
 8467    1291  1391  2840  2934    2
 8468    2869  2952  3913  4396    1
 8469     905  1463  1521  1761    2
 8470     895   805  1053  1528    1
 8471     100  2170  2812  3348    2
 8472     773  1274  2122  3895    1
 8473     759  1411  1416  1444    2
 8474    1278  1051  3715  3899    1
 8475    1323  1352  1376  1689    1
 8476    3687  1701  3771  3772    1
 8477     917   688  1232  1637    1
 8478    1577  1253  3989  4236    2
 8479    1441  2082  3964  4114    1
 8480     589   471   798  2966    2
 8481     947   356  1335  3392    2
 8482    1139  1037  1299  1774    1
 8483     670   553   679  2411    1
 8484     224   222  2625  2978    2
 8485     712  1658  2199  2364    1
 8486    2894  3492  3494  3585    1
 8487     681   835  1122  2685    2
 8488     732  1797  3194  3297    2
 8489    1917  1676  2199  2255    1
 8490    2186  2128  2643  3246    1
 8491    2848  2713  3747  3909    2
 8492    1082   742  2177  2246    1
 8493    1986  2481  2569  3000    1
 8494     419   467  1221  1630    1
 8495     516   467   981  1630    1
 8496     467   419   981  1630    1
 8497     244   243  1817  2635    2
 8498    1213   936  1820  2918    1
 8499    1503  1515  2374  2974    2
 8500     931   745  1348  1849    2
 8501    3470  3054  4287  4371    2
 8502    1567  1994  2115  2375    1
 8503     437   607   672  1448    2
 8504     422   437   672  1448    2
 8505     694  1104  1186  2969    1
 8506    2605  2770  3327  3684    2
 8507    1760  2123  2568  3348    2
 8508    1330  1254  1446  1474    2
 8509    1238   663  1254  1474    2
 8510    3790  3757  4195  4227    2
 8511    2981   992  3520  4228    2
 8512    3780  3790  4195  4227    2
 8513    2570   756  2596  2918    1
 8514    2904  2590  3503  3810    1
 8515     393   401   621  1694    1
 8516    1856  1773  1906  1959    2
 8517    2412  1711  2478  2979    1
 8518     168  3300  3633  4162    2
 8519    1074  1580  1980  2082    1
 8520     853   370  1087  2577    1
 8521    1440  1481  2254  2450    2
 8522    2797  1772  2823  3533    1
 8523     542  2109  3221  3832    2
 8524    2397   320  3465  3573    2
 8525    3544  3118  4107  4407    2
 8526     942   587  1818  2667    1
 8527    2482  2268  2756  3006    1
 8528    2326  2731  3316  3977    1
 8529    1296   936  1636  2130    1
 8530     387   777  1665  3956    1
 8531    3273  3228  3699  4272    1
 8532    3228  2214  3866  4361    1
 8533    1224   795  1337  1877    2
 8534    1466   243  1629  1645    1
 8535    2430    89  3218  3499    2
 8536    1278  2594  2828  4032    2
 8537     689   951  1192  1452    2
 8538     122   121  2489  2616    1
 8539     338   478  2048  4193    1
 8540     679   311   766  2411    1
 8541     421   639   933  1454    2
 8542     421   323   639  1454    2
 8543     323   421   432  1454    2
 8544     432   421   933  1454    2
 8545    1408  1556  2828  3892    1
 8546      79  2342  2686  2835    2
 8547    1591  1554  2714  3716    2
 8548    1961  1802  2448  2844    2
 8549     177   179   178  3033    2
 8550    1791  1577  1810  2001    2
 8551    2700  2646  3120  3438    1
 8552     520   587  1699  3177    1
 8553    2376  1396  3137  3423    1
 8554      93    95  1048  3658    2
 8555    3487  3203  3580  4196    2
 8556    2396  2346  3080  3493    1
 8557     365   876  2912  3377    1
 8558    1805  1781  1903  3316    1
 8559    2124  1604  3592  3701    1
 8560     888   609  1246  2391    2
 8561     754   827   962  2391    2
 8562     430   280   533  1458    2
 8563     280   430   439  1458    2
 8564     439   430   533  1458    2
 8565    3319  2191  3738  3739    2
 8566    1685  2227  3877  4165    1
 8567    3128  1685  3877  4165    1
 8568    1607  1596  2990  3415    1
 8569    2684  1723  3417  3622    2
 8570    2050  2341  2657  3049    1
 8571     639   715   383  1893    2
 8572    1511  2066  3329  3952    2
 8573     851  1534  2417  4357    1
 8574     654   685   962  2391    2
 8575     507   960  1044  2407    1
 8576    1870  2976  3317  4152    1
 8577     418   383   715  1893    2
 8578    2501  2587  2627  2823    1
 8579     798  1135  1251  1850    2
 8580    2420  2137  2747  4161    1
 8581    1684  1686  3128  3237    1
 8582    1494  1355  2494  2711    1
 8583     956   873  1361  1876    2
 8584    1365  1480  2074  3066    1
 8585    2433  3813  4157  4211    1
 8586     621   394   912  1694    1
 8587    1570  1402  2617  3457    2
 8588     350   436  3623  3847    1
 8589     894   319  1325  2994    1
 8590    1118   809  1269  2394    2
 8591    2087  2458  2459  3598    2
 8592     617   808  1039  2772    1
 8593     415  1108  1517  1533    1
 8594     424   415   689  1533    1
 8595     609   525  1678  2992    2
 8596    1545  1627  3405  3915    2
 8597    1872  2237  4079  4125    2
 8598      59  3273  3699  4272    1
 8599     153  2803  3189  4006    2
 8600    1055   702  1118  4049    1
 8601     834  1179  2112  2583    2
 8602     776   565  2299  2559    1
 8603    3009  3440  4221  4396    1
 8604     723  2054  2095  2446    2
 8605     690  1039  1504  1512    2
 8606    2103  1770  2175  3324    1
 8607     423  1477  1504  1547    2
 8608     802  1532  2339  2832    2
 8609     633   540   702  1614    1
 8610    1369  1411  2227  4025    2
 8611     702   540  1045  1614    1
 8612    1210  1071  1387  3478    2
 8613    3605  1416  3918  4025    2
 8614    2450  2254  3918  4025    2
 8615    1800  1124  1837  2392    2
 8616     295    17   297  1468    2
 8617     333   268  1075  1468    2
 8618      68    66  2257  4145    1
 8619    3267  2867  4318  4380    1
 8620     581   290   970  1468    2
 8621    1988  2172  3131  3841    1
 8622     362   581  1047  1468    2
 8623     362   290   581  1468    2
 8624     267   290   297  1468    2
 8625     268   267   297  1468    2
 8626     268    17  1075  1468    2
 8627      17   268   297  1468    2
 8628     970   290  1195  1468    2
 8629     267   268  1195  1468    2
 8630     290   267  1195  1468    2
 8631     268   970  1195  1468    2
 8632     268   333   970  1468    2
 8633    4175    69  4306  4323    2
 8634      28    27  1539  2818    2
 8635    1719  1715  2960  3783    1
 8636    2059  3481  3482  3849    2
 8637    1809  1158  2661  2991    2
 8638     720  1392  1929  1971    2
 8639     531   580  1559  4418    2
 8640    1479  2042  2185  2683    1
 8641     832  2210  3665  4057    1
 8642     282   314  1196  1573    1
 8643     754   827  1540  1600    1
 8644     148  1406  1935  4245    1
 8645     472   497   597  3016    1
 8646     843  1507  1510  1516    1
 8647     488  1656  3252  4305    2
 8648    2496  1531  4018  4039    1
 8649    1214  1132  1631  1794    2
 8650     630  1273  2282  3856    2
 8651    1090  2219  2685  2702    2
 8652     309   272  1297  2969    1
 8653    2310   640  2888  3017    2
 8654     587   520   953  2119    1
 8655     967  2315  2577  2643    1
 8656    1740   736  2663  3931    1
 8657    2051  1301  3184  4163    1
 8658    1999  2101  2255  3173    2
 8659    3229    60  3367  3444    1
 8660    2172  2199  2335  2365    1
 8661    1416  2450  3918  4025    2
 8662     641    10  1453  4350    2
 8663     348   714   815  1616    2
 8664    1802  2448  2844  3718    1
 8665     832  3404  3549  4057    1
 8666    1451  1011  1542  2369    1
 8667    1425  2271  2327  4263    1
 8668     753  1252  1551  2382    1
 8669    2986  2296  3098  3273    1
 8670     959   985  2739  2274    1
 8671     347   353  2211  3921    1
 8672      46  2206  2333  2431    2
 8673    1510  1507  2160  4157    1
 8674    1083  1953  2381  3108    2
 8675    1252  1017  1343  2382    1
 8676     753   374  1252  2382    1
 8677     716   617   808  1477    2
 8678     808  1039  1413  1477    2
 8679     180  2701  3199  3480    1
 8680    1709  2017  2160  3187    1
 8681     417   633  1455  1505    2
 8682     603   707  2295  4278    1
 8683    1670   650  1894  1969    1
 8684    2140  1412  3121  4269    1
 8685     716   565   733  2299    1
 8686    3349  3350  4218  4367    2
 8687     846  1123  1894  1969    1
 8688     503   788  1403  2001    2
 8689     863   417  1455  1505    2
 8690     633   737  1023  1505    1
 8691    1800  1837  1840  3703    2
 8692    1803  2628  2637  2859    1
 8693     752  1583  2109  2971    2
 8694    2277  1210  3703  3812    2
 8695    1871  1886  4277  4282    2
 8696    1678   864  3110  3366    2
 8697    1158  1834  2094  2661    2
 8698    1676  1917  1999  2255    2
 8699    1561  3668  3834  3841    1
 8700    1403   503  1810  1953    2
 8701     488   923  2908  3012    2
 8702    2697  2762  2790  3153    1
 8703    1933  1673  2506  3201    1
 8704     982  1276  1457  1548    1
 8705     724  1043  1167  2135    2
 8706    3644  3764  3980  4044    1
 8707     996  1167  1939  3168    2
 8708     923   488  2810  3012    2
 8709    1276   982  1287  1548    1
 8710     736  1148  1376  1588    1
 8711     546  1730  2602  4386    2
 8712    1514  2137  2674  3239    2
 8713     917  1299  1981  2442    1
 8714     653   478   989  1518    1
 8715     246   245  1909  2253    2
 8716     573   628  2039  2380    1
 8717     625   452   736  1534    1
 8718    1879  1958  2034  3453    2
 8719     465   555  2669  2750    1
 8720    1751   231  2030  2133    2
 8721    1462   978  3355  3717    1
 8722    2225  2191  2517  2546    2
 8723     932   924  1932  2200    1
 8724     816   441  4125  4247    2
 8725    1173  1018  1277  1641    2
 8726    1757  3687  3772  4082    1
 8727     236   235  2498  2712    2
 8728    2155   791  2626  4129    2
 8729    1838  2841  3689  4007    1
 8730     563   333   676  3839    2
 8731     989   478  1377  1518    1
 8732    2661  3403  4119  4170    2
 8733     452   537   736  1534    1
 8734     507   869  1044  1633    1
 8735     525   418   611  1660    2
 8736    1005   737  1023  1900    1
 8737    3710  3349  3802  4219    1
 8738     363   338  2048  4193    1
 8739    1637  1604  2192  3592    1
 8740    2822  2636  3095  3809    1
 8741    3014  2780  3070  3251    1
 8742    3114  3700  4233  4234    2
 8743     847   462  2246  2403    1
 8744    2567  1669  3227  3268    1
 8745     279   277   523  2395    2
 8746      34  3022  3291  3388    1
 8747    1189  1472  2026  3968    1
 8748    2780  1793  3070  3647    2
 8749    2836  2684  3292  3322    2
 8750     655   573   748  2174    1
 8751     522  1067  1301  2174    1
 8752     500   577  2666  4201    2
 8753    3101  3409  3862  4084    2
 8754    2174  1152  2632  3717    1
 8755    1140  1284  1409  2861    1
 8756     423   575  1547  2445    2
 8757     978  2174  3184  3717    1
 8758    1039  1413  1477  1504    2
 8759     690  1039  1477  1504    2
 8760     807  1997  3569  4130    2
 8761     318   376   839  4235    1
 8762    3549  3373  3550  3981    2
 8763    3028   947  3259  3628    2
 8764     546   795  1165  3609    1
 8765     910   813  2193  3408    2
 8766    2591  1634  2735  3150    2
 8767     123   125  1157  2077    2
 8768    2174  1371  3184  3717    1
 8769     727  1811  2343  3072    1
 8770     496  1185  1813  3734    2
 8771    2067  1488  3859  4030    2
 8772    2296  2984  3759  4248    2
 8773    1300   798  1464  2495    1
 8774    1495  1289  2743  3319    2
 8775     566   545  2685  2773    2
 8776     916   591  3967  4052    1
 8777    2205  2863  3271  3474    2
 8778    1512  1504  1951  3088    2
 8779    3131  1595  3445  3837    2
 8780    2383   887  4060  4252    1
 8781     214   213  3774  3852    2
 8782    2947  2578  3036  4085    1
 8783    1603  1637  2188  2192    1
 8784    2264  1996  2701  3199    2
 8785    1637  1603  2188  1139    1
 8786     731  1026  1104  1836    1
 8787    1468   335  4266  4343    2
 8788    2301  1691  2660  3900    2
 8789     309  1104  1186  1836    1
 8790    1014   883  2942  4038    2
 8791    2369  1496  2652  2708    1
 8792    1386  1156  1467  1622    1
 8793    2467  1339  3140  3354    1
 8794    1862   250  2284  3040    1
 8795    1829   803  2039  2817    1
 8796    3358   678  3543  3600    1
 8797    1532   802  2773  2832    2
 8798    2311   185  2878  4200    1
 8799    2522  1883  2531  2955    2
 8800     360   552  1364  4260    1
 8801    3376  3710  3802  4219    1
 8802    2726  1407  2773  3331    2
 8803     725  1184  2647  3260    1
 8804     620   746  1285  2423    2
 8805     756   464  2570  2596    1
 8806    1477   423  1942  1953    2
 8807    2279  1787  2551  3090    1
 8808    2916  1206  3398  4172    2
 8809    1203  1707  2196  3629    1
 8810    1553   929  2346  3077    1
 8811    1156  1179  1414  1622    1
 8812    3216  1153  4027  4313    2
 8813      54  2956  3240  4329    1
 8814     421   908  1145  1745    2
 8815    1109  1700  2950  2967    1
 8816    3639  2429  4191  4262    2
 8817    1819  1109  2950  2967    1
 8818     492  1211  3325  4015    2
 8819    2922  1843  3901  4362    1
 8820    1726  1040  1728  2217    1
 8821    3432   161  4055  4133    2
 8822     781   512  1414  1622    1
 8823     849   554  3843  4267    2
 8824     770   671  1200  1627    2
 8825    2860  2117  3370  3406    1
 8826    3322   193  3389  3430    2
 8827    1967  2542  3685  3963    1
 8828    2003  2126  2273  3865    1
 8829    2777  2495  3968  4202    1
 8830    1793  1194  1795  1921    1
 8831    1709  1062  1908  3996    2
 8832    1824   752  2580  4110    2
 8833    2309  2218  3263  3307    1
 8834     870   412  1127  2324    1
 8835     374   405   624  2075    1
 8836    2208  2749  3020  4240    1
 8837    2533    64  2991  3039    2
 8838     419   427   442  2220    1
 8839     151  2189  3722  3851    1
 8840     816  2610  3552  3991    2
 8841     608  1655  2467  2475    1
 8842    2216  1120  2435  2519    2
 8843     452   625  1995  3967    1
 8844     442   893  1409  2220    1
 8845    3135  3053  3794  4175    2
 8846    1287   913  1536  1548    1
 8847     454   446   844  2437    2
 8848     673   423  1477  1504    2
 8849    2424   141  3324  4150    1
 8850     748  1152  1236  2174    1
 8851    1792  1901  1961  2337    2
 8852    1092  1280  4127  4324    2
 8853    2094  2215  2489  2534    2
 8854     809  1055  1269  1505    2
 8855     809   633  1055  1505    2
 8856     592   713  1234  3093    2
 8857    1908  1062  2279  3996    2
 8858    1592  1194  2187  2378    1
 8859    2093  1122  3018  3174    2
 8860    1962  2816  4158  4383    1
 8861     194   193  3322  3430    2
 8862    1459   836  2417  3680    1
 8863    2120  2072  3676  3867    1
 8864    2510  2860  3179  3589    2
 8865     962  1029  1799  4056    1
 8866    1015  2261  2384  2497    2
 8867     373   638  3519  3528    2
 8868    1138  2419  3028  3072    1
 8869     969  1394  2350  2779    2
 8870    1336   860  1398  1535    1
 8871    1080   708  1187  1554    2
 8872    1574   260  1586  2108    1
 8873    1575  2759  3704  4366    2
 8874    3567  3176  4141  4340    1
 8875    2469   816  4079  4246    2
 8876     507   451  1510  1517    1
 8877    1574  1536  1586  1641    2
 8878     320   488  1185  3734    2
 8879    2379  2507  3182  3883    1
 8880    2957  1265  3451  3694    1
 8881    2174  1371  2380  3184    1
 8882     785   416  1657  2912    1
 8883     938  1536  1574  1641    2
 8884    1617  1751  2030  2133    2
 8885     462   847  3667  4074    1
 8886      49  3235  3287  4112    1
 8887    1996   671  2852  3726    2
 8888     910  3454  3505  3513    1
 8889    2598  1818  3243  3513    1
 8890     668  1722  2903  4096    1
 8891    3212   720  3244  3736    2
 8892    3405  1584  3683  4051    2
 8893     667   892  1543  4061    2
 8894     594   732  1924  1944    2
 8895    1387  1826  2531  3478    2
 8896     436   363   440  3623    1
 8897     722   401  1614  1814    1
 8898     858  2067  3859  4030    2
 8899      93  1259  2632  3166    1
 8900    1174  1160  1766  2426    2
 8901     963  1907  3212  3262    2
 8902     963   720  1188  3262    2
 8903     891   842  2395  4001    1
 8904     372   437  1730  3871    2
 8905    2674  1177  3554  4047    2
 8906    3531  3302  4173  4336    1
 8907    3655  2036  3670  3738    1
 8908    2137  2674  3554  4047    2
 8909     333   563   970  3839    2
 8910     888   453  1515  3737    2
 8911     896   957  2159  2745    1
 8912      45    47  2352  2538    1
 8913    1263  1245  2556  3383    1
 8914     975  3124  3217  4385    1
 8915    3252  1264  4298  4305    2
 8916     894   428  2811  2994    1
 8917    3245  1870  4152  4306    2
 8918     618   704  1680  3542    1
 8919    1592  1363  1992  3733    1
 8920     537   452   851  1534    1
 8921     598   949  1323  1534    1
 8922    1431  1549  3079  3419    2
 8923     567   415  1108  1517    1
 8924     415   567   689  1517    1
 8925     843   567   905  1517    1
 8926     905   567  1108  1517    1
 8927     565   716   776  2299    1
 8928     843   905  1516  1517    1
 8929     997  2076  2233  3574    2
 8930    1036  1282  1890  2512    1
 8931     997  1099  2230  3574    1
 8932     989   653  1369  4181    2
 8933    1018   680  1363  3130    2
 8934    1444  1688  1690  1859    2
 8935    1362  1204  1590  1859    2
 8936    3127  2467  3354  3785    1
 8937    2451  3545  3756  3904    2
 8938    1590  1173  1830  1859    2
 8939    1018   691  1444  1859    2
 8940     533   430  1318  2183    2
 8941    1362  1613  1688  2153    1
 8942    1719  1715  2665  2960    1
 8943     604   454   844  2437    2
 8944    1108   367  1220  2275    1
 8945    1588  2376  2663  3931    1
 8946    2270  1038  2961  3323    2
 8947    2020  2683  3014  3379    1
 8948    1586  1574  1641  2633    2
 8949    1586  1641  2247  2633    2
 8950    1598  1567  1621  2115    2
 8951    2464   956  3843  4267    2
 8952    3004  3927  4022  4121    1
 8953    1539  2078  2818  3076    2
 8954    1807  3779  3972  4332    2
 8955    3238  3972  4043  4332    2
 8956    2141  2328  2692  4250    2
 8957     135   136  3586  4209    1
 8958    1303  1095  1971  2043    2
 8959     649   714  2171  2316    1
 8960    2663  2376  3137  3931    1
 8961     160   161  3432  3923    2
 8962     444  2477  3106  3333    1
 8963      47  2206  2497  2566    2
 8964    2554  1298  2767  3938    2
 8965    2762  2056  4184  4229    2
 8966    1090  1281  2219  2774    1
 8967    3131  1595  3837  3841    1
 8968     929   452  1534  2669    1
 8969     466  1255  1329  1526    1
 8970    1067  1072  1301  2772    1
 8971    1019  1581  1593  3799    1
 8972     465   555   631  2669    1
 8973    2823  2985  3229  3365    1
 8974    1263   587  2667  4052    1
 8975    1076   874  1598  2251    2
 8976    1697  1733  1762  2251    2
 8977    4035  1931  4308  4309    1
 8978    1503  1467  1945  4393    2
 8979      18   420    19   459    2
 8980     420    19   536  2138    2
 8981    1838  2013  2453  2920    2
 8982     797   486  1031  2313    2
 8983    1548  1457  2108  3154    1
 8984    1601   822  1613  1920    1
 8985    1423  1287  1602  1920    1
 8986    1602  1613  1862  1920    1
 8987     100   101  2454  2812    1
 8988    1207   566  1801  3624    2
 8989     101   100  2170  2812    2
 8990     775     9  1247  2491    1
 8991     895   918  1528  1919    1
 8992    3474  2205  3678  3682    2
 8993    3094   151  3722  3851    1
 8994    1624  1973  3293  3524    1
 8995     588   426   939  2067    2
 8996    1736  1492  1789  2145    2
 8997     760  1233  3057   842    2
 8998    1708  1831  2084  2158    2
 8999     790  2397   615  1147    2
 9000    1749  1908  1918  2144    2
 9001    1311  1697  1762  2251    2
 9002    2808  2319  3056  3329    1
 9003     319   346  1325  2994    1
 9004    1736  1789  1807  2145    2
 9005    3014  2780  3251  3748    1
 9006     511   588  1142  3425    2
 9007     878  3005  3659  4183    2
 9008     695   321  3106  3333    1
 9009     558   675  1676  2925    2
 9010     671  1200  1996  2799    2
 9011    2541  1437  2654  4078    1
 9012    2434  3124  3125  3442    1
 9013    3333   695  2477  3106    1
 9014     367   451  1108  3752    1
 9015    1001   886  1006  1955    2
 9016    2465  1627  2717  3863    2
 9017    2268  1760  2482  2523    2
 9018     527   757  3149  3175    2
 9019     327   590  2457  3143    2
 9020     930  3995  4072  4074    1
 9021     758  1223  2439  2563    2
 9022    1479  1492  1852  1955    2
 9023     668  1393  1424  2668    1
 9024    1284  2983  3619  3754    1
 9025    1284  1129  2983  3754    1
 9026    1293  2403  3667  4074    1
 9027     816  3552  4079  4246    2
 9028     149  3410  3635  3753    2
 9029    2347  1994  1189  1639    1
 9030    1941  1896  1958  2133    1
 9031    2896  3004  3326  4022    1
 9032    1805  1855  2092  2120    1
 9033     129  2478  2547  2979    1
 9034     872  1503  1515  2374    2
 9035     706   979  2723  3966    2
 9036    1624  1896  1941  2133    1
 9037    2579  2528  3190  4020    2
 9038    1565  2625  2652  3050    2
 9039     721   820  1480  1673    1
 9040     682   714   805  2958    1
 9041    3351  3033  3961  4009    2
 9042    2837  2671  3644  4089    1
 9043    1465  2830  3126  3383    1
 9044     654   696  1660  1899    2
 9045    2185  1193  2187  2378    1
 9046     576  1252  1743  2706    1
 9047    1589  1581  3341  3342    1
 9048    1581  1537  3341  3342    1
 9049    1296  1748  1978  2618    1
 9050    1768  2175  2488  2618    1
 9051    1768  1296  2175  2618    1
 9052      89    87    88  1651    1
 9053     695  2477  3106   349    1
 9054      49  3141  3193  3235    2
 9055    3732  3926  4146  4337    1
 9056    2014  1543  2865  4061    2
 9057     598   929  1534  2669    1
 9058    1204  1277  1433  1585    2
 9059     666   410   833  1551    1
 9060    3167  3012  3881  4002    2
 9061    1963   448  2476  2811    1
 9062    1044   960  2104  3075    1
 9063    3544  1356  3555  4407    2
 9064    1818   587  3170  3263    1
 9065    1133  1345  1663  1783    1
 9066    1582   880  2148  3897    1
 9067    1169  2543  2655  3488    1
 9068     604   484  2793  3856    2
 9069     929   949  1534  3077    1
 9070    1525  1000  2915  3920    2
 9071    1640  1695  2017  2551    1
 9072     659   276  1776  1783    1
 9073     650   374  1894  1969    1
 9074    2576  1388  2585  2641    2
 9075    1798  1635  3583  3584    2
 9076      33    34  3388  3944    2
 9077     313   793  1348  1974    2
 9078     950  1445  1885  1896    1
 9079     944  1218  1825  1896    1
 9080     187  1155  1610  2771    2
 9081    1426  1365  3201  3776    2
 9082    2673  2500  3799  4185    1
 9083     685  1029  1137  2535    1
 9084    1212  1271  3609  3966    2
 9085    3654  3558  4143  4221    1
 9086     293   306  3594  3666    1
 9087    1358  1925  3289  4285    1
 9088     367   550  1220  2275    1
 9089    1189  1639  1667  2375    1
 9090    1643  1189  1667  2375    1
 9091    1198   872  1246  1550    2
 9092     770  1198  1246  1550    2
 9093     794   581   970  3839    2
 9094     317   528   529  2662    1
 9095     109  3319  3738  3739    2
 9096    1975  1886  2046  3719    2
 9097    1710  2066  2078  4118    1
 9098    1841  1311  1852  3021    2
 9099     888   654  1660  1899    2
 9100     417   543   737  1829    1
 9101    1096  1461  1737  2189    1
 9102     512   704  1414  1869    1
 9103    1265  1081  1496  2369    1
 9104    2298  2953  3013  3289    1
 9105    4287  3567  4290  4341    2
 9106    1872  1675  2345  2525    2
 9107    1827   758  3723  3796    2
 9108    1431  1223  1511  1549    2
 9109    1431  1511  1539  1549    2
 9110     951   432  1454  2410    2
 9111     171   172  2291  2377    2
 9112    2190  2270  2478  3712    2
 9113     808   832  1136  2179    2
 9114    3086  2297  3459  3497    1
 9115     348   659  2316  3950    1
 9116     961  3026  3509  3770    2
 9117    1833  1805  2092  3975    1
 9118     923  1100  2735  3734    2
 9119     598   465   631  2669    1
 9120    2046   229  2367  3276    2
 9121     368   423   882  2445    2
 9122    2726  2898  2926  3331    2
 9123    1312  1790  2192  2302    1
 9124    1729  1372  2294  2344    2
 9125     440   363  1518  2312    1
 9126     421  1745  2464  3843    2
 9127    1927  1857  2484  2542    2
 9128     525  1763  2089  3905    2
 9129    1190  1508  1773  1786    2
 9130    1735   252  1868  2284    1
 9131    2494  1397  3166  3717    1
 9132    1152  1462  1523  3717    1
 9133    2311   183  4078  4200    1
 9134     822   557  1518  2441    1
 9135    3914  3937  3945  3951    2
 9136     230   229   228  2367    2
 9137     879  3063  3425  4034    2
 9138     995   915  2011  2739    1
 9139    2357   186  3248  3249    1
 9140    3116  1967  3685  3963    1
 9141     663   493   931  1785    2
 9142    1005  1203  1829  2928    1
 9143    1443  2482  2502  3348    2
 9144    4009  3033  4045  4262    2
 9145     596   690  2416  4400    1
 9146     548   785  1029  1799    1
 9147    2015  1389  2204  2652    1
 9148    1875  2429  3245  4130    2
 9149     193  3264  3430  3511    2
 9150    2600   206  2608  3186    1
 9151    4005   108  4026  4046    2
 9152    1268  1422  1490  1557    1
 9153    1818   587  2721  3170    1
 9154     440   557  2048  3815    1
 9155    2052  1365  2107  3407    2
 9156     242  1685  2694  3171    1
 9157    2145  1736  3387  3788    2
 9158     320   308  1656  3573    2
 9159     986   441  1874  2610    2
 9160    1214  1244  1554  1794    2
 9161     982   913  1548  2752    1
 9162    2278  2625  3050  3820    2
 9163    2720    25  3506  3987    1
 9164     162   164  1882  2479    1
 9165     928  1050  2111  4235    1
 9166    1256  1987  2758  3456    1
 9167    3051  2302  2028  3104    1
 9168    1027  1775  3769  4148    2
 9169     495   290   544  4144    1
 9170    1679  2642  2665  3164    2
 9171    1146  2076  3462  3781    2
 9172     371   532   911  3108    2
 9173    3452   225  3958  4184    2
 9174    1889  1866  1913  2092    1
 9175    3418  1359  3544  4107    2
 9176    2427  2461  3707  4236    2
 9177    1355  3011  3336  3355    2
 9178     410   753  1551  3660    1
 9179     579   529   713  1616    2
 9180    2245  1539  2818  3076    2
 9181     610   714   744  1616    2
 9182     529   579   744  1616    2
 9183    3806  3958  4184  4229    2
 9184     977  1001  1006  2145    2
 9185    1212   672  1483  2225    2
 9186    1563  1597  2056  2564    2
 9187    1651  2371  3443  3499    1
 9188     201  2372  3468  4160    1
 9189     435   527   655  1562    1
 9190     435   494   527  1562    1
 9191     527   494   573  1562    1
 9192     643   530  1699  3177    1
 9193    1282  1478  1890  2512    1
 9194     252   253  1735  1868    1
 9195    3020  1860  3735  4240    1
 9196    3016   472  3907  4135    1
 9197    1602  1735  1742  1868    1
 9198    1619  1540  2201  2243    2
 9199     308   368   757  2445    2
 9200    3798  3864  4095  4187    1
 9201    1627  1161  3405  3915    2
 9202    2474  1673  3201  3483    1
 9203     379   354  1003  1652    2
 9204    1727  2283  3773  4294    2
 9205    1500  3238  4295  4332    2
 9206    1266   863  1353  1788    2
 9207    1987  1256  2509  3467    1
 9208     139  3502  4159  4214    2
 9209     847   930  4072  4074    1
 9210    2729    36  3013  3374    2
 9211    1493  1508  1565  2278    2
 9212    3107  1153  4133  4313    2
 9213     872   971  2374  2390    2
 9214     329   407   948  1713    1
 9215    1302  1143  1430  1595    1
 9216    1827  1511  2563  4242    2
 9217     840   442  1409  2655    1
 9218    2870  2740  3456  3560    1
 9219     600   660  1446  1599    2
 9220    3549  3373  3981  4301    1
 9221    1229   710  1887  4410    1
 9222    1065   766  1280  2111    1
 9223    1298  1183  1400  2626    2
 9224     917  1042  1790  4147    1
 9225    2905  3298  3881  3944    2
 9226    1314  1846  2431  2595    2
 9227     790   504  1253  3509    2
 9228    1571  1839  2424  2576    2
 9229     385   586  1138  3304    1
 9230    2307  1304  2423  3137    2
 9231    3472    86  3723  3796    2
 9232    1159  1887  3804  4410    1
 9233    2527  3704  4281  4366    2
 9234    1118   809  2394  4076    2
 9235     379   620   763  3122    2
 9236    2707  2942  3354  3677    1
 9237    1751  1693  1794  1997    2
 9238    1937  2016  2081  2484    2
 9239    2509  3376  3802  4219    1
 9240     577   500  1188  1698    2
 9241     553  1186  1836  2411    1
 9242     708  1187  2440  4372    2
 9243    1001  1703  1807  2145    2
 9244    1205   998  2745  3916    1
 9245      93    94  3640  4059    2
 9246    1476   712  2199  2364    1
 9247    1840  1800  1978  2618    1
 9248    1837  2175  2488  2073    1
 9249     684   742  2416  2698    2
 9250     825   974  2272  4355    2
 9251     522   481   726  1925    1
 9252     156   158   157  2035    2
 9253      56  2527  3744  3903    2
 9254     755   981  1498  1587    1
 9255     334   676   818  3839    2
 9256    3099  3414  3458  3803    1
 9257     542   378  2439  3434    2
 9258     632   546  1165  3258    1
 9259    2478  1711  2547  2979    1
 9260    2725  1745  3312  4267    2
 9261    1373  1268  1490  1643    1
 9262    3256  2303  3835  3906    2
 9263     535  1537  1581  1593    1
 9264     588   511  2760  2897    2
 9265     929   625  2346  3077    1
 9266     961  1201  1867  2504    1
 9267    1484  1452  1752  2757    1
 9268    3218  2558  3443  3818    1
 9269    2458  2957  3254  4180    2
 9270    3169  2509  3575  3802    1
 9271     289   269  1335  2437    2
 9272    1148   736  1995  2258    1
 9273    2304  3370  3807  4315    2
 9274    3459  1274  3497  4167    1
 9275    3404  3665  3973  4057    1
 9276     977  1638  1708  2084    2
 9277    1874  2336  2610  3991    2
 9278     509   818  1166  1957    2
 9279    1053  2476  2811  2958    1
 9280    1576   922  3260  3303    1
 9281      55    56  2527  4281    2
 9282     848   805   907  1963    2
 9283     398   387   642  2477    1
 9284     815   848   907  1963    2
 9285    1210   674  2392  2641    2
 9286     853  1087  1218  2577    1
 9287    1839  2175  2406  2424    1
 9288     441  1353  1872  4125    2
 9289     639  1893  4164  4286    2
 9290    1673   721  1933  2774    1
 9291     742  1082  2177  2610    2
 9292    2834  1985  2858  3133    2
 9293    1434  2482  2502  2573    1
 9294     913   541   991  3815    1
 9295    1500  1708  1746  1831    2
 9296     732   841  1797  3297    2
 9297     410   500   666  1698    2
 9298     419   359   637  2695    1
 9299    1767  2068  2132  3801    1
 9300    2589  2256  2592  3150    2
 9301     739   807  1693  1984    2
 9302    1204  1277  1585  1590    2
 9303     545   422  1448  2832    2
 9304    1106  1598  2125  2338    2
 9305    1019  1290  1022   700    1
 9306      45    47  2206  2352    2
 9307     409   645  1241  1582    2
 9308    2268  2523  3183  3295    2
 9309    1528  1053  1919  2811    1
 9310    1883  1728  2217  2522    1
 9311     240  1684  1686  3128    1
 9312    1392   833  1971  2634    2
 9313    1786  1773  1959  3446    2
 9314      70  2623  3135  3547    1
 9315    1181  1239  1704  2418    2
 9316    1389  1317  2015  2922    1
 9317    3160  2463  3266  3725    1
 9318     348   815   907  3879    2
 9319    2552  1354  2770  3055    1
 9320     857  1676  2101  2322    1
 9321      74    73  2582  3104    1
 9322     773  1799  1981  3055    1
 9323    2645  1346  3100  4208    1
 9324    1430  1143  1476  2054    1
 9325     655   435  1562  2689    1
 9326    1465  1710  1827  2078    2
 9327     330   352   743  3220    1
 9328    1528  2312  2943  3623    1
 9329     833  1095  1303  1743    1
 9330     797  1153  1691  4330    2
 9331    1478  2512  3280  3593    1
 9332    1042   688  1637  3097    1
 9333    2636   182  3095  3809    1
 9334    1595  3445  3837  3850    2
 9335     418   525   609  1899    2
 9336    1314  1303  2716  2932    1
 9337     494   321   819  3333    1
 9338     548   623   774  3358    1
 9339    1010  3406   884  3954    1
 9340     940  2178  2277  2505    1
 9341    1213  1316  1720  2592    1
 9342    1068  2605  3044  3684    2
 9343    1283  3376  3710  3802    1
 9344    1704  2418  3165  3462    2
 9345    3529  3633   168  3300    2
 9346    2590  3337  3565  3810    1
 9347    2555  2847  3571  3895    1
 9348    3404   832  3665  4057    1
 9349    1824  1583  2045  2894    1
 9350    2098  2885  3163  3421    1
 9351     565   716  1403  1953    2
 9352     582   608  1175  2475    1
 9353    1676  2101  2199  2255    1
 9354    3306  3505  4010  4275    2
 9355    1461  1401  3196  3801    1
 9356    1444  1417  1817  2253    2
 9357    2842  2214  3228  4361    1
 9358     975  2218  3281  3307    2
 9359     992   379  1003  3960    2
 9360    1152  1236  2174  3973    1
 9361    1057  1128  1554  1591    2
 9362    1244  1057  1554  1591    2
 9363    1320  3112  3113  3707    1
 9364    2071    45  2538  3311    1
 9365    1038  1139  1637  2188    1
 9366     665  2824  3258  4321    1
 9367    1433  1363  1457  1992    1
 9368    1749  1780  1804  2057    2
 9369    1106   927  1154  1639    1
 9370    1513  1068  1943  3400    2
 9371     452   537   777  1995    1
 9372    1022  1019  1655  2673    1
 9373     927  1106  1311  1639    1
 9374     431   495  1060  2943    1
 9375     993  2151  2198  3709    1
 9376     276  1345  1776  2493    1
 9377     963  1188  1392  1698    2
 9378    2797  2587  2823  2985    1
 9379    3679  2933  3959  4316    1
 9380    2564  2056  3416  3436    2
 9381    1663  1776   275  1783    1
 9382     194   193   192  3322    2
 9383    2050  2341  2567  2890    1
 9384    1323  1534  2102  2386    1
 9385     189  3116  3286  3963    1
 9386    1017  1252  1343  1743    1
 9387    2532  3196  3363  3479    1
 9388     808  2772  3404  3665    1
 9389    1448   607  1623  2832    2
 9390    1773  1502  1906  3836    2
 9391    1439  1679  1990  2152    2
 9392    1308  2461  3765  3951    2
 9393     230  2331  2367  2732    2
 9394    1165  3609  3882  3887    1
 9395     350   495   544  3623    1
 9396    2786  1687  3299  3527    2
 9397     500   410  1392  1698    2
 9398     558   327  1618  2457    2
 9399    1039   808  1413  2772    1
 9400    1609  2041  2032  2306    2
 9401     317   528  2662  3052    1
 9402    1107  1698  2666  4201    2
 9403     412   458  2324  2437    2
 9404     428   448  1066  1957    2
 9405     410   833  1392  1698    2
 9406    1736  2208  3387  3788    2
 9407    1097  1257  1330  1599    2
 9408    1097   314  1257  1599    2
 9409    1307   980  1863  2358    2
 9410    2127   904  4077  4241    1
 9411     980   996  1863  2358    2
 9412    1523  1152  2632  3973    1
 9413     748  1152  2574  3973    1
 9414    2690  2285  3893  4241    2
 9415     451   728  4177  4333    1
 9416    1482  1951  2372  3103    2
 9417    1044  1516  2104  2885    1
 9418    2221  2128  3351  4004    1
 9419     539   551  2793  4189    2
 9420    1628   820  1811  3258    1
 9421    2122  1981  2946  3055    1
 9422     448   450  1066  1957    2
 9423    1518  1440  1919  2312    1
 9424     737   462  1005  1829    1
 9425    1287  1398  1423  1602    1
 9426    1658   712  1670  1969    1
 9427    1658  1476  1969  2054    1
 9428    2376  2294  2720  3891    1
 9429    3149   575  4125  4247    2
 9430    2600  3181  3186  3801    1
 9431     240   241  1685  3128    1
 9432    1312  1161  2442  2717    1
 9433    3911  1962  4173  4383    1
 9434    2049   882  2147  2503    2
 9435     620  1285  1519  2565    2
 9436    1353   863  1455  1788    2
 9437     760  1974  2006  2929    2
 9438    1407  1090  2219  2774    1
 9439    1650  1544  2166  2899    1
 9440    2090   209  2586  2606    2
 9441    1855  1833  2092  2787    1
 9442     234   236   235  2498    2
 9443    4004  3627  4297  4317    1
 9444     462   404   957  2403    1
 9445     241   242  2096  3675    2
 9446    1140  1409  2220  2861    1
 9447    1274  1799  2605  3086    1
 9448    1733  1568  2146  2203    2
 9449    1437  1099  2654  4403    1
 9450    1013  1310  2107  4100    2
 9451     904   940  1978  3898    1
 9452    1388   747  2397  2908    2
 9453    1235  2840  1291  2018    2
 9454    1456  1823  1976  2064    2
 9455    1901  2370  2719  2844    1
 9456    2088  1328  2292  3038    2
 9457    1062  1908  2279  2551    1
 9458     292   431   583  4266    1
 9459     642   465   851  2750    1
 9460    2650    95  3166  3658    1
 9461    3135  2304  4115  4315    2
 9462    2098  1761  2262  3163    2
 9463    2796  1612  3398  3557    2
 9464    2939  2558  3818  3893    2
 9465    2408  1572  2520  3180    2
 9466     394   621   912  2486    1
 9467    3118  3418  3534  3858    2
 9468    1253   504  1577  3770    2
 9469    1403   538  1953  1942    2
 9470    3204  3014  3748  3768    1
 9471    2723   797  4038  4330    2
 9472    3433   154  4047  4299    2
 9473    2487  2645  3226  4208    1
 9474    2495   798  2777  3819    1
 9475     768   673  1547  2079    2
 9476     657   465   851  3786    1
 9477    1336  1570  1742  3457    2
 9478     831  1336  1742  3457    2
 9479     981   419  2220  3663    1
 9480     980   724  1117  1863    2
 9481     808  1413  2772  3665    1
 9482    1051  1278  1932  3899    1
 9483     807   525  2992  4322    2
 9484     577   724  1043  1863    2
 9485    1820  2703  3022  3291    1
 9486    3033   179  4075  4093    2
 9487    1287  1601  1602  1613    1
 9488     591   916  2613  3832    2
 9489    1817  1928  2253  2635    2
 9490    1483  1049  3609  3966    2
 9491    1624  1973  2022  3293    2
 9492    1291  1661  2018  2840    2
 9493    2043  1714  2893  4309    1
 9494     627  1499  1555  2203    2
 9495    1243  1181  1552  2541    1
 9496     488   790  1032  2850    2
 9497    1428  1649  2227  4025    2
 9498    3447  3502  3523  4341    2
 9499    1904   158  2035  2413    2
 9500     516   467  1811  3258    1
 9501     629  1036  1292  2512    1
 9502     484   709  3139  3346    2
 9503    1373  1490  1566  1643    1
 9504     853   569   944  1896    1
 9505    2401   944  3648  4213    1
 9506    2803  3189  3433  3553    2
 9507    2505  1748  3185  3883    1
 9508    3648   944  3827  4213    1
 9509    1175   608  1313  3140    1
 9510    2282  1273  3450  3856    2
 9511     646   422  4320  4370    2
 9512    1764  1514  1846  2932    1
 9513     509  1066  1957  3817    2
 9514     648   890  3212  3262    2
 9515    3094  3851  3899  4032    1
 9516     954  1455  2013  2453    2
 9517    1227  2123  2135  3348    2
 9518    3127  2467  3140  3354    1
 9519    1914  2191  2225  2546    2
 9520     227  3436  3761  3939    1
 9521    2074  1946  2474  3283    2
 9522    1180  1889  1891  2093    2
 9523    2866  2865  2895  3413    1
 9524    1675  1668  1788  2345    2
 9525    1451  1011  2393  3259    2
 9526     908   425  1145  1745    2
 9527    2026  1472  2561  3968    1
 9528     425   584   705  1745    2
 9529    2564  2697  3939  3964    1
 9530     133   134   132  4339    1
 9531     286   301  3620  4031    1
 9532    1401  2462  3196  3978    2
 9533     770  1198  2243  3874    2
 9534     976   968  1572  3366    2
 9535    1702  2313  3216  3983    2
 9536     477  1318  2183  3224    2
 9537     775  2212  2882     5    1
 9538    3103   994  3149  4101    2
 9539    2263  2751  2902  3709    1
 9540     430   284   771  3666    1
 9541     508   790  1282  2029    2
 9542     607  1224  1448  1623    2
 9543     351   506   796  3823    1
 9544     566  1357  2052  2107    2
 9545     394   443   912  1694    1
 9546     393   621   912  1694    1
 9547     867   815  1348  1974    2
 9548     793   600  1849  1974    2
 9549    1348   793  1849  1974    2
 9550     600  1348  1849  1974    2
 9551    1235  1105  1291  2934    2
 9552      32    31    30  1897    2
 9553    1291  2173  2867  2934    2
 9554    3690  3781  4255  4367    2
 9555    2368  2405  3236  3955    1
 9556    1124  1800  2184  2392    2
 9557    3008  2759  3671  3704    2
 9558    2231  2259  1847  2719    1
 9559    2488  1768  2507  3955    1
 9560     637   364   730  4347    1
 9561    2507  1768  3883  3955    1
 9562    1992  1592  3733  3992    1
 9563    1482  1951  3103  4101    2
 9564    1123   846  2282  3656    2
 9565    2229  2399  3943  4086    1
 9566    2830  3126  3233  3242    1
 9567     632  2736  3630  3884    1
 9568     801   437  2913  3871    2
 9569    3710  1262  3802  3825    1
 9570     629   560  1949  3854    1
 9571      85  3242  3454  3472    1
 9572    2127  1558  3177  3217    1
 9573    1005   957  2745  4381    1
 9574    1374  1637  1680  3097    1
 9575     923  1634  2908  3012    2
 9576     499  2048  3815  3847    1
 9577     440   557   860  2441    1
 9578    1084  1157  1578  1674    2
 9579    3015  1703  3669  4120    2
 9580    3068  3232  3389  3501    1
 9581    2545  1298  2626  2767    2
 9582    3450  2763  3656  3824    2
 9583    1043  1527  2523  3183    2
 9584     720   963  3212  3262    2
 9585    1749  1506  2057  3634    2
 9586     718   688  1042  3097    1
 9587    1478  1890  2512  3593    1
 9588     538   882  2079  3522    2
 9589     807   739  1693  1759    2
 9590    1253   503  1656  1810    2
 9591     565   733   738  1810    2
 9592    1032  3252  4298  4305    2
 9593    3009  3838  3858  4399    2
 9594    1019   823  1022  1655    1
 9595    2173  2867  3267  3827    1
 9596    2389  4054  4123  4310    1
 9597     738   733  1791  1810    2
 9598     504   503  1253  1810    2
 9599    1535  1350  1915  3237    1
 9600    1426  1365  1673  3201    1
 9601     354   474  1306  2966    2
 9602    2068  1706  2745  4381    1
 9603    1070  2111  2121  3758    1
 9604     636  1663  2111  3758    1
 9605    3063  1278  3859  4034    2
 9606     210  1880  2856  3834    1
 9607    2103  1770  2281  2593    1
 9608    2341  2050  2567  3227    1
 9609     830  1847  2259  2719    1
 9610    2015  2369  2652  2708    1
 9611    2579  1015  2653  4020    2
 9612    1174  1904  2095  2176    2
 9613    3102  2614  3593  4302    2
 9614    2113  1556  2266  2480    2
 9615     884   774  2734  3406    1
 9616    1068   962  1485  1799    1
 9617    1718  2355  2377  3830    2
 9618     465   642   851  3786    1
 9619     245  2635  2802  3285    2
 9620     151   150  1991  2189    1
 9621    1225  2675  3650  3929    1
 9622     615   307   692  3829    2
 9623    1799  1274  2734  3086    1
 9624     544   338  2943  4144    1
 9625     942   852  1370  1965    1
 9626     936  1213  1316  1720    1
 9627    1099   997  1487  1681    1
 9628    1843  1866  2092  3836    1
 9629     920   997  1099  1681    1
 9630     741  1038  1232  1637    1
 9631    1037  1139  1299  1637    1
 9632    1232  1037  1299  1637    1
 9633    1038  1037  1232  1637    1
 9634    1037  1038  1139  1637    1
 9635    1188   500  1392  1698    2
 9636    1201  2300  2503  3158    2
 9637     666   500  1380  1698    2
 9638     410   666   833  1698    2
 9639    1471  1857  2016  2484    2
 9640     666  1107  1202  1698    2
 9641    2162  1328  2209  3091    2
 9642    3334  1579  3451  3694    1
 9643    1250   680  1394  3130    2
 9644     728   574  1184  1644    1
 9645    1760  1226  1970  4090    1
 9646     941  2027  3953  4012    1
 9647    1827  1245  2556  2287    2
 9648    1282  1478  2029  2850    2
 9649    2789  1426  3776  3793    2
 9650    1217   702  1531  2854    2
 9651     654   395   888  1660    2
 9652     496   320  1185  3734    2
 9653     707   603   955  1660    2
 9654     603   696   955  1660    2
 9655    2590  1242  2815  3503    1
 9656     476   478  1377  4192    2
 9657     946   885  2434  3217    1
 9658    1172  1482  1951  2372    2
 9659    1352  1323  1469  1689    2
 9660    1708  1001  2145  4295    2
 9661    2933  1976  3604  3679    1
 9662    1987  1283  3710  3802    1
 9663    1303   833  1514  2634    2
 9664    1816  3026  3256  4068    2
 9665      85    86  3472  3796    2
 9666    1359  1146  3418  4083    2
 9667     627   874  1499  2203    2
 9668    1772  2766  2823  3533    1
 9669    1807  3015  3669  3779    2
 9670    1673  1365  2074  2474    1
 9671    2692   987  3212  3700    2
 9672    1618   484  1702  2656    2
 9673     172   173  2065  3830    2
 9674    1422  1490  1557  1643    1
 9675      59    58  3572  3699    1
 9676     145  2638  3064  3860    1
 9677     984   968  1648  2577    1
 9678     968  1033  1648  2577    1
 9679    1439  1679  1715  1990    1
 9680     490   582  2959  3484    1
 9681     200   198  1741  2169    1
 9682    1371  1067  1397  2174    1
 9683     240  1416  1649  2096    2
 9684     716   776  2299  3047    1
 9685    1167  2135  2523  3348    2
 9686    1446  1330  1474  2929    2
 9687    1797  1826  2531  3297    2
 9688    1797  2531  3194  3297    2
 9689    2531   496  3194  3297    2
 9690    1100   496  1813  3734    2
 9691     749  1010  1033  1648    1
 9692     749   967  1010  1648    1
 9693     981   935  1524  2624    1
 9694    2361  2182  2473  3151    1
 9695     160   159  3923  4140    2
 9696     196  2405  2507  3236    1
 9697    1805  1855  2120  4197    1
 9698    1917  2156  3030  3191    2
 9699    1642  1936  2400  3798    1
 9700    2370  1769  3442  4098    1
 9701    1985  1891  2687  3067    2
 9702    1045  1226  1760  4090    1
 9703      51    53    52  2658    2
 9704     643  1064  2287  3832    2
 9705    3469  3577  3800  3868    2
 9706     820  1365  1480  1673    1
 9707    1603  1312  2192  2302    1
 9708    1754  1205  2068  3916    1
 9709    2200  1531   702  1118    1
 9710     714   649  2171  2958    1
 9711      67  3757  3780  4227    2
 9712    1541  1553  2346  2949    1
 9713     189   191   190  1979    2
 9714     673   768  1504  2179    2
 9715    4063  3760  4149  4312    1
 9716    1248  1617  1624  1751    2
 9717     954   986  1455  1727    2
 9718     583   431   934  1755    1
 9719    1594  1555  3943  4086    1
 9720     474   354   661  1652    2
 9721    3061   174  3321  4094    2
 9722    3071  1998  3413  4094    2
 9723    1152  1523  2829  3962    2
 9724      96    97  1707  4258    2
 9725    1609  3065  3380  3598    2
 9726     432   951  2088  2410    2
 9727     284   321   494  3666    1
 9728     169   170   168  4158    1
 9729    1545  1540  1619  3405    2
 9730    1654  1821  2058  2833    1
 9731    1007  2162  2290  2356    2
 9732    1763   764  2089  3905    2
 9733    3365    61  3444  3831    1
 9734    1386  4360  4393  4407    2
 9735    1513   909  2753  3449    1
 9736     946  2285  2690  4241    2
 9737     998  1966  2159  2745    1
 9738     142  3192  3909  4150    2
 9739    1814  1226  1970  3006    1
 9740    1262   920  1283  1987    1
 9741    1219   915  2011  3063    2
 9742    1487  1437  1681  3272    1
 9743    2246   847  2403  4074    1
 9744    2573  2482  2756  3006    1
 9745     838   634  2791  3845    2
 9746    2693  1871  3071  4277    2
 9747    1871  2693  3833  4277    2
 9748     622   633  1023  4024    1
 9749    1752  1192  1964  3530    1
 9750    3278  3914  3945  4296    1
 9751    1301  2051  2590  4163    1
 9752    3061  2866  3321  4174    2
 9753    1675  1788  1872  2345    2
 9754    1583  2045  2894  3420    1
 9755    2620  1815  2651  3318    1
 9756     809   426  1455  2013    2
 9757     722   647   924  4024    1
 9758    1457  1276  1585  2664    1
 9759     613   464  2559  2570    1
 9760    3264  3054  3389  3430    2
 9761    1352  1689  1729  3516    1
 9762    1399  1425  1740  2536    1
 9763     478   476  2312  4193    1
 9764     573   411  1072  2164    1
 9765     522   573  1072  2164    1
 9766     522   411   776  2164    1
 9767     411   522  1072  2164    1
 9768     280   533  1458  1892    2
 9769    1623  1284  2861  2983    2
 9770     395   654   696  1660    2
 9771     737   622  1023  1900    1
 9772    1936  1642  2038  3697    1
 9773     822  1427  1920  2441    1
 9774    1871  1258  4238  4282    2
 9775     455  1379  1863  2136    2
 9776    2263  3001  3353  3875    1
 9777     404   543  1829  1900    1
 9778    1913  2070  2092  2456    1
 9779    1231  1162  1867  4082    1
 9780    1555   627  1638  1940    2
 9781    2200   985  2496  2508    1
 9782    2041  2032  2306  3367    2
 9783     355   414   556  3921    1
 9784     220  2609  2890  3729    2
 9785    2625  2278  3446  3836    2
 9786    1289  1030  1775  2334    2
 9787     101    99  1950  2432    1
 9788     280   278  1325  2415    1
 9789    1660   611  1759  2853    2
 9790     971   872  2076  2390    2
 9791     454   486  1031  2334    2
 9792    3242    85  3454  3762    1
 9793      57  2296  3463  3759    1
 9794     575   994  1429  3512    2
 9795    2455  1821  2616  3318    1
 9796    1271   437  1730  4386    2
 9797    2897  2760  4076  4257    2
 9798     686   762  1887  3804    1
 9799     233  1938  2289  3092    2
 9800     431   407   934  4065    1
 9801     857   558  1676  2322    1
 9802    1781  1805  1903  2708    1
 9803     551   539   630  2972    1
 9804     953   398  2750  3907    1
 9805     845   609   864  3942    2
 9806     558   405   952  2322    1
 9807    2780  3251  3713  4120    2
 9808    1986  1459  2417  2481    1
 9809     534   558   857  2322    1
 9810     831  1336  1602  1742    1
 9811    2333  1314  2595  4190    2
 9812    2637   772  2704  3170    1
 9813    2326  1947  2858  3866    2
 9814    2092  1866  2456  3836    1
 9815    2743  2727  4026  4046    2
 9816     114   116  2687  3290    2
 9817    2304  3135  3589  4315    2
 9818     504  2049  3256  3509    2
 9819    1490  1566  1643  1667    1
 9820    1422  1490  1643  1667    1
 9821    1490  1422  1568  1667    1
 9822    1438  1422  1557  1667    1
 9823    1557  1422  1643  1667    1
 9824    1438  1557  1643  1667    1
 9825    2268  1226  2523  3295    2
 9826    1566  1373  1643  1667    1
 9827    1373  1566  1610  1667    1
 9828     724   577  1379  1863    2
 9829    1405  1124  2256  2591    2
 9830    1316  1720  2825  2999    1
 9831     206  2132  3147  3314    2
 9832    2599  1917  3030  3191    1
 9833    1139  1037  1774  1996    2
 9834    2050  2341  2890  3729    1
 9835    1870  1163  2012  2776    1
 9836     317   469  1836  2662    1
 9837    1789  1492  1807  2145    2
 9838    2713    33  2999  3022    1
 9839     956   873  1876  2056    2
 9840    1566  1646  1667  3508    1
 9841    2056  1605  2564  3416    2
 9842     452   398   953  4243    1
 9843    1511  1223  1827  2563    2
 9844    1009   742  2177  2610    2
 9845    1122   409  1241  2093    2
 9846     866   700  1537  2457    1
 9847     437   422   545  2832    2
 9848     755  1448  1575  2832    2
 9849    3344  3202  3486  3631    1
 9850     226   227  3142  3394    2
 9851    1510  2017  2129  4132    1
 9852    1706  1005  2745  4381    1
 9853     783  1620  1842  2539    1
 9854     999   461  2419  2548    1
 9855    2070   114  2120  2787    1
 9856    1061   746  2002  2409    2
 9857     814  1135  1275  2777    1
 9858    1715  1679  1719  2665    1
 9859    1068  1799  3211  3449    1
 9860    1649   240  2096  3675    2
 9861    3326  3004  3927  4022    1
 9862     710   329  2883  4410    1
 9863     465   711  1003  2544    2
 9864    2315  1470  2935  2976    1
 9865     263   273  2514  3946    1
 9866    1494  1413  2179  2650    2
 9867    1199  1021  2151  2280    1
 9868     625  1148  1995  2045    1
 9869     594   472  1383  1905    2
 9870    2923    79  3385  4050    1
 9871    1410  1144  3710  4087    1
 9872    2456  2687  2834  3446    2
 9873     221  2074  2609  3049    2
 9874    3307  3281  4182  4341    2
 9875     538   423   882  2147    2
 9876     423   368   882  2147    2
 9877     739   525   807  1763    2
 9878    1311  1598  1852  3386    2
 9879    1164   764  1235  1763    2
 9880    1951  1172  1475  3336    2
 9881     885  2127  3177  3217    1
 9882    1693  1751  1938  1997    2
 9883     629   756   936  2596    1
 9884    1800  1124  1822  2618    1
 9885    2064  1456  2237  3604    1
 9886    1303  1314  1846  2932    1
 9887    1498  1587  3096  4387    1
 9888    2188  1603  2192  2783    1
 9889     833  1303  1343  2932    1
 9890    1020   956  1718  3842    2
 9891    1343  1303  1514  2932    1
 9892    1820  3291  3476  2703    1
 9893    2788  2680  3341  3535    1
 9894    1561  2706  3668  3841    1
 9895     414   288  4013  4156    1
 9896    1728  1792  1797  1944    2
 9897    1038  1374  1637  1680    1
 9898     741  1038  1637  1680    1
 9899    1038   741  1374  1680    1
 9900    3149   757  2445  3175    2
 9901    3558  3525  3654  3838    2
 9902    2412  2938  2979  3712    2
 9903     831   519  1336  4109    2
 9904    1808  2053  3080  3209    1
 9905    1552  1116  2654  1181    1
 9906    1116  2654  1181  1239    1
 9907     442  1129  1409  2655    1
 9908    2398  1051  3715  3859    2
 9909     130   129  2190  3741    2
 9910    1372  1729  2002  2344    2
 9911    1750  1806  2002  2344    2
 9912    2935  3317  3639  4262    2
 9913    3704  2527  4281  4365    2
 9914    1320  1085  3278  3949    1
 9915     257   258  1934  3154    1
 9916    1741  1701  2169  3771    1
 9917     808   716  2293  3047    1
 9918    2990  2280  3043  3912    2
 9919     242   243  1629  1685    1
 9920     422   878  4204  4370    2
 9921     836  1459  1986  2409    2
 9922      26    25  2116  3782    2
 9923    2576  2875  2908  3305    2
 9924    1520  1401  3196  3978    2
 9925     351   352   386  2695    1
 9926     584   783   901  4114    1
 9927    3376  3440  3559  4221    1
 9928     597   792   830  1944    2
 9929     234   236  2498  3422    2
 9930    1061  2338  2409  3397    2
 9931     446   369  2437  2913    2
 9932    1908  2279  2291  2377    2
 9933    2304  2510  3180  3589    2
 9934    2213  1406  2469  3995    2
 9935    3147  2920  3181  3848    2
 9936      86  2240  3521  3723    2
 9937     675   605  1392  1929    2
 9938     627  2203  3021  3386    2
 9939     661  2428  2519  4069    2
 9940    1417  1444  1688  1690    2
 9941    1181  1056  2418  4398    2
 9942    3591  3642  4120  4237    2
 9943    1525  2394  2480  4034    2
 9944    1867  1816  2118  2914    1
 9945     922   725  1563  2209    2
 9946     609   525  2992  3507    2
 9947     547  1083  1656  3252    2
 9948    1681  1103  1715  2085    1
 9949     857   534  1095  1929    2
 9950    1615  1714  1880  1929    2
 9951    1889  1913  2072  2120    1
 9952    1095   534  1392  1929    2
 9953     986   441  2610  3277    2
 9954     387   350   499  3847    1
 9955     703  2691  2793  3340    2
 9956    1112  2219  2387  2685    2
 9957     613   481   966  3826    1
 9958    2296  2842  3074  3098    1
 9959    2055  1670  2142  2599    1
 9960     211  2856  3822  3837    2
 9961      15   561   919  3224    2
 9962    1125  1670  2055  2599    1
 9963     932   722  1614  3328    1
 9964     238  3272  3464  3692    2
 9965     225   226  3761  3926    1
 9966     528   274  1778  1783    1
 9967    1806  1930  3160  3455    2
 9968     733  1054  1791  2001    2
 9969    1452  1192  1484  1752    1
 9970    1278  1556  2594  4034    2
 9971     860  1398  1535  3237    1
 9972    1915  1653  2629  3237    1
 9973    1398   860  3223  3237    1
 9974    1792  1847  1901  2337    2
 9975    1239  2091  2139  2754    2
 9976    2368  1460  2518  2585    2
 9977    1571  2368  2405  2585    2
 9978    1571  2405  2576  2585    2
 9979     430   339  1318  2183    2
 9980    1437  2230  2311  4078    1
 9981    1041  1296  1748  1978    1
 9982    2992  2304  3807  4322    2
 9983    2066  1710  3329  4118    1
 9984    2028    72  3051  3104    1
 9985    1702  1153  4023  4027    2
 9986     656   965   968  3270    2
 9987    1441  3650  4103  4114    1
 9988    2248  1992  2622  3231    2
 9989    1276  1287  1601  1735    1
 9990    1601  1287  1602  1735    1
 9991    1986  1459  3000  3397    2
 9992    3246  3351  4009  4191    2
 9993    1419  1519  2202  2730    2
 9994    2090  1443  2502  2606    2
 9995     456   912  1114  2486    1
 9996     975   885  3177  3217    1
 9997     143   141  2593  3192    2
 9998     536   447   902  2138    2
 9999      20   292   299  2138    2
10000      19   299   536  2138    2
10001     517   581   634  3845    2
10002      19    17    20  2138    2
10003     748  2079  2323  2574    2
10004    1089  1910  2676  3340    2
10005    1867  2228  2914  2997    1
10006     949  1509  1534  3077    1
10007    3272  2224  3464  3692    2
10008    1245   916  2287  2319    2
10009     944  2526  3568  3648    1
10010     741   618  1680  3542    1
10011     656   678  1033  3358    1
10012     560   629  3016  3854    1
10013    1853  2729  3522  3890    2
10014     916  1245  1861  2319    1
10015    2628  2677  2906  4231    1
10016     725   705  1563  3225    2
10017     108  2036  4268  4358    1
10018     746  1750  1806  2002    2
10019    2741  2781  3284  3721    2
10020     720   963  2141  3212    2
10021    2454   100  2568  2838    1
10022     124  1157  2022  2941    2
10023     707  1214  2295  2526    1
10024    1443  1527  2358  3844    2
10025    1301  1371  2772  3111    1
10026     885   946  2127  3217    1
10027    2704  2637  3170  3308    1
10028     954   426  2067  4030    2
10029    1644  2180  3427  4124    1
10030     445   636  2111  4324    1
10031    2348   218  2543  3082    1
10032     924  1977  3908  4280    1
10033    1915   440  2778  4067    1
10034     610   682   891  1755    1
10035    1261  1777  2468  3885    1
10036     107  2676  2900  3539    2
10037    2451    61  3229  3365    2
10038    3779  2000  3935  4291    2
10039    1430  1595  2095  3445    2
10040    1011  1451  1496  2369    1
10041    1802  2217  2522  2607    1
10042    1891  1985  2687  3446    2
10043    1673  1480  1946  2074    1
10044     219  2341  2657  3729    1
10045    1274   773  2122  3055    1
10046    1396  2376  2447  3423    1
10047    3098  2986  3269  3875    1
10048    2939  2558  3218  3818    2
10049    1493  2834  2858  3133    2
10050     239   237   238  2085    1
10051     122   120   121  2616    1
10052     734   883  2699  2948    2
10053     924  1932  3892  3899    1
10054     166   165  2238  3688    2
10055    2748   176  3864  3889    2
10056    1339  3900  4168  4212    1
10057    1800  1822  1978  2618    1
10058     684   596   911  2698    2
10059    1757  2490  3949  4296    1
10060     538  1953  1942   423    2
10061    2388  1071  2505  3195    1
10062    2942  3127  3354  3997    1
10063     745   663   931  1785    2
10064     239   237  2085  2960    1
10065      93  1259  3166  3658    1
10066     966  1054  1682  1791    1
10067     745   931  1458  2755    2
10068    3626  2988  3691  4130    2
10069     212   210   211  2061    1
10070    2445   575  3149  3175    2
10071    1782  3284  3726  3863    2
10072    1200  1627  2465  3863    2
10073    1832  1564  1884  3855    1
10074    1212   706  2723  3966    2
10075     378   328   542  2439    2
10076     588   809  2897  4076    2
10077    1439  1151  1662  2390    2
10078    1520  2398  3715  3859    2
10079    3188  3161  3525  3558    2
10080     944  1896  3524  3568    1
10081    1406  2320  2469  3995    2
10082     863  1838  2013  2453    2
10083     251  1830  2134  2288    2
10084    3031  1059  3656  3824    2
10085      58  2924  3572  3867    2
10086    2528  3062  3189  3922    2
10087     164  3271  3474  4097    2
10088    2939  2690  3297  3857    2
10089    1059  2156  3234  3824    2
10090     355   352   414  1713    1
10091     352   330   414  1713    1
10092    1826  2448  2939  3857    2
10093     332   351   355  1713    1
10094    2156  1059  3141  3824    2
10095    3032  2249  3398  4070    1
10096    3039  3187  3634  4232    2
10097    1905   316  3573  3829    2
10098    1778   744  3950  4099    2
10099      82    83  1806  1930    2
10100      83    82    81  1930    2
10101      77  3654  4143  4221    1
10102     348   406   659  2415    1
10103    1971  2043  2328  2716    2
10104    1401  1338  1520  2608    2
10105    2217  2505  2955  3477    1
10106    4362  3820  4273  3975    1
10107     970   563  1195  1724    2
10108    1711  2547  3751  3840    1
10109    3097  1711  3751  3840    1
10110     696  1759  1899  2992    2
10111     270   970  1195  1724    2
10112     437   646  2334  2913    2
10113     204   205  2600  3979    1
10114     950  1896  2473  2643    1
10115     950   853  1896  2643    1
10116    1346  2487  2645  4186    2
10117      15   322   561  4215    2
10118    3562  1093  4182  4341    2
10119    1071  1210  1387  2178    2
10120    1555  1594  1638  2203    2
10121     631   570   778  2131    2
10122      44    42    43  2508    1
10123     366   560   819  3138    1
10124    1368  3062  3922  4136    1
10125     813   643  2218  3017    2
10126    1211   640  2310  3017    2
10127     822   653  1518  2048    1
10128    2747  4047  4155  4335    1
10129     234  2389  4054  4123    1
10130    1328  2162  2209  2631    2
10131     539   604   846  3136    2
10132    2217  2505  2521  2955    1
10133    1961  1897  2844  3855    2
10134    1041  1296  1822  1949    1
10135     790  1282  2029  2850    2
10136    1437  2541  3165  3462    2
10137    1414   704  2740  4012    1
10138     528   489   529  1778    1
10139    2107  1310  3331  4100    2
10140    1799  1068  1943  2734    1
10141    1104   272  1186  2969    1
10142    1389  2015  2204  2922    1
10143     973  1929  2907  3870    2
10144    3228  2842  3273  3463    1
10145      15   369   446  2913    2
10146    1121  1519  2081  2202    2
10147    1121  2081  2150  2202    1
10148     270   532   970  1724    2
10149     982  1250  2048  3815    1
10150     269   270   265  1724    3
10151    1060  1528  2943  3623    1
10152     993  2343  2548  3074    1
10153    2614  3937  3951  4138    2
10154     458   546  1271  1730    2
10155    2795  3228  3699  3867    1
10156    1041   626  1381  1726    1
10157     267   270  1195  1724    2
10158    2547  3701  3741  3840    1
10159    2124  3029  3701  3840    1
10160    2199  1988  2706  3841    1
10161    1519  2081  2202  2484    2
10162     626   772  1111  1726    1
10163    2296  3273  3463  3759    1
10164     265   270   267  1724    3
10165    2088   951  2292  4016    2
10166     266   563   562  1724    3
10167     268   267  1195  1724    2
10168     563   268  1195  1724    2
10169     268   265   267  1724    3
10170     266   265   268  1724    3
10171     563   266   268  1724    3
10172    3636  2924  3866  4272    2
10173    1003   657  1652  1878    2
10174    2865  2014  2895  3081    1
10175    1874  1082  2336  2362    2
10176    1455   986  1788  2453    2
10177    1273  3010  3234  3856    2
10178    1769  2370  3442  3855    1
10179    2678  2624  3744  4210    1
10180    2672  3278  3914  3937    1
10181    1317  1315  1389  2724    2
10182     412   870  1127  2075    1
10183     533   293  2183  3224    2
10184     566   372   607  1730    2
10185     372   437   607  1730    2
10186    1587  1498  3008  4387    1
10187    2061   212  3652  3872    1
10188    2553  3019  3652  3872    1
10189    3652  3850   212  3740    2
10190    1313   870  2324  3042    1
10191     942   587  2119  2721    1
10192    1511  1465  1710  1827    2
10193    1048  2179  2650  2711    2
10194    1395  1290  2318  3178    2
10195     382   341  1533  3925    1
10196    3402  3947  4119  4170    2
10197     806   547  2559  4304    1
10198    1314  1902  2716  4190    2
10199     636   531  3805  4106    1
10200    2444  2098  3163  3421    1
10201     946  1385  2690  2939    2
10202    1993  3109  3678  4366    2
10203    1440  1327  1915  1919    1
10204    1492  1294  1852  2145    2
10205    2905  1340  3012  3881    2
10206    3045  2513  3046  3403    1
10207     309   528  2882  3052    1
10208      65    64  2876  3638    1
10209     116   115  3910  4080    1
10210    3585   137  3586  3861    1
10211    2047  2021  3200  3793    2
10212     450  1166  1865  1957    2
10213    1510   869  1516  3401    1
10214    2280  2151  2630  2681    1
10215     143  2589  2970  3192    2
10216     963  1971  2141  4190    2
10217     450   390  1066  1957    2
10218    1374  1038  1604  2270    2
10219    1480  1946  2657  2774    1
10220    2388  1387  2430  3818    2
10221    2794  3158  3706  3860    2
10222     869   507  1044  1842    1
10223    1218   853  2577  2643    1
10224    1007  2162  2163  2290    2
10225    1823   803  3149  4125    2
10226     122  2616  2651  3045    1
10227    2069  2280  2630  3912    2
10228    2880  2892  2944  4166    2
10229    1268  1499  2519  4069    2
10230    1204  1362  1613  3876    1
10231    2151   789  2902  3709    1
10232    1149  2465  3327  3684    2
10233     338   363   499  3956    1
10234     445   663   931  4127    2
10235    2314  2198  3708  3875    1
10236    2435  1683  2536  2700    1
10237    1808  2242  2808  4169    1
10238     906  1173  1641  3767    2
10239    3627  4075  4297  4317    1
10240    2168  2317  3326  3940    2
10241    3339  2788  3342  3535    1
10242    2640  2721  2906  3359    1
10243    1273  2680  2691  3535    1
10244    2640  1723  2721  3359    1
10245     678  1037  1077  3543    1
10246     587  1818  2721  3359    1
10247    2667  1965  3157  3359    1
10248    2667  3157  3233  3359    1
10249    1023  1222  3479  3601    1
10250    3181  2600  3363  3601    1
10251    1723  2640  2684  3359    1
10252     699   343  1657  2975    1
10253    2319  1861  2808  3056    1
10254    1875  2992  3626  4322    2
10255     502   347   556  3921    1
10256     575   994  1547  3149    2
10257    3115  3102  3957  3965    1
10258    1225  2725  3842  4103    2
10259     700  1031  2656  3983    2
10260     177   178  3886  4045    1
10261    2528  2579  3922  4020    2
10262     314   438   662  4261    2
10263    1536  1287  1548  1742    1
10264    1548  1287  1602  1742    1
10265    1567  1106  1639  2115    1
10266    1567  1610  1621  2115    2
10267    1996  2852  3284  3726    2
10268     149   147  4245  4300    1
10269    1067  1301  1371  2772    1
10270    1639  1106  1734  2115    1
10271    1577  1912  2169  2181    2
10272     348   406  2415  3879    2
10273    1800  2184  2392  3703    2
10274     161  3432  4053  4133    2
10275    1967  3077  3116  3685    1
10276    1096   647  1222  3479    1
10277    3641  3917  4369  4397    1
10278     421   518   908  1745    2
10279    1527  1443  2586  3844    2
10280    1741  1682  1911  3853    1
10281     490  1313  2959  3882    1
10282     333   970  1468  3839    2
10283    1216  2086  2166  2899    1
10284    1925  1236  2504  4285    1
10285    1650  1546  2078  2899    1
10286     434   941  3953  4260    1
10287    1928  2253  2635  2802    2
10288     520   772  2119  3170    1
10289     193  3232  3264  3511    1
10290    1034   863  1788  2453    2
10291    1606  1711  1765  2582    1
10292     745   663  1785  2006    2
10293     832   808  1413  2179    2
10294    1136   832  1259  2179    2
10295    1482  2079  4101  4378    2
10296    1129  1898  2736  3884    1
10297     397   344  1098  3175    2
10298    1498  2759  3008  3704    2
10299     850  2549  3010  3234    2
10300    2554  1403  2626  3938    2
10301    1041  1381  1435  2217    1
10302    2303  1731  3687  3906    2
10303    1455   863  2013  2453    2
10304    1707  1838  2453  4258    2
10305    1524  2956  4092  4387    1
10306    1689  1469  1729  1750    2
10307     510   652  1822  2127    1
10308    2811   436  2994  3384    1
10309      98  2944  2950  3773    1
10310     652   904  1822  2127    1
10311     103   104   102  1931    1
10312    1935  1293  3635  3667    1
10313    1959  1856  2922  3869    2
10314    1487   997  2224  3132    2
10315     554  2993  3843  4224    2
10316    2305  2165  3510  3670    1
10317     613   897  1231  1867    1
10318     717   761  2647  3260    1
10319     277   273   553  2411    1
10320    3771  2181  3821  3906    2
10321    1627   827  2391  2465    2
10322    1180  1502  1692  1773    2
10323    1589  1796  2722  3458    1
10324    1118  1531  2394  2496    2
10325    3310  3429  3764  4044    1
10326     613   481   897  1867    1
10327    1459  1986  2409  3397    2
10328     795  1049  2010  2959    1
10329     611   525  1763  2089    2
10330    1797  1802  1826  2448    2
10331    1458  1318   533   439    2
10332     795   945  1337  1877    2
10333     965   418  1893  2089    2
10334    1732  2599  2909  2965    1
10335      59  3273  3463  3699    1
10336    2298  2794  3860  4129    2
10337    2590  2051  3111  3337    1
10338    1854   995  1950  2891    1
10339     882   538  2147  2503    2
10340    2078  1650  2818  3076    2
10341    1640  1695  1916  2082    1
10342     431   595  1060  1755    1
10343     860   440  1915  4067    1
10344    1060   649  4065  1755    1
10345     431   583   595  1755    1
10346     595   583   891  1755    1
10347     861   682  1060  1755    1
10348     595   861  1060  1755    1
10349     595   682   861  1755    1
10350     891   682  1233  1755    1
10351     595   891  1233  1755    1
10352     682   595  1233  1755    1
10353     249   250  1862  4117    1
10354    2065  1784  2377  3830    2
10355    2172  2176  2575  3445    2
10356    1683  1399  2428  2435    2
10357    1526  1255  1551  2668    1
10358    2886  2010  3035  3082    1
10359    2919  2087  3172  3530    2
10360     387   544  2449  3956    1
10361     817   612  1263  1861    1
10362     159  3923  3932  4053    2
10363    2500  2660  3222  4168    1
10364    1096   924  4024  4049    1
10365    1164  1105  1220  2234    1
10366    3479  1096  4024  4049    1
10367    2014  2173  2934  3878    2
10368    2512  3022  3280  3593    1
10369     611   708   739  1759    2
10370    1062  1787  2279  2931    2
10371    1127   810  1165  3887    1
10372     709   898  1174  3656    2
10373    1011  1451  1903  2731    1
10374    1309  1217  2809  2854    2
10375    1142   588  2760  2854    2
10376     355   347  1073  3921    1
10377    2135  1142  2760  2854    2
10378     680   958   969  2350    2
10379    1135  1793  1850  2777    1
10380    1379   724  1863  2136    2
10381    1219  1051  1932  2927    1
10382     792  1803  1924  2628    2
10383     833  1095  1392  1971    2
10384    1501  2313  2500  2660    2
10385    2047  1954  4003  4092    1
10386    2246  2336  2901  2945    1
10387    1761  2215  2262  3719    2
10388    1572   968  2738  3366    2
10389     667   905  1543  1761    2
10390     892   667  1543  1761    2
10391     667   892   905  1761    2
10392    1353  1086  1675  1872    2
10393    2880  1819  2928  2950    1
10394    1602  1423  1862  2813    1
10395     921  1112  2902  3709    1
10396    1539  1431  3076  3079    2
10397    2594  1408  2828  3722    2
10398    3278  2490  3914  4296    1
10399     999   880  3897  4207    1
10400     611   708  1235  1763    2
10401     708   611   739  1763    2
10402     545   372  1122  3659    2
10403    1148   625  1449  2045    1
10404     708  1080  1235  1763    2
10405     708   739  1080  1763    2
10406    1625  2407  4264  4363    1
10407     716   829  1403  1942    2
10408     423   538   673  1942    2
10409     848   805  1963  2476    2
10410    1424   668  2668  2903    1
10411    1339   608  1655  2467    1
10412     225  3926  3958  4184    2
10413    1671   926  2962  3636    2
10414    2428  1119  4069   661    2
10415    1465  1263  3056  4118    1
10416    2186  3639  4191  4262    2
10417    2952  2869  3913  4399    2
10418     264   697  1176  2265    2
10419     374  1114  1969  2161    1
10420    2892  3155  3789  4166    2
10421     231  1751  1938  2133    2
10422     946   885  2127  4241    1
10423    1441  1240  1695  2017    1
10424    1150   941  2027  3953    1
10425    1311   927  1639  2347    1
10426    2955  2505  3195  3477    1
10427     566   372  1730  1801    2
10428     788   791  1403  2626    2
10429     727   586   947  1801    2
10430     947   586  1730  1801    2
10431    1210   940  2178  2277    2
10432    2259   772  2637  3814    1
10433     885   975  2434  3217    1
10434    1216  1366  2396  3080    1
10435     530  1558  1699  3177    1
10436      37    38  2438  2729    2
10437     585   677  3392  3607    2
10438     490   442   840  2736    1
10439    1608  3090  3698  3934    1
10440    1421  1560  2073  3703    2
10441    1296  1041  1748  1771    1
10442    1296  1748  1768  1771    1
10443    2617  1402  2802  3457    2
10444    1439  1719  2390  3132    2
10445    1564  1385  1832  1884    1
10446    1965  2086  2830  3157    1
10447    2123   100  2170  2838    2
10448     890   987  2110  3693    1
10449    1273  2282  3450  3548    1
10450     481   613  1162  1867    1
10451    1326   280  1458  1892    2
10452    1190   769  1692  1773    2
10453     769  1190  1508  1773    2
10454    1240  1640  3090  3427    1
10455    2722  1796  3099  3458    1
10456    1502  1249  1692  1773    2
10457    1731  1012  1757  3770    2
10458     444   472   555  3907    1
10459     146  2638  2767  2821    1
10460     877   751  3826  4253    1
10461     560  3016  3333  3907    1
10462     823  1027  1260  1775    2
10463    1030   823  1260  1775    2
10464    2262  2402  2737  3275    2
10465    1843  1126  2015  2659    1
10466    1478  2512  3148  3280    1
10467    1563  2163  3091  4042    2
10468     790  1282  2850  3167    2
10469     251   252  2284  3040    1
10470     717  1024  2083  3936    1
10471    1197  1332  3611  4188    2
10472    1119   661  2428  2916    2
10473    2438  2729  2829  3890    2
10474    2542   190  3685  3963    1
10475     189   191  2150  3963    1
10476    1109  1700  2928  2950    1
10477     954   986  1727  2892    2
10478    1819  2880  2944  2950    1
10479     438   487  2272  4391    1
10480    1786  1315  2652  2978    2
10481    1183  2298  3860  4129    2
10482    4360  3118  4393  4407    2
10483     773   917  1299  1981    1
10484    1795  1793  2561  2780    1
10485    2210   832  3549  4057    1
10486    2887  3083  3422  3460    2
10487    1735  1602  1742  2308    1
10488    1718  1580  2003  2044    2
10489    1178   951  1361  3843    2
10490    1285   746  1750  1806    2
10491     687   880   999  1781    1
10492    1782  1717  2696  2852    2
10493     446   590  1091  3612    2
10494    3007  2894  3494  3585    1
10495    1832  1961  2448  2844    2
10496    1585  1601  1747  1956    1
10497    1548  1536  1742  2114    1
10498     943   683   983  2093    2
10499    3135  4115  4175  4315    2
10500     806  2559  2570  4304    1
10501    1889  1582  2148  3897    1
10502    1403   733  1810  2001    2
10503     255   254  2114  2308    1
10504    2716  3213  4035  4308    1
10505    2867  2173  3267  4084    1
10506    1924   594  3325  4015    2
10507    1036   629  1292  3016    1
10508    1691  2313  3105  3432    2
10509    1274   774  1799  2734    1
10510    1872   816  2469  3991    2
10511     231   232  2473  3152    1
10512    2483  1580  3416  3939    1
10513      21    23  3015  4352    2
10514    1113  1371  1397  2494    1
10515     176  3798  3864  3889    1
10516    3986  1816  2982  3256    2
10517     493   275  1776  1785    2
10518     275   493  1131  1785    2
10519    2767  2545  3230  4113    1
10520    2181  2775  3853  3986    2
10521    1478  2850  3765  3951    2
10522    2490  2029  3914  3951    2
10523    2471  2125  2784  3990    2
10524    2850  1308  3765  3951    2
10525    1906  3836  3975  4273    1
10526    1426  1673  2789  3201    1
10527    1447  1538  2028  3578    2
10528    1049  1914  2886  2959    1
10529    3688  3708  3709  3875    1
10530    2119  2637  2906  3170    1
10531    1256   872  1491  2233    2
10532      60    62    61  2451    2
10533    1546  1650  2166  2899    1
10534    3206  1429  3512  3552    2
10535    1521  1543  1761  2098    2
10536    2290  2163  2843  4042    1
10537    1835  2814  2921  4196    2
10538    1880  2856  2907  3822    2
10539     538  2147  2503  3522    2
10540     425  1145  1745  3607    2
10541    1444  1817  1928  2253    2
10542     822  1427  2441  2889    1
10543    3471   138  4088  4349    1
10544    2038  1642  2400  4277    2
10545     465   598  1003  3960    2
10546    1629  2227  3675  3877    2
10547    1501  1027  3769  4148    2
10548    1711  1619  1765  1790    1
10549     789   993  2902  3709    1
10550    1705  2658  2707  4148    2
10551     267   286   291  4031    2
10552     862   797  3769  4148    2
10553    1284  1129  2861  2983    1
10554    2201  1711  2412  3257    1
10555     648  1114  2161  3136    1
10556      16   322   480  2560    2
10557      16   480   564  2560    2
10558    1825  1661  2234  3827    1
10559    3134  1924  3325  4371    2
10560    1105  1291  2173  3827    1
10561    1318   919  3224  4370    2
10562     944  1825  2234  3827    1
10563     516   467   721  1811    1
10564    2214   999  2842  3269    1
10565    2575  1615  1929   857    2
10566    2753  2776  2849  3371    1
10567    2809  2274  4018  4039    1
10568    1125  1670  1894  3548    1
10569     752  1471  2580  4110    2
10570    1679  2091  2139  3412    1
10571    1737  2189  3851  3892    1
10572    1321  1270  2076  3462    2
10573    2429  1984  4130   807    2
10574    1984  2186  3639  4191    2
10575    1198  1267  1550  2243    2
10576     497   747  1036  2397    2
10577     770  1550  1627  2243    2
10578    2152  1550  2938  3345    2
10579    1610  1076  2115  2771    2
10580    1161   827  1627  2717    2
10581     205   204  3314  3848    2
10582    1862   248  2244  3763    1
10583     739  1693  1763  1984    2
10584     748   573   899  2174    1
10585    1396  2376  3137  3891    1
10586    1126   925  2369  2708    1
10587     978  1462  1482  4314    2
10588     385   414   571  3519    1
10589    3715  1278  3899  4032    1
10590    1376  1588  2376  4279    1
10591     707  1214  1554  2853    2
10592    2144  1178  2993  3439    2
10593    2638  2997  3064  3860    1
10594      70  3135  3794  4175    2
10595    1531  2809  4018  4039    1
10596     621   361   912  2486    1
10597    3326   117  3927  3940    2
10598     858  2159  2745  4280    1
10599    1670  2055  2763  3450    1
10600    2178  1071  2277  2505    1
10601    2392  1124  2591  2735    2
10602      37    38  3919  4057    1
10603    1728  1040  1883  2217    1
10604    1455   954  1727  2453    2
10605    2810  3102  3957  4302    2
10606    2632  1094  3973  4057    1
10607    1640  1916  2551  3090    1
10608     573   899  2174  2380    1
10609    1010   774  2734  3449    1
10610    1728   830  1792  1944    2
10611     597   830  1728  1944    2
10612    1792   830  1847  1944    2
10613    1532  2339  2832  3704    2
10614    3919  3374  4285  4301    1
10615    2939  2430  3218  3499    2
10616    1250  1363  1592  3733    1
10617     462   957  1109  2246    1
10618    3913  3917  4284  4368    2
10619    1550  1540  1627  2243    2
10620    1874   986  2892  3155    2
10621    1071  2521  2955  3478    2
10622    1728  1797  1802  2522    2
10623    1572  1033  2408  3296    1
10624     205   206  2600  3186    1
10625    1375   992  2981  4228    2
10626    1039   690  2772  3111    1
10627     659   406  1325  2415    1
10628    1527  1043  2528  2881    2
10629    2677  2906  3232  3389    1
10630    1096  1461  2189  3479    1
10631    1780  1349  1804  2057    2
10632     718   512   781  3775    1
10633     244   243  2635  3285    2
10634    1081  1190  2957  4180    2
10635     648  2161  2383  4060    1
10636    1570  1602  1868  3040    1
10637    1489  3642  3647  4120    2
10638     366   664   799  3138    1
10639    2224   239  2642  3464    2
10640     252  1868  2284  3040    1
10641     576   374   650  2161    1
10642     482   914  1432  3888    2
10643    1941  1825  3524  4008    1
10644     483   472   497  1905    2
10645    1529  3402  3551  4119    2
10646     992   763  1375  2981    2
10647    1327  2450  2611  3250    2
10648    1289   672  2225  2517    2
10649    2364  1658  2413  2516    1
10650    1488   954  2373  4030    2
10651    1904   158  2413  2516    2
10652    2555  2421  3543  3895    1
10653    1570  2617  2813  4117    1
10654    1642  1886  2038  2046    2
10655    1189  1639  2026  2347    1
10656    1472  1189  2026  2347    1
10657    1143   723  1969  2054    1
10658     757  3149  2445  1384    2
10659    1372  1729  1750  2002    2
10660    2408  2421  2555  2977    1
10661    1577   738  1791  1810    2
10662     347   340  1713  3921    1
10663    1756  1472  2020  2749    1
10664     852   570  1716  2721    1
10665    1989  2235  2320  2525    2
10666     822   557   982  2048    1
10667    1707  1034  1838  3629    1
10668    1011  1451  2731  3259    2
10669    1947  1011  2731  3259    2
10670     981   755  2220  2861    1
10671    2109  1583  2613  2971    2
10672    1024  2083  3533  3664    1
10673    2182  2361  3092  3151    1
10674    1872  1874  1989  2345    2
10675     436  1919  2811  3623    1
10676    2068  1706  2283  3629    1
10677    2731  1451  2858  3259    2
10678    1203  1034  1707  3629    1
10679     604   605  1091  3139    2
10680    2506   111  2898  3613    1
10681    2538    47  2744  3311    1
10682     647  1023  1222  3479    1
10683    3202  3034  3486  3631    1
10684     795   546  1165  2736    1
10685    1107   666  1255  1814    1
10686    1107  1255  1526  1814    1
10687    1226  1107  1526  1814    1
10688    1780  1718  1784  2044    2
10689    1255  1329  1526  1814    1
10690    1650  1544  2245  3076    2
10691     892  1761  3816  4238    2
10692    1642  1886  2046  3791    2
10693    2870  2952  3009  3858    2
10694    3934  3698  4292  4337    1
10695    1464  1489  1940  2229    2
10696      33  3388  3881  3944    2
10697     488   790  3465  3573    2
10698    1069   554  1158  3261    2
10699     991  1275  1921  3815    1
10700    2245  1650  2818  2899    1
10701    1411  1428  1649  1817    2
10702    1444  1411  1649  1817    2
10703    1350  1327  1915  2254    1
10704    1428  1417  1645  1817    2
10705     675   534   857  1929    2
10706     857  1095  1615  1929    2
10707     243  1629  1645  1817    2
10708    1417  1411  1444  1817    2
10709    1411  1417  1428  1817    2
10710    1644  1024  1659  2097    1
10711    1437  3781  4048  4078    2
10712    1401  2236  2462  3978    2
10713    2152  2091  2330  2746    2
10714    3400  2992  1678  2304    2
10715    3395    26  3782  3987    1
10716     930   847  2817  3335    1
10717    1946  1673  2474  3579    1
10718     869  2129  3650  3813    1
10719    1913  1889  2092  2120    1
10720    1991  2189  2872  3722    1
10721     712  1476  1658  2364    1
10722     231  1885  2030  2133    1
10723      67    66  4318  4380    1
10724    2816  1025  3901  4383    1
10725    1224  1623  2232  3811    2
10726    3923  3105  3932  4313    2
10727    1662   971  2332  3132    1
10728    1441  1225  1695  2082    1
10729    1249  1502  1843  1856    1
10730    1826  1387  2939  3818    2
10731    1347  3103  3149  4378    2
10732    1124   904  1800  1822    1
10733     467   419  1221  2695    1
10734     627  1555  1638  2203    2
10735    1041  1558  1822  4077    1
10736    1035   441  2698  4247    2
10737    2592  1316  2825  3150    2
10738    1510  1441  1695  2017    1
10739    1803   830  1847  2259    1
10740    1583   752  1824  2045    1
10741     778   570  1716  2131    2
10742     909   955  1132  2619    1
10743     570   852  1716  2131    2
10744     332   347  1713  3921    1
10745     504   788  2001  3256    2
10746     249  1862  2813  4117    1
10747    1875  3245  3626  4130    2
10748    1750  1419  3160  3266    2
10749    2463    83  3423  3455    1
10750    1322  1460  2368  2585    2
10751    2025   133  2796  3207    2
10752    2375  2646  2784  4384    1
10753    1634   923  2735  3150    2
10754    1316  1340  2999  3150    2
10755    1316  2592  2735  3150    2
10756    1340  1316  2735  3150    2
10757    2217  1883  2521  3185    1
10758    1580  1074  1605  2564    2
10759     277   553   670  2411    1
10760    1710  1511  1827  2078    2
10761     904  2285  3898  4077    1
10762     640   758  2193  2287    2
10763    1767  2132  2745  3801    1
10764    1338  1401  1461  3801    1
10765     877   751  2427  3113    1
10766    3517  3901  3911  4383    1
10767    1873  2875  3048  3305    2
10768    1132   955  1214  2436    1
10769    1614  2200  3328  4039    1
10770    1661  1825  1941  2194    1
10771    2638  2572  2914  2997    1
10772     289   394   412  2486    1
10773     456   394   912  2486    1
10774    2517  1835  2814  2921    2
10775     141   143   142  3192    2
10776    4018  2508  4021  4039    1
10777    2543  1169  2655  3035    1
10778     660   662  1599  4244    2
10779    1683  1399  2271  2428    2
10780     613  1162  1231  3772    1
10781     348   276   659  3950    1
10782    2389  2122  3459  4167    1
10783    1306  1304  1399  2428    2
10784    1399  1425  2271  2428    2
10785    1399  1304  1425  2428    2
10786    2532  2013  2709  3363    2
10787    1086  1266  1675  1829    1
10788     417   737   863  1829    1
10789     417   863  1086  1829    1
10790    1425  2271  2428  3059    2
10791     181  2636  3480  3809    1
10792     737  1005  1203  1829    1
10793     737  1203  1266  1829    1
10794    1911  3821  3853  3986    2
10795    1015  1722  4060  4252    1
10796    2428  2271  2916  3059    2
10797     863   737  1266  1829    1
10798    1086   863  1266  1829    1
10799     135  2768  2980  3495    2
10800    1974   600  2006  2929    2
10801    2837  1983  3799  3873    1
10802    2090  1527  3023  3069    2
10803      73  2582  2805  2930    1
10804    2582  2192  2805  2930    1
10805      73  2805  2819  2930    1
10806    3803  2837  3873  3933    2
10807    1475  1951  2353  2372    2
10808    2051  1475  2353  2372    1
10809    1112   921  2363  3001    1
10810    1188   963  1208  1907    2
10811    1153  2699  3107  4133    2
10812     577   824  1188  1907    2
10813    1827  2193  2556  3521    2
10814    1720  2130  2592  4033    1
10815     406   348   907  3879    2
10816    1780  1804  1888  2065    2
10817     445   636  1663  2111    1
10818    1143  1430  1595  2095    2
10819    3232  2598  3243  3500    1
10820     434   514   618  4413    2
10821    1430  1143  2054  2095    2
10822    1555  1568  1594  2203    2
10823    2599  2055  2965  3287    1
10824     977   627  1638  2203    2
10825    1644   728  2180  3964    1
10826     246  2244  1909  2540    1
10827    1645   245  1909  2540    1
10828    1047   338  1468  4343    2
10829    2517  1835  2546  2814    2
10830     304   660  1559  1849    2
10831     383   418   611  1893    2
10832    2883  1573  4405  4419    1
10833     469   553  1176  1836    1
10834     553   469   679  1836    1
10835    2398  1051  3908  4280    1
10836    1729  1689  3266  3516    1
10837    1063  1026  1176  1836    1
10838    1026  1063  1104  1836    1
10839    1063  1176  1186  1836    1
10840    1104  1063  1186  1836    1
10841    1425  1740  2663  1304    1
10842    2463  1729  3428  3516    1
10843     272   731  1104  1836    1
10844     414   330   743  3220    1
10845     775   264  1026  1836    1
10846    3886  3255  4009  4045    1
10847     101    99   100  2454    1
10848     252   253  1956  2284    1
10849    3282   820  3776  4062    2
10850    1332  1976  3597  3679    1
10851    1205   954  1727  2197    2
10852      53  2658  3997  4289    2
10853    3110   864  3270  3366    2
10854     965   968  3270  3366    2
10855     253   252  1735  2284    1
10856    1602  1735  1868  2284    1
10857     998   954  1205  2197    2
10858    4107  2027  4328  4407    2
10859     742   957  1082  2197    1
10860    3349  1334  3696  4367    2
10861    2339  1473  2832  3704    2
10862     872  1198  1246  4083    2
10863     372   545  1122  3624    2
10864     611   708  1759  2853    2
10865    3546   205  3848  3979    2
10866     983   769  2858  3133    2
10867    1402  1928  2635  2802    2
10868     262   765   964  4389    2
10869     947   727  1801  3628    2
10870    2482  2268  2523  2756    2
10871     653   822   982  2048    1
10872     733  1403  2554  3938    2
10873     736  2663  4279  4357    1
10874    1376   736  4279  4357    1
10875     869  1044  1633  1842    1
10876    2036   109  3738  3739    1
10877    1649   240  3675  3877    2
10878     426  1488  2067  4030    2
10879    3078  1895  4095  4187    1
10880     885   946  2434  2690    2
10881    2280  2069  3043  3912    2
10882    1067  1072  2772  3047    1
10883    1790  1637  2192  3592    1
10884     245   246  1909  2540    1
10885     330   373   414  3519    1
10886     508   961  1231  1867    1
10887    2573  1434  3006  3360    1
10888    1502  1249  1773  1856    2
10889    1180  1582  1889  2093    2
10890     484  1618  1702  2318    2
10891    1276  1457  1548  3154    1
10892    1959  2625  3446  3836    2
10893     719  1618  2925  3346    2
10894    1658  1766  2413  2516    1
10895    2368  2405  2585  3236    2
10896     168   170  3529  4158    1
10897     979  2100  2557  2723    2
10898    1420   949  1553  2981    2
10899    2214  2842  3228  3269    1
10900    2002  1061  2409  3397    2
10901    3219  1875  4306  4322    2
10902     554  2725  3312  4267    2
10903     591   777  2613  3967    1
10904    1827  1465  2078  2240    2
10905     960  1895  1936  4095    1
10906    2763  2142  2798  2917    1
10907    1119  1621  1982  3089    2
10908     364  3925  4203  4347    1
10909    1721  3700  3736  3870    2
10910    2105  1473  2339  3903    2
10911    1242  2815  3206  3902    2
10912    2512  2964  3022  3593    1
10913    1243  1181  2541  4398    2
10914     287   301  3528  3620    1
10915    2107  1013  2702  3331    2
10916    2826  3919  4285  4301    1
10917     566  1122  1207  2685    2
10918    1587  3008  3671  4329    1
10919     881   660  1319  1849    2
10920     793   881  1319  1849    2
10921    1398  1423  2222  2694    1
10922    1908  2279  2377  3720    2
10923    1263   942  1965  2667    1
10924    2029  2490  2850  3951    2
10925     957   742  2246  2403    1
10926      91    90  2461  3945    2
10927    1342  1412  3121  4029    2
10928    2680  1125  2972  3548    1
10929    2213  2286  3614  3991    2
10930    2020  1500  3204  4240    1
10931     764  1164  1218  1879    1
10932    2246  2336  2362  2901    1
10933    2286  2336  3614  3991    2
10934     940  1210  1840  2277    2
10935     996  1443  1863  2358    2
10936    1500  1708  1831  3387    2
10937    3156  2023  3417  3762    2
10938    1577   504  2181  3906    2
10939    1429  1823  3611  4188    2
10940    1496  1451  1565  2708    1
10941     640  3325   492  2310    2
10942     852  1370  2131  2563    2
10943    2571  2911  3069  3183    2
10944    1223  1511  1549  2563    2
10945    2150  2386  2730  3116    1
10946     920  1262  1283  3710    1
10947    1210  1071  2379  3182    2
10948    2835  2208  3021  2686    2
10949     959  2739  2011  2274    1
10950    1708   977  2084  3387    2
10951    1153   486  2313  3216    2
10952    1452  1192  1752  2292    2
10953    1803  1847  1952  2259    1
10954     840  1169  3484  3518    1
10955    2919  2627  3172  3911    1
10956     684   526   742  3277    2
10957    3228  3269  3463  3867    1
10958    2104   960  2885  3421    1
10959    1883  1728  2522  2531    2
10960    1651  2217  2505  1435    1
10961    2844  1832  3073  3718    1
10962    3251  2780  3647  4120    2
10963     566   802  1013  4062    2
10964    1022  1501  2313  2500    2
10965    1434  1393  2524  2562    1
10966    1886  1761  3071  3719    2
10967     230  2046  2331  3941    2
10968     800   685  1137  2974    1
10969    1088   582  3510  4303    1
10970    1337  1835  2517  2921    2
10971    1728  1797  2522  2531    2
10972     670   679   891  2395    1
10973    1668  1266  2928  3335    1
10974     691  1417  1444  1859    2
10975     691  1018  1204  1859    2
10976     691  1204  1362  1859    2
10977    1417  1362  1688  1859    2
10978    1444  1417  1688  1859    2
10979    1697  1311  2342  3021    2
10980    1686  1672  2222  2694    1
10981    1994  1438  2357  4116    1
10982     922  1563  2163  2209    2
10983    3150  2970  3192  3909    2
10984     647   896  1977  2159    1
10985     924  2200  4024  4049    1
10986    2999  2825  3150  3909    2
10987    2764  3150  3192  3909    2
10988    2498   234  3602  4054    2
10989    3602  3571  3731  4054    2
10990    1665  2777  3819  3968    1
10991    1983  1022  2500  2673    1
10992     710   325  1196  2883    1
10993     719   558   952  2322    1
10994    1074  1580  2082  3964    1
10995    1436  1835  2348  3082    2
10996    1145   571  3392  3607    2
10997    1811   789  2343  2548    1
10998     261   505   641  2800    1
10999     558   719  1676  2322    1
11000     523  1974  2855  3057    2
11001    2262  2331  2367  3719    2
11002     666   410  1551  2807    1
11003    2062  1009  3552  4373    2
11004    1280  1070  4106  4324    1
11005    1322  1771  2406  3955    1
11006     158   157  2035  2413    2
11007     724  1167  1443  1863    2
11008    1043  1443  1527  1863    2
11009    1511  1827  2078  4242    2
11010    2155   144  2821  3706    2
11011    3922  2653  3969  4020    2
11012    1609  1579  2306  3563    2
11013     205  3181  3546  3848    2
11014     980   996  1167  1863    2
11015    1167   996  1443  1863    2
11016      50    48    49  2529    1
11017    1052   448  1166  1865    2
11018     390   519   593  1865    2
11019    1218  1164  1661  1958    1
11020     390   450   519  1865    2
11021    2598  1818  2721  2906    1
11022    2252  2549  3346  3538    2
11023    3603  3302  3633  4162    2
11024    1123  1160  1658  2516    1
11025    1393  1329  1434  3360    1
11026     125  1591  2401  2688    1
11027     963   824  1004  1907    2
11028     577  1188  1208  1907    2
11029     719  1732  2599  2909    1
11030    1208   455  1379  1907    2
11031     887   972  1777  1907    2
11032    1570  2617  3162  3457    2
11033    1052   448  2778  2811    1
11034    2417   851  4357  4392    1
11035     469   679  1836  2662    1
11036    2772  1067  3047  3404    1
11037     443   606  1694  2584    1
11038     687   925  1964  2857    1
11039     892   667   905  4286    2
11040    1888   172  1918  1926    1
11041     966  1162  1682  1867    1
11042    1276  1548  2664  3154    1
11043    1198  2418  2961  4083    2
11044    2728  3418  4271  4399    2
11045    1146   501  3555  4083    2
11046     707  1046  3159  4278    1
11047     205  3147  3181  3848    2
11048     982  2752  3733  3815    1
11049     626   520   772  2119    1
11050     606  1977  2584  3908    1
11051     501  1418  3544  4083    2
11052    2892  2197  2944  3773    2
11053    2258  2307  3084  3931    1
11054    3462  1146  3781  4398    2
11055    1708  1638  1940  2229    2
11056     557   440  1518  2441    1
11057     860   557  1920  2441    1
11058     440   860  1915  2441    1
11059     229  3276  3697  3730    1
11060     495  1060  3623  4065    1
11061     709  1059  3234  3856    2
11062    1358  2826  3404  4057    1
11063    1864  1514  2674  3239    2
11064    2576  1421  2585  2718    2
11065    2661  2143  3402  3403    2
11066    1177  2352  2538  2674    1
11067     283   349  2223  2994    1
11068    1266  1675  1788  1872    2
11069    1353  1266  1788  1872    2
11070    1266  1353  1675  1872    2
11071     994  1504  1951  3512    2
11072     565   733  2299  2559    1
11073    1524  1587  2624  2956    1
11074      87    89    88  2430    2
11075    1244  1554  1794  2714    2
11076    1331  1973  2688  2714    2
11077    2590  1242  3503  3565    1
11078    1499  1422  1555  2203    2
11079     260   259  2108  3795    1
11080     787  1541  1553  2346    1
11081    1788   986  1872  1874    2
11082    3515  2603  4070  4288    1
11083    1346  1046  2440  4264    2
11084    2701   180  2781  4066    1
11085    1968  2297  2887  3459    1
11086    2898  1310  2926  3331    2
11087     155  3433  3969  4299    2
11088    1683  2742  2916  3032    2
11089    1693  1763  1984  3453    2
11090     887  1015  4060  4252    1
11091    2295   370  2910  3377    1
11092    1201  2503  3026  3158    2
11093    1683  2271  2536  3515    1
11094     805   895  1053  2958    1
11095    1495  1289  1775  2743    2
11096     229   228  2737  3730    1
11097     908   584  1745  3312    2
11098     526  1035  2067  3277    2
11099     205   206  3147  3314    2
11100    2215  2414  2489  2534    2
11101    1344  1337  1436  1877    2
11102     897   756  1231  3148    1
11103    1337   945  1436  1877    2
11104    1773  1315  1959  2922    2
11105    2144  1749  3187  3634    2
11106    1971   720  2692  3870    2
11107    1142   724  2135  2760    2
11108    2792  2460  2890  3729    2
11109    2084   977  3021  3387    2
11110     449   475   784  1878    2
11111     784   475  1852  1878    2
11112     657   449   784  1878    2
11113     744   348   875  2316    1
11114    1470  2186  2315  2935    1
11115    1441  1510  1695  2129    1
11116    1895  1346  3159  4208    1
11117     186  1733  2251  3249    2
11118    2172  1988  3131  3445    2
11119    2463  2376  3516  3725    1
11120     755   981  2220  3663    1
11121    1361  1452  1787  3038    2
11122    4124  3265  4146  4337    1
11123     642   381  2359  3786    1
11124    1903  1011  1947  3072    1
11125    2556  2830  3383  3521    1
11126     593   342   818  2615    2
11127     818   342  1079  2615    2
11128    1166  1079  1404  2615    2
11129     342   485  1486  2615    2
11130    1424  2329  4096  4376    1
11131     593   635   658  2615    2
11132     617   716   808  3047    1
11133     136  3493  3584  3777    2
11134     244   245  2540  3171    1
11135    1598  1076  2251  2771    2
11136    1456  1086  2237  2817    1
11137     590  1618  2457  2656    2
11138    1236   522  1925  2689    1
11139    1051   606  3085  3859    2
11140    1491  1256  3294  3525    2
11141    1197  1456  1823  1976    2
11142    3153  2790  3436  3452    1
11143     823   646  1030  4226    2
11144     629   756   897  3148    1
11145     109   110   108  2036    1
11146    2635  2222  2802  3285    2
11147     740   698  1887  3805    1
11148    2757  1787  3038  3806    2
11149     148  2933  3610  4073    2
11150    2877  2500  3222  4185    1
11151    3552   816  3991  4246    2
11152     616   698   740  3805    1
11153     710   325  1229  3805    1
11154     325   710  1070  3805    1
11155     740   636  1345  3805    1
11156     636   740  1133  3805    1
11157     531   580   698  3805    1
11158     616   740  1345  3805    1
11159    1766  1904  2413  2516    2
11160     839   309  1050  2121    1
11161    2984    59  3273  3759    1
11162    1056  1116  1181  2418    2
11163    2110   723  2161  3019    1
11164     674  2690  3297  3893    2
11165     273   669  1002  2514    2
11166     765   572  1002  2514    2
11167     964   750  1002  2514    2
11168    1265  2015  2369  2652    1
11169     428   448  1963  2811    1
11170    1637  1374  3592  3097    1
11171    1052  1919  2476  2811    1
11172     394   443   621  2584    1
11173     669   765  1002  2514    2
11174       3   750   964  2514    2
11175     750   701  1002  2514    2
11176     894   428  2171  2811    1
11177    2149  1521  2215  3275    2
11178    2018  2022  2133  3453    2
11179    1093  2704  3288  4098    1
11180    1111  2259  2704  4098    1
11181    1154  1189  1639  2026    1
11182     783   584  2725  4037    2
11183    1154   729  1189  2026    1
11184     242   243  2096  3675    2
11185    2227  1632  3605  4165    1
11186    1427  1466  1685  4165    1
11187    3770  1757  3906  3989    2
11188    3591    23  3768  4237    1
11189    4084  3267  4318  4380    1
11190    2889  1427  3223  4165    1
11191    3058  3669  3713  4291    2
11192    1661  1674  2194  2840    2
11193     334   354   838  2791    2
11194    2968  3051  3405  3683    2
11195    2882   528  2800  3052    1
11196     695   692  1326  4058    2
11197     974  1102  4390  4406    2
11198    1691  1153  2313  3432    2
11199    1016   826  1854  1970    1
11200    1992  1592  2349  2622    2
11201     187   186  3248  3508    1
11202    1122   545  3659  4183    2
11203     695  3333  2477   819    1
11204     321   692   695  3106    2
11205    1136   538  1853  1942    2
11206    2233  3350  3467  3574    2
11207    1803  1944  1847   830    2
11208     313   815   867  1974    2
11209    2794  2340  2997  3064    1
11210    2167  2887  3571  3602    2
11211    2331  2262  2367  2737    2
11212     590   454  1618  2656    2
11213     646   454  1031  2334    2
11214     487   438  1573  2883    1
11215    2730   189  3116  3286    1
11216    3203  3485  3487  3488    1
11217    1697  1639  1762  1994    1
11218     368   503  2049  2147    2
11219    1639  1189  1667  1994    1
11220    2270  2190  2478  3701    2
11221     968   976  3270  3366    2
11222    3414  3764  3980  4249    1
11223    1290   866  2318  2656    2
11224    1777  1015  2384  2497    2
11225    2759  3671  3704  4366    2
11226    1994  1610  3248  3508    1
11227     955   696  1759  1899    2
11228     696   955  1660  1899    2
11229    1660   955  1759  1899    2
11230     957   462  1005  1900    1
11231    3148  1085  3278  3279    1
11232    1030   646  1031  2334    2
11233    1212   672  1289  2334    2
11234    2637  3176  3308  4349    1
11235    1636  1292  2406  3324    1
11236    1576  2647  3253  3694    1
11237      35    33    34  3291    1
11238     925  1126  1781  1903    1
11239    1413   832  2650  3665    1
11240    1542   925  1781  1903    1
11241    1110   659  1133  2733    1
11242    2055  2142  2529  3287    1
11243     798  1464  2495  4202    1
11244    3146   168  3633  4162    2
11245     864   671  2465  3726    2
11246     687   880  1781  4207    1
11247    1678  3180  3219  3366    2
11248     384   409   681  3673    1
11249      31    32    30  2370    1
11250    3304   810  3887  4276    1
11251    1265  1081  2369  3694    1
11252    1981   773  2122  3309    1
11253      31    30  2260  2370    1
11254    1832  1961  3855  3857    2
11255    2282  3450  3656  3856    2
11256    1187  1080  1554  3716    2
11257    2825  2970  3150  3909    2
11258    1340  2713  2999  3909    2
11259    2955  2607  3195  3478    2
11260    2713  2825  2999  3909    2
11261    1084  1591  2714  3716    2
11262    1578  1084  1674  3716    2
11263     455   648   887  1907    2
11264    3657  1295  3976  4309    1
11265    3779  3015  4291  4352    2
11266    3030  3031  3141  3191    2
11267    2405   196  2585  3236    2
11268    1855  1833  2787  3910    1
11269    1788  2453  3789  4258    2
11270    3030  2156  3031  3191    2
11271    1960   115  2456  3910    1
11272    3031  2156  3141  3191    2
11273     456   455  1208  1907    2
11274     455   456   648  1907    2
11275    2598  3170  3176  3263    1
11276    3564  3447  4287  4371    2
11277     992   949  1420  2981    2
11278    2038  3697  3791  3941    1
11279     229   230  3697  3941    1
11280    1492  1852  1955  2145    2
11281    1053   895  1528  1919    1
11282    1006  1001  1955  2145    2
11283     887   455  1307  4252    1
11284    2389  3083  3422  3459    1
11285     782   562  1319  2024    2
11286    1649  1416  1928  2096    2
11287     918   895  1052  1919    1
11288    1763  1164  1958  2018    2
11289    3785  3354  4063  4312    1
11290    3076  1541  3079  3419    2
11291    1971  2141  2328  2692    2
11292     472  3814  3907  4135    1
11293    1854  1016  2812  3168    1
11294    1727  1205  2197  3773    2
11295    2935  3246  3255  4262    2
11296    2944  2197  2967  3773    1
11297     284   293   561  4215    2
11298    1137   800  2974  3784    1
11299     531   580  3805  4254    1
11300    2549  1910  2900  3537    2
11301    1405  1839  2103  2175    1
11302      59    58  3315  3572    2
11303    1965  2023  2485  3157    1
11304    2086  1965  2485  3157    1
11305    2667  1965  2830  3157    1
11306    1112  1090  2219  2685    2
11307    2617  2802  3162  3457    2
11308    2642  1719  2665  2960    2
11309     959   915  1000  2011    2
11310    2105  1954  3390  4003    2
11311    2263  2630  2751  3709    1
11312     768  1048  1482  3336    2
11313    1009  2698  3552  4373    2
11314    1803   830  2259  3814    1
11315    2418  1321  2754  3165    2
11316    1256   800  1987  3784    1
11317    2783    72  3686  4051    2
11318     938  1574  2378  2779    2
11319     444   408   497  3333    1
11320    1853  2438  2729  2829    2
11321    2621  2741  3003  3095    1
11322    2405  1839  2585  2718    2
11323    1312  1161  1447  2442    1
11324    1890  1036  3012  3167    2
11325     601   938  2378  2779    2
11326     706  1049  3609  3882    1
11327    3764  3414  3980  4044    1
11328     465   381   642  3786    1
11329    1471  1824  3007  4110    2
11330    1842  2539  2620  3318    1
11331     995  1078  1117  2682    1
11332     284   494  1073  3666    1
11333     762   828  4411  4415    2
11334    3566  4088  4214  4319    2
11335    2063  1553  2981  3210    2
11336     874   474  1499  4069    2
11337     336   395  2535  3220    1
11338    1943  1799  2734  3086    1
11339    1629  1428  1649  2227    2
11340     119  2290  2356  2715    1
11341    2123  1972  2568  2838    2
11342    2582  1619  3051  3915    1
11343    1423  1602  1862  1920    1
11344    1329  1393  1434  2562    1
11345     348   714   875  2316    1
11346     875   649  1110  2316    1
11347     745   276  2415  3879    2
11348    1062   843  1178  3996    2
11349    1584  3405  3578  4051    2
11350    1727  1788  2453  3789    2
11351      78  1831  3020  3735    1
11352     488   923  3252  3734    2
11353     185   184  3711  3728    2
11354    1879   984  1984  2186    2
11355    1421  1210  1560  3703    2
11356     440  1518  1919  2312    1
11357    2331  2262  2737  3275    2
11358    1303  1314  2716  4190    2
11359    2485  3157  3643  3742    1
11360     909  1132  3626  4230    2
11361    2153  1690  2288  2954    2
11362    1403   716  1942  1953    2
11363    3322   194  3430  4275    2
11364     834  1159  1364  3804    1
11365      62    61  2451  3894    2
11366     496   674  2690  3297    2
11367     453   336  2535  4355    1
11368     732   496  2690  3297    2
11369    1010  1450  2976  3371    1
11370    1261   972  1777  3885    1
11371    1099  1437  2230  2311    1
11372    2233  1099  3574  3575    1
11373    1637  1312  1790  2192    1
11374    1920  1862  3375  3876    1
11375     485   653   989  4181    2
11376     726   481   966  1925    1
11377     726   966  1696  1925    1
11378     966   481  1867  1925    1
11379    1696   966  1867  1925    1
11380    1815  2539  2620  3261    2
11381    2293   832  3404  3549    1
11382     598   836   851  2417    1
11383     575  1477  2381  2445    2
11384    2832  1473  3109  4366    2
11385     368   308  2381  2445    2
11386    3055  2770  3083  3459    1
11387    1533   396  3752  4177    1
11388    2430  1826  2939  3818    2
11389    2319  1511  3329  3952    2
11390    1748  1296  1768  2618    1
11391    1242  3206  3512  3902    2
11392     906   831  1742  3457    2
11393    2727  3313  4005  4046    2
11394    1876  3806  4184  4229    2
11395    3007  1824  3583  4110    2
11396     717   574  1484  2097    1
11397    1279  1589  3341  3535    1
11398    2073  1839  2488  2718    1
11399    1578  3648  3757  4401    1
11400    2614  1478  3593  4302    2
11401     281   279  1360  2855    2
11402    1789  1492  2020  2683    1
11403    1327  1440  1915  2254    1
11404    2450  2254  2611  3918    2
11405    1016   995  2008  2682    1
11406    1580  1718  1980  2044    2
11407    1612  3000  3397  3398    2
11408     605   675  1188  3139    2
11409     398   560  1558  1949    1
11410     979  2100  2723  4131    2
11411     560   464   629  1949    1
11412    1387  2939  3818  3893    2
11413     546   632   665  3258    1
11414    1624  1248  1973  3524    1
11415    1219  1278  1556  1932    1
11416    2078  1546  2563  4242    2
11417    1179  1386  2027  2740    1
11418    1770  1720  2592  4033    1
11419     904  1800  1822  1978    1
11420    2012   967  2315  2976    1
11421     471  1306  1399  2519    2
11422    1714  1095  1743  2043    1
11423     163   162  3672  3705    2
11424    1095  1303  1743  2043    1
11425     827  1171  2465  2717    2
11426    1385   946  2434  3442    1
11427    1106   927  1598  2338    2
11428    2909  2156  2965  3346    2
11429    1711  1272  3097  3751    1
11430    3307  3176  3567  4340    1
11431    3410   149  3635  3902    2
11432    3597  2815  4064  4073    2
11433     112   111  2846  2926    2
11434    2072  3676  3867  4017    2
11435    2245  1539  3076  3079    2
11436     481   726   966  2299    1
11437    1966  2132  2745  3916    1
11438    1144   920  3710  4087    1
11439    1197   803  1456  2039    1
11440    2141  1902  4190  4250    2
11441     573   543   803  2039    1
11442    1370  1965  2023  2485    1
11443    3128  1685  3223  3375    1
11444    1090  1630  2774  3381    1
11445     595   431  1060  4266    1
11446    3312  1620  4326  4331    2
11447    1074  1580  1718  1980    2
11448    1304  1396  2423  3137    2
11449    1433  1992  2248  3130    2
11450    1222  1461  3479  3801    1
11451    1579  2041  2306  3563    2
11452     203  2353  2904  3337    1
11453    1191   870  1313  3042    1
11454    1996  2059  3284  3481    2
11455    1343  1017  1743  2932    1
11456      40    39  2525  2806    1
11457    1372  2366  3506  4172    2
11458    2745  2197   957   998    1
11459    1464  1300  1499  1940    2
11460    1499   627  1555  1940    2
11461    1464  1499  1555  1940    2
11462    2060  2091  2330  3412    1
11463    1444  1018  3570  3767    2
11464    1772  2766  2797  2823    1
11465     440   436  2778  4067    1
11466    2865  2866  3071  3413    2
11467    1189  3197   900  3437    1
11468     798  1300  1464  1940    2
11469    1006   627  1251  1940    2
11470     886  1006  1251  1940    2
11471    1001   627  1006  1940    2
11472     886  1001  1006  1940    2
11473     873  1876  2056  3038    2
11474    2956    54  3240  3744    1
11475    3739  2036  3846  4364    1
11476    2205  1378  3682  4097    2
11477     353   361   621  2211    1
11478    2622  1641  2633  3130    2
11479     695   693  3106  4058    2
11480    1433  1363  1992  3130    2
11481      97  1707  2283  3629    1
11482    2102  1419  2386  2730    1
11483     514   402  3542  3600    1
11484     353   347   355  3921    1
11485    2888  3430  3504  4275    2
11486    2326  1947  2731  2858    2
11487    1885  2289  2361  3151    1
11488     194   193  3430  3511    2
11489     374  1114  1894  1969    1
11490     361   374   753  2382    1
11491    2504  2276  2997  4285    1
11492     792   594  1924  1944    2
11493    1077   976  2555  3110    2
11494    1598   474  1621  2338    2
11495    1348  1326  1892  2024    2
11496     830   792  1803  1944    2
11497    3558  3376  4143  4221    1
11498     884  2351  3296  3406    1
11499    2465  2717  3684  3863    2
11500    1907  1777  2384  2497    2
11501     993   921  2902  3709    1
11502     592   713  3093  3724    2
11503     528   309  2662  3052    1
11504     863  1034  1838  2453    2
11505    1782  1149  2470  3674    2
11506    1817  1649  1928  2635    2
11507    2190  2091  2746  3029    2
11508    2429  3033  3961  4191    2
11509     228   230  2367  2732    2
11510     697  1176  1664  3971    2
11511     558   719  1618  2925    2
11512    3197  1643  1189  1557    1
11513     234   235  2389  4123    1
11514     852  1716  1723  2721    1
11515    1024   717  2550  3260    1
11516    1184   717  2647  3260    1
11517    2123  1227  2170  3348    2
11518     100  2123  2170  3348    2
11519     276   659  1345  2415    1
11520     785   416  1029  2535    1
11521     469   317   529  2662    1
11522    1637   688  1680  3097    1
11523     801   454  2437  2913    2
11524     414  1713  3620  4156    1
11525     163   164   162  3606    1
11526     145   146   144  2638    1
11527    1503  1945  2758  3435    2
11528    1832  1961  2844  3855    2
11529     804  1431  3221  3952    2
11530    2363  1582  2827  3897    1
11531    2623  2976  3371  4102    1
11532     375   494   903  4153    1
11533    2012  3627  3828  3974    1
11534     767  1242  3512  3902    2
11535    1580  1605  2483  3416    2
11536    3699    58  3867  3984    1
11537     306   293  3594  4215    2
11538     910  3233  3454  3513    1
11539    2221  1738  2289  2361    1
11540     232   231  1938  3152    2
11541    2916  1206  3032  3924    2
11542      36    38  3981  4301    1
11543    1192   424  1964  3301    1
11544    3597  2933  3610  3679    1
11545     565   617   716  1953    2
11546     716   617  1477  1953    2
11547     460   565  1083  1953    2
11548     565   460   617  1953    2
11549     808  1477  1942  1953    2
11550     716   808  1942  1953    2
11551     808   716  1477  1953    2
11552    1343  1017  2325  2382    1
11553    1255   753  1551  2382    1
11554    1017   576  2325  2382    1
11555     503   368  1656  1953    2
11556     503  1656  1810  1953    2
11557    2174  1067  2632  3973    1
11558    1110   875  2316  2733    1
11559    2527  2047  4003  4239    2
11560    3187    63  4211  4232    1
11561     994  1504  1547  4101    2
11562    2242  2053  2769  3080    1
11563     475  1479  1852  1955    2
11564     186   188  1155  2146    2
11565    1006   475  1852  1955    2
11566    1873  2848  3324  3369    1
11567     619   271   701  3971    2
11568    2814   218  2886  3344    2
11569     680   521  1394  3490    2
11570    1439  1550  2152  3345    2
11571    3486  3203  3487  3488    1
11572    1990  1439  2152  3345    2
11573     158   156  1922  2035    2
11574    2873  2732  3791  3941    1
11575    1672  1684  1686  2096    2
11576     713  1664  3093  3724    2
11577    1735  1742  1868  2308    1
11578    2394  2113  2480  4034    2
11579    1742  1570  1868  2134    2
11580    2235    40  2345  2362    2
11581     132   133  3438  3681    1
11582    2924  3572  3866  4272    2
11583    1797   841  1944  1961    2
11584    1612  1459  2125  2338    2
11585    2305  3313  3510  4303    1
11586    3643    85  3762  3796    2
11587     807  1875  2429  3639    2
11588    1293  2286  2403  4074    1
11589    1427  1685  3223  4165    1
11590    3610  3597  3679  3959    1
11591    3337   203  3431  3810    2
11592    2709  2013  2841  2920    2
11593     462   847  1829  2817    1
11594    1263  1465  3056  3383    1
11595     817   612   929  2033    1
11596     419   981  1630  3663    1
11597    3903  3744  4003  4210    2
11598     649   682  1053  2958    1
11599     649  1053  2171  2958    1
11600     398   452   777  4243    1
11601     462  1829  2039  2817    1
11602     852   942  1723  1965    1
11603     725  2647  3253  3260    1
11604     390   450  1066  3384    1
11605    2123  1309  2854  4081    2
11606    2810  1881  3102  3765    2
11607    2848  2713  3369  3747    1
11608    3582  1088  3739  4269    1
11609     803  1086  1456  2817    1
11610     800  1503  2374  3784    2
11611     194  3500  3504  4275    2
11612     830  1726  1792  3073    1
11613     396   687   925  1964    1
11614     574   396   925  1964    1
11615     973   720  3244  4270    2
11616    2250  1526  2803  3360    1
11617     761   717  2083  3260    1
11618    2993   849  3843  3928    2
11619    1708  1500  4295  4332    2
11620    3008  3671  4222  4281    2
11621    1748  1768  3185  3883    1
11622      35    34  3115  3291    1
11623     647  1096  1222  4280    1
11624     675   558  1618  2925    2
11625     771   332  2183  3925    1
11626    1354  2621  2741  3003    1
11627    2512   756  3148  3280    1
11628     609   671   864  3942    2
11629    1886  1998  2038  2046    2
11630      66  3862  4084  4380    1
11631    1539    27  2245  2818    2
11632    2693  2499  3409  3766    2
11633    1016  1854  2568  2839    1
11634    1802  1797  1826  2607    2
11635     907   406  1963  2171    1
11636      27  2245  2769  3079    2
11637     518   908  3312  4394    2
11638     919   533  1318  3224    2
11639     209  2524  2586  2606    1
11640     464   481   776  2164    1
11641    2197  1205  2967  3773    1
11642    3118  3418  3544  4107    2
11643     376   445  1663  2111    1
11644    1123  1670  1894  1969    1
11645    1123  1658  1670  1969    1
11646    1143  1302  1476  1969    1
11647     751  1577  1828  4236    2
11648     917  1312  4056  4147    1
11649    1476   712  1658  1969    1
11650    1030  1848  2517  4029    2
11651    1738  1132  2436  2619    1
11652    1745   584  2725  3312    2
11653    3489  3487  3580  4196    2
11654    3241  1089  3577  3800    2
11655    3821  3256  3906  3986    2
11656    1658  1160  1670  2142    1
11657    1886  1871  3071  3816    2
11658     560  3016  3907  4135    1
11659    1837  1405  2073  2392    2
11660    3523  1952  4159  4214    2
11661    1822  1296  2130  2596    1
11662     821   510  1822  2596    1
11663     806   821  2570  2596    1
11664     920  1103  1681  2654    1
11665     773   884  1274  2421    1
11666    1562   435  2511  2689    1
11667     939  1520  2594  3859    2
11668    3085   606  3424  3859    2
11669    1256  2758  3294  3525    2
11670    1256  1491  3435  3525    2
11671     900  1740  2536  3197    1
11672    2158  2399  3735  3943    1
11673    1246   872  1515  2374    2
11674     852  1370  1965  2023    1
11675     621   556  2211  2486    1
11676    2152  2330  2425  2746    2
11677     313   867  1141  1974    2
11678    1141   867  1341  1974    2
11679     793   313  1075  1974    2
11680     747  1036  2397  2908    2
11681     600   793   881  1974    2
11682     600   881  1666  1974    2
11683    1075  1141  1341  1974    2
11684    1075   313  1141  1974    2
11685    1995   735  2258  3931    1
11686    1304  1740  2663  3931    1
11687    1395   866  1618  2318    2
11688     966  2118  2299  3230    1
11689    2405  1839  2576  2585    2
11690    1439  1719  2152  2642    2
11691    1668  1034  1707  2928    1
11692    2512  1890  3369  3747    1
11693    1694   606   855  1977    1
11694     606  1694   855   443    1
11695    1203  1700  2196  2928    1
11696    1552  2541  2654  4078    1
11697    2558  1385  2939  3218    2
11698    1826  1797  2448  3857    2
11699    2249  2796  3398  3557    2
11700    3340  3339  3535  3539    1
11701    1504  1494  2179  3336    2
11702    1585  1433  1934  2009    2
11703    1277  1585  1590  2009    2
11704     257  1585  1934  2009    2
11705     438   825   974  2272    2
11706     898  1174  2095  2176    2
11707     716   617   776  3047    1
11708    3118  3418  3435  3555    2
11709    1384   899  3149  4378    2
11710    2273  1916  3090  3865    1
11711    2156  3191  3235  4112    2
11712      69    71  4175  4306    2
11713     486   797  2334  2948    2
11714    3135  2860  3370  3954    1
11715     705  1074  1225  2082    1
11716    1471   752  2016  2045    1
11717     976  1572  2408  3366    2
11718    1941  1958  2018  2022    2
11719    2276  2298  3289  4285    1
11720     554   518  1463  3843    2
11721    3075  2106  3791  4259    1
11722     363   440  1518  2048    1
11723    1543  2865  3163  3421    1
11724     421   518  1745  3843    2
11725     933  1178  1463  3843    2
11726    3019  2553  3652  3693    1
11727     826  1854  1970  2839    1
11728    2701  1717  3480  4066    1
11729     714   348   907  2171    1
11730     800  1137  3775  3784    1
11731     230  2873  3697  3941    1
11732    1107  1226  1526  2250    1
11733    1986  1459  2481  3000    1
11734    1423  1570  2617  2813    1
11735    1729  1750  2002  2344    2
11736    1309  1972  2123  2838    2
11737    1199  2151  2902  3709    1
11738    1245  1827  2556  3383    2
11739     223  1959  2978  3869    2
11740    3469  1910  3537  3800    2
11741      77    75  2801  4368    2
11742    2676  1089  3339  3800    1
11743    2680  2788  3536  3539    1
11744    1910  2676  2900  3800    2
11745    1344  1877  1882  3672    2
11746    2901    41  2945  3614    1
11747     849  1506  2144  2993    2
11748    1667  1610  1994  3508    1
11749     585   677  3253  3254    2
11750    2456  1891  2687  3446    2
11751     172  1918  2291  2377    2
11752      30  2231  2370  3561    1
11753    1498   755  2759  3704    2
11754    2429  1875  3317  3639    2
11755    3321  2866  3413  3766    2
11756     943   983  2858  3067    2
11757     983  1891  1985  3067    2
11758    1801   812  2052  2962    2
11759    1543  2885  3081  3421    1
11760    1543   667  2014  3081    1
11761     316   308  3573  3829    2
11762     538  2079  2829  3522    2
11763    1671   926  3636  4248    2
11764     569   550   779  2234    1
11765    1220  1218   569  1087    1
11766    2524  1368  2562  4136    1
11767     206   205  3147  3186    2
11768     981  1524  1587  2624    1
11769    1738  1631  1997  2289    2
11770    1710  1511  2066  3329    2
11771    2740  1144  3560  3953    1
11772    1015  1777  2261  2497    2
11773    3294  2758  3376  3558    1
11774    1995  1937  2045  2258    1
11775    1359  1418  3544  4409    2
11776     920   971   997  3132    1
11777    2993  2661  3123  4224    2
11778     986  1727  2892  3789    2
11779     932   995  3328  4039    1
11780    1013  1310  3200  3331    2
11781     734   883  1191  2699    1
11782    1561  1302  3019  3693    1
11783     576  1561  3657  3693    1
11784    1656  1253  1810  4305    2
11785      25  2603  3399  3987    1
11786    1191   734  2963  4044    1
11787     612   587  1263  4052    1
11788    1740   549  1995  3931    1
11789    3922  3189  3969  4122    2
11790    1733  1762  2251  3249    2
11791     187  1155  2771  3249    2
11792    1155  2251  2771  3249    2
11793    1329  1393  1526  3360    1
11794    1760  1970  2839  4090    1
11795    2262  1761  3071  3163    2
11796     882   655  2323  2503    2
11797    3105  2877  3932  4313    2
11798    1008   729  2026  3968    1
11799    1581  1589  1796  3342    1
11800     499   338   521  2048    1
11801    1189   729  1557  3968    1
11802    1998  3163  3413  3421    1
11803     730   823  1655  2475    1
11804    2830  2556  3233  3521    1
11805     436  1919  2778  2811    1
11806     801  2324  2437  4189    2
11807    2859  1924  3134  4220    2
11808     239  2085  3692  3783    1
11809     363   338   499  2048    1
11810     137  3585  3586  3777    1
11811     165  2681  3688  3708    1
11812    3667  1028  4014  4353    1
11813    2363  1112  3001  3018    2
11814    1177  2674  2903  4376    1
11815    3878  3862  4379  4342    2
11816     811  1328  2209  2631    2
11817     987  2597  3114  3976    1
11818    1289  1212  2334  2723    2
11819    1690  1859  2288  3570    2
11820    2440  1187  3790  4186    2
11821    1874   986  2610  2892    2
11822    2234  2014  3267  3827    1
11823     733   565   738  2559    1
11824    1672  1402  1928  2222    2
11825    2870  3009  3188  3858    2
11826    1857  1471  2768  4110    2
11827      93  1523  2037  2632    1
11828    1904   157  2035  2588    2
11829     748   655  1236  2323    1
11830     288   265   301  4194    2
11831    2297  2786  3460  3588    2
11832     920  1144  1552  4087    1
11833     526   998  1966  2159    1
11834    1561  1302  2706  3841    1
11835     111   112  2506  2926    1
11836     840   490  2959  3484    1
11837    1488  2373  3147  4030    2
11838    1910  3469  3577  3800    2
11839    1575  1623  2861  2983    2
11840    1998  2400  3798  4094    1
11841    2097  1024  3533  3664    1
11842     339   332   351  2183    1
11843     339   477  1318  2183    2
11844     849  2144  3720  3928    2
11845     424   951  1454  2410    2
11846    1434  1970  2482  3006    1
11847     746  1469  1750  2002    2
11848    3067  2093  3676  4017    2
11849     404   462   628  2403    1
11850    1349  1225  3650  3929    1
11851     633   702  1055  4024    1
11852    2033   817  2669  3662    1
11853    1589  1581  1796  3458    1
11854     717  2083  3260  3936    1
11855    1310  1013  3776  4100    2
11856      49  2529  3193  3475    1
11857    1254   523  2761  2929    2
11858     758  2193  3156  3622    2
11859     474  1119  1621  2338    2
11860    1897    30  2231  2260    2
11861    1438  1756  4086  4116    1
11862     259   260  2248  3795    1
11863    1657   699  2535  3220    1
11864    1450  2623  2976  3371    1
11865     642   387   851  4392    1
11866     600  1348  1974  2006    2
11867     713  1474   592  1234    2
11868    1474   713   592  2006    2
11869     867   760  1974  2006    2
11870     760   867  1616  2006    2
11871     867   745  1616  2006    2
11872     745   600   931  2006    2
11873     931   600  1446  2006    2
11874     663   745   931  2006    2
11875     663   931  1446  2006    2
11876     745   867  1348  2006    2
11877    1348   867  1974  2006    2
11878    1172  1951  1475  2372    2
11879     860  1915  2441  3223    1
11880    1996  2701  3199  3481    2
11881     722   826   995  2008    1
11882    1174  1904  2176  3173    2
11883     390   381   449  2359    1
11884    3053  2623  3794  4137    1
11885    2020  1492  2026  2683    1
11886     995   826  1016  2008    1
11887    1048  2711  3011  3336    2
11888    1203  1266  1829  2928    1
11889     186   188  2357  3508    1
11890    1638  1594  2923  3385    2
11891    2207  2314  2990  2995    1
11892    1085  1320  3279  4138    1
11893     923  1213  1340  2871    2
11894     704   781  1414  2740    1
11895     548   416   623  3358    1
11896     412   289   458  2437    2
11897     798  1135  1850  2777    1
11898     798   589  1135  2777    1
11899     992  1375  2102  3520    2
11900    1550  1540  2201  3345    2
11901     714   348  2171  2316    1
11902     659   315  2171  2316    1
11903     649   315  1110  2316    1
11904    2513  1809  2661  3403    2
11905    2906  3068  3232  3389    1
11906     350   346   819  2710    1
11907     754  1151  1550  2374    2
11908    1657  2535  2912  3220    1
11909    1706  1767  2068  2745    1
11910    2713  1340  2999  3881    2
11911    1029   416  1137  2535    1
11912    2042  1492  3669  4171    2
11913    1758  1821  2414  2534    1
11914    1488  1269  1520  2013    2
11915     582  1175  3510  4303    1
11916    1049  1483  2225  3966    2
11917     808  2772  3047  3404    1
11918     872  1246  1550  2374    2
11919     800   872   971  2374    2
11920     800   971  1662  2374    2
11921    2050  2567  3227  3268    1
11922    1100  1813  2184  2392    2
11923      39    41    40  2235    2
11924     534  1252  2322  2706    1
11925     590   479  2457  3143    2
11926    1749  1804  1926  4132    1
11927    1881  2810  3102  3965    2
11928     165  3353  3541  3688    2
11929    2279  2931  3265  4338    2
11930     708   611  1258  2853    2
11931     718  1103  1272  2332    1
11932     707   603  1660  2853    2
11933     250  2153  2954  3763    1
11934    1945  2758  3161  3456    1
11935     739  1080  1763  2018    2
11936    1080   739  1693  2018    2
11937    1693   739  1763  2018    2
11938    2116    25  2720  3782    2
11939    2047  2956  4092  4239    1
11940    1235  1164  1763  2018    2
11941    1164  1235  1291  2018    2
11942    1206  2720  3059  3782    2
11943     866  1395  2951  3618    1
11944     678   968   976  3270    2
11945    2106  1625  2407  3075    1
11946     960  1625  1936  3075    1
11947    1397  2632  3166  3717    1
11948     636  1133  1663  3758    1
11949    2175  1839  2406  2488    1
11950    2073  1839  2175  2488    1
11951    1397  1067  2632  3717    1
11952    1462  3355  3640  3717    1
11953    1279  1191  2963  4044    1
11954    1937  2484  2565  2580    2
11955    2775  1701  3826  4253    1
11956     146   145  2155  3205    2
11957    2663   900  4279  4357    1
11958    3494  3586  3777  4209    1
11959    1605   956  1876  2782    2
11960    2878   185  3575  3728    1
11961    2259  2231  1847  1952    1
11962    2193  3156  3417  3762    2
11963     815   348  1616  3879    2
11964     665   632  2602  3025    2
11965     419   893  2220  4347    1
11966      64  2533  3638  4211    1
11967    1582  2093  2363  2827    2
11968     839   309  2121  3758    1
11969    1061  2428  2916  3059    2
11970    2631  1609  3756  3904    2
11971    2135  1760  2482  3348    2
11972      87  2430  2448  3499    2
11973     118   119   117  2715    1
11974      39  2320  2806  3995    1
11975     562   563  1319  2024    2
11976     562    13   563  2024    2
11977    1079  1326  1348  2024    2
11978     313  1079  1348  2024    2
11979    1318  1458  1892  2024    2
11980    1318   304  1458  2024    2
11981     310   304  1318  2024    2
11982     304   310   782  2024    2
11983      14   310  1318  2024    2
11984     310    14   782  2024    2
11985     676    13  1326  2024    2
11986     333   313   793  2024    2
11987      13   333   793  2024    2
11988     313   676  1079  2024    2
11989    1079   676  1326  2024    2
11990     333    13   676  2024    2
11991     313   333   676  2024    2
11992    1571  2406  2875  3324    1
11993     820  1426  1673  2824    1
11994    1492  1736  2020  2026    1
11995    1492  1294  1736  2026    1
11996    4088  3566  4231  4319    2
11997    2175  2406  2424  3324    1
11998    2469  2213  3991  4246    2
11999     660   600  1666  3787    2
12000    3156  1827  3723  3796    2
12001     555   472  1383  2544    2
12002    2193   758  3156  3796    2
12003    2571  2756  2911  3183    2
12004    3486   216  3488  3489    1
12005    1396  2423  3137  3423    2
12006    1019  1593  1655  2673    1
12007     608  1339  1655  2673    1
12008     278  1168  1345  2493    1
12009     117  2356  3037  3940    2
12010    1730  1801  2602  4062    2
12011    3635   149  4245  4300    1
12012    3642  3251  4120  4237    2
12013     165   167  2681  3708    1
12014     166   165  3688  3708    1
12015    2869  1410  4396  4397    1
12016    1929   720  1971  3870    2
12017    3204  3591  3768  4237    1
12018    4047  4155  4335  4376    1
12019     149  3635  3902  4300    1
12020     167   166  2995  3708    1
12021    2785  1305  2820  4283    1
12022    1151  1550  2374  2390    2
12023    1186   679  1836  2411    1
12024    1170  1190  1333  2087    2
12025    2498   236  2712  3674    2
12026    1470   984  2186  3639    2
12027     133  2025  2796  3119    2
12028     221  2074  2341  3268    1
12029    1123  1658  1969  2054    1
12030    1352   836  1986  2409    2
12031     661   746  1061  2409    2
12032     998  1966  3916  4030    2
12033    1294   927  1311  2347    1
12034    1216  2166  2396  2899    1
12035    2150  1449  2386  3116    1
12036    1885   233  2030  2289    1
12037    3372  2483  3416  3939    1
12038    2020  1756  2749  4240    1
12039     865  1584  3482  4040    2
12040    2329  3922  3969  4122    1
12041    2675   783  2725  4103    2
12042    1758  2215  2331  3275    2
12043      71  2776  2849  3807    2
12044      43    44  2612  2915    2
12045     802   607  1473  2105    2
12046     137   136  2980  3777    2
12047    3010   105  3356  3538    2
12048    1804  1780  1918  2065    2
12049     543   404  1829  2039    1
12050     404   573   628  2039    1
12051     404   543   573  2039    1
12052     240  1684  3128  3605    1
12053     899   803  1197  2039    1
12054    1231   877  3772  3949    1
12055    1361   956  1876  2931    2
12056     404   462  1829  2039    1
12057     462   404   628  2039    1
12058    1677   820  1801  2052    2
12059     344   397  1324  2381    2
12060     527   803   899  2039    1
12061     573   527   899  2039    1
12062     527   573   803  2039    1
12063     307   308   344  2381    2
12064     308   532  1083  2381    2
12065    1684  2254  2629  3605    1
12066    1609  2032  2458  3598    2
12067    1207   566  1357  2052    2
12068     368  1083  1953  2381    2
12069     141  2281  3324  4150    1
12070     478   989  1377  4192    2
12071    2637  2906  3170  3176    1
12072    1796  1581  3342  3618    1
12073     455   980  1307  2562    1
12074    1206  1061  2916  3059    2
12075     497   463   629  3016    1
12076    1394  1018  1641  3130    2
12077     734  1845  2963  4044    1
12078    1061  1206  3397  4172    2
12079     538   423   673  2079    2
12080      67    66  3780  4379    2
12081    3798   174  4011  4094    1
12082    1158   988  1815  3261    2
12083    2074  1365  3066  3407    2
12084    2717  2822  3003  3863    2
12085    3247  3000  3398  4172    2
12086    1967  1471  2016  2045    1
12087    1907   824  2384  3190    2
12088    2536  2241  2700  3515    1
12089    1006   977  2145  3386    2
12090     381   642  2477  2750    1
12091    1311  1639  1697  2347    1
12092    3162  3040  1570  2134    2
12093      83  2447  2463  3423    1
12094    1614   722  1814  3328    1
12095    2423  1806  3084  3423    2
12096     612   817   929  3420    1
12097    1294  1311  1841  2347    1
12098    3240    54  3671  4281    2
12099    1438  1472  1756  2347    1
12100     465   381   555  2750    1
12101     521   478   653  2048    1
12102     499   521  1275  2048    1
12103     907   815  1963  3817    2
12104    1761  1886  1871  3719    2
12105     653   982  1250  2048    1
12106    1185   488  3252  3734    2
12107     406   907  1963  3817    2
12108     406   815   907  3817    2
12109    1757  1012  2490  3989    2
12110     298   266   459  4194    2
12111     338   478   521  2048    1
12112     521   653  1250  2048    1
12113    2208  1736  2749  4240    1
12114    1801   820  2602  4062    2
12115     820  2052  3776  4062    2
12116      35    33  3298  3944    2
12117    2917  3030  3031  3141    2
12118    1071  2505  2521  3883    1
12119    2379  1071  2521  3883    1
12120     841  1797  3297  3857    2
12121    2776    71  4102  4306    2
12122     663  1446  1559  4127    2
12123    2965  2156  3234  3346    2
12124    1618   719  2909  3346    2
12125    1113  1371  1475  2051    1
12126     501   872  1146  3555    2
12127    1371  1172  1475  2051    1
12128    3266  2463  3516  3725    1
12129    1943  3044  3327  3400    2
12130      66  4084  4318  4380    1
12131     858  2398  3908  4280    1
12132    1673  1933  2506  3579    1
12133    2417  3786   851  4392    1
12134     361   399   405  2075    1
12135     441   816  1874  2610    2
12136    1527  1443  2090  2586    2
12137     114   115  2070  2687    2
12138    1465  3056  3329  4118    1
12139    1311  1697  2342  2347    1
12140    1672  1416  1684  2096    2
12141    2093  1889  3067  3676    2
12142    2587  2032  2627  2823    1
12143     846  1123  1969  2054    1
12144     723   846  1969  2054    1
12145    1889  2072  3067  3676    2
12146     690   596  2416  2698    2
12147    1584   865  3482  3578    2
12148    1802  1797  1961  2448    2
12149    1372  1729  2294  2447    1
12150     240   241  1686  2096    2
12151     241   242  1686  2096    2
12152     788  2049  2147  3026    2
12153    4274  3350  4218  1491    2
12154    3001  2986  3174  3208    2
12155    2888  3243  3500  4275    2
12156     564   400  1098  3175    2
12157     197   196  1560  2718    2
12158      77  3347  3559  4143    1
12159     697   868   914  2265    2
12160    1419  2202  2851  3725    1
12161    1707  1034  1788  4258    2
12162    1277  2009  2633  3130    2
12163    2073  1421  2392  2718    2
12164    2260  1901  2370  2719    1
12165    1861  2808  3056  3420    1
12166     479   637   730  2457    1
12167     157  1904  2035  2413    2
12168    1214  1445  2295  2526    1
12169    1833  1805  1855  2092    1
12170    1126  1781  1805  2092    1
12171     977   627  3021  3386    2
12172    2801  3838  4368  4399    2
12173     384   364  4203  4347    1
12174     105   107  3010  3356    2
12175    1607  1596  3621  3636    2
12176     147  3959  4245  4300    1
12177    1150   618  4107  4413    2
12178    1436  1344  1882  2655    1
12179     927  1294  2026  2347    1
12180     302   301   948  3620    1
12181     219   220  2341  3729    1
12182    1130   434  1150  4413    2
12183     452   851   953  2750    1
12184    1697  1639  1994  2347    1
12185     381   444   555  2750    1
12186     452   642   851  2750    1
12187     987  3114  3700  3976    1
12188     301   288  3528  3620    1
12189     414   330  3528  3620    1
12190    2060  1990  2425  3257    1
12191    1591  1331  2688  2714    2
12192    1080   739  1554  2714    2
12193    3037  2168  3091  4041    2
12194    3009  3440  3654  4221    1
12195    1172  1371  1397  3717    1
12196     538   673  1136  2079    2
12197    3780    66  4145  4379    2
12198     673   423  1547  2079    2
12199    1127   602  1313  2324    1
12200     939   426  1488  2067    2
12201     526   858  1966  2067    2
12202     743   365   876  3220    1
12203    2333  2468  2497  2566    2
12204     426   397  1035  2067    2
12205     397   426   588  2067    2
12206     291   286   502  4031    1
12207    1497  2239  4089  4212    1
12208     269   265   291  4031    2
12209    3401  1510  3813  4157    1
12210     954   426  1035  2067    2
12211    1118  2113  2200  2496    1
12212    3298    33  3881  3944    2
12213    2155  3205  3706  3860    2
12214    2638   145  3205  3860    1
12215     998   526  1966  2067    2
12216     744   528  1778  3950    1
12217     612   929  2033  2669    1
12218     135  3495  3587  4209    1
12219     291   502  2486  4031    1
12220    3051  1619  3405  3915    2
12221     566  1207  1801  4062    2
12222    1140   433  1448  2861    2
12223    1016  1329  1970  2804    1
12224    2845    65  2876  3638    1
12225     453   336   654  2535    1
12226     161   159   160  2239    1
12227     926   943  1569  3174    2
12228    2930  3683  3874  3948    2
12229    1934  1433  2248  3231    2
12230     438   662  4261  4414    2
12231     701   273  1002  2514    2
12232     120   122   121  2094    2
12233    1065   766  2111  2121    1
12234    2313  3105  3432  4313    2
12235     461   467  2419  2548    1
12236    2705  3219  3616  4175    2
12237     939   588  2067  3859    2
12238    3305  2848  3909  4150    2
12239    2571  1415  3069  3360    1
12240    2162   922  2209  2631    2
12241    1170  1576  1609  2631    2
12242    1007   922  2162  2631    2
12243     194   193  3232  3501    1
12244     525   965  2738  3905    2
12245    1434  1329  3006  3360    1
12246     492   542  2287  3832    2
12247    3945  1320  3949  4296    1
12248    1363  1592  1992  3130    2
12249     319   350   894  3623    1
12250    2135  1380  3295  4081    2
12251    3022  2703  3115  3291    1
12252     412   539   870  2075    1
12253     539  1114  1894  2075    1
12254     870   539  1894  2075    1
12255    1979  1927  2484  2542    2
12256    1189  1154  1639  2375    1
12257    1146   872  1270  2076    2
12258    1246  1550  2374  2391    2
12259     827   754  1627  2391    2
12260    2460  2219  2657  2702    2
12261     591   643  1699  4052    1
12262     191  1979  2484  2542    2
12263    1870  3245  3317  3828    2
12264    1928  2802  3457  3570    2
12265    1859  2134  2288  3570    2
12266     872  1146  1491  2076    2
12267    1661  1218  1825  2234    1
12268    1164  1218  1661  2234    1
12269    1218  1220   569  2234    1
12270     246   245  3285  3352    1
12271    3238  3204  3591  3768    1
12272    1539  1511  2066  2078    2
12273     625  1148  1449  3077    1
12274    1366    28  2066  2078    1
12275    3608  2057  3646  3929    1
12276      28  1539  2066  2078    2
12277      53  2658  3677  3997    2
12278    1197   899  2039  2380    1
12279     866   558  1618  2457    2
12280    3862    66  4084  4379    2
12281     423   882  1547  2079    2
12282    3134  1924  3448  4220    2
12283    2300  1201  2340  3158    2
12284     726  1696  3230  4113    1
12285    2849    71  3807  4315    2
12286    1965  1263  2667  2830    1
12287      70  3135  4175  4315    2
12288    2224   997  2390  3132    2
12289     675   857  1999  2575    2
12290    1322   747  1388  2908    2
12291    1948   972  3885  4060    1
12292     887   648  2383  4060    1
12293    1828  2427  3949  4253    1
12294     648   972  1948  4060    1
12295    1142   724  1167  2135    2
12296     316   308   320  3573    2
12297     703  1279  2972  3535    1
12298    2847  2696  3731  3743    2
12299     959  2739   995  2011    1
12300    1461  2189  3196  3727    1
12301    3572    59  3699  4272    1
12302    1912   200  2169  2181    2
12303     923   488  1032  2810    2
12304    1228  1004  2384  2497    2
12305     680  1018  1394  3130    2
12306    1641  1277  2633  3130    2
12307    2919  3603  3911  4173    1
12308     194  3232  3500  3501    1
12309    1277  1204  1433  3130    2
12310    3300  2816  3901  4383    1
12311    1204  1363  1433  3130    2
12312    1018  1204  1277  3130    2
12313    1081  1542  2369  2647    1
12314     370  1445  2295  2436    1
12315    2693  2748  3833  4277    2
12316    1406  2469  4079  4246    2
12317     850   484  2318  3346    2
12318    3420  2894  3492  3494    1
12319    2094  1834  2215  4119    2
12320    3433   153  4006  4155    2
12321    1465  1710  2078  2086    1
12322     760   670   842  3057    2
12323    1512  1039  3088  3111    1
12324    1289  1495  2191  3319    2
12325     808   716  1942  2293    2
12326     792  1716  2628  3325    2
12327    2216  3089  3330  3426    2
12328    3185  1460  3883  3955    1
12329    3039    63  3608  3634    2
12330     311   312  2121  3758    1
12331    1966   998  2067  4030    2
12332    1399  1120  2435  3197    1
12333    1249  1180  1692  3301    2
12334    1197  1332  2472  4163    1
12335     144   146  2155  2821    2
12336    2858   943  3067  3290    2
12337     897   508  1282  3148    1
12338    3564  3281  4287  4341    2
12339    1009  2177  2286  2610    2
12340     385   414  3519  4013    1
12341     983   769  3446  4179    2
12342    1042   917  1600  4147    1
12343    1000  1142  1227  3920    2
12344    2207  2296  2314  3098    1
12345     135  2768  3495  3586    1
12346    1711  1606  2478  3592    1
12347     448  1052  1166  2476    2
12348    1314  2431  2932  3320    1
12349    1390  1412  1495  2140    2
12350     436   350  2359  3847    1
12351     575  2381  2698  4247    2
12352    1315  1959  2922  2978    2
12353    2760  2135  2854  4081    2
12354    3071  2262  3163  3276    2
12355     449   784  1193  3786    1
12356     462   957  2246  2403    1
12357    1930  1750  3160  3266    2
12358    1303  1743  2043  2932    1
12359     176   175   174  3321    2
12360    1581  1290  1796  3799    1
12361     327   405   524  2457    1
12362     449  1193  2359  3786    1
12363     700   730  1537  2457    1
12364    1743  1017  3657  4309    1
12365    1018  3570  1173  1859    2
12366     658   680  1018  3767    2
12367     405   327   558  2457    1
12368     637   405   730  2457    1
12369    1761  1871  3816  4238    2
12370    1062  1452  1484  3427    1
12371    2050  1199  3268  2151    1
12372     189   191  1979  3599    2
12373     736  1376  1534  4357    1
12374    2573  2756  2911  3360    1
12375    3462  2541  3781  4078    2
12376    2191  1289  2225  2517    2
12377    1508   769  1773  3446    2
12378    3700  2692  3736  3870    2
12379    2060   131  2425  2547    1
12380    1670  2142  2599  3030    1
12381     672  1337  2225  2517    2
12382    2862  3433  4047  4299    2
12383    2688  2401  3293  3568    1
12384     769   683   983  3259    2
12385     836   657  1652  3960    2
12386    1865   390  1957  3343    2
12387    2080  1742  2134  3457    2
12388    1687  3180  3299  3589    2
12389    2472   202  3468  4160    1
12390    1760  2135  2523  3295    2
12391     466  1329  1393  2668    1
12392      44  2480  2612  2915    2
12393    2494  3011  3355  3640    1
12394    2443  1880  2856  2907    2
12395    1071  2178  2388  2505    1
12396     288   269   265   638    2
12397    2096   243  2222  3285    2
12398    1876   956  2056  2782    2
12399    1466  1685  3171  3375    1
12400    2694  1685  3128  3375    1
12401      34  3944  3993  4302    2
12402     247  1909  2244  2954    1
12403     879  1525  2394  3920    2
12404    3862  3100  4111  4342    2
12405    1322  1460  3185  3955    1
12406     512   416   548  3358    1
12407    2482  2502  2573  2756    1
12408     167  2314  2681  3708    1
12409    1659  2715  2843  4128    1
12410    1012  1231  2490  3278    1
12411    1016  1939  2482  2568    1
12412      92    91    90  2461    2
12413    2429  1875  3245  3317    2
12414     992  1375  1469  2102    2
12415    1323   992  1469  2102    2
12416     166  2314  2995  3708    1
12417     293  2183  3224  4199    2
12418    1285  1375  1519  2102    2
12419    1375  1285  1469  2102    2
12420    1323  1469  1689  2102    2
12421     779  2234  3081  3267    1
12422    1469  1285  1750  2102    2
12423    1285  1419  1750  2102    2
12424    1419  1285  1519  2102    2
12425    1050  1663  2111  4235    1
12426     757   368   882  2445    2
12427    1634  2591  2764  3150    2
12428     115   116  1960  2834    2
12429    1512  3337  3512  3565    2
12430    2218  3263  3307  4385    1
12431    4078  4255  4382  4403    1
12432     386   687  1533  2937    1
12433    1093  3124  4182  4385    1
12434     364   384   515  4347    1
12435    1426  1954  3282  3793    2
12436    1106  1567  1598  2115    2
12437    1639  1734  1994  2115    1
12438     752  1583  1824  2109    2
12439     277   273  2411  2581    1
12440     248   247  2617  2813    1
12441     588  2760  2854  4076    2
12442    3056  2808  3329  4169    1
12443    1613  1862  2244  3763    1
12444    1080  1235  2018  2840    2
12445    2468  2261  2497  2566    2
12446    1574   938  2378  2752    1
12447     804   763  1635  2109    2
12448    1635  1798  3496  3584    2
12449    1541  2949  3493  3584    2
12450     766   859   891  4001    1
12451    2063  2765  3116  3286    1
12452     984  1470  2738  3639    2
12453     433   755  1448  2861    2
12454    1870  1163  2776  3245    2
12455    3690  4255  4327  4367    2
12456    1633   869  1842  3318    1
12457     369  2437  2913  3871    2
12458    1182   501  1246  4083    2
12459    1166  1865  2615  3250    2
12460    1092  1065  1280  2111    1
12461    1550   872  2374  2390    2
12462     872  1270  2076  2390    2
12463    1283  1262  1987  3710    1
12464    1868  1742  2080  2114    2
12465     833  1392  1698  2634    2
12466      86    84  3723  3796    2
12467    1361  1178  3843  3928    2
12468    1378  2624  2678  4210    1
12469    2753  1163  2776  3371    1
12470    1994  2115  2771  3248    1
12471     692   483  3829  4058    2
12472    1203  1034  1266  2928    1
12473    2603  3515  4263  4288    1
12474    1076  1598  1744  2115    2
12475    1621  1610  1744  2115    2
12476    1598  1621  1744  2115    2
12477     690   617  1039  2772    1
12478    1067  1371  1397  2772    1
12479    2948   486  4023  4189    2
12480    1627   827  2465  2717    2
12481    1526  2250  3006  3360    1
12482    2377  2279  2931  3720    2
12483    2152  1267  2390  2754    2
12484     885   652  2127  4241    1
12485    3417  3233  3454  3762    1
12486    2100  1305  3144  4293    2
12487    2703  2512  3022  3280    1
12488     988   783  1842  2539    1
12489    2042  1795  2683  3058    1
12490    2463    82  3266  3428    1
12491    2351  2996  3179  3274    1
12492      36  3013  3374  4301    1
12493    1634  1100  2591  2735    2
12494      86  3242  3472  3521    1
12495     923  1100  1634  2735    2
12496    2501  2587  3065  3172    2
12497    1489  1708  1940  2229    2
12498    3189  2528  3922  4020    2
12499    1067  2174  2632  3717    1
12500    4047   154  4155  4376    1
12501    1670  1917  2426  3030    1
12502    2187  1921  3733  3815    1
12503     457   606  2584  3908    1
12504     991  1921  2187  3815    1
12505    2841  2920  3314  3848    2
12506     991  2187  2752  3815    1
12507    1391  1578  3757  4401    1
12508     338   362  1047  4144    2
12509     718   920  1103  2332    1
12510     994  3103  3149  4188    2
12511     201   202  3468  3576    2
12512     293   284  3594  4215    2
12513    1299   773  1981  3309    1
12514     963   972  1261  3212    2
12515     719  1732  1917  2599    1
12516     873   956  2464  3225    2
12517    3208  3353  3540  3688    2
12518     311   312   766  2121    1
12519     766   312  1070  2121    1
12520    3764  3414  4044  4249    1
12521    3577  3241  3649  4249    2
12522    2296    57  3315  3759    2
12523      57    59  3315  3759    2
12524     449   465   657  3786    1
12525      49    48  3141  4112    2
12526    2301  1339  2673  3354    1
12527    1215  1309  2123  2838    2
12528    2029  1012  2490  3278    1
12529     693   349   695  3106    2
12530    2061  3019  3837  3872    1
12531    1910  1089  2676  3800    2
12532     566  2685  2702  2773    2
12533    1160  1123  1670  2763    1
12534     386   382  3925  4216    1
12535    2376  1729  2447  3516    1
12536    1689  1323  2386  3516    1
12537     880   461   999  2548    1
12538     789   921   993  2548    1
12539     789   993  2343  2548    1
12540     465  1383   555   381    2
12541    2610   742  2892  3277    2
12542     993   921   999  2548    1
12543     921   789  1281  2548    1
12544     960  1936  2104  3075    1
12545     724   511  1380  2760    2
12546      73    72  2805  3104    1
12547    2087  1692  3517  3633    2
12548    3577  1702  4023  4027    2
12549    2836  3306  3322  3389    2
12550    1958  2034  2133  2473    1
12551    2783  1603  2805  3104    1
12552    2666   577  2881  4201    2
12553     512  1137  2975  4256    1
12554    2083  2823  3129  3444    1
12555    2097  1644  3427  3514    1
12556    2385  2120  4080  4197    1
12557     717   574  1964  3664    1
12558    3583  2980  3585  3861    2
12559    1557   900  3197  3819    1
12560    1120  1300  1557  3819    1
12561     466  1329  2008  2562    1
12562    1135   814  1793  2777    1
12563    2952  3118  3534  3858    2
12564    1712   973  2907  3870    2
12565    3072  1596  3621  4361    1
12566    1717  2552  2696  2946    1
12567     509   818  1957  3343    2
12568    1306   474  2519  2966    2
12569    2370    32  3125  3442    1
12570    1736  1841  2208  2749    1
12571      71    70    69  4175    2
12572     824  1698  2634  3378    2
12573    1393  1424  2668  4161    1
12574    2480  1556  3063  4034    2
12575    1541  2053  3079  3493    2
12576     256   255  1590  2868    2
12577    1154  1612  2125  2646    1
12578     321   408   692  3106    2
12579    1903  1451  2369  2708    1
12580    1663  1050  2111  3758    1
12581    1716   852  1723  2131    2
12582     405  3341  2951   624    1
12583    3410  1935  4073  4079    2
12584     918  1528  1919  2312    1
12585    1082  1109  1819  2944    1
12586    1122  1207  3393  3624    2
12587    1857  1967  2016  2542    1
12588    1526  1202  2420  4161    1
12589    1987  2509  3376  3575    1
12590    3410   149  3902  4064    2
12591    1945  1467  2758  3456    1
12592    1613  2153  2284  3763    1
12593    1958  2018  2022  2133    2
12594     995  1117  2008  2682    1
12595    3518  1169  3582  3631    1
12596     164   163  3271  3606    1
12597    1427  1369  1428  2227    1
12598     108  2036  4005  4026    1
12599     926  1207  2962  3628    2
12600    2694  2222  3285  3352    1
12601    1874  2235  2345  2362    2
12602     479   364  3143  4320    2
12603     293  3925  4199  4203    1
12604    1674  1825  4008  4213    1
12605    1278  2594  3859  4034    2
12606    1296  1822  2130  2618    1
12607     252   253  1868  2134    2
12608     253   252  1830  2134    2
12609     670   469  1664  2761    2
12610     277   273   701  2761    2
12611     523   277  1254  2761    2
12612    1718  1608  2003  2483    2
12613    1167  1043  1443  2135    2
12614    1142  1167  1227  2135    2
12615    2648  3349  3641  4219    1
12616    1233   281  1341  2855    2
12617    1739   656  3358  3600    1
12618     855   455   980  2136    2
12619     980   455  1863  2136    2
12620     724  1117  1863  2136    2
12621     588   511  2136  3425    2
12622    1373  2354  3089  3426    2
12623     880   687  2148  4207    1
12624     855   980  1117  2136    2
12625    1117   980  1863  2136    2
12626     480   511  1379  2136    2
12627     722   924  1977  2927    1
12628    1875   807  2429  4130    2
12629     185  3169  3574  3575    1
12630    1555  1438  2495  4086    1
12631      29  1366  2066  4118    1
12632     800   754  1151  3368    1
12633    2541  1552  3825  4403    1
12634    2296    57  3463  3746    1
12635    1522  1367  2726  3381    1
12636     741  1232  3543  3600    1
12637    1256  1987  2233  3467    1
12638    2136  1117  3085  3425    2
12639    1822   510  1949  2596    1
12640    1928  2096  2222  2635    2
12641    3078  3117  3833  3864    2
12642    1136   832  2293  3549    2
12643    4048  2230  4078  4200    2
12644    1621   874  1744  4069    2
12645    2186  2128  3246  4191    2
12646     806   510   821  2596    1
12647      79    78  2084  2835    2
12648     774   623  3211  3449    1
12649     263   273   701  2514    2
12650    1294  1492  1736  2145    2
12651    2713    33  3022  3388    1
12652    3821  2181  3853  3986    2
12653    1989  1872  2320  2469    2
12654    1564  1111  3217  3442    1
12655    3229  2823  3365  3444    1
12656    1429   816  2698  3552    2
12657    2651   122  3045  3046    1
12658     880  1582  2363  3897    1
12659    3129  2823  3367  3444    1
12660    3127  2100  3144  3997    1
12661    1424   668  2903  4096    1
12662    2790  1597  3091  3214    2
12663    2074   221  2609  3407    2
12664     679   309  1186  2662    1
12665     309   272  1836  2662    1
12666     309   311   528  2662    1
12667     198   199  1741  3835    1
12668     180   181  3481  3721    2
12669    1066   428  1957  3817    2
12670    2916  2271  3032  3059    2
12671     182  2781  3095  3721    2
12672    1344  1284  3485  3811    2
12673    1135   589  1275  2777    1
12674    1403   368  1953  2147    2
12675     368   423  1953  2147    2
12676     538  1403  1953  2147    2
12677    1180  1866  1889  2148    1
12678    1889  1866  2092  2148    1
12679    1889  2092  2120  2148    1
12680     779  3159  3226  4208    1
12681    1237   779  3226  4208    1
12682     779  1237  1895  4208    1
12683    2645  4111  4195  4208    1
12684    1651  2505  3818  3898    1
12685    2636  2442  2822  3095    1
12686     856   655  1147  2503    2
12687     963  1188  1208  3262    2
12688    1457  1276  2664  3154    1
12689    1493  1833  1960  2456    1
12690    1931  1295  3700  3976    1
12691    2856  2443  3822  3837    2
12692     344   308   757  2445    2
12693    1953   368  2381  2445    2
12694     539   846  1114  3136    1
12695    1841  1852  2145  3021    2
12696    2895  1895  3081  3267    1
12697    1581  1796  3458  3799    1
12698    3166  2650  3658  3665    1
12699    1554   739  1794  2714    2
12700      83    81  2294  2344    2
12701     317  1176  1664  2265    2
12702    1200  1996  2799  3482    2
12703    1466  1427  1685  3375    1
12704    2466  3101  3409  3862    2
12705     749   623   853  2577    1
12706      81    83  1930  2344    2
12707     888   962  1899  2391    2
12708     685   754   962  2391    2
12709    1879  1218  2577  2643    1
12710     984  1879  2577  2643    1
12711    3528   414  3620  4156    1
12712     685  1515  2374  2391    2
12713     888   654   962  2391    2
12714     685   654   888  2391    2
12715    1827  3156  3742  4242    2
12716    2451    61  3831  3894    2
12717    1747  1362  1830  2153    2
12718     252  1747  1830  2153    2
12719    1747   252  1956  2153    1
12720    1362  1747  1956  2153    1
12721     771   284  1073  3666    1
12722    1454   878  3005  3659    2
12723    1580  2564  3416  3939    1
12724    1753  1857  1967  2768    1
12725     829   716  1403  2554    2
12726    2281   142  2825  2848    1
12727    1785   745  2006  3985    2
12728    2311  2230  3574  4200    1
12729      33    35    34  3944    2
12730    2692   987  3700  3736    2
12731    1642  1936  2038  2400    1
12732     390   601  1193  3332    2
12733    3203  3486  3487  3580    2
12734     318   641  1131  4389    2
12735     632  3025  3258  4321    1
12736       5   775  2212  2491    1
12737     185  3169  3575  3728    1
12738    3181  3363  3546  3848    2
12739    1886  1871  3719  4238    2
12740      94    95    93  3166    1
12741     247   246  1909  2253    2
12742    1883  2217  2521  2955    1
12743    1024   717  1644  2550    1
12744     474   354  1134  2966    2
12745    2189  2462  3196  3727    1
12746    1610   187  2771  3248    1
12747     572    11  2514  3396    1
12748    3403   120  3880  3947    1
12749    2992  1513  3400  3507    2
12750     526   957   998  2159    1
12751    2091  2152  2190  2746    2
12752    2152  1267  2190  2746    2
12753     957   526   896  2159    1
12754     526   957   896   742    1
12755    1332  2815  3597  4188    2
12756    1116  2418  2961  3323    2
12757     996  2502  2606  2804    1
12758    1482  1462  3355  3640    2
12759     576   650  1302  2161    1
12760    1302   650  1969  2161    1
12761     890   648  1948  2161    1
12762    2647  1576  3260  3694    1
12763     723   890  2110  2161    1
12764    3102  3115  3957  3993    1
12765     874  1598  2251  3386    2
12766      79    78  2686  3020    1
12767    2342    79  2686  3020    1
12768     801   458  1271  3871    2
12769    3405  1538  3578  4051    2
12770    2692   720  3212  3736    2
12771    3668  2443  3834  3841    1
12772     627   874  2203  3386    2
12773      78  1831  2686  3020    1
12774     411   573  1562  2164    1
12775     522   481  1925  2164    1
12776     463   411  1562  2164    1
12777    1695  1916  2017  2551    1
12778    1641  1277  2009  2633    2
12779     656   678   845  3270    2
12780    1136  1094  1259  2210    2
12781     409   424   645  2937    1
12782    1978  1748  2505  4126    1
12783    2503  2147  3158  4129    2
12784    1273  1125  2680  3548    1
12785    1170  2087  2458  2459    2
12786     595   335  1141  4266    2
12787    1504  1512  1951  3512    2
12788    2360  3184  3468  4160    1
12789     202  2472  3503  4160    1
12790    3690  3710  3825  4087    1
12791    3267  3862  4345  4380    1
12792     770  1198  2270  2961    2
12793    1544   990  1650  2166    1
12794    3136  1208   604  3262    2
12795     604   844  1208  3357    2
12796     483   497   615  2397    2
12797    1616   745  3879  3985    2
12798      95    94  1048  3011    2
12799    1208  3136   604  3357    2
12800      42  2113  2496  2508    1
12801    1322  1292  1647  2406    1
12802     668  1343  2382  2668    1
12803     153  3189  3433  4006    2
12804    1997  2221  2289  3092    2
12805    2629  3128  3223  3237    1
12806    2292  2168  2896  3038    2
12807     646   515   823  4320    2
12808    2473   232  3151  3152    1
12809    1361  2088  2292  3038    2
12810     873  1328  2088  3038    2
12811    1452  1361  2292  3038    2
12812    1328  2168  2292  3038    2
12813      71  4102  4306  4323    2
12814    2621  1717  2741  4066    1
12815    3338  3890  3919  3962    1
12816     385   810  3304  4276    1
12817     406   428  1963  2171    1
12818     319   894  1325  2171    1
12819     315   319  1325  2171    1
12820    2741  1717  2781  4066    1
12821    1489  1464  3070  4202    1
12822     992  1323  1469  3960    2
12823     190  3286  3685  3963    1
12824     963  1392  1971  2634    2
12825    1627   865  3405  3578    2
12826     920  1681  2332  3132    1
12827     734   883  2948  3042    2
12828    1401  1338  1461  2236    1
12829     658   635   759  2611    2
12830    3842  2725  4037  4103    2
12831    1265  1025  2015  2816    1
12832    1371  1172  3184  3717    1
12833    3341  1589  3342  3535    1
12834     165   167   166  2238    2
12835    1768  1748  2618  4126    1
12836     787   929  2033  2346    1
12837    1972  1760  2839  4090    1
12838     846  1123  2054  2446    2
12839     968   984  2738  3905    2
12840     885  2434  2639  2690    2
12841    1641  2009  2247  2633    2
12842     332   351  2183  3925    1
12843    2272   487  4355  4391    1
12844    1788   986  3155  3789    2
12845     833  1202  1514  2634    2
12846     532   344  1324  2381    2
12847     397  1035  1324  2381    2
12848    1040  1322  1460  3185    1
12849     656  1033  1739  3358    1
12850    1738  1631  2289  2361    1
12851     106  2900  3590  3745    2
12852     394   289   412  3357    2
12853    2505  2217  2521  3185    1
12854     409   880  1221  2937    1
12855    1202   833  1698  2634    2
12856    2009   258  2247  2633    2
12857    2175  1636  2406  3324    1
12858    1870  2776  4102  4306    2
12859     238  2085  3272  3692    1
12860    3760  4063  4149  4251    2
12861     256   257  2114  2247    2
12862    1580  1074  3939  3964    1
12863    2080  2009  1641  1277    2
12864     687   880  2148  2937    1
12865     258   257  2009  2247    2
12866     692   561  1326  4058    2
12867    1572  2408  2520  3296    1
12868    1068  1799  1943  2605    1
12869    2489   121  2534  2616    1
12870    1821  2414  2534  2616    1
12871    2231  1897  2260  2337    2
12872    1413  1477  1504  2179    2
12873    1136   673  1942  2179    2
12874     808  1136  1942  2179    2
12875    1477   808  1942  2179    2
12876     673  1477  1942  2179    2
12877     441   816  2610  2698    2
12878     684   911  1035  2698    2
12879    4373  3206  2062   767    2
12880      64  2533  4211  4232    1
12881    1121  1937  2081  2565    2
12882    1625   960  2407  3075    1
12883    1049  2225  3808  3966    2
12884     504   503   788  3026    2
12885     963  1777  1907  2497    2
12886    2243  1198  2270  3874    2
12887    2827  3746  3867  4017    2
12888     273   277   669  2581    1
12889    1695  1640  1916  2551    1
12890    1225  1441  4103  4114    1
12891     613   877  1162  3772    1
12892    1828  1577  2169  2181    2
12893    1182  1198  2961  4083    2
12894    1020   849  3720  3928    2
12895     332   430   771  2183    1
12896    1361   956  2931  3928    2
12897    2931  1020  3720  3928    2
12898    1533  1484  1964  4177    1
12899    2230  2311  4078  4200    1
12900    2859  1952  4159  4206    1
12901    2144   849  2993  3928    2
12902    2464  1361  3843  3928    2
12903     725  1563  2209  3225    2
12904    1660   908  2853  4394    2
12905    2675  2845  3650  3929    1
12906    2165  1914  3510  3670    1
12907     504  2049  3026  3256    2
12908    1210   674  1387  2184    2
12909     940  1210  1387  2184    2
12910    1795  1194  1955  2185    2
12911     747   497  1036  3016    1
12912    1527  1043  2881  3183    2
12913     419  3673  4216  4347    1
12914     635   593   658  2350    2
12915     680   485   958  2350    2
12916    1043  1443  2135  2523    2
12917     602   706  1212  3966    2
12918     825  1101  3737  4417    2
12919    1054  2118  2157  2767    1
12920    3476  3115  3957  3965    1
12921      25    24  2603  4288    1
12922    1008   991  1921  2187    1
12923    2117  1513  2304  2753    2
12924     688   718  1042  3368    1
12925     387   398   777  3956    1
12926      57    59    58  3315    2
12927    1324   480  1379  3424    2
12928     958   593   969  2350    2
12929    1592  1194  1921  2187    1
12930    1921  1194  2185  2187    1
12931    1193  1008  1479  2187    1
12932    1479  1008  2185  2187    1
12933    1193  1479  2185  2187    1
12934    3902  2062  4014  4353    1
12935    1951  1512  3337  3512    2
12936    1429   816  3552  4079    2
12937    2298  2300  2794  3158    2
12938    2027   941  4107  4328    2
12939    1890  3012  3747  3881    2
12940     809  2897  4076  4257    2
12941    2964  1890  3747  3881    2
12942    2524  1434  2562  2804    1
12943    1461  1737  2189  3727    1
12944      96  1668  2880  4166    2
12945     860  1915  3223  3237    1
12946    2133  1938  3453  1751    2
12947    2430    87  2448  2607    2
12948    2313  1983  2500  3105    2
12949    1797  1826  2939  3857    2
12950    2742  2249  2916  3032    2
12951     945  1436  2655  3035    1
12952    1367   755  2773  3473    2
12953    2852  1782  3284  3726    2
12954     789   993  1281  2902    1
12955     259   258  2936  3154    1
12956    1688  2244  2954  3763    1
12957    2193   910  3408  3454    2
12958    3696  3169  3711  3728    2
12959    2390  2224  3132  3783    2
12960    2333  2468  2566  2744    1
12961    2468  2538  2566  2744    1
12962    3288  1093  4182  4340    1
12963      47    46  2566  2744    1
12964     250   249  1862  3763    1
12965     582  1088  3582  4269    1
12966    3820  2278  3836  3975    1
12967     602   706  3609  3882    1
12968    1939  1016  2482  2502    1
12969    1381  1564  3443  3718    1
12970    1259  1094  1523  2632    1
12971    2920  2532  3196  3363    2
12972    2524  1434  2573  3360    1
12973     349   390  1066  2359    1
12974    1499  1422  2203  3596    2
12975    1490  1422  1499  3596    2
12976    1775   862  4148  4251    2
12977    1735  1601  1956  2284    1
12978    2434   975  3281  3562    2
12979    3645  2614  3765  4138    2
12980    2051  1172  2372  3184    1
12981    1526  2420  2803  4161    1
12982     309  1050  1186  2969    1
12983     356   326   372  3871    2
12984    1415  2250  2571  2881    2
12985    1043   577  2267  2881    2
12986    1043  2267  2528  2881    2
12987     538  2147  3522  4129    2
12988    3895  3571  4167  4310    1
12989    1489  3070  3642  4202    1
12990     542  2439  3419  3434    2
12991    1177  2384  3239  3554    2
12992    1670  1658  1917  2199    1
12993    2113  1556  2480  4034    2
12994    1170  2087  3065  3598    2
12995     882  1384  2079  2323    2
12996     971   920  2332  3132    1
12997     605   675   898  2575    2
12998    1685  1427  3223  3375    1
12999     705  1074  3225  3842    2
13000    3347  2648  3376  4143    1
13001    2199  1658  2255  2365    1
13002    2172  1476  2199  2365    1
13003    1074  1225  1980  3842    2
13004    1014  1339  2301  2707    1
13005    1979  2730  2765  3286    2
13006    2199  2255  2335  2365    1
13007     946  2285  2558  3893    2
13008     940  2178  3818  3893    2
13009    1844  1408  2113  2200    1
13010    1408  1118  2113  2200    1
13011     228   230  2732  2873    1
13012    1387   940  2184  3893    2
13013     729  1189  2026  3968    1
13014     990  1544  1650  3076    2
13015     864  1149  3110  3731    2
13016    3334  3145  3531  3792    1
13017    1151  1439  2332  3345    1
13018     955   696  2295  2910    1
13019    2213  1935  4072  4074    1
13020    2933  3597  3610  3611    2
13021    1188  1091  3139  3612    2
13022     933   639  4164  4286    2
13023    2751  1199  2902  3709    1
13024    2254  1632  2629  3605    1
13025    1245  1223  1465  2319    2
13026     947   372  1730  3871    2
13027    1170  2087  2649  3065    2
13028     486   797  1031  2334    2
13029    1306   661  2428  2519    2
13030    1790  1042  3097  3592    1
13031    1479  1492  2042  2683    1
13032    1770  1636  2175  3324    1
13033    1596   727  3621  3628    2
13034     289   458  4013  4276    1
13035    1729  3266  3428  3516    1
13036     421   383   611  4164    2
13037     124   125  2401  3293    1
13038     352   351  3752  3823    1
13039    1885   233   231  2030    1
13040    1415  2195  2528  3069    2
13041    3189   155  3433  3969    2
13042    3022    33  3291  3388    1
13043    2560   306  2807  3594    2
13044      33    34  3291  3388    1
13045     472   594  1383  2544    2
13046     711   465  1383  2544    2
13047    2421  2408  2520  2977    1
13048     736   900  2663  4357    1
13049      34  3115  3593  3993    1
13050    1975  1654  2058  4259    2
13051     827   962  2391  2465    2
13052     962   827  1171  2465    2
13053    2231  2260  2370  2719    1
13054    2128  2182  2361  3092    1
13055    1967  1449  2150  3963    1
13056    1945  2758  3435  4360    2
13057      93  1259  1523  2632    1
13058    3245  2429  3317  3974    2
13059    1619  1540  2243  3405    2
13060    2134   906  3457  3570    2
13061    2851  1121  3084  3725    1
13062    1938  1997  2289  3092    2
13063    2761  1474  2929  3093    2
13064    1234  1474  2761  3093    2
13065     190   189  3286  3963    1
13066    2221  2128  2361  3092    1
13067    3292  2836  3322  3389    2
13068     191   189   190  3963    1
13069     524   355   637  2211    1
13070     353   524   637  2211    1
13071    3059  2327  3395  3782    2
13072     643   813  1245  2287    2
13073    2769  2242  3080  4169    1
13074     758  1223  1827  2287    2
13075    3441  1093  3562  4198    2
13076    2285  2558  3818  3898    1
13077    2822  2442  3003  3095    1
13078     173  1926  2044  3865    1
13079    3372  3142  3934  4292    2
13080    1760  1970  2268  2482    1
13081    2135  2123  2854  4081    2
13082     182   181   180  3721    2
13083     450  1350  2778  4067    1
13084    1339  1014  3140  3354    1
13085    2167  2421  3571  4167    1
13086    2442  2621  3003  3095    1
13087     311   309   679  2662    1
13088     278   276  1345  2415    1
13089    2455  1633  3401  3880    1
13090     280  1325  2223  2415    1
13091    3015  3669  3713  4120    2
13092    2461  3951  3989  4296    2
13093     416   785  1657  2535    1
13094     453   654   685  2535    1
13095     292   595  1075  4266    2
13096    1916  1640  2273  3090    1
13097    1867  1696  1925  2997    1
13098    1274  2122  3895  4167    1
13099     763  2565  2580  3122    2
13100    3203  1409  3485  3488    1
13101    1419  1750  2102  3266    2
13102    1729  1750  1930  3428    2
13103    1206  2116  3059  3395    2
13104    3429  3310  3764  4027    2
13105    1760  2135  2482  2523    2
13106     817   942  2669  3662    1
13107    2188  1604  2799  4040    2
13108     566   545  1122  2685    2
13109    1226  1760  2268  2523    2
13110     475   449  3332  3343    2
13111     381   349   390  3343    2
13112     851   465  2669  2750    1
13113     865  1584  3405  3578    2
13114     816   441  1872  4125    2
13115    1979   189  2730  3286    2
13116    2524   209  2586  3023    1
13117    1719  1439  2332  3132    1
13118    2439   378  2544  3434    2
13119    2200  1531  2496  4039    1
13120     577   824  1907  3190    2
13121    1406   148  2933  3959    1
13122    2270  1604  3948  4040    2
13123     631   598   787  3434    2
13124    1420   542  3419  3434    2
13125    1531   702  3328  4039    1
13126     150  2462  2530  3196    2
13127     706  1212  2948  3042    2
13128    1621  1567  2784  3990    2
13129    2271  1425  2327  3059    2
13130     224  2659  3050  3820    1
13131     448  2778  2811  3384    1
13132    1686  1672  2096  2222    2
13133    2264  1996  3199  3481    2
13134    1822  1124  2130  2618    1
13135     280   283  1326  2223    2
13136     283   349   509  2223    2
13137     509   349  1066  2223    2
13138    1578  1391  4213  4401    1
13139    1211  1924  3325  4015    2
13140    1651    89  3218  3818    1
13141    1737  1096  3892  3899    1
13142    1083   460  1953  3108    2
13143    1517  1533  3752  4177    1
13144    1317  1315  2724  3300    2
13145    1152  2079  2829  4314    2
13146     250  1862  2284  3763    1
13147    1201  2300  2340  2997    1
13148    2162  2163  2290  3037    2
13149    2228  1201  2340  2997    1
13150     181   182  2636  3809    1
13151    2636  2442  3480  3809    1
13152     404   896  2403  4400    1
13153    3445  3131  3837  3850    2
13154     672  1212  1289  2225    2
13155     777  1995  2613  3967    1
13156    2608  3147  3181  3186    2
13157    1535  1336  1653  3237    1
13158     838   549  2613  3845    2
13159    3022    34  3115  3593    1
13160    1653  1684  2629  3237    1
13161    3099   213  3852  3868    1
13162     218  2886  3344  3631    1
13163     780   402  1739  3542    1
13164    2257  1237  4380  4401    1
13165    1270  1198  2418  2754    2
13166    1205  1754  2373  3916    2
13167     428   406  1963  3817    2
13168    1530  1158  2661  2993    2
13169    1357  2052  2107  3407    2
13170    1846  1864  2071  2431    1
13171      51  2658  2707  3677    2
13172    1201   856  2300  2504    1
13173    3157  3233  3417  3762    1
13174     868  1247  2265  3027    2
13175    1564  1111  1769  3073    1
13176    1009  1293  2062  3552    2
13177    1980  1225  3778  3842    2
13178     701  1664  2864  3971    2
13179    2806   930  2817  3335    1
13180     349   642  2359  2994    1
13181     699   336  2535  3220    1
13182     346   771  1325  2994    1
13183    2144  2993  3123  4224    2
13184    1781  1805  2214  3316    1
13185     606  2067  3424  3859    2
13186    2426  2255  2588  3173    2
13187    1333   432  2088  2410    2
13188    2835  2084  3021  3387    2
13189     624   952  1125  2951    1
13190    2404  2492  2654  3272    1
13191    1176   701  1664  2864    2
13192    2000  1807  3779  3972    2
13193    2296  2842  3098  3273    1
13194     619   701   750  2864    2
13195    1789  2000  3379  3972    1
13196     640  2310  2888  3622    2
13197    1451  1833  1903  3316    1
13198    1723  3156  3417  3622    2
13199      22  3379  3768  3935    1
13200    2759  1993  3240  4366    2
13201       2   568  4350  4388    2
13202    1493  1833  2456  3975    1
13203     918   476  1528  2312    1
13204    1619  1765  2582  2968    1
13205     363   478  1518  2312    1
13206     633  1055  3479  4024    1
13207    1835   218  2348  3082    2
13208    1940  1489  3647  4295    2
13209     945   795  1337  3082    2
13210    1590   254  1830  2868    2
13211     255   254  1590  2868    2
13212    1772  1752  2292  2896    2
13213    3970  1626  4063  4312    1
13214     308   615  3573  3829    2
13215    2967  1005  1700  4381    1
13216    1126  1843  2092  3975    1
13217     569   944  1218  2234    1
13218    1218   944  1825  2234    1
13219    1760  1309  1972  4081    2
13220     945  1337  1835  3082    2
13221    1979  3286  3520  3685    2
13222    2841  2709  2920  3546    2
13223    1069  1975  4238  4326    2
13224     580   531   698  4418    2
13225    1789  2020  3788  3972    1
13226     118  2715  3927  4121    1
13227    1500  3204  3238  3972    1
13228     311   309   839  3758    1
13229      22  3379  3935  3972    1
13230    1419  2851  3160  3725    1
13231     615   483  1905  3829    2
13232    3657  3693  3700  3976    1
13233    1787  1361  1876  2931    2
13234    2278  2625  3820  3836    2
13235    1781  1542  1903  3072    1
13236    1138  1542  2419  3072    1
13237     946  2127  3217  4077    1
13238     854   834  2112  2583    2
13239    2680  2972  3535  3548    1
13240    2261    47  2497  2566    2
13241    1703  1001  3647  4295    2
13242     936  2703  2918  3280    1
13243    1752  1192  3530  4016    2
13244      47  2261  2538  2566    1
13245    1262  2878  3575  3802    1
13246    1304   735  2307  2423    2
13247    2249  2700  3207  3438    1
13248    3205  2638  3860  4113    1
13249     900  1740  3197  3819    1
13250    3820  4362  4273   222    1
13251    1874  1819  2362  3155    2
13252     255   256  1585  2664    1
13253    2700  3120  3207  3438    1
13254    1993  2863  3109  3617    2
13255    1620  2106  2407  4356    1
13256     438   487   825  2272    2
13257    1633  1821  2455  3318    1
13258    1781   687  2148  2884    1
13259    1181  1116  1239  2418    2
13260    2947  2996  3086  4085    1
13261     525  1678  2304  2738    2
13262    1654  1620  2620  4356    1
13263    1654  2833  4259  4356    1
13264    1044  2407  3075  4356    1
13265     659  1110  2316  2733    1
13266    3740   211  3822  3850    2
13267    2810  2871  3965  4298    2
13268    2942  3354  3677  3997    1
13269     427   442   490  2736    1
13270    1020  2377  2931  3720    2
13271    1269   939  1520  2594    2
13272    1213  1720  2130  2592    1
13273    2294  1396  2447  3423    1
13274    1835   217  2348  2814    2
13275    1823  3206  3611  4079    2
13276     980   724  1167  3466    2
13277     181   180  3199  3480    1
13278    1858  1442  1991  3196    2
13279    2189  1461  3196  3479    1
13280     117  2715  3326  3927    1
13281     211  3837  3850  3872    2
13282    1509  1553  2063  3077    1
13283    1449  1967  2045  3077    1
13284     830  1792  1847  2719    1
13285      96  2880  2928  2950    1
13286     841  1944  1961  2337    2
13287    1901  2231  2260  2337    2
13288    1847  1792  1944  2337    2
13289    1485   909  1513  3449    1
13290     194  3504  3511  4275    2
13291     255   256  2114  2247    2
13292    1904  2426  2588  3173    2
13293    3306  2888  3505  4275    2
13294    2972  1279  3341  3535    1
13295    2866  2865  3071  3766    2
13296     863  1455  1788  2453    2
13297    1044  1842  2407  4356    1
13298    3080  2396  3420  3494    1
13299    1804  1749  2057  4132    1
13300     516   721  1630  2824    1
13301    2142    50    48  2917    1
13302    1816  2228  2303  3256    2
13303    2574  1152  2829  3962    2
13304    2574  1152  3962  3973    1
13305    2986  2363  3001  3174    2
13306    2093  2363  2827  3174    2
13307    1798  2980  3496  3584    2
13308    1286  2874  3010  3234    2
13309    1968  1943  2578  3086    1
13310    3083  2887  3422  3459    1
13311    1198  1267  2243  2270    2
13312     229   228  2367  2737    2
13313    1054  1791  2001  2775    2
13314    2780  3014  3058  3713    1
13315    2259  1726  2719  3073    1
13316     493  1776  2493  2755    2
13317       9   775  1247  3027    1
13318    2092  2456  2787  3910    1
13319    4203  3005  4204   382    2
13320    2146  1733  2203  2251    2
13321    1155  2146  2203  2251    2
13322    1404  1166  2615  3250    2
13323    1166  1052  1865  3250    2
13324    1598  1311  1734  2251    2
13325    1734  1311  1762  2251    2
13326     186  1733  2146  2251    2
13327    1155   186  2146  2251    2
13328    1583   916  1861  2319    1
13329    1465  1223  1511  2319    2
13330    3012  2905  3881  4002    2
13331    3806  2762  3958  4229    2
13332    1897    32  3441  3561    2
13333    2349  1574  2378  2752    1
13334     340   350   544  2710    1
13335     759   658  1444  3767    2
13336    2013  2532  2920  3363    2
13337    1909  1690  1417  1688    2
13338    1690  1909  1417  2253    2
13339    1524   516  4092  4321    1
13340     474  1652  2338  3615    2
13341    1598  1852  3386  3615    2
13342     316   794  3839  4311    2
13343    2674  1177  4047  4376    1
13344      23  3748  3768  4237    1
13345    2314   167  2995  3708    1
13346     167   165   166  3708    1
13347      92  2461  3112  3707    2
13348    1604  2270  2799  4040    2
13349    1748  1435  2505  3185    1
13350    2780  3058  3669  3713    2
13351      86  3126  3242  3521    1
13352    1213  2130  2256  2592    1
13353     146   144  2638  2821    1
13354    2637  1803  2859  4206    1
13355    2834  2858  3290  3977    2
13356     735  1121  1937  2258    1
13357    1937  1121  2081  2258    1
13358    2016  1937  2081  2258    1
13359    1937  2016  2045  2258    1
13360    1449  1148  2045  2258    1
13361    2081  1121  2150  2258    1
13362     671  1200  2465  3726    2
13363    1449  2081  2150  2258    1
13364    1148  1449  2150  2258    1
13365    1967  2016  2081  2258    1
13366    1449  1967  2081  2258    1
13367    1967  1449  2045  2258    1
13368    2016  1967  2045  2258    1
13369    1947  3621  3628  3636    2
13370     362   290  1468  4144    2
13371    2170  1167  2812  3348    2
13372    1726  1040  2217  4135    1
13373     662   580   686  4418    2
13374    1396  2002  2294  2720    2
13375    1245  1861  2319  3056    1
13376    1726   626  3814  4135    1
13377    1513  2304  2992  3400    2
13378    1556  1408  1844  3892    1
13379    2242  1808  3080  4169    1
13380    2005  1952  2231  2259    1
13381     985   932   995  2739    1
13382     674   496  2641  3297    2
13383     968  1470  1648  2705    1
13384    1151  1439  1662  2332    1
13385     404   896   957  2403    1
13386     986  2610  2892  3277    2
13387    2470  1149  2852  3731    2
13388    1007  3532  3831  3936    1
13389    1998  2046  3071  3276    2
13390    2038   229  2046  3276    2
13391    2105  3390  3903  4003    2
13392     876   367   901  4395    1
13393     829  1403  1942  2626    2
13394     966   481  2299  2559    1
13395    2686  2208  2749  3020    1
13396     488   320  1656  3573    2
13397    3302  2459  3633  4162    2
13398    1202  1764  2137  2903    1
13399    1999  1174  2176  3173    2
13400    1483   795  2879  4386    2
13401     627   977  1006  3386    2
13402    2214  2120  4197  4207    1
13403     112   113   111  2506    1
13404    2906  2836  3068  3389    1
13405    1638  2203  2251  3021    2
13406    1464  1850  1940  3070    2
13407     647  2159  3908  4280    1
13408    2829  1853  3522  3890    2
13409    1588  2386  3516  3725    1
13410     697   264   868  2265    2
13411     204  3314  3848  3979    2
13412    3291  1820  3476  3298    1
13413    1028   628  3604  4316    1
13414    2300  2340  2794  3158    2
13415     594   472  1905  3194    2
13416    1696  1867  2118  2997    1
13417    1094  1523  2829  4377    2
13418      61    60  2451  3229    2
13419     365  1739  3377  3999    1
13420     346   340   366  2710    1
13421    2924    59  3572  4272    2
13422     435   463  1562  2511    1
13423    1732  2156  3191  3235    2
13424     360   380   402  2987    2
13425      50  2142    48  2529    1
13426    1760  1972  2123  4081    2
13427    2005  1093  3441  4198    2
13428     142   143  2970  3192    2
13429    2589  2593  2764  3192    2
13430     157   158  2364  2413    1
13431     454   484  1618  2656    2
13432    1906  1959  3836  4273    2
13433     455   887  2383  4252    1
13434    1782  1149  3327  3684    2
13435    1469  1689  2102  3266    2
13436     521   958  1047  3490    2
13437    1914  2546  2886  3202    2
13438    1848  3203  3580  4029    2
13439    1714  1971  2043  2328    2
13440    2833  3075  4259  4356    1
13441    1842  1044  3318  4356    1
13442     873  1328  2056  3091    2
13443    3487  3489  3581  4196    2
13444    1792  1802  1961  2844    2
13445    1971  1303  2043  2716    2
13446    2326  2795  3228  3866    1
13447    1359  1288  3534  4274    2
13448    3228  2795  3572  3866    1
13449    1557   729  3819  3968    1
13450     495   295  4144  4266    1
13451     367   507   960  2275    1
13452    1149  2465  3044  3327    2
13453     564   397  1098  2897    2
13454    2820  3127  3144  3785    1
13455     809   564  1098  2897    2
13456    2292  1752  2757  2896    2
13457    2225  1914  2546  2886    2
13458    1516   507  1517  2275    1
13459    3493   136  3587  4209    1
13460    2294    83  2344  3423    2
13461    1477   423  1953  2445    2
13462     575   423  1477  2445    2
13463     451   367  1108  2275    1
13464     367   451   507  2275    1
13465     567   905  1108  2275    1
13466     667   567  1108  2275    1
13467     567   667   905  2275    1
13468     248   249  2813  4117    1
13469    1108   905  1517  2275    1
13470    2938  2201  3257  3345    2
13471    2655  2543  3485  3488    1
13472     451  1108  1517  2275    1
13473     507   451  1517  2275    1
13474     240   241  2096  3675    2
13475    1848  1284  2921  3203    2
13476    1060  1053  1528  3623    1
13477     489   274  1247  3888    2
13478     602   458   801  2324    2
13479     408   444   483  3106    2
13480     492  1211  2310  3325    2
13481    2069  1671  2962  3043    2
13482     829  1183  2626  3550    2
13483    1284  1623  1848  3811    2
13484    2622  1992  3130  3231    2
13485    1162  1231  3772  4082    1
13486    3321  3071  3413  4094    2
13487    2361  2289  3092  3151    1
13488     106  2900  3537  3590    2
13489     873   956  1361  2464    2
13490    2021  2789  3661  3793    2
13491    1776   276  2755  3985    2
13492     561    16   651  4058    2
13493    2055  1286  2965  3193    1
13494    1531  2394  3695  3920    2
13495     440   363  2312  3623    1
13496    1885   233  2289  3151    1
13497    3988   892  4164  4217    2
13498    1942   829  2626  3550    2
13499    1507  1521  1529  3982    1
13500     232   233   231  3151    1
13501     251   252  2153  2284    1
13502    1601  1362  1956  2284    1
13503    1956  1362  2153  2284    1
13504    1362  1613  2153  2284    1
13505    1362  1601  1613  2284    1
13506    1752  1452  2292  2757    2
13507    1603  2028  2302  3104    1
13508     464   481   613  2559    1
13509    2559   460   776   565    1
13510     821  1822  2130  2596    1
13511    2582  2302  3051  3104    1
13512     992   598  1323  3960    2
13513     636   493  1345  2493    1
13514    2808  2242  3329  4169    1
13515    2524  2573  2586  2606    1
13516    1675  1872  2237  2320    2
13517    3470  3176  3471  4141    1
13518     335   595  2943  4266    1
13519     176   175  3750  4187    1
13520    1086   803  1829  2817    1
13521     758  1827  2193  2287    2
13522    1223  1245  1465  2287    2
13523    1465  1245  1827  2287    2
13524    1223  1465  1827  2287    2
13525     813   640  2193  2287    2
13526    3426  2216  3437  4339    1
13527    2291   171  2355  4265    1
13528    3361  2748  3750  3833    2
13529    3798  2895  4011  4187    1
13530    2748   176  3750  3833    2
13531    1751  1794  2040  2289    2
13532    1794  1751  1997  2289    2
13533    1617  1751  2040  2289    2
13534    1751  1617  2030  2289    2
13535    1166   509  1957  3817    2
13536    2625   222  3820  4273    2
13537    2924   943  3636  3866    2
13538     335   495  4144  4266    1
13539     595  1060  2943  4266    1
13540     951  1452  2088  2292    2
13541    2072  3067  3676  4017    2
13542     940   904  2285  3898    1
13543     546   458  1271  3609    2
13544      65    64    63  3039    2
13545    1603  1447  2028  3482    2
13546     553   273  1186  2411    1
13547     277   670  2395  2411    1
13548    1408  2394  2872  3722    2
13549    2371  1385  2939  3857    2
13550     832  1259  2179  2650    2
13551     213   214  3099  3852    1
13552     488  2810  3012  3167    2
13553     908   584  3312  4394    2
13554    1354  1782  3674  3684    2
13555    1507  1529  3401  3982    1
13556     522   726   776  3047    1
13557    2720  1372  3506  4172    2
13558     153  2329  2803  4006    1
13559    3212   890  3244  3262    2
13560     900  2481  4279  4357    1
13561     211  2061  3837  3872    1
13562    2628  3325  3389  4371    2
13563    1720  1316  1820  2999    1
13564     911   457  1035  3424    2
13565     443   457   911  3424    2
13566     773   548   774  3358    1
13567    1190  2087  2459  3633    2
13568     569   370  1445  2295    1
13569    1379   455  1863  3190    2
13570     370   550   876  2295    1
13571    2003  2126  2355  3830    2
13572     196   195  1560  3236    2
13573     857   534  2322  2706    1
13574     455   887  1307  3190    2
13575    2379   195  2507  3236    1
13576     577  1043  2267  3190    2
13577    2066  1366  2078  4118    1
13578    2078  1366  2086  4118    1
13579     250  2134  3040  3162    2
13580    3155  3789  4166  4258    2
13581     976  2408  2421  2555    1
13582     733   966  1054  2299    1
13583    2520  2977  2998  3556    1
13584    3178  3342  3537  3595    1
13585     564   500  1380  2560    2
13586    1946  1480  2657  3049    1
13587     221   219  2341  3049    1
13588    1779   841  3448  4198    2
13589    1080  1084  2022  2714    2
13590    3864  2748  3889  4277    2
13591    2132  2068  2745  3916    1
13592     914  2265  3724  3971    2
13593    2471  2125  2646  2784    1
13594    1312  1447  1538  2302    1
13595    1538  1447  2028  2302    1
13596    3671  3008  4222  4329    1
13597    2236  1461  3727  4032    1
13598     269   289  1335  4013    2
13599    1447  1603  2028  2302    1
13600    1447  1312  1603  2302    1
13601     502   948  1713  3620    1
13602     501  1182  1418  4083    2
13603    1011   585  2393  3028    2
13604     452   387   537  4392    1
13605     317   264  2265  3027    2
13606    1270  1146  3462  4083    2
13607    3534  2728  4274  4399    2
13608     894  1325  2171  2994    1
13609     428  2811  2994  3384    1
13610     771   280  1325  2994    1
13611     428   894  2171  2994    1
13612    2179  1048  2650  3658    2
13613     417   737  1505  3364    1
13614     496  1813  2639  2690    2
13615    1284  1129  1409  2861    1
13616     491   856   961  2511    1
13617    1322  1571  2406  2875    1
13618    2906  2598  3170  3176    1
13619     650   712  2322  2706    1
13620     534   857  1095  2706    1
13621     491   508   897  2511    1
13622     961   856  2504  2511    1
13623    2236  1461  2462  3727    1
13624     833  1343  1743  2932    1
13625     171  2291  2355  2377    2
13626    1320  3278  3279  3937    1
13627    1303   833  1743  2932    1
13628     410   666  2560  2807    2
13629    1989  1874  2235  2345    2
13630     880   835   921  2363    1
13631     880   687  1221  2937    1
13632    1548  1586  2114  2308    1
13633    1586  1548  2108  2308    1
13634    1337  1344  2921  3811    2
13635    3862  3409  3878  4084    2
13636    2510  1572  2520  3296    1
13637     724   577  1043  2666    2
13638    3207  2249  3438  3557    1
13639     796   365  3823  3999    1
13640    1719  1679  2642  2665    2
13641    2770  2712  3083  3674    2
13642     165   167  2238  3912    2
13643    1380   724  2135  2666    2
13644    2408  2421  2520  3296    1
13645    1915  2441  2629  2889    1
13646    1915  1518  2441  2889    1
13647    4166  1819  1668  2880    2
13648    1518   822  2441  2889    1
13649    2392  1100  2576  2641    2
13650     674  1210  2531  2641    2
13651    1993  2205  2624  2678    1
13652    1722  1764  2668  2903    1
13653    1042  1272  1711  3391    1
13654    1401  3181  3196  3801    1
13655    1481   989  1518  2889    1
13656    1369  1632  2227  2889    1
13657     989  1481  1632  2889    1
13658    1440   918  1919  2312    1
13659    1820   936  2512  2703    1
13660     713  1785  2006  3985    2
13661    1012   961  3509  3770    2
13662    1982  2025  3089  3990    2
13663    2338  2125  2796  3990    2
13664    2471  3087  3119  3990    2
13665     961  1731  2228  3770    2
13666    2255  2365  2426  2588    1
13667     504  1253  3509  3770    2
13668     961  1012  1731  3770    2
13669    1809  1158  2513  2661    2
13670    3647  2780  3669  4120    2
13671    1657   365  2912  3377    1
13672    2340  2300  2794  2997    1
13673    3036   128  3274  3527    2
13674    2366  1986  2569  3000    1
13675    1608  2279  3090  3934    1
13676      87    88  1651  3477    1
13677    1273  1125  2055  2680    1
13678     602  1313  2324  3042    1
13679    2156  1732  2965  3235    2
13680     706   602  1212  3042    2
13681     883   734  1191  3042    1
13682    3126  3233  3242  3521    1
13683     789  2050  2151  2902    1
13684    2050  1199  2151  2902    1
13685    1937   752  2580  2971    2
13686    1178  1062  1361   689    2
13687    2857  1249  3901  3911    1
13688    1410  1283  1923  4397    1
13689     115   114  2070  2787    1
13690     142  2281  2825  2970    1
13691     572   765  1115  2644    1
13692    3159  2487  3226  4208    1
13693     729   537  4019  4392    1
13694      64    63  3039  4232    2
13695    2278  1565  2708  3050    1
13696    2204   224  2659  3050    1
13697    1084  1157  1674  2941    2
13698     105   106  3536  3590    1
13699     773  1274  1799  3055    1
13700     208   209  2573  3023    1
13701    2769    29  3329  4169    1
13702    3176  3470  3567  4141    1
13703    1366  2769  3080  4169    1
13704    1304   549  1740  3931    1
13705    2885  1543  3163  3421    1
13706     443  1324  1379  3424    2
13707    1341  1233  2855  3057    2
13708    3388  2964  3881  4002    2
13709     902   281  1360  2855    2
13710    1502  1249  1843  2857    1
13711    3655  2036  3738  3739    1
13712    1637  1790  3097  3592    1
13713    1171  2717  3003  3863    2
13714    3329    29  4118  4169    1
13715    2188  2819  3948  4040    2
13716    1000   959  2274  2809    2
13717    1511  1465  2319  3329    2
13718     314   662  4254  4261    2
13719    2101  1676  2199  2322    1
13720     389     4  2864  3971    2
13721    2604  1946  3331  3579    2
13722    2200   932  3328  4039    1
13723    1676  1917  2199  2322    1
13724    2068   206  2132  2600    1
13725    3349  3169  3696  3802    1
13726     702  1614  3328  4039    1
13727    1664  1176  2864  3971    2
13728     619   701  2864  3971    2
13729    1745   518  3312  4267    2
13730     205   206   204  2600    1
13731    1917  1670  2199  2322    1
13732     952   650  1670  2322    1
13733     650   712  1670  2322    1
13734    1670   712  2199  2322    1
13735    1575  1993  3617  3637    1
13736     935  1129  1898  3637    1
13737    1824  2894  3007  3492    1
13738     330   699  1657  3220    1
13739    1758  2149  2215  3275    2
13740    1607  1671  2207  3043    2
13741    4219  3641  4369  4397    1
13742    1935  1293  3667  4074    1
13743     115   116   114  4080    1
13744    1598   927  1852  3615    2
13745     437   672  1212  2334    2
13746    3614  2213  3995  4074    1
13747     528   311  1783  2733    1
13748     529   744   875  2733    1
13749    1376  1148  1534  2386    1
13750     675   898  1999  2925    2
13751    1676   675  1999  2925    2
13752    2986  3001  3098  3208    2
13753    1148  1376  1588  2386    1
13754    2331   228  2367  2732    2
13755      94  2494  3166  3640    1
13756     456   539  1114  3136    1
13757    2278  2456  3836  3975    1
13758    1434  2524  2573  2804    1
13759     774   773  1033  2421    1
13760    2297  1968  2887  3460    2
13761    1274   884  2734  3086    1
13762    1000   879  1525  3063    2
13763    2267   824  2384  3554    2
13764     875  1110  2662  2733    1
13765    1426  3282  3776  3793    2
13766    3145  2458  3531  3792    2
13767    1758  1975  2058  2331    2
13768    1621  1598  2338  3990    2
13769    1975  1758  2215  2331    2
13770    1757  3771  3906  3989    2
13771    1975  2215  2262  2331    2
13772     618   434  3953  4260    1
13773     552   360   780  4260    1
13774     704   618  3953  4260    1
13775    3757  2867  4318  4379    2
13776     971   920  1987  2332    1
13777    1365  2052  2107  3776    2
13778    1103   920  1681  2332    1
13779    1775   862  2334  3769    2
13780    1720  1636  1770  3369    1
13781    1720  1770  2848  3369    1
13782    2512  1292   936  3369    1
13783    2156   719  2925  3346    2
13784    1439  1272  1715  2332    1
13785    1272  1103  1715  2332    1
13786    1439  1715  1719  2332    1
13787     922   725  1576  3260    1
13788    1103  1681  1715  2332    1
13789     487   825  2272  4355    2
13790    1493  1451  1508  3133    2
13791     767  1512  3512  3565    2
13792    1451  1493  2858  3133    2
13793     709  1059  2925  3346    2
13794     719  2156  2909  3346    2
13795    1059  2156  2925  3346    2
13796    1618   484  3139  3346    2
13797    1799  1068  2734  3449    1
13798    1985   983  2858  3133    2
13799    3256   504  3509  3770    2
13800    1070   312  1133  3758    1
13801    1327  1350  1865  2611    2
13802    3099   214  3414  3803    1
13803    2610  1293  3552  3991    2
13804    2296  2986  3315  3746    2
13805     749   774  1010  3449    1
13806    1165   632  3258  4321    1
13807    1093  3124  3441  3562    2
13808    1961  1901  2260  2337    2
13809    1897  1961  2260  2337    2
13810    3279  1320  3937  4138    1
13811     540  1255  1614  4153    1
13812    1320    90  3937  4138    1
13813    1293  2610  2286  3991    2
13814     133  3119  3438  3681    1
13815    3937  2461  3951  4138    2
13816    2461  3645  3765  4138    2
13817    3867  3746  3984  4017    2
13818     628   462  2039  3604    1
13819    2268  2571  2756  3006    1
13820    2081  2202  2484  3599    2
13821    2685  1090  2702  2773    2
13822    2458  2032  3145  3531    2
13823     191   189  2150  3599    1
13824    2373  1754  3314  3916    2
13825    3676  2827  3867  4017    2
13826    1669  1021  2052  3066    2
13827    3711  3350  3781  4205    2
13828    2423  1285  2565  3084    2
13829    1167   996  2682  3168    2
13830     116   115   114  2687    2
13831     125   124  1157  3293    2
13832    2524  2573  3069  3360    1
13833    2267  2528  2881  3553    2
13834     854   941  2583  4328    2
13835    1489  1464  1940  3070    2
13836     547   821  1185  3252    2
13837    3103  1197  3149  4188    2
13838     477   382  3005  4203    2
13839    1079   815  1348  3817    2
13840    2865  3071  3163  3413    2
13841     604   630  3656  3856    2
13842     513  1235  2089  4217    2
13843    2232  1623  3109  3705    2
13844    2627  2919  3172  3530    1
13845    1692  1241  2410  3301    2
13846     116  3977  3998  4080    1
13847    1607  2207  2296  3074    1
13848    2786  2297  2947  3215    2
13849     437   545   607  2832    2
13850    2863   163  3271  3474    2
13851     437   607  1448  2832    2
13852    1642  1625  2106  3075    1
13853    1154  2417  2481  4357    1
13854     900  1154  2481  4357    1
13855    2972  2680  3341  1125    1
13856    1008  2026  2561  3968    1
13857    2796  2249  3207  3557    2
13858    3131  3850  3822  3837    2
13859    2949  3419  3496  3584    2
13860     606   858  2067  3859    2
13861    1549  3076  3079  3419    2
13862    2329   153  2803  3062    1
13863     414   355  1713  3921    1
13864    1541  2053  2245  3079    2
13865    1043   577  1863  3190    2
13866     237  2085  2960  3164    1
13867    1509  2063  2765  3116    1
13868     612  1861  3967  4052    1
13869      27    29  1539  2769    2
13870     497   483  1905  2397    2
13871    2682  1167  3168  3466    2
13872    1808  2053  2242  3080    1
13873    1220   550  2234  3081    1
13874    3686  1584  3948  4040    2
13875     215   213   214  3414    1
13876    1270  1146  2076  3462    2
13877    2060  1272  2547  3751    1
13878    3566  3134  4231  4319    2
13879    1018   680  1394  2350    2
13880    1069   518  3312  4238    2
13881    2056  3142  3416  3436    2
13882    1000   879  3063  3425    2
13883    1607  2842  3074  3273    1
13884    1968  2578  2947  3086    1
13885    1610  1621  2354  1567    2
13886    1373  1610  1744  2354    2
13887     975  3307  4182  4385    1
13888    3177   975  3217  4385    1
13889     748  1152  2079  2574    2
13890    1385   946  3442  3443    1
13891    1064  1211  3017  4015    2
13892    2200  1408  2872  3892    1
13893    1193   601  2779  3332    2
13894    2940  3099  3852  3868    1
13895    2638  2572  2767  2821    1
13896    3310  3429  4023  4027    2
13897    1608  2279  2355  3090    1
13898     554  1069  1158  4154    2
13899    1608  1718  2003  2355    2
13900    1223  1511  3221  3952    2
13901    2795  2326  2924  3866    2
13902    1328   873  2209  3091    2
13903    2279  1062  2931  3996    2
13904    2144  1908  3720  3996    2
13905    3040  3162  1570  4117    2
13906    1994  1733  4116  2357    1
13907    1667  1568  1438  1422    1
13908    1568  1667  1438  2357    1
13909    1490  1568  2146  2357    1
13910    1568  1490  1667  2357    1
13911     188  1490  2146  2357    1
13912    2477   560  3333  3907    1
13913     187   186  1155  3249    2
13914    2771  1762  3248  3249    1
13915    2251  1762  2771  3249    2
13916    1762  1733  1994  2357    1
13917     187  2771  3248  3249    1
13918    2326  1947  3866  4361    1
13919    1415  2524  3069  3360    1
13920    3372   227  3761  3939    1
13921    1872  1989  2320  2525    2
13922    1989  1872  2345  2525    2
13923    2290  1007  2356  3994    1
13924    1443  1527  1863  2358    2
13925    3476    35  3944  3957    2
13926     754   800  1137  3368    1
13927     227  3416  3436  3939    1
13928    1540   754  1600  3368    1
13929     820   721  1811  2824    1
13930    2646  2471  2784  3087    1
13931    1523  1094  3962  3973    1
13932    1831  1500  3387  3788    2
13933    2208  1831  3387  3788    2
13934    1008   991  2187  2359    1
13935     933   892  1463  4286    2
13936     390   449  1193  2359    1
13937     541   390   601  2359    1
13938     601   390  2187  2359    1
13939     541   601  2187  2359    1
13940    1193  1008  2187  2359    1
13941     390  1193  2187  2359    1
13942     264   317   775  3027    1
13943    3837  1595  3850  3872    2
13944     446   369   844  2437    2
13945     838  2109  2613  2971    2
13946     760   713  1664  3093    2
13947     499   363   544  3956    1
13948     701  1234  2761  3093    2
13949     197   196  2488  2507    1
13950    1025  1962  2816  3694    1
13951     196  2405  2488  2507    1
13952    2129  2057  3646  4132    1
13953     600  1474  2006  2929    2
13954    1714  2328  2893  3870    2
13955    2590  2904  3337  3810    1
13956    1182  1130  1418  2987    2
13957     380   360   828  2987    2
13958    2487  1346  2645  4208    1
13959    1933  1673  2774  3002    1
13960     761  2647  3260  3694    1
13961    1178  2144  3928  3996    2
13962    2690   946  2939  3893    2
13963    1132  1738  3626  4230    2
13964    2621  2442  2636  3095    1
13965    1692  1773  3517  3633    2
13966     360   434  1130  2987    2
13967     981   516  1630  3096    1
13968    4132  2433  4157  4211    1
13969    2067   998  3277  4030    2
13970    2218   975  3177  4385    1
13971     674  2184  2690  3893    2
13972    1136  1094  2438  2829    2
13973    2285   940  3818  3893    2
13974     402   380   715  2987    2
13975     380   470   715  2987    2
13976     715   470  1182  2987    2
13977    3517  3300  3603  3633    2
13978     946  2558  2939  3893    2
13979    1408  1556  2594  2828    2
13980     436   440   541  4067    1
13981    1556  1278  2594  2828    2
13982     623  1033  1739  2577    1
13983    1087   623  1739  2577    1
13984    1310  2604  2926  3331    2
13985    2985  2587  3229  3380    2
13986    1451  1542  1903  2369    1
13987    1025   925  1542  2369    1
13988     925  1025  1126  2369    1
13989    2888  2310  3306  3622    2
13990     677   585  3253  3607    2
13991    2738  1678  3219  3366    2
13992     387   398  2449  2710    1
13993    1542   925  1903  2369    1
13994    2895  3798  4011  4094    1
13995     350   819  2477  2710    1
13996     654   785  2535  2912    1
13997    1924  3134  3448  3564    2
13998    1558   510  1699  2449    1
13999    1296   936  2130  2596    1
14000     776   806   460  2559    1
14001     385   414  4013  4276    1
14002     510  1812  1699  2449    1
14003    1388   496  2641  4091    2
14004     954  1205  1727  2373    2
14005    1924  1944  3448  4220    2
14006    1843  1906  3975  4273    1
14007    3002  1630  3096  3381    1
14008     267   265   286  4031    2
14009    1510  2129  3813  4157    1
14010    3303  3129  3532  3936    1
14011    1238  1092  1254  4127    2
14012    1285   620  2423  2565    2
14013     830  1792  2719  3073    1
14014    1205  1754  2283  2373    2
14015    1727  1205  2283  2373    2
14016    1410  1923  4396  4397    1
14017    2888  3306  3430  4275    2
14018     770   671  1627  2391    2
14019    1246   770  1550  2391    2
14020    1550   770  1627  2391    2
14021    2082  1580  3939  3964    1
14022     754  1550  1627  2391    2
14023     293   284   430  3666    1
14024    1567  1610  1994  2375    1
14025     900  1189  2241  2375    1
14026    1154   900  2241  2375    1
14027     900  1154  1189  2375    1
14028    3170  2704  3176  4385    1
14029    3263  3176  3307  4385    1
14030      72  2028  2783  3104    1
14031     585  1058  1138  2647    1
14032     578   725  1058  2647    1
14033    1576  1170  2458  3254    2
14034    1883  1460  2521  3185    1
14035     396   761   925  2647    1
14036    2705  2510  3053  4137    1
14037    1338  1488  2132  4030    2
14038    1170  1576  2631  3254    2
14039    2957  1081  3253  3254    2
14040    1049  2959  3609  3882    1
14041    1896  1958  2133  2473    1
14042    1603  2302  2805  3104    1
14043    1863  1527  2528  3844    2
14044     655   882  1147  2503    2
14045     856  1147  2049  2503    2
14046     856  2276  2323  2503    2
14047     453   685  1515  2537    2
14048     255  1735   254  2308    1
14049     881  1666  1974  3930    2
14050    2562  2524  2804  3844    1
14051    1470  2186  2935  3639    2
14052     432   677   811  2464    2
14053    1530  1506  3039  3608    2
14054    1510   869  3401  3813    1
14055    1493  1451  1833  2708    1
14056    2133  2034  2226  2473    1
14057     899   978  2174  2380    1
14058    1040  1460  1883  3185    1
14059    1322  1040  1771  3185    1
14060    1041  1435  1748  3185    1
14061    2914  2638  2997  3064    1
14062     279   523  1330  3787    2
14063    2182  2034  2473  3152    1
14064    1885   950  1896  2473    1
14065      25  2116  2720  3506    2
14066     911   532  1324  2381    2
14067    1035   911  1324  2381    2
14068     460   617  1953  3108    2
14069     596   371   911  3108    2
14070    3376  2758  3440  3558    1
14071    3696  3690  4327  4367    2
14072    2529  2763  3450  3475    1
14073      50    49  3141  3475    2
14074    2031   751  3113  4236    2
14075    1333  1241  1692  4179    2
14076     133   132  2025  3681    2
14077    1376   836  1534  2417    1
14078     625  2045  2894  3077    1
14079    1223  1549  2439  2563    2
14080    1223   758  1827  2563    2
14081    2499  3409  3766  4061    2
14082     289   412   458  4276    1
14083     374   912  1114  2383    1
14084     374  1114  2161  2383    1
14085     912   648  1114  2383    1
14086    1114   648  2161  2383    1
14087    1371  1301  2051  3111    1
14088    1947  1011  3028  3072    1
14089    1085   877  1231  3949    1
14090     811   873  2088  2464    2
14091    2074  2609  3283  3407    2
14092    1780  1718  2044  3842    2
14093    1534  1509  2102  2386    1
14094      78    79  2686  2835    2
14095    2935  2315  2976  3317    1
14096     671   864  2852  3726    2
14097    1419  2150  2202  2386    1
14098    2028  1603  3482  4051    2
14099    1894  1123  2282  3548    1
14100    1347   978  1482  4378    2
14101    2068   206  2600  3653    1
14102     209   207  2573  2606    1
14103    1354  1171  2770  3055    1
14104    2192  1603  2302  2805    1
14105    1443   996  2502  2606    2
14106    1112   835  2685  3018    2
14107    1771  1768  2406  3955    1
14108     686  3804  4261  4414    1
14109    1550  1439  2152  2390    2
14110    2076  1321  2224  2390    2
14111    1879   984  2186  2643    1
14112    2747  2137  4047  4335    1
14113    2186   984  2577  2643    1
14114    1198  1270  1550  2390    2
14115    1776   276  2493  2755    2
14116     997  2076  2224  2390    2
14117     997   971  2076  2390    2
14118    1818  2598  3359  3513    1
14119    3281  3448  3562  4341    2
14120     944  1445  1896  3568    1
14121    1267  1550  2152  2390    2
14122    1267  1198  1550  2390    2
14123     931   616  1168  2755    2
14124     278  1168  2493  2755    2
14125     671   770  1246  2391    2
14126     895   848  1166  2476    2
14127     820  1480  3066  3268    1
14128    2064  2237  2817  3604    1
14129     383   421   639  4164    2
14130    1177  2653  2862  4096    1
14131    1470   984  1648  2577    1
14132     623   749  1033  2577    1
14133    1081  1190  1496  2393    2
14134     682   649   714  2958    1
14135    1170   677  1190  3254    2
14136     242   241  1629  3675    2
14137    1451  1011  1496  2393    2
14138    1190   769  1508  2393    2
14139    1451  1496  1508  2393    2
14140     769  1451  1508  2393    2
14141    1315  1190  1508  2393    2
14142    1190  1315  1496  2393    2
14143    1496  1315  1508  2393    2
14144    1777  1261  2468  2497    2
14145    1367  1522  3096  3381    1
14146    1381  1564  3217  4077    1
14147     553   277   670  2761    2
14148    2116  1206  2720  4172    2
14149     670   277  2395  2761    2
14150     469   670   760  2761    2
14151    1827   758  2193  3723    2
14152     817  1216  2166  2396    1
14153    2033   817  2166  2396    1
14154     990  2033  2166  2396    1
14155    1544   990  2166  2396    1
14156     990  1544  2033  2396    1
14157    1167  1939  2812  3348    2
14158    1142  1000  1227  3466    2
14159    1078   915  1117  3466    2
14160     491   497   508  2397    2
14161    1167  1142  1227  3466    2
14162     615   491  1147  2397    2
14163     801   437  2334  2913    2
14164    1653  1336  1672  3237    1
14165     853   749  2436  2910    1
14166    1078  1117  2682  3466    2
14167    1000  1078  1227  3466    2
14168     508   790  1147  2397    2
14169     491   508  1147  2397    2
14170    1233   281  2855  4001    2
14171     370   749   853  2910    1
14172     705  1225  4037  4114    1
14173    1968  2297  2786  3460    2
14174    2764  3192  3305  3909    2
14175     923  1340  3150  3909    2
14176    1340   923  3012  3909    2
14177    1578  1128  1591  3716    2
14178     312  1070  2121  3758    1
14179    1554  1084  2714  3716    2
14180    2156  2965  3193  3235    2
14181     623   416   785  3377    1
14182    1162  1682  1867  4082    1
14183    1516   507  2275  2885    1
14184     967  2315  2643  4004    1
14185    2047  2105  2339  2527    2
14186    1258  3312  4238  4282    2
14187     742  2177  2246  2403    1
14188    2501  1752  3530  4016    2
14189    1352   836  1376  2417    1
14190    2446   723  3136  4359    2
14191    1561   576  3657  3668    1
14192    1005  2967  1700  1109    1
14193    1009  1293  2286  2403    1
14194    3033   178  3974  4075    2
14195    2177  1009  2286  2403    1
14196    1095  1615  1714  3668    1
14197    3621  1596  3628  3636    2
14198    1880  2443  2856  3668    1
14199     198  1741  3687  3835    1
14200    1211  3281  3564  4015    2
14201     604  2446  3136  4359    2
14202    2303  2982  3256  3835    2
14203    1615  1988  2443  3668    1
14204    1615  1095  2706  3668    1
14205     576  1743  3657  3668    1
14206    1988  1615  2706  3668    1
14207     939   588  1269  4076    2
14208    1714  1615  1880  3668    1
14209    1714  1880  3657  3668    1
14210     130  2060  2330  2425    1
14211     862  1289  2723  4131    2
14212    2060  1990  2330  2425    1
14213    2573  2586  2606  2804    1
14214    1990  2152  2330  2425    2
14215    3147   205  3181  3186    2
14216    1837  1800  2392  3703    2
14217     467  1221  1281  2548    1
14218    1732   719  2156  2909    2
14219     182   180  2781  3721    2
14220    1410  1923  3560  4396    1
14221    3009  2952  3560  4396    1
14222    1539  1511  2078  3076    2
14223    1549   990  2563  3076    2
14224    3620   286  4031  4156    1
14225    3493  3209  3777  4209    1
14226     155   153  3189  3433    2
14227    2758  3161  3440  3558    1
14228     167   165  2681  3912    1
14229     485   342  1486  4192    2
14230    2627  2032  3172  4173    1
14231    3926  3732  4292  4337    1
14232    1428  1427  1466  3876    1
14233    1081  2957  3253  3694    1
14234    1490  1667  2357  3508    1
14235    1729  1372  1750  2409    2
14236    1469  1729  1750  2409    2
14237     379   661  1652  2409    2
14238     661   379   746  2409    2
14239    1750  1372  2002  2409    2
14240    1469  1750  2002  2409    2
14241    2886  1914  3202  3518    1
14242    3061   175  4011  4174    1
14243     828   380  2987  3632    2
14244     309   679  1186  2411    1
14245     311   309  1186  2411    1
14246     309   311   679  2411    1
14247    1036  2908  3012  3465    2
14248     218  2543  2886  3631    1
14249    2886  2543  3035  3631    1
14250    1286  2007  2680  2874    1
14251    1752  2501  2627  3664    1
14252    1834  2094  2215  2414    2
14253    1975  1834  2215  2414    2
14254    1945  1386  2870  4360    2
14255    1552  2541  4078  4403    1
14256    1013   566  2107  2702    2
14257    3401  3402  3403  3880    1
14258     278   280  1458  2415    2
14259    1983  2837  2877  3983    2
14260    3402  1529  3551  3880    1
14261     275   276  1776  3985    2
14262    3267  2867  4380  4401    1
14263    1237  2257  3226  4401    1
14264    2867  1391  3757  4401    1
14265    2867  3267  3827  4401    1
14266     521   814  1394  3490    2
14267     532  1083  2381  3108    2
14268     363   350  3623  3847    1
14269    2381  1477  2698  3108    2
14270    1899   609  2465  3507    2
14271    2254  1327  2450  2611    2
14272     658  1416  2450  2611    2
14273    1529  2149  3551  3982    1
14274    1914  2191  3202  3655    2
14275    1595  1143  2095  4270    2
14276    1935  2213  2469  4246    2
14277     279  1257  1360  3787    2
14278    3012  2848  3747  3909    2
14279    1696  2572  3230  4113    1
14280    1594  3943  4050  4086    1
14281    2115  1610  2771  3248    1
14282     218   217  2348  2543    1
14283    1001  1703  3647  3669    2
14284    2216  1268  2519  4069    2
14285     483  1383  1905  4311    2
14286     488   790  2850  3167    2
14287    2599  1732  3191  3287    1
14288    1776   493  1785  2755    2
14289     278   276  2415  2755    2
14290    2775  1911  3853  3986    2
14291    1357  1207  2052  2962    2
14292    1232   512  3358  3542    1
14293    2351  2996  3497  3556    1
14294    1158  1809  2845  2991    2
14295     809   426   939  2897    2
14296    1857  2016  2484  2542    2
14297     590   479  1031  2656    2
14298    2016   191  2484  2542    2
14299    1265  1025  2816  3694    1
14300     276   745  2415  2755    2
14301    1168   278  1458  2755    2
14302    1168   616  2493  2755    2
14303     287   487  4405  4419    1
14304      64    65  2991  3039    2
14305    1394   814  3411  3490    2
14306    1738  1997  3626  4130    2
14307     606   443  2136  3424    2
14308    1949   510  2449  3138    1
14309     746  1396  2002  2423    2
14310    2002  1396  2344  2423    2
14311    1806   746  2002  2423    2
14312    1806  2002  2344  2423    2
14313    3032  3059  1206  2916    2
14314    1335   385  3392  3519    2
14315     858  1338  1966  4030    2
14316    1658  1917  2199  2426    1
14317    2199  1917  2255  2426    1
14318    1658  2199  2255  2426    1
14319    1766  1658  2413  2426    1
14320    2593  3324   141  2281    1
14321    1904  1766  2413  2426    2
14322     943   926  2093  3174    2
14323    1589  3241  3429  4249    1
14324    3429  3241  3577  4249    2
14325    3420  2346  2894  3494    1
14326    1038  1139  2188  2799    2
14327     113   112  2846  3483    2
14328    1658  2364  2413  2426    1
14329    2364  1658  2365  2426    1
14330    1658  2255  2365  2426    1
14331    2768   135  2980  3861    2
14332    1995   549  2613  2971    1
14333     161  2239  4055  4212    1
14334    2827  2363  2986  3174    2
14335    1213   821  2130  2918    1
14336    2623  3616  3794  4137    1
14337     887  1907  2384  3190    2
14338    1984  2128  2186  4191    2
14339    1283  1987  3376  3802    1
14340     224   223   222  2978    2
14341    3481  2059  3721  3849    2
14342    1265  1389  2015  2652    1
14343    2414  2489  2616  2620    1
14344    1336   519  1535  4109    2
14345     182  3095  3809  3849    2
14346      46  2071  2269  2431    1
14347    1050   309  1297  2969    1
14348    1966   858  2159  2745    1
14349    2713  3012  3747  3909    2
14350    1017  1295  1743  2932    1
14351     746  1425  2428  3059    2
14352    2026  1008  2561  2683    1
14353    1691  3432  3900  4133    2
14354    1293  1009  2610  3552    2
14355     802  1013  3282  3793    2
14356    3255  3246  3886  4009    1
14357    1165   795  2736  3609    1
14358     335   595   861  2943    1
14359    1491  1256  2233  3467    2
14360    1955  1001  3411  3647    2
14361     778   631  2131  3434    2
14362     787   598   949  3434    2
14363     631   852  2131  3434    2
14364    2193  3417  3454  3762    2
14365     341   382   477  4199    2
14366    1582  1889  2827  3897    1
14367    1756  2020  3204  4240    1
14368    3313   110  4005  4046    2
14369    3697  2873  3791  3941    1
14370    1066   428  2994  3384    1
14371    3124  2434  3217  3442    1
14372    3493  3209  3584  3777    2
14373     161   160  3432  4055    2
14374    1214   955  2295  2436    1
14375     853   950  1445  2436    1
14376    1214  1445  1631  2436    1
14377    1132  1214  1631  2436    1
14378     569   853  1445  2436    1
14379     370   569  1445  2436    1
14380     569   370   853  2436    1
14381    2758  1945  3161  4360    2
14382    2866  3409  3321  4174    2
14383     611  1258  2853  4394    2
14384    3433  2803  3553  4006    2
14385    1445   950  1885  2436    1
14386    1132  1631  1738  2436    1
14387    1738  1631  2361  2436    1
14388    3216  1702  3577  4027    2
14389     547   821  3252  4304    2
14390    1885   950  2361  2436    1
14391    1885  1631  2040  2436    1
14392    1445  1885  2040  2436    1
14393    1631  1445  2040  2436    1
14394    1631  2361  1885  2289    1
14395     492  2131   778   640    2
14396    2361  1631  1885  2436    1
14397     774   623  1033  3358    1
14398    1971   963  2634  4190    2
14399    1605  1608  2483  3142    2
14400     492  2131  2439   778    2
14401     758   492  2131  2439    2
14402     747  1292  1771  3016    1
14403    2248  1992  2349  2622    2
14404     444  2750  3333  3907    1
14405     792  1803  2628  2637    1
14406     999   993  2548  3074    1
14407    3124  3125  3441  3562    2
14408    1985   983  3133  3446    2
14409     723  1143  2110  4270    2
14410    1312  1447  1603  2442    1
14411    2701  1996  3284  3481    2
14412    1547   768  2079  4101    2
14413    2604  1310  2846  3579    2
14414     979  1305  2100  4131    2
14415    1803  1924  2628  2859    2
14416     968  1470  2705  2738    2
14417     723   648  2161  3136    1
14418    1681  1437  2654  3272    1
14419     742   526   998  3277    2
14420    3506  3247  3625  4172    2
14421    2273  2003  3090  3698    1
14422    2029  2672  3914  3951    2
14423     512   548  1232  3358    1
14424     116   115  2687  2834    2
14425    1862  2244  3375  3876    1
14426    1258  3816  4238  3988    2
14427    2494    95  2711  3011    1
14428    1110   311  2662  2733    1
14429     311   528  2662  2733    1
14430     575  1384  1547  2445    2
14431    1289  1212  2723  3808    2
14432    1347  1482  3103  4378    2
14433     813  1818  3243  3263    1
14434     736   537   900  4357    1
14435    2455  2616  3045  3318    1
14436    1678  1687  3044  3400    2
14437    3105  1691  3432  3900    2
14438     989   485  4181  4192    2
14439    1035   397  1324  3424    2
14440    2366  3000  3247  4172    2
14441    4119  2661  4154  4224    2
14442    1741   199  2982  3835    1
14443    2042  1795  3058  3669    2
14444    2478   129  2547  3701    1
14445    1316  1340  2871  3476    2
14446     199   198  3821  3835    2
14447     314   662  1599  4254    2
14448    1962   761  3334  3694    1
14449    1944  1803  1847  4220    2
14450    2331  2046  2367  3719    2
14451    2866  3061  3413  4011    1
14452    1036   897  1282  3148    1
14453    2536  2241  3197  3437    1
14454     999  2343  2842  3074    1
14455    2360  2372  3184  4160    1
14456    1494  2494  2650  2711    1
14457    1558   398  1949  2449    1
14458     510  1558  1949  2449    1
14459     520  1558  1699  2449    1
14460     398   520  1699  2449    1
14461     520   398  1558  2449    1
14462     454   590  1618  3139    2
14463    1339   608  2467  3140    1
14464     454   484   709  3139    2
14465     111  2004  2898  3613    1
14466     605   709   898  3139    2
14467    2467  1175  3127  3140    1
14468     608  1175  2467  3140    1
14469    1726  1381  2217  3718    1
14470     590   454  1091  3139    2
14471      43    44  2508  2612    1
14472    2340  2914  2997  3064    1
14473    3300  3603  3633  4162    2
14474    2475   582  3582  4269    1
14475    1088  3582  3739  3484    1
14476    1450  1010  2976  4137    1
14477     120   121  3880  3947    1
14478    2274    43  2508  2612    1
14479    2726  1522  2898  3331    2
14480    2023  1370  2485  3156    2
14481    2485  1370  2563  3156    2
14482     954  2013  2373  2453    2
14483    1727   954  2373  2453    2
14484    2116  1206  3059  3782    2
14485    2104  2444  2873  3697    1
14486    1187  1554  2440  3790    2
14487    2058  2833  2873  4259    1
14488    1099  1262  1552  4403    1
14489    1554  1057  2487  3790    2
14490     454   446  2437  2913    2
14491     336   395   654  2535    1
14492    1534  1509  2386  3116    1
14493    2047  2105  2527  4003    2
14494     816  2610  2698  3552    2
14495    3698  3761  4292  4337    1
14496     120   122  2094  3046    2
14497     941   854  2583  4012    1
14498     775  2212  2491  3052    1
14499     776   726  2299  3047    1
14500    1067   522  1072  3047    1
14501    1810  4304  4305  4374    2
14502     903  3594  3660  3666    1
14503    3399    24  3924  4288    1
14504    1491  1256  2509  3294    2
14505     125  1157  1591  2688    2
14506    1997  2221  3092  3569    2
14507     910  2193  2888  3505    2
14508     593  1865  1957  3343    2
14509    1866  1891  1913  2456    2
14510    1913  1891  2070  2456    2
14511    3134  3447  3448  3564    2
14512     289   269  2437  3357    2
14513     537   900  4357  4392    1
14514     749  2619  3211  3449    1
14515    2671  3932  4053  4089    1
14516     749   623   774  3449    1
14517    2041  1609  2032  2458    2
14518     538  1953   423  2147    2
14519    1912   200  2181  2775    2
14520    1548  1574  2108  2752    1
14521    1488  2013  2532  2920    2
14522    1282   508  2029  3148    1
14523    3034  3202  3484  3518    1
14524    1890  1036  3369  3747    1
14525    1168   616  1345  2493    1
14526     494   903  1073  3666    1
14527    1085  1320  3112  3113    1
14528    2043  2328  2716  3213    2
14529    2328  2043  2893  3213    2
14530      62    60  3444  3797    1
14531    1120  1268  2216  3197    1
14532    3176  2309  3232  3263    1
14533     206  2132  2600  2608    1
14534     877   613  2570  4105    1
14535    1958  2018  2133  3453    2
14536    3395  3987  4263  4288    1
14537    1517   689  1533  4177    1
14538     105   107  3356  3536    1
14539     671   864  1996  2852    2
14540    1594  1638  2923  3943    2
14541    1717  2670  2696  2852    2
14542    1774  2670  2701  2852    2
14543      82    83    81  2463    1
14544      81    83  2447  2463    1
14545    2670  1077  2847  2852    2
14546    2306    60  2451  3797    2
14547    1714  1929  1971  3870    2
14548    1745   432  3607  1145    2
14549      63    65  3039  3608    2
14550    1527  1863  2358  3844    2
14551    1368  2195  2524  3844    1
14552    2586  2358  2804  3844    1
14553    2090  2586  3023  3844    2
14554    2358  1307  2562  3844    1
14555    2524  2586  2804  3844    1
14556    1368  1863  2528  3844    2
14557    1368  1307  1863  3844    2
14558    2358  2562  2804  3844    1
14559    1289  2191  2743  3319    2
14560    3460  2297  3588  3602    2
14561     351   339  2183  4199    1
14562    1560   196  2405  2718    2
14563    1839  2073  2392  2718    2
14564     235  2696  2946  4123    1
14565    1876  2056  3038  4229    2
14566    2155   146  2767  2821    2
14567    2087  2501  3172  3530    2
14568    2162  2290  2356  3037    2
14569    2015  1126  2369  2708    1
14570     925  1126  1903  2708    1
14571    1126  1781  1903  2708    1
14572    2896  3326  3533  4022    1
14573    2343  1811  2419  3072    1
14574    2031  3112  4298  4374    2
14575     835  1122  2685  3018    2
14576     512   416  3358  3542    1
14577    1716  1723  2640  3622    2
14578     843  1062  1709  3996    2
14579    1548   982  2752  3992    1
14580    2610  1293  2286  1009    2
14581    2803  2420  2881  3553    2
14582    2187  1592  2752  3992    1
14583    2513  2094  2651  3046    2
14584    1350  1535  1865  2611    2
14585    2700  2452  2742  3207    1
14586     134   133  2025  3207    2
14587     133   134  3120  3207    1
14588     841  1779  3562  4198    2
14589      77    76  3654  4221    1
14590    1058   725  1184  2647    1
14591     717   574  1058  2647    1
14592     525  1899  2992  3507    2
14593    1390  1495  1775  2785    2
14594    2011  2274  2612  2915    2
14595    3619  1344  3705  3811    2
14596    2276  2574  3338  4285    1
14597    3153  2180  3761  3939    1
14598    3429  3577  4023  4027    2
14599    1890  1478  3167  3593    2
14600     820   665  1426  2824    1
14601    2587  2032  2823  3367    1
14602    1081  2393  3253  3254    2
14603    1058   396  1138  2647    1
14604    1958  1896  2034  2473    1
14605    1885  1896  2133  2473    1
14606     549   735  2565  2971    2
14607     233  1885   231  3151    1
14608     232  1938  3092  3152    2
14609    2375  1643  3437  4384    1
14610    1597  2697  2790  3153    1
14611     231  2133  2226  2473    1
14612     231  1885  2133  2473    1
14613    2182  2473  3151  3152    1
14614    1938   231  2226  3152    2
14615    1175   608  2467  2475    1
14616    1260   893  1342  2475    1
14617    1342   893  1409  2475    1
14618     136   137   135  3586    1
14619    1260  1342  1412  2475    1
14620     893   582  3582  2475    1
14621    2109   804  3221  3583    2
14622     763   620  2565  3122    2
14623    1389  2204  2652  2978    2
14624    3919  3338  3973  4285    1
14625    1452  2292  2757  3038    2
14626    1153   486  2948  4330    2
14627    2716  1314  2932  4308    1
14628    3007  1824  3492  3583    2
14629    2655   840  2736  3035    1
14630     795   945  2736  3035    1
14631    2736   840  2959  3035    1
14632    1169   840  2655  3035    1
14633    2886  2010  2959  3035    1
14634    1674   123  2077  4213    1
14635    1192  1752  2292  4016    2
14636     160  3432  3900  3923    2
14637     167   166  2238  2995    2
14638    1927  1979  3520  3685    2
14639     754   827  1600  4056    1
14640    2159   647  2745  4280    1
14641    2077   123  4008  4213    1
14642     346   350   819  2477    1
14643     350   346   642  2477    1
14644     742   998  2197  3277    2
14645    1340   923  2810  3012    2
14646    1716  2640  3325  3622    2
14647    1344   162  1882  2479    1
14648      58  2924  3867  3984    2
14649     966  1696  2118  3230    1
14650     555   465   631  2544    2
14651     454   590  1031  2656    2
14652     152   150  2462  3978    2
14653    2434   975  3124  3217    1
14654    2541  3462  3781  4398    2
14655     549   777  1995  2613    1
14656      91  1320  3945  4296    1
14657     943  1569  3174  4017    2
14658     551   630   703  2972    1
14659    1583   916  2109  2613    2
14660    2074  1365  2107  3283    2
14661    1459  1154  2417  2481    1
14662    1654  1975  2414  3261    2
14663     925   761  1025  2647    1
14664     925  1025  1542  2647    1
14665    1005  1109  2928  3335    1
14666    1917  1999  2255  3173    2
14667    1080  2840  3716  4402    2
14668     585  1138  1542  2647    1
14669     464   613   756  2570    1
14670      41    40  2901  2945    1
14671    1612  1154  2125  2481    1
14672    1459  1612  2125  2481    1
14673    1154  1459  2125  2481    1
14674     665   546  1628  2602    2
14675    1408  1118  2200  2872    1
14676    2312   363  2943  3623    1
14677    1032   488  3252  4305    2
14678    1264  3252  4304  4305    2
14679    2265  1664  3724  3971    2
14680    1159  1414  1869  2975    1
14681     487   438  2883  4391    1
14682    1010   967  2012  2976    1
14683    2983  1575  3109  3617    2
14684    1320    92  3112  3707    1
14685    2594  1278  3715  4032    2
14686     912   361  1114  2486    1
14687     556  2075  2211  2486    1
14688     412   456  1114  2486    1
14689     412   394   456  2486    1
14690     412  1114  2075  2486    1
14691    1114   361  2075  2486    1
14692    2075   361  2211  2486    1
14693     556   412  1127  2486    1
14694    1127   412  2075  2486    1
14695     556  1127  2075  2486    1
14696    1467  1256  2758  3456    1
14697    1612  1154  2481  2646    1
14698     845   864  3270  3942    2
14699    1554  1057  2440  2487    2
14700     671  1182  2961  3942    2
14701    1209   603  4278  4394    2
14702    1642  2038  3697  3791    1
14703    1659  2097  3533  4022    1
14704    1564  1381  3073  3718    1
14705     218  1835  2348  2814    2
14706     111  2004  2021  3200    2
14707    2614  1478  2672  3279    1
14708    2784  1567  3087  3990    2
14709    3187    63  3608  3646    1
14710    1211  1064  3017  3281    2
14711     732   841  2639  3281    2
14712     416   623  1739  3377    1
14713     781  1283  1987  3456    1
14714     582  2959  3484  3510    1
14715    3485  3487  3581  4196    2
14716    3798   176  3864  4187    1
14717    2796  2471  3119  3990    2
14718    2125  2338  2784  3990    2
14719    1621  1982  3089  3990    2
14720     153  2803  3062  3189    2
14721    2758  3376  3440  3456    1
14722    2025  2796  3119  3990    2
14723    1567  1621  2354  3990    2
14724    1301  1371  2051  3184    1
14725    1943  2578  3086  4085    1
14726    1355  1172  1371  2494    1
14727    1371  1172  1397  2494    1
14728    1641  1574  2622  2633    2
14729     910  2888  3500  3505    2
14730     844   604  2437  3357    2
14731     706   602  1313  3882    1
14732    3413  2895  4011  4094    1
14733     375   321  2560  3594    2
14734    2076  1491  2233  3350    2
14735    3292   192  3322  4010    2
14736    2340  2228  2914  4068    2
14737    1438  1189  1557  2495    1
14738    1189  1438  1472  2495    1
14739    3071  1998  3163  3413    2
14740    2722  3414  3649  4249    1
14741    1422  1438  1557  2495    1
14742    1300  1422  1557  2495    1
14743    1422  1300  1464  2495    1
14744    1472  1438  1756  2495    1
14745    1552  2541  3825  4087    1
14746    1472  1756  2399  2495    1
14747     477   878  4199  4203    2
14748    1422  1464  1555  2495    1
14749    1438  1422  1555  2495    1
14750     878  3224  4199  4203    2
14751    4048  3574  4200  4205    2
14752    1555  1464  2229  2495    1
14753    1552  1243  2541  4087    1
14754    2541  3690  3825  4087    1
14755    2206  1228  2352  2497    2
14756     972  1261  1777  2497    2
14757     963   972  1777  2497    2
14758     972   963  1261  2497    2
14759    1261   963  2333  2497    2
14760     963  1228  2333  2497    2
14761    1261  2333  2468  2497    2
14762    2261    47  2352  2497    2
14763      47  2206  2352  2497    2
14764    2087  3065  3530  4016    2
14765     656   678  3358  3600    1
14766      29  2066  3329  4118    1
14767     243   242  1686  2694    1
14768    2580  2565  2971  3122    2
14769     179   177   178  4297    1
14770     509  1326  2223  3817    2
14771    3825  3690  4255  4327    1
14772    1672  1398  2222  2694    1
14773     243  1686  2222  2694    1
14774    1917  2255  2426  3173    2
14775    1253  1308  2850  3989    2
14776    1066   509  2223  3817    2
14777    1828  1577  3771  3989    2
14778     326   372   878  3659    2
14779     494   321   903  3666    1
14780    2035   156  2335  2588    2
14781    2255  2335  2365  2588    1
14782     157   156  2035  2588    2
14783     156   157  2365  2588    1
14784    2848  1873  3012  3747    2
14785     157  2364  2365  2588    1
14786    2335   156  2365  2588    1
14787    1445  1885  1896  3524    1
14788    2079   882  2323  2503    2
14789    1054  1911  2775  3986    2
14790     857   675  1929  2575    2
14791    1916  2551  3090  4265    1
14792     569   370  2295  3159    1
14793     550   370   569  3159    1
14794     868     9  1247  3027    2
14795    1381  1111  1564  3073    1
14796    1112  2263  3018  3541    2
14797    2314  2296  3074  3098    1
14798     400   527  1098  3175    2
14799    3018  1207  1122  2685    2
14800     550   960  2407  3159    1
14801    1926  1916  3865  4265    1
14802    2276   856  2323  2504    1
14803    1236  2276  2323  2504    1
14804    1484  2097  3533  3664    1
14805    2304  2117  3370  3589    2
14806     983  2858  3067  3290    2
14807    2462  2530  3196  3978    2
14808     983  1985  2858  3290    2
14809    2977  2520  2998  3180    2
14810     222   224  2625  3820    2
14811     672  1337  2517  2921    2
14812    2881  2571  3069  3183    2
14813    1527  2881  3069  3183    2
14814    2510  2520  3179  3296    1
14815    3045  1809  3401  3813    1
14816    3300   168  3529  4158    1
14817    2680  2951  2965  3538    1
14818    1254  1330  1446  4127    2
14819    1170   811  2631  2649    2
14820     785   416  2912  3377    1
14821     370   623  2910  3377    1
14822    2295  2910  2912  3377    1
14823    1182   845  2961  3942    2
14824     811  1328  2631  2649    2
14825    3481   181  3809  3849    2
14826    1284  1140  1623  2861    2
14827    1505  1055  2532  3479    1
14828    1843  1502  1866  3836    1
14829     956  1074  1718  3842    2
14830    1387  1826  2939  3297    2
14831    2531   674  2641  3297    2
14832     496  2531  2641  3297    2
14833     481  1925  2164  2511    1
14834     463   464  2164  2511    1
14835     481  1867  1925  2511    1
14836     481   897  1867  2511    1
14837     508   491   961  2511    1
14838     508   961  1867  2511    1
14839    1867   961  2504  2511    1
14840     464   481  2164  2511    1
14841     481   464   897  2511    1
14842     463   897   464  2511    1
14843     897   463   464   629    1
14844     255  1735  2308  2664    1
14845    1404   342  1486  2615    2
14846     821  1264  3252  4304    2
14847     485   342   593  2615    2
14848    1837  1840  3812  4126    1
14849    2827  1889  3676  3897    1
14850    2768  2894  3586  3861    1
14851     527   757  1384  3149    2
14852    1244  1331  1554  2714    2
14853    1084  1080  1554  2714    2
14854    1612  2481  3000  4070    1
14855    2895  3798  4095  4187    1
14856    1612  2338  2796  3397    2
14857     572    11   964  2514    2
14858      11     3   964  2514    2
14859     158  2364  2413  2516    1
14860     158  1922  2515  2516    1
14861     158  1904  2035  2516    2
14862    2035  1904  2095  2516    2
14863    1922  1476  2515  2516    1
14864    1922   158  2035  2516    2
14865    1922  2035  2095  2516    2
14866    1430  1922  2095  2516    2
14867    2054  1430  2095  2516    2
14868    1476  1430  2054  2516    1
14869    1430  1476  1922  2516    1
14870    2010   795  2959  3035    1
14871    1797  1802  2522  2607    2
14872    1120   471  1399  2519    2
14873    3781  4078  4255  4382    2
14874     957  1082  2197  2967    1
14875    1109  1819  2944  2967    1
14876    1082  1109  2944  2967    1
14877      82  1930  3266  3428    2
14878    2219  1946  2702  3331    2
14879    1090  2219  2702  3331    2
14880    1268  1120  2216  2519    2
14881    1120  1268  1499  2519    2
14882     401   722  1614  4024    1
14883    2481  2569  3000  4070    1
14884    3398  2569  3399  4070    1
14885    3342  3178  3800  3868    1
14886      89    87  1651  3499    1
14887    3279  2614  3645  4138    1
14888    2600  1767  3601  3801    1
14889    1443  1043  1527  2523    2
14890    1269  1055  1442  2532    2
14891    1268  1120  1557  3197    1
14892    2221  1738  2361  4004    1
14893    2073  1837  2392  3703    2
14894     161  3107  4055  4133    2
14895    1282  1478  2512  3148    1
14896    2878  3696  3728  3802    1
14897    1036  1282  2512  3148    1
14898    1709  1908  2017  3187    1
14899    1908  1709  2144  3187    2
14900     344   397  2381  4247    2
14901    3641  1334  3917  4397    1
14902    1443  1167  2135  2523    2
14903    1013  1310  3776  3793    2
14904     707  1046  2487  3159    1
14905    1185   496  1813  2639    2
14906     904  1978  2127  4077    1
14907     344   397   564  2897    2
14908    2482  1443  2502  2523    2
14909    1443  2090  2502  2523    2
14910    1187   708  2934  4372    2
14911    1452  1484  1787  2757    1
14912    2087  1170  2458  3598    2
14913     477   415  1454  3005    2
14914     658  1486  4181  4192    2
14915    2341   220  2890  3729    1
14916    1459  1612  2481  3000    1
14917    2803  1415  3062  3189    2
14918    2657  2460  3283  3729    2
14919    1214  1057  1244  2526    1
14920    1214  1244  1445  2526    1
14921    2609  2657  3283  3729    2
14922    2895  2014  3101  3267    1
14923    1057  1128  1591  2526    1
14924     220  2567  2609  3227    2
14925    1244  1057  1591  2526    1
14926    1938  1997  3092  3569    2
14927    1415  2528  3062  3189    2
14928    1750  1285  1806  3160    2
14929    1419  1285  1750  3160    2
14930    2609  2567  2792  3227    2
14931    2241  1154  2375  2646    1
14932    3443  1651  3818  3898    1
14933    2567  1669  2792  3227    2
14934     485   658  4181  4192    2
14935    1693  1984  1997  3569    2
14936    2128  2221  3351  3569    2
14937     638   288  3528  4194    2
14938    1308  2461  3112  3765    2
14939    2850  1032  3167  3765    2
14940    3363  3181  3601  3801    1
14941     176  3798  4011  4187    1
14942    3075  1642  3697  3791    1
14943    1375   763  2565  2580    2
14944     735  1937  2565  2580    2
14945    1824   752  2109  2580    2
14946    3203  2921  3580  4196    2
14947    1937  2016  2484  2580    2
14948    1649  1817  2096  2635    2
14949    1460  1883  2521  2531    2
14950    1388  1040  1460  2531    2
14951    1460  1040  1883  2531    2
14952    2509  3376  3575  3802    1
14953      88    87  2430  3195    2
14954    2430    87  2607  3195    2
14955    1071  2955  3195  3478    2
14956    1797  1826  2607  3478    2
14957     276   278  2493  2755    2
14958    1649  1416  3605  4025    2
14959    2808  2319  3329  3952    2
14960    2492   238  3272  3464    2
14961    2167  2297  2887  3602    2
14962     481   613  2559  3826    1
14963     633  1055  1505  3479    1
14964    1826  1797  2531  3478    2
14965      80  2923  3943  4050    1
14966    1181  1056  1243  4087    1
14967    1096  1222  1461  3479    1
14968    1055  1442  2532  3479    1
14969    1321  2224  2390  2642    2
14970    1802  1826  2448  2607    2
14971    3314  2841  3848  3979    2
14972     996  1443  2358  2586    2
14973    1478  1282  2029  3148    1
14974    1520  1488  2013  2532    2
14975     199  2982  3821  3853    2
14976     385   571  3392  3519    2
14977     151  1991  2530  3722    2
14978    2793   551  4023  4189    2
14979    1991   151  2189  3722    1
14980    1268  1557  1643  3197    1
14981    3354    53  3997  3785    1
14982     567   933  1178  3439    2
14983    1648  1470  2315  2976    1
14984     967  1648  2315  2976    1
14985     967  1010  1648  2976    1
14986    2261  1722  2352  2538    1
14987      47  2261  2352  2538    1
14988     537  1534  4357   736    1
14989     416   512  1137  2535    1
14990    2670  1774  2701  3198    1
14991    2701  1717  2946  3198    1
14992    1717  2621  2946  3198    1
14993     628  2039  4163  4375    1
14994    1028  1230  3679  4375    1
14995     464   806  2559  2570    1
14996    1585   257  1934  2664    1
14997    2846  1310  2898  3200    2
14998     111  2846  2898  3200    2
14999    1846  1303  2595  4190    2
15000     475   449   784  3332    2
15001    2442  2621  2636  3198    1
15002    1774  2264  2701  3198    1
15003     255  1747  1956  2664    1
15004     255  1585  1747  2664    1
15005    1956   255  1735   254    1
15006     571  1145  3519   373    2
15007    3244   720  3262  4359    2
15008     947  1207  1801  3624    2
15009    1839  2392  2576  2718    2
15010     721   820  1673  2824    1
15011    2331  2046  3791  3941    2
15012     683   769  2393  3259    2
15013    1629   240  1685  3877    1
15014    2227  1649  3675  3877    2
15015    1757  2490  3772  3949    1
15016     386   461  1221  2695    1
15017    1230  1028  3667  4353    1
15018     244   245  1645  2540    1
15019    2774  1630  3002  3381    1
15020    2880  1819  2892  4166    2
15021    1437  2654  4078  4403    1
15022    2758  1256  3294  3376    1
15023     829  1183  3373  4307    1
15024    2509  2648  3294  3376    1
15025      22  3238  3591  3768    1
15026    1873  2848  3369  3747    1
15027     320   488  3465  3573    2
15028    2986  2296  3273  3463    1
15029    3574  3350  3711  4048    2
15030    1690  1444  1859  3570    2
15031    1098  3175  4125  4247    2
15032    1268  3089  3596  4069    2
15033     364   515   730  4347    1
15034     734  3310  4023  4027    2
15035     217   216  2814  3489    2
15036    2639   946  2690  4241    2
15037     866   700  2457  2656    2
15038    3229  2451  3365  3380    2
15039    1500  1489  3024  3204    1
15040     484   454  1702  2656    2
15041     364   293  3224  4203    2
15042     472   555   594  2544    2
15043     555   570   594  2544    2
15044     594   570   778  2544    2
15045     570   631   778  2544    2
15046     570   555   631  2544    2
15047     598   465  1003  2544    2
15048     465   598   631  2544    2
15049     378   328  2439  2544    2
15050     378  1003  1383  2544    2
15051     328   378  1383  2544    2
15052    1491   872  1503  3435    2
15053    1146  1491  3418  3435    2
15054     126   127  3526  3527    2
15055     638   288  3519  3528    2
15056    3179  2998  3299  3526    2
15057    3299   126  3526  3527    2
15058    1491  2728  3418  3435    2
15059    2700  2646  3438  3557    1
15060    1596  1607  3621  4361    1
15061    1146   872  1491  3435    2
15062    1733  1594  3385  4116    1
15063    1815  1809  2513  3045    1
15064    1014  1339  2707  3354    1
15065    1787  1452  2757  3038    2
15066     126  3274  3527  3589    2
15067     795  2736  2959  3035    1
15068    1436  2543  2655  3035    1
15069     945  2655  2736  3035    1
15070     130  2060  2425  2547    1
15071     131   130  2425  2547    1
15072    3440  3558  3654  4221    1
15073     130  2060  3029  2330    1
15074    2981  1798  3495  3496    2
15075    2198  2314  3074  3875    1
15076     665   820  1628  3258    1
15077    1210  2277  3182  3812    2
15078    3210  2981  3495  3496    2
15079    1698  1202  2634  3378    2
15080     880   921  1221  2548    1
15081     921   880   999  2548    1
15082     467   789  1281   721    1
15083     789   467  1281  2548    1
15084    1261   972  2601  3212    2
15085      75    77  2801  3347    2
15086    3351  3569  4130  4191    2
15087    1342  3121  3486  4029    2
15088    1501  1626  3970  4312    1
15089    3232   194  3504  3511    1
15090    1962  1025  2816  4383    1
15091     725   922  1563  2550    1
15092    1184   725  1563  2550    1
15093    1060   431  2943  4266    1
15094     583   431   595  4266    1
15095     107   105   106  3536    1
15096    1787  1062  2279  2551    1
15097    1062  1240  1709  2551    1
15098    1062  1709  1908  2551    1
15099    1597  2056  2790  3091    2
15100    1328  2162  3037  3091    2
15101     414   330  3519  3528    1
15102    2786  1687  3527  3589    2
15103    1715  1681  2085  3783    1
15104    2861  1575  2983  3637    1
15105    2555  2421  3895  4167    1
15106    2357  1994  3248  3508    1
15107    2061  3019  3652  3693    1
15108    3486  3034  3580  4029    2
15109    2299  1054  2118   966    1
15110    1054  2299  2118  2554    1
15111    2797  2501  3065  3545    2
15112      86  2240  3126  3521    1
15113     603  1209  4395  4408    1
15114    1580  2483  3698  3939    1
15115    2180  1580  3698  3939    1
15116    1436  2348  2543  3082    1
15117     817  1216  2396  3080    1
15118     663  1238  1254  4127    2
15119     710  1070  3805  4106    1
15120    2373  1838  2453  2920    2
15121    1067  1397  2632  3665    1
15122    1837  1840  3703  3812    2
15123    1210  1560  3703  3812    2
15124     721  1673  1933  2824    1
15125    1183  2298  3013  3289    1
15126    1384   575  1547  3149    2
15127    1931   102  4035  4308    1
15128     100  2123  2568  2838    2
15129    2057  3187  3646  4132    1
15130    2373  2920  3147  3314    2
15131     476  1528  2312  2943    1
15132    1613  1688  2153  3763    1
15133    1481   989  1632  4181    2
15134    1315  1265  1389  2724    2
15135     240  1416  2096  3605    2
15136     338   363   544  2943    1
15137     753  1255  1551  3660    1
15138      50    48  2917  3141    2
15139      83    82  1806  3455    2
15140      83  1806  3423  3455    2
15141     185  2311  3574  4200    1
15142    3157  3233  3359  3417    1
15143    2156  3141  3191  4112    2
15144    1558   772  3177  3217    1
15145    2172  2035  2176  3445    2
15146    2035  1922  2095  3445    2
15147    2050  1480  2341  3049    1
15148    1740  1120  3197  3819    1
15149    1661  1291  2234  3827    1
15150     944   779  3648  3827    1
15151    1779   841  2337  3448    2
15152     395   654  2535  2912    1
15153    1673  2789  3201  4225    1
15154    2638  2997  3860  4113    1
15155     365   352  1657  3220    1
15156    2287  1223  2319  3221    2
15157    3235  3191  3287  4112    1
15158     540   375   564  2560    2
15159    2788  2951  3538  3595    1
15160    2951  2788  3342  3595    1
15161    1974  1341  2855  3057    2
15162    1788  1034  2453  4258    2
15163    1826  1387  2531  3297    2
15164    3702  3187  4211  4232    1
15165    1129  2861  2983  3637    1
15166     448   450  1052  2778    1
15167    1118  2200  2872  4049    1
15168    2185  1921  2187  2561    1
15169    1008  2185  2187  2561    1
15170    1921  1008  2187  2561    1
15171    2441  1915  2629  3223    1
15172     185   183  2878  4200    1
15173     517   362   581  3845    2
15174    2623  1450  2976  4137    1
15175    1828   751  2427  4253    1
15176    2648  3347  3641  4218    2
15177     988   869  1842  3650    1
15178    2487  1057  3159  3226    1
15179      84    85  3643  3796    2
15180    1575  1448  1623  3109    2
15181    1793  2780  3070  4202    1
15182    1035   911  2381  2698    2
15183    1212  2723  3808  3966    2
15184    2526   779  3159  3226    1
15185     772   626  2119  3814    1
15186    1519  1121  2081  2565    2
15187    2081  1937  2484  2565    2
15188    1519  2081  2484  2565    2
15189    1375  1519  2484  2565    2
15190    1375   620  1519  2565    2
15191    1183  2298  3289  3860    1
15192     134  2452  3330  3426    2
15193     735  2307  2423  2565    2
15194     779  1237  3226  3648    1
15195    2819    73  3686  4000    2
15196    2648  2509  3349  4219    1
15197     416  1657  2912  3377    1
15198     248   249  1862  2813    1
15199    1771  3016  3854  4135    1
15200    3095   182  3721  3849    2
15201    2202  2150  2730  3599    1
15202    1554  1331  1591  2714    2
15203    1598  1734  2115  2771    2
15204    2132  2373  3916  4030    2
15205    1734  1598  2251  2771    2
15206    2639   841  2690  3281    2
15207    1734  1762  1994  2771    1
15208     924   722  1932  2927    1
15209     690  1072  2772  3111    1
15210    1088  4269  4283  4364    1
15211    1520  1338  3859  4030    2
15212    1143   723  2095  4270    2
15213    2843  2715  4036  4128    1
15214    2816  3300  4336  4383    1
15215    1647  1322  2406  2875    1
15216     652   794  1813  2639    2
15217    1430  1922  3131  3445    2
15218     794   496  1185  2639    2
15219    1696   966  2299  3230    1
15220    3361  4011  4174  4187    1
15221    2386  2765  2730  3116    1
15222    2307  2423  3084  3423    2
15223     260  2248  2622  3231    2
15224    2201  2412  2938  3257    2
15225    1692  2087  3530  4016    2
15226     753   353   903  3660    1
15227     888   383  1101  3737    2
15228     656   845   965  3270    2
15229    1465  1263  2086  2830    1
15230    1519  1419  2102  2730    2
15231    2371  1651  3443  3718    1
15232    1582  1889  2093  2827    2
15233    3321  2748  3361  3409    2
15234    1263  1965  2086  2830    1
15235    1896  1624  1941  3524    1
15236    2394  1525  2480  3695    2
15237    3555  1356  4393  4407    2
15238    1999  2172  2176  2575    2
15239     898  1999  2176  2575    2
15240     898   675  1999  2575    2
15241    2101  1988  2172  2575    2
15242    1999  2101  2172  2575    2
15243     971  1662  2390  3132    2
15244     800  1256  1503  3784    2
15245     997   971  2390  3132    2
15246    3901  1025  3911  4383    1
15247      39    41   930  2806    1
15248    2269  1864  2674  3239    2
15249     656  1087  1739  2577    1
15250    1033   656  1739  2577    1
15251     764   968   984  2577    1
15252     968   656  1033  2577    1
15253     984  1470  2186  2577    1
15254    2186  1470  2315  2577    1
15255    1218   764  1879  2577    1
15256     764   984  1879  2577    1
15257    1720  2592  2825  2970    1
15258    2796  2338  2916  3397    2
15259     656   764  1087  2577    1
15260     764   656   968  2577    1
15261    2338  1061  2916  3397    2
15262     549   838  2613  2971    2
15263    1701  3771  3772  4253    1
15264    1378  3630  3682  4097    2
15265     751  1828  1912  4253    1
15266    2169  1828  3771  4253    1
15267     309  1050  2121  2581    1
15268    1050   309  1186  2581    1
15269    1186   309  2121  2581    1
15270    1050   669  2111  2581    1
15271    1050  2111  2121  2581    1
15272     669   277  1065  2581    1
15273     669  1065  2111  2581    1
15274    2111  1065  2121  2581    1
15275    1065   766  2121  2581    1
15276    2121   766  2411  2581    1
15277     766   277  2411  2581    1
15278     277   766  1065  2581    1
15279    1988  2172  2575  3445    2
15280     443   394   457  2584    1
15281     371   291   621  2584    1
15282     291   371   457  2584    1
15283     377   403   799  2584    1
15284     621   377   799  2584    1
15285    1694   606  1977  2584    1
15286     896  1977  2159  2584    1
15287     457   896  2159  2584    1
15288     291   394   621  2584    1
15289     394   291   457  2584    1
15290     401   621  1694  2584    1
15291     401   377   621  2584    1
15292     377   401   403  2584    1
15293     401  1694  1977  2584    1
15294     403   647   896  2584    1
15295     896   647  1977  2584    1
15296    1340  2999  3150  3909    2
15297    1779  1897  3857  4151    2
15298     403   401   647  2584    1
15299     647   401  1977  2584    1
15300    2379  1460  2531  2585    2
15301    1719  1679  2152  2642    2
15302     500  1380  1698  2666    2
15303     500   577  1380  2666    2
15304    2013  2373  2453  2920    2
15305     235   236  2389  2712    1
15306    2364  2413  2426  2588    1
15307    2365  2364  2426  2588    1
15308    1980  1225  2082  3778    1
15309    2413  1904  2426  2588    2
15310      48    49  2529  3287    1
15311     588  3425  3859  4034    2
15312    1269   939  2594  4034    2
15313    3638  2533  3813  4211    1
15314    3025  2105  3390  3903    2
15315    1154  1459  2417  3680    1
15316    1484  1240  3427  4177    1
15317    2433  3638  3813  4211    1
15318    1655  1027  2467  3651    1
15319     453   974  3737  4390    2
15320    2218  2309  3263  3504    1
15321    2130  2256  2592  4033    1
15322    3232  3243  3263  3504    1
15323    1040  1883  2217  3185    1
15324    1732  2599  2965  3235    1
15325    2240  1827  3383  3521    2
15326    1839  2103  2576  2591    2
15327    2392  1839  2576  2591    2
15328    1839  1405  2103  2591    2
15329     118   119  2715  4036    1
15330    1269  1520  1858  2594    2
15331    1674  1825  2194  4008    1
15332    1269  1858  2394  2594    2
15333    1405  1839  2073  2591    2
15334    2073  1839  2392  2591    2
15335    1405  2073  2392  2591    2
15336     950  2361  2473  3151    1
15337    3191  1732  3235  3287    1
15338    2142  2055  2599  3287    1
15339    1770  1720  2281  2592    1
15340    1770  2281  2589  2592    1
15341     204  2068  3653  3979    1
15342     144  2638  2914  3064    1
15343     741   514  3542  3600    1
15344    4036  3214  4041  4042    2
15345    3913  4221  4369  4396    1
15346     119  2290  2843  4042    1
15347    1663  1133  1783  3758    1
15348    1674  1084  2840  3716    2
15349    1099  1437  2311  4403    1
15350    1817  1649  2096  3675    2
15351    1367  1407  2726  3381    1
15352    2716  3213  4028  4035    2
15353    2297  1968  2947  3086    1
15354    2629  3128  3605  4165    1
15355    2068   204  2600  3979    1
15356    1136   538  2079  2829    2
15357     103   102  4028  4035    2
15358    2893   103  4028  4035    2
15359     102   103  1931  4035    1
15360    1295  1017  1743  4309    1
15361    1152  2079  2574  2829    2
15362    3828  2988  4075  4317    1
15363     538  1136  1853  2829    2
15364    2046  2038  3791  3941    2
15365    2038   229  3697  3941    1
15366    3354  2467  3970  4312    1
15367    2633  2622  3130  3231    2
15368    1421  2392  2576  2641    2
15369    3176  2677  3232  3264    1
15370    1421  1210  2392  2641    2
15371     978  2174  2380  3184    1
15372    2105   665  3025  3390    2
15373    2108  1574  2349  3992    1
15374    2919  3302  3603  4173    1
15375    1329  1526  3006  3360    1
15376     890   987  3212  3244    2
15377     987   890  2110  3244    2
15378    2830  2667  3157  3233    1
15379    1645   244  2540  3171    1
15380      99  2123  2170  2838    2
15381    2294  1396  2720  3891    1
15382    3761  3698  4124  4337    1
15383    1917  1670  2322  2599    1
15384    1670   952  2322  2599    1
15385     952   719  2322  2599    1
15386    1676  1917  2322  2599    1
15387     719  1676  2322  2599    1
15388    1676   719  1917  2599    1
15389    2715   119  2843  4036    1
15390    1628   546  1730  2602    2
15391     607   566  1730  2602    2
15392     566   607   802  2602    2
15393    2877  2837  3932  4313    2
15394    1628  1730  1801  2602    2
15395    2694   243  3171  3285    1
15396    3091  2056  3214  4229    2
15397     738  2559  2570  3826    1
15398     820  1628  1801  2602    2
15399     820   665  1628  2602    2
15400     770   865  1200  3482    2
15401    2904   202  3810  4160    1
15402    1753  2063  3077  3685    1
15403    3208  3018  3353  3541    2
15404    1865  1327  2611  3250    2
15405    2227  1427  2889  4165    1
15406     437  1271  1730  3871    2
15407    1508  1773  1786  3446    2
15408    2459  3146  3633  4162    2
15409     942   852  1723  2721    1
15410    2195  1527  2528  3069    2
15411    2117  1943  3036  3400    2
15412    1716   570  2119  2721    1
15413     186   187  3248  3249    1
15414    1865  2611  2615  3250    2
15415    1762  1734  2251  2771    2
15416    1762  1733  2357  3249    1
15417    1733   186  2357  3249    1
15418     903   321  3594  3666    1
15419    3242  3233  3472  3521    1
15420    2422  1014  3107  4212    1
15421     902  1666  3749  3930    2
15422     306   293   524  3666    1
15423     557   913   982  3815    1
15424    1734  1994  2115  2771    1
15425    1076  1155  2251  2771    2
15426    1486  1404  2615  3250    2
15427    1248  1973  3524  3568    1
15428    2871  1264  3965  4298    2
15429    2134   250  2288  3162    2
15430    2940  1611  3868  4104    2
15431     736  1740  1995  3931    1
15432     791   788  2147  3026    2
15433    2201  1711  3257  3391    1
15434    2049   961  2503  3026    2
15435    1889  1891  2093  3067    2
15436     983   943  2093  3067    2
15437     985   932  2200  4039    1
15438    2108  1548  2752  3992    1
15439    1872   816  1989  2610    2
15440     816  1872  1874  2610    2
15441    1874  1872  1989  2610    2
15442     388   356  1333  3659    2
15443    3404  3549  4057  4307    1
15444    2177  1082  2336  2610    2
15445    1082  1874  2336  2610    2
15446    2108   260  3795  3992    1
15447    1457  2108  3795  3992    1
15448     603   395  1660  4408    2
15449    3189  2528  3433  3553    2
15450    3070  3014  3642  4202    1
15451     260  2108  2349  3992    1
15452    2528  2267  3433  3553    2
15453    1592  2349  2752  3992    1
15454    1852   927  1878  3615    2
15455    1574  2108  2752  3992    1
15456    1386  1179  1622  2740    1
15457    3112  2461  3113  3707    2
15458    2528  2267  3190  4020    2
15459    1015  1177  2653  4020    2
15460    2048   440  3815  3847    1
15461     363   436   440  3847    1
15462    3169  3575  3728  3802    1
15463    2263  2387  2751  2792    2
15464     885   643  2218  3177    1
15465     658   635  2611  2615    2
15466     635  1865  2611  2615    2
15467    1865   593  1957  2615    2
15468    1166  1865  1957  2615    2
15469     818  1166  1957  2615    2
15470     593   818  1957  2615    2
15471    1862  1613  2284  3763    1
15472    3700  1721  4233  4234    2
15473    3748    23  3768  4352    1
15474    1108   451  1517  3752    1
15475    1711  1042  1790  3592    1
15476     249   250  2954  3763    1
15477    1295  1743  4308  4309    1
15478     367   365   451  3752    1
15479     352   351   386  3752    1
15480     980   996  2358  2804    1
15481     940  1387  2178  3893    2
15482     604   539   630  2793    2
15483    1315  1317  1389  2922    2
15484     218   217   216  2814    2
15485    2709  2841  3364  4007    1
15486    2888  2310  3017  3054    2
15487    2175  1837  2488  2618    1
15488     531  1559  4106  4127    2
15489     931   663  1559  4127    2
15490     531   931  1559  4127    2
15491     738   751  2031  4236    2
15492    2967  2950  3773  4325    1
15493    2950    98  3773  4325    1
15494    1599  1280  4106  4127    2
15495     749   967  2436  2619    1
15496     537   387  4019  4392    1
15497    1818  2598  3243  3263    1
15498    3493  2346  3494  4209    1
15499    1124  1100  1813  2735    2
15500     821  1124  1813  2735    2
15501    1124  2256  2591  2735    2
15502     578   725  2647  3253    1
15503     110   108  2036  4005    1
15504     727   947  3028  3628    2
15505    1870  4102  4152  4306    2
15506    1265  1315  1389  2652    2
15507    1508  1565  2625  2652    2
15508    1496  1265  2369  2652    1
15509     935  1524  2624  4321    1
15510    1560  2405  2585  2718    2
15511     506   332  1229  3823    1
15512     824   963  1004  2634    2
15513    2429  3961  4130  4191    2
15514    1574   260  2349  2622    2
15515    3961  3351  4130  4191    2
15516    1392   963  1698  2634    2
15517     963   824  1698  2634    2
15518     755   433  2220  2861    1
15519     700   866  1537  3618    1
15520    1537   866  2951  3618    1
15521     866  1290  1395  3618    1
15522    2715   118  4036  4121    1
15523    3687  1731  3770  3906    2
15524      76  3913  4221  4284    1
15525    1252   374  2322  2706    1
15526     374   650  2322  2706    1
15527    2412  1711  2979  3257    1
15528    1409  1169  2655  3488    1
15529     935  1993  2205  2624    1
15530    1378   935  2205  2624    1
15531     503   504  2049  3026    2
15532     227  3153  3436  3452    1
15533      43    42  2480  3695    2
15534    3394   227  3436  3452    2
15535    1990  2152  2746  3257    2
15536     385   586  1335  3392    2
15537    2060   131  2547  3257    1
15538    2696  2498  3731  4123    2
15539    1704  2404  2654  3272    1
15540    2193   640  2888  3622    2
15541    1298  1400  2545  2626    2
15542     118   119  4036  4041    2
15543    1403   791  2147  2626    2
15544     807  1759  1997  4130    2
15545    3041  3691  4093  4130    2
15546    1795  2561  2683  3014    1
15547    2279  3265  3934  4338    2
15548    1376   736  1588  4279    1
15549    3233  2556  3408  3521    1
15550     722   826  1814  3328    1
15551    3403  3402  4119  4170    2
15552    1857  1471  1967  2768    1
15553    2543   218  2886  3082    1
15554    2527  4239  4281  4365    2
15555     569  2295  2526  3159    1
15556     683   943   983  2858    2
15557    2013  1838  2841  2920    2
15558     629   897  1036  3148    1
15559     160   161  2239  4055    1
15560    1511  2319  3221  3952    2
15561     761  2083  3129  3260    1
15562     883  1014  2942  3140    1
15563    1653  1684  2254  2629    1
15564    1915  1653  2254  2629    1
15565    1481  1915  2254  2629    1
15566    1632  1481  2254  2629    1
15567     364   293  3143  3224    2
15568    3191    48  3287  4112    1
15569    2814  3489  3580  4196    2
15570    2341   220  2567  2890    1
15571    2402  2737  3275  3730    1
15572    2539  1815  2620  3318    1
15573    2315  2935  3246  3255    1
15574     922   725  2209  2631    2
15575     725   922  1576  2631    2
15576     396   743  1138  3304    1
15577    2311   183  2878  4403    1
15578     591   517  1064  3832    2
15579     414   385  1138  3304    1
15580     461  1138  2419  3304    1
15581     355   352  2695  3304    1
15582     396   461  2695  3304    1
15583    1138   810  2419  3304    1
15584     489  1247  2265  3888    2
15585     352   355   414  3304    1
15586    1282  1478  2850  3167    2
15587    3913  3009  4221  4396    1
15588    1478  1282  1890  3167    2
15589    1282  1036  1890  3167    2
15590    1782  3327  3674  3684    2
15591     293   430  2183  3666    1
15592    2489  2616  2620  2651    1
15593    3312  1209  4331  4394    2
15594     797  2723  2948  4330    2
15595    3538   105  3590  3745    2
15596    2252  2549  3538  3745    2
15597     169  3146  3531  4162    2
15598    3242  3233  3454  3472    1
15599    1402  1928  2222  2635    2
15600     196   197  2488  2718    1
15601    1560  1421  2073  2718    2
15602    2677  2628  2906  3389    1
15603    3274  3036  3527  3589    2
15604    1266  1034  1668  2928    1
15605    3232   194  3500  3504    1
15606      84    86  3126  3242    1
15607    2900  1910  3010  3539    2
15608    2046   230  2331  2367    2
15609    1952  1803  2259  2637    1
15610    1572   968  1648  2705    1
15611    1844  2508  2612  2739    1
15612     950  1885  2361  3151    1
15613    1219  2266  2612  2739    1
15614    2266  1844  2612  2739    1
15615    2205  1378  2624  2678    1
15616     230  2732  2873  3941    1
15617     985  2274  2612  2739    1
15618    2151   993  2198  3415    1
15619     574   396  1533  4177    1
15620     396   451  3752  4177    1
15621    3301  1692  3530  4016    2
15622     652   530   794  2639    2
15623     794   530  1064  2639    2
15624     530   885  1064  2639    2
15625     530   652   885  2639    2
15626    1827  2563  3156  4242    2
15627    2078  1827  2240  4242    2
15628     827  1545  1600  4147    1
15629    4075   179  4297  4317    1
15630     816  1989  2610  3991    2
15631    3414  2722  3458  4044    1
15632    1240   689  1517  4177    1
15633     369  1335  2437  3871    2
15634    2155  1400  3205  3860    2
15635     336   453   888  3737    2
15636    2490  1757  3989  4296    2
15637     141  2424  3305  4150    2
15638    3583  2980  3584  3777    2
15639    1647  1292  1873  2875    1
15640    4116  1189  1994  1438    1
15641    2531  2379  2585  2641    2
15642    1210  1421  2379  2641    2
15643    2379  1421  2585  2641    2
15644    2372   201  3468  3576    2
15645     356   878  1454  3659    2
15646    2722  3342  3800  3868    1
15647    2037    93  2632  3166    1
15648     372   356   388  3659    2
15649      95  2494  2650  3166    1
15650    2361   950  2473  2643    1
15651    2034  1879  2128  2643    1
15652    1218  1879  1958  2643    1
15653    1958  1879  2034  2643    1
15654    1896  2034  2473  2643    1
15655    2182  2361  2473  2643    1
15656    2182  2128  2361  2643    1
15657    2034  2128  2182  2643    1
15658    2034  2182  2473  2643    1
15659    1896  1958  2034  2643    1
15660    1896  1218  1958  2643    1
15661     772  2704  3170  4385    1
15662    2572  2118  2767  2821    1
15663     338   335  2943  4144    1
15664    2120  2072  3228  4197    1
15665    1382  1357  2702  3283    2
15666     956  1605  2056  2782    2
15667    2004   111  2898  3200    2
15668    2431  2333  2744  3320    1
15669     708  1258  2440  2853    2
15670    1522  2004  2898  3200    2
15671    2271  1683  3032  3515    1
15672     354   334  1134  2791    2
15673    1996  1774  2264  2701    2
15674     109   108  3319  4358    2
15675     717  1058  1184  2647    1
15676    1834  1158  2094  3261    2
15677     574   396  1058  2647    1
15678     396   574   761  2647    1
15679     805   907  1963  2958    1
15680     682   805  1053  2958    1
15681    2171  1053  2811  2958    1
15682    1321  2642  3165  3464    2
15683    2155  2545  2626  2767    2
15684    3266  2463  3428  3516    1
15685    2507  2379  3236  3955    1
15686    2920  2709  3363  3546    2
15687     181  3481  3721  3849    2
15688    1149  2470  3460  3602    2
15689    2167  3571  3588  3602    2
15690    2496    42  2508  4021    1
15691    1315  1508  1786  2652    2
15692    1786  1508  2625  2652    2
15693     546   665  1628  3258    1
15694    2753  1163  2992  4322    2
15695    2492  2404  3165  3272    2
15696    3672  3474  3682  4097    2
15697    1877  1882  3672  4097    2
15698    1877  3672  3682  4097    2
15699    1437  1099  1681  2654    1
15700    4355  2272  4391  4404    1
15701    1099   920  1681  2654    1
15702     920  1099  1552  2654    1
15703    1704  1181  2541  2654    1
15704    1181  1552  2541  2654    1
15705    1116  1552  2654  1680    1
15706    1321  2224  2642  3464    2
15707    1321  2076  2224  3462    2
15708    1607  2296  2984  3273    1
15709    2296  1607  3074  3273    1
15710    2224  3165  3272  3464    2
15711     987  3114  3212  3700    2
15712    2313  1153  3216  4313    2
15713    1843  1906  4273  4362    1
15714     945  1882  2479  2655    1
15715    1288  1359  4107  4409    2
15716    2197   954  2892  3277    2
15717     526   684  1035  3277    2
15718    3177   643  3263  4052    1
15719    1598  1311  2251  3386    2
15720     224   223  2204  2659    1
15721     720   973  3736  3870    2
15722    3482  1584  3578  4051    2
15723    2279  1608  2931  3934    2
15724     849  1020  1780  3842    2
15725     987  2154  3700  3736    2
15726     474   627  1006  3386    2
15727    1638   977  2203  3021    2
15728    2204  2015  2652  2659    1
15729    1472  2777  3968  4202    1
15730    1225  2725  3382  3842    2
15731     335   338  1468  4144    2
15732    1506   849  1780  3842    2
15733     120  3045  3046  3403    1
15734      90  1320  3937  3945    1
15735    3320  1902  4223  4308    1
15736    2143  3401  3402  3403    1
15737    1976  1456  2064  3604    1
15738    2143  1809  3401  3403    1
15739    2198   993  3709  3875    1
15740     349  1066  2223  2994    1
15741     448   450  2778  3384    1
15742    1697  1733  2251  3385    2
15743    1066   349  2359  2994    1
15744     428  1325  2223  2994    1
15745    1809  2143  2533  2661    2
15746    3463  3269  3746  3984    1
15747    1066   428  2223  2994    1
15748    2086  1465  2830  3126    1
15749    1267  1198  2390  2754    2
15750    2499  2014  2934  3878    2
15751    2482  1760  2568  3348    2
15752     508   790  1012  3509    2
15753     679   875  1110  2662    1
15754    3917  3913  4284  4369    1
15755    1689  2386  3266  3516    1
15756     560   626  3854  4135    1
15757    2872  1408  3722  3892    1
15758    1932   924  3908  4280    1
15759    1309  1760  1972  4090    1
15760    3604  2933  3679  4316    1
15761    3135  3370  3589  4315    2
15762    1312   917  1790  4147    1
15763      79  3020  3385  4050    1
15764    1594  2923  3385  4050    1
15765    1366  1216  4118  4169    1
15766    1874  1668  2345  3155    2
15767    1874  1788  2345  1872    2
15768    2421  2555  3571  4167    1
15769    2345  1788  3155  1668    2
15770     724  1043  2135  2666    2
15771     309   839  1297  2882    1
15772    1371  1172  2051  3184    1
15773    3066  1669  3227  3407    2
15774    1434  1329  2562  2804    1
15775    2358   996  2586  2804    1
15776    2586   996  2606  2804    1
15777     309   528   839  2882    1
15778     498   839  2800  2882    1
15779      92    90  1320  4138    1
15780     884   774  1010  3296    1
15781    3033  3255  3974  4045    2
15782     161   159  2239  4053    1
15783     899   748   978  4378    2
15784    2019  3780  3790  4186    2
15785     159  3432  3923  4053    2
15786    2887  3571  3602  4054    2
15787    1352  1376  3516  4134    1
15788    3090  2551  3427  4124    1
15789    1343  1722  1764  2668    1
15790    2022  1973  2714  3293    2
15791    1310  2604  2846  2926    2
15792     612   942   953  2669    1
15793    3077  2063  3116  3685    1
15794    1090   681  1281  3663    1
15795     755  1367  1498  3663    1
15796    1090  1281  1630  3663    1
15797     452   929   612  2669    1
15798     929   452   612   625    1
15799     817   612  2033  2669    1
15800     612   817   942  2669    1
15801    2552  2712  2770  3674    2
15802     755   433  3473  3663    1
15803     433   755  2220  3663    1
15804    1782  2470  2498  3674    2
15805     739   708  1554  2853    2
15806     219   221  2609  3049    2
15807    1936  2895  3798  4095    1
15808    3054  2310  3306  3430    2
15809     584  1209  2407  4331    1
15810    2394  2113  2496  3695    2
15811    2350   969  2779  3332    2
15812     566  1357  2107  2702    2
15813     708   739  1759  2853    2
15814    1659  1644  2097  2697    1
15815     454   486   801  2948    2
15816    2297  1968  2786  2947    2
15817    1339   608  1593  2673    1
15818    1593   608  1655  2673    1
15819    1216  1366  3080  4169    1
15820    1655  1339  2467  2673    1
15821    1501  1655  2467  2673    1
15822    1832  1564  3073  3718    1
15823    1462   978  1482  3355    2
15824    2352    45  2538  2674    1
15825      45  2071  2538  2674    1
15826    2071    45  2269  2674    1
15827    1514  1764  1864  2674    1
15828    1864  1764  2071  2674    1
15829     201   203  2353  2904    1
15830    2702  1946  3283  3331    2
15831    3479  3363  3601  3801    1
15832    1435  1041  2217  3185    1
15833    2071  1851  2538  2674    1
15834    3054  3306  3389  3430    2
15835    3208  3098  3491  3540    2
15836     203   201   202  2904    1
15837    1748  1768  1771  3185    1
15838    1609  2306  3756  3904    2
15839    1201  2228  2340  3026    2
15840     788   503  2049  3026    2
15841    2162  2631  3756  3904    2
15842    3532  1007  3831  3904    2
15843    2451  3563  3894  3904    2
15844     956  2464  3843  3928    2
15845    2108  1586  2308  2936    1
15846     259   258  2633  2936    2
15847    1252  1095  1743  2706    1
15848    1819  1874  2892  3155    2
15849     486  1153  1702  3216    2
15850     534  1095  1252  2706    1
15851     650   576  1302  2706    1
15852     258  2247  2633  2936    2
15853     712   650  1302  2706    1
15854    1492  1807  1955  3669    2
15855    1959  1786  2625  2978    2
15856     127   128  3215  3527    2
15857    3315    57  3746  3984    2
15858     222   223  1959  2978    2
15859    1286  2007  2055  2680    1
15860    2055  1125  2599  2680    1
15861     589   798  1251  2966    2
15862    2737   228  3275  3730    1
15863     872   501  1503  3555    2
15864    1914  2191  2546  3202    2
15865    1292  1873  3324  3369    1
15866    1910   850  2549  3010    2
15867    2546  2191  3034  3202    2
15868     852   570  2721  3662    1
15869     639   421   933  4164    2
15870     247   246  2617  2813    1
15871    2263  3001  3018  3353    2
15872     501   872  1246  4083    2
15873    4221    76  4284  4369    1
15874    2524   208  3023  3069    1
15875    1527  2195  3023  3069    2
15876     835   681  1112  2685    2
15877    1832  2371  2448  3857    2
15878    1721  1880  2154  3657    1
15879     796   365  1108  3752    1
15880    1407  2604  2726  3002    1
15881    1281  1480  2050  2774    1
15882    2774  1933  3002  3096    1
15883     243  1466  1629  3171    1
15884    2765  2730  3116  3286    1
15885    1400  1298  2545  4113    1
15886     209  2090  2586  3023    2
15887    3170  2637  3176  3308    1
15888    1466   243  1645  3171    1
15889     108  4026  4046  4268    2
15890     630   703  2691  2793    2
15891    1077  1774  2670  3309    1
15892     415   473   639  4286    2
15893    1833  2092  2787  3910    1
15894     227  3142  3394  3436    2
15895    1236  1925  2504  2689    1
15896    2504  1925  2511  2689    1
15897     655  1236  2323  2689    1
15898    2323  1236  2504  2689    1
15899     856  2504  2511  2689    1
15900     655   856  2511  2689    1
15901     522  1236  2174  2689    1
15902     655   573  2174  2689    1
15903     748   655  2174  2689    1
15904     655   748  1236  2689    1
15905    1236   748  2174  2689    1
15906    1925   522  2164  2689    1
15907     522  1562  2164  2689    1
15908     856  2323  2504  2689    1
15909     856   655  2323  2689    1
15910     573   522  2174  2689    1
15911     522   573  1562  2689    1
15912     527   655  1562  2689    1
15913     573   527  1562  2689    1
15914     527   573   655  2689    1
15915     732   496  2639  2690    2
15916     841   732  2639  2690    2
15917    2607  2217  2955  3477    1
15918     173   172  1926  3865    1
15919    2984  3315  4248  4272    2
15920    1674  2194  2840  2941    2
15921    2005  2259  2719  4098    1
15922    2860  2510  3135  3589    2
15923    2555  1077  2847  3895    1
15924    1813   674  2184  2690    2
15925     404   799   896  4400    1
15926    2217  1651  2505  3477    1
15927    2895  1895  4174  4187    1
15928    2388    88  3195  3477    1
15929    2485  2086  3742  4242    1
15930    1546  2078  2086  4242    1
15931    1821  1044  2833  4356    1
15932    3203  3486  3580  4029    2
15933    2921  1848  3580  4029    2
15934    3203  1342  3486  4029    2
15935    3438  3120  4339  4384    1
15936    1025  2015  2816  3901    1
15937    1296  1636  2175  4033    1
15938    2788  3341  3342  3535    1
15939    2061  1561  3657  3834    1
15940    2443  2856  3668  3834    1
15941    1811   727  2419  3072    1
15942     699  1657  2535  2975    1
15943     944   779  2526  3648    1
15944     397   426  1098  2897    2
15945    2343  2419  2548  3072    1
15946    2419   999  2548  3072    1
15947    1011  1542  3028  3072    1
15948    1922  2172  3131  3445    2
15949    1772  1752  2896  3533    1
15950    2087  2501  3065  3172    2
15951    3129  1579  3260  3303    1
15952    1752  1772  2797  3533    1
15953    2424  1571  2576  3305    2
15954    2576  1571  2875  3305    2
15955    1779   841  3562  4151    2
15956    2593  2764  3192  3305    2
15957    1056  1288  4107  4409    2
15958    2241  2481  3515  4279    1
15959    1563  2163  2209  3091    2
15960    2871  2918  3476  3965    1
15961     154   155  2329  4299    1
15962    2918  1881  3115  3965    1
15963     738  1577  4236  4374    2
15964     816   575  1429  2698    2
15965     528   744  2733  3950    1
15966    1231  2029  3148  3278    1
15967    1009   742  2610  2698    2
15968     742  1009  2416  2698    2
15969    1264  2031  4298  4374    2
15970    1477   690  1504  2698    2
15971     575  1477  1504  2698    2
15972    3232  2598  3500  3513    1
15973    3117  1936  3798  4095    1
15974    2598  3232  3501  3513    1
15975    3418  3118  3544  3555    2
15976     872  1503  3418  3555    2
15977    2520  3179  3296  3556    1
15978    3034  3121  3486  3582    1
15979     954  2067  3277  4030    2
15980    3065  3380  3545  3756    2
15981     499   363  2048  3847    1
15982     475  1479  1955  3332    2
15983     180  2701  2781  3284    2
15984    1717  2741  2781  3284    2
15985     974   825  3737  4355    2
15986    1717  1782  2741  3284    2
15987     969  1394  2779  3332    2
15988    1480  1673  1946  2774    1
15989    1281  1090  1630  2774    1
15990     729   900  1557  3819    1
15991    1558   520  1699  3177    1
15992    2684  2640  3068  3359    1
15993    1818   942  2667  3359    1
15994    2670  1774  3198  3309    1
15995    2976  1870  4102  4152    1
15996    2137  3554  4201  4334    2
15997    4164  2089  4217  4286    2
15998    1884  1385  2434  3442    1
15999     630  2282  3656  3856    2
16000    1664  2265  3724  4099    2
16001     744  1616  3985  4099    2
16002    1302   576  1561  2706    1
16003     576   374  1252  2706    1
16004     374   576   650  2706    1
16005    1412  1030  1495  4029    2
16006    1955  1795  2042  3669    2
16007    1988   857  2101  2706    1
16008    1988  2101  2199  2706    1
16009    2101   857  2322  2706    1
16010    2199  2101  2322  2706    1
16011    1074   956  3225  3842    2
16012     712  2199  2322  2706    1
16013     849   956  1020  3842    2
16014    1718  1074  1980  3842    2
16015    1020  1718  1780  3842    2
16016    1781  1126  1805  2708    1
16017    1805  1126  1833  2708    1
16018     387   350  2477  2710    1
16019     398   387  2477  2710    1
16020    1618   675  2925  3139    2
16021     484   454  1618  3139    2
16022     126   127  2996  3526    1
16023    2817   462  4072  4316    1
16024    1782  2498  2696  2712    2
16025    2552  1782  2696  2712    2
16026    1272  2060  3412  3751    1
16027    1103  1272  3412  3751    1
16028     624  1125  1894  3548    1
16029    2909  2599  2951  2965    1
16030     676   509  1326  4058    2
16031     245   246  2540  3352    1
16032    2317  2356  2715  3326    1
16033    2561  1795  2780  3014    1
16034    3536  2252  3538  3590    1
16035    1314  1902  3320  4308    1
16036    3375  3128  3237  3223    1
16037     517   591   777  3845    1
16038    2156  1732  2909  2965    2
16039    1520  2594  3978  4071    2
16040    2763  2055  2529  3450    1
16041    1382  2609  3227  3407    2
16042    2499   892  3816  3988    2
16043    2305  2165  3670  3808    2
16044    1521  1516  2885  3982    1
16045    2862  3433  3554  4047    2
16046    1751  1248  1794  2714    2
16047    1693  1751  1794  2714    2
16048    1248  1624  1973  2714    2
16049    1973  1624  2022  2714    2
16050    1491  2509  2728  3294    2
16051    1084  1157  2022  2714    2
16052     126  3179  3299  3526    2
16053    1624  1751  2022  2714    2
16054    1624  1248  1751  2714    2
16055    1412  1495  3121  4029    2
16056    1721  2893  3657  4309    1
16057    1714  1743  3657  4309    1
16058     183  2311  4078  4403    1
16059     518  1069  4154  4238    2
16060    2826  1358  3973  4057    1
16061     606  1051  2398  3859    2
16062    3665  2632  3973  4057    1
16063    2471  1612  2796  3557    2
16064    1840  1210  2184  3703    2
16065    1250  1394  1592  3130    2
16066    1363  1250  1592  3130    2
16067    2139  1704  2404  3461    1
16068     330   373  3519  3528    1
16069    1589  1089  3339  3535    1
16070    1256  1987  2509  3376    1
16071    1094  2632  3665  4057    1
16072      38    37  2210  4057    1
16073    3102  3593  3993  4302    2
16074    2452  1683  2700  2742    1
16075      82  1930  3160  3266    2
16076    3033  2429  3317  4262    2
16077    2198   993  3074  3415    1
16078    1769  1111  2259  2719    1
16079    1056  1181  1552  4087    1
16080     548  1029  1600  4056    1
16081    1408  2828  3722  3892    1
16082     239  2642  2960  3783    2
16083    2642  1719  2960  3783    2
16084    3732  3265  3934  4337    1
16085    3251  3070  3642  4120    2
16086     525   609  1899  3507    2
16087    1678   609  2992  3507    2
16088     681  1090  3473  3663    1
16089    1984  4130  3569  4191    2
16090     913   991  2752  3815    1
16091    1615  1880  2443  2907    2
16092     326   356  1335  3871    2
16093    3586   136  3777  4209    1
16094     841   732  1944  3448    2
16095    2788  2680  3535  3539    1
16096     363   495   544  2943    1
16097      68  2257  4111  4145    1
16098     861   595  1060  2943    1
16099    3338  2829  3890  3962    2
16100    1695  1916  1926  4132    1
16101    2023  2485  3157  3362    1
16102    1447  2442  2822  3809    1
16103     518   908  1745  3312    2
16104    3065  2087  3172  3598    2
16105     658  1018  1444  3767    2
16106     787  1420  1541  3419    2
16107     546   458  3609  3887    1
16108    1177  1015  2384  4020    2
16109     696   909  1485  3211    1
16110    1708  2145  3387  4332    2
16111     791  3026  3158  4068    2
16112     720   605  1188  3262    2
16113     390  1066  2359  3384    1
16114    1465  1263  2830  3383    1
16115    1881  3112  3645  3765    2
16116     518   933  1463  3843    2
16117    2824  1524  4092  4225    1
16118    1358  1236  1925  4285    1
16119    1188   605  1208  3262    2
16120    3264  3232  3504  3511    1
16121     988   783  2539  2725    2
16122     720  3212  3244  3262    2
16123    2257  4111  4145  4345    1
16124     951   432  2088  3843    2
16125     213  3099  3649  3868    1
16126    1177  2862  3554  4047    2
16127     883  2699  2948  4330    2
16128     604   630   846  3656    2
16129     489  1778  3888  4099    2
16130     458   602  3609  3887    1
16131      47    45    46  3311    1
16132    3376  3347  3559  4219    1
16133    3443  1381  3898  4077    1
16134    3129  1579  3303  3563    1
16135    3571  3110  3588  3602    2
16136    3319  3121  3739  3846    2
16137    1160  2763  2798  3031    2
16138    1394  1641  2622  3130    2
16139    3418  3534  3858  4271    2
16140    1234   592  3093  3724    2
16141    1827  2556  3383  3521    2
16142    2830  3126  3383  3521    1
16143    2533  3039  3123  4232    2
16144    1174  3030  1160  2426    2
16145    1833  1451  2731  3316    1
16146    1681  2085  2654  3461    1
16147     648   456  1114  3136    1
16148     725   922  2550  3260    1
16149    1222  1096  1461  4280    1
16150    1451  1493  1833  2731    1
16151    1833  1493  1960  2731    1
16152     375   903  3660  4153    1
16153    1711  3097  3592  3840    1
16154    2448  1832  2844  3718    1
16155    2315  2012  2976  3317    1
16156    1126  1833  2708  3975    1
16157    2327  3782  3891  4263    1
16158    2271  1425  2536  4263    1
16159     529   528   744  2733    1
16160     311  1133  1783  2733    1
16161    2471  2784  3087  3990    2
16162    2338  1598  2784  3990    2
16163    1982  1119  2796  3990    2
16164     312  1110  1133  2733    1
16165     311   312  1133  2733    1
16166     312   311  1110  2733    1
16167    1039  1113  1504  3088    2
16168    1081  1265  2957  3694    1
16169    2609  2074  3283  3049    2
16170    1487  2224  3692  3783    2
16171     433  1140  2220  2861    1
16172    1140  1448  1623  2861    2
16173    1696  2118  2572  2997    1
16174    1201  1867  2504  2997    1
16175     758   640  2193  3622    2
16176     425  3220  4142  4408    1
16177     980  1167  2682  3466    2
16178     372   388  3624  3659    2
16179    1667  1994  2357  3508    1
16180     869   988  1842  3318    1
16181    1116   741  1374  2961    2
16182    2624  2956  4003  4092    1
16183    2609  1382  3283  3407    2
16184    4255  3825  4327  4382    1
16185    3641  3917  4274  4368    2
16186    1722   668  2325  3885    1
16187    1851  1722  3320  3885    1
16188    1129  1898  2655  2736    1
16189     442  1129  2655  2736    1
16190    2479   945  2655  2736    1
16191     578   585  3392  3607    2
16192     705   425  1745  3607    2
16193     217   218   216  3631    1
16194    3034  3518  3582  3631    1
16195     218   217  2543  3631    1
16196    2543   217  3488  3631    1
16197     876   365  1657  3220    1
16198    4339  2700  3207  2452    1
16199    1726  2217  3073  3718    1
16200    2427   877  3949  4253    1
16201    1435  1651  2217  3718    1
16202    1586  2114  2308  2936    1
16203     257  2114  2247  2936    2
16204    2247  1586  2633  2936    2
16205    1556  1844  2266  2739    1
16206    1219  1556  2266  2739    1
16207     422   878  4183  4204    2
16208     710   314  1196  4106    1
16209    2288   249  2954  3162    2
16210     781  1144  1283  2740    1
16211    1785   592  3888  4099    2
16212    1483  1212  2225  3966    2
16213    1376  1588  2386  3516    1
16214     136  2980  3584  3587    2
16215     804  1635  3419  3584    2
16216     336  2535  4355  4404    1
16217    1584   865  3405  3874    2
16218    1365   820  1480  3066    1
16219     289  4013  4156  4276    1
16220     768  2079  4314  4377    2
16221     212   211  3740  3850    2
16222    1447  1603  2442  3809    1
16223     826   722   932  3328    1
16224    1775  1495  2743  3319    2
16225    2017  1749  1926  4132    1
16226    1749  2017  1926  1918    1
16227    1926  1916  2017  4132    1
16228    1916  1695  2017  4132    1
16229     149  3902  4064  4300    1
16230    1314  1846  2595  4190    2
16231     554  1463  4154  4224    2
16232     556   502  3921  4156    1
16233    2659  1126  2708  3975    1
16234    1314  2333  2431  3320    1
16235    1684  2629  3128  3605    1
16236    3220   876  4142  4408    1
16237    1671  2207  3043  3491    2
16238    1115  1050  1297  2969    1
16239     324  1115  1297  2969    1
16240    1338  1966  2132  2745    1
16241    3696  3169  3728  3802    1
16242    2068  1767  2132  2745    1
16243    1923  3376  3559  4219    1
16244     919    15  3224  4370    2
16245    2573  2524  2586  2804    1
16246    3213  2893  4028  4035    2
16247     414   288  3519  4013    1
16248    1544  1541  2245  3079    2
16249    1541  1544  3076  3079    2
16250     426   809  1098  2897    2
16251      27  1539  2245  3079    2
16252     152  2236  3727  4032    1
16253    2236   152  3978  4032    2
16254    1431  1549  3076  3079    2
16255    1294  2026  2347  2749    1
16256    1294  1736  2026  2749    1
16257    1736  1294  1841  2749    1
16258    1841  1294  2347  2749    1
16259    2208  1841  2342  2749    1
16260    2342  1841  2347  2749    1
16261    2145  1841  3021  3387    2
16262    2208  2342  2686  2749    1
16263    1697  2342  2347  2749    1
16264     627   474   874  3386    2
16265    1311  1841  2342  3021    2
16266     642   398  2477  2750    1
16267     398   452   953  2750    1
16268     452   398   642  2750    1
16269     606   526   858  3908    1
16270     606   858  2398  3908    1
16271    1051   606  2398  3908    1
16272     526   457  2159  3908    1
16273    2032  2041  3145  3334    1
16274    3147   205  3314  3848    2
16275    2906  2628  4231  4349    1
16276    1977   647  2159  3908    1
16277      46  2431  2744  3311    1
16278     584   783  2725  3312    2
16279     539   551   630  2793    2
16280    2595  1303  2634  4190    2
16281     454   484   486  2793    2
16282     434   941  1150  3953    1
16283     484   454   604  2793    2
16284     601  2187  2378  2752    1
16285     938   601  2378  2752    1
16286    2028  3482  3578  4051    2
16287    1813   821  2735  3734    2
16288    1185   821  1813  3734    2
16289    1052  1327  1865  3250    2
16290     972  2597  2601  3212    2
16291     239   238  3464  3692    2
16292    3012  1890  3167  3881    2
16293     644   394  1208  3357    2
16294    1031   797  2313  3769    2
16295     488  1032  2810  3167    2
16296     802   566  2602  4062    2
16297     412   289  2437  3357    2
16298    1292  1873  2875  3324    1
16299    2424  2875  3048  3324    1
16300    2875  1873  3048  3324    1
16301     336   453  3737  4355    2
16302    2406  1571  2424  3324    1
16303    2893  2328  3213  4028    2
16304    1270  1321  2390  2754    2
16305    1198  1270  2390  2754    2
16306    2390  1321  2642  2754    2
16307    2152  2390  2642  2754    2
16308    1679  2152  2642  2754    2
16309    1679  2091  2152  2754    2
16310     879  1000  1142  3425    2
16311    2224  2390  2642  3783    2
16312     511   480  1380  2897    2
16313    1838  2283  2453  4258    2
16314     761  1579  3334  3694    1
16315    2458  1579  2957  3451    2
16316    2389  2122  4167  4310    1
16317    1507  1516  1521  3982    1
16318      50  2142  2529  2763    1
16319    1467  1256  1503  2758    2
16320     831   906  1336  3457    2
16321     906  1742  2080  3457    2
16322    2285   946  3898  4077    1
16323    2655  1344  3485  3581    1
16324    2442  1981  2717  3003    1
16325    2402  2262  2737  3276    2
16326    1083   547  1185  3252    2
16327     761   925  1025  2857    1
16328     925   761  1964  2857    1
16329    1611  1290  2318  3983    2
16330     795   632  2736  3630    1
16331    1703  3647  4120  4295    2
16332    1588   736  2258  3931    1
16333    2036   110  3313  3670    1
16334    2964  1890  3881  4002    2
16335    1254  1234  1474  2761    2
16336     128  2947  2996  3215    1
16337    4054  2389  4167  4310    1
16338    2658    51  3970  4063    2
16339    1964  1192  3301  3530    1
16340    1670  2055  2142  2763    1
16341    1579  2458  3145  3451    2
16342     387  2359  3847  4019    1
16343     752  2109  2580  2971    2
16344    1096   924  3899  4280    1
16345    1761   892  4154  4238    2
16346    1205  2197  2967  4381    1
16347    2591  2589  2593  2764    2
16348    2506  1933  3002  3579    1
16349    2924  2385  3067  3290    2
16350    2127  1558  3217  4077    1
16351    2289   233  3092  3151    1
16352     232   231  2473  3151    1
16353     233   232  3092  3151    1
16354    2576  1634  2591  2764    2
16355    2103  2591  2593  2764    2
16356    2418  1198  2961  3323    2
16357     333   342  1468  4343    2
16358    1704  1239  2654  3461    1
16359    2155   146  2545  2767    2
16360     415   382   424  3005    2
16361     260  2622  2633  3231    2
16362    1136  1094  2829  4377    2
16363    1344  3672  3705  3811    2
16364    4037  1225  4103  4114    1
16365    2545   146  2638  2767    1
16366     259   260  2633  3231    2
16367    2248  1433  3130  3231    2
16368     259   258  1934  3231    2
16369    1433  1934  2009  3231    2
16370    1934   258  2009  3231    2
16371     260   259  2248  3231    2
16372    1263   817  1861  3056    1
16373     181   180  3480  4066    1
16374    1428  1629  1649  3675    2
16375    1905   496  3194  4091    2
16376    1388  2397  3194  4091    2
16377     932  1614  2200  3328    1
16378    3441  2005  3561  4098    1
16379     813   910  2193  2888    2
16380     502   286  3620  4156    1
16381     640   813  2193  2888    2
16382    3058  2042  3669  4171    2
16383    1500  2020  3788  4240    1
16384    1495  1775  2785  3319    2
16385    1540  1545  1627  3405    2
16386    2053  1808  3079  3209    2
16387    2143  2661  3402  4119    2
16388    1521  1529  2149  4119    2
16389    1396  2344  2423  3423    2
16390    1216   817  1263  3056    1
16391     286   502  4031  4156    1
16392    1105  1220  2234  3081    1
16393    1946  1407  2604  3331    2
16394    1039  1413  1494  2772    1
16395    1373  1268  2216  3089    2
16396    2445   575  3175  4247    2
16397    1113  1039  1494  2772    1
16398    1371  1113  1397  2772    1
16399    1397  1113  1494  2772    1
16400    1367  1498  1532  2773    2
16401     672  1448  1848  4226    2
16402    3583  3209  3585  3777    2
16403     886   475  1955  3332    2
16404     784  1193  1479  3332    2
16405    2546  2886  3202  3344    2
16406    1479  1193  2185  3332    2
16407     475   784  1479  3332    2
16408    2219  1281  2460  2774    1
16409    1281  2050  2460  2774    1
16410    2460  2050  2657  2774    1
16411    2219  2460  2657  2774    1
16412    1793   814  1921  2777    1
16413     814  1275  1921  2777    1
16414    1946  2604  3002  3579    1
16415     450   390   519  4067    1
16416    2673  2301  3354  3970    1
16417    1793  1921  2561  2777    1
16418    1327   450  1350  2778    1
16419    1327  1350  1915  2778    1
16420    2228  2340  3026  4068    2
16421     791   788  3026  4068    2
16422     791  2155  3938  4068    2
16423    2821  2155  2914  4068    2
16424    2155  2157  3938  4068    2
16425    2228  1816  2914  4068    2
16426    1816  2228  3026  4068    2
16427    2155   791  3158  4068    2
16428    2914  2155  3706  4068    2
16429     906   635  2350  2779    2
16430      54    55  4222  4281    2
16431    2477   444  2750  3333    1
16432     321   695   819  3333    1
16433     408   444  3106  3333    1
16434     560   463   819  3333    1
16435    1394  1194  1592  2779    2
16436    1592  1194  2378  2779    2
16437    1574  1641  2622  2779    2
16438    2349  1592  2378  2779    2
16439    2349  1574  2622  2779    2
16440    1574  2349  2378  2779    2
16441    1592  2349  2622  2779    2
16442    1394  1592  2622  2779    2
16443    2085   239  2960  3783    1
16444    2451  2766  3545  3904    2
16445    1061  1206  2002  3059    2
16446    2320  1675  2525  2806    1
16447    1113  1475  1951  3088    2
16448     860  1398  3223  3375    1
16449    1567  1106  1598  2784    2
16450    1567  1598  1621  2784    2
16451    1598  1106  2125  2784    2
16452    1113  1039  2772  3088    1
16453    2270  2124  3323  3701    2
16454    1106  1567  2375  2784    1
16455    2218  3177  3263  4385    1
16456    1106  1154  2125  2784    1
16457    2125  1154  2646  2784    1
16458    1598  2125  2338  2784    2
16459    2235  1989  2469  3991    2
16460    1504  1113  1951  3088    2
16461    1039  1504  1512  3088    2
16462    2671  3107  4053  4133    2
16463    1154  2375  2646  2784    1
16464    1154  1106  2375  2784    1
16465    1314  1902  2333  3320    1
16466    3317  2315  3627  3886    1
16467    3577  3764  3980  4027    2
16468    3774  3577  3980  4027    2
16469    1764  1343  2932  3320    1
16470    2997  2276  3289  4285    1
16471    3013  2953  3374  4285    1
16472    1217  1309  1760  4081    2
16473    1025  1962  2857  3911    1
16474    2919  1249  3530  3911    1
16475    1249  2919  3517  3911    1
16476    2466  3101  3267  4174    1
16477    2310  2888  3306  3430    2
16478    1569  2986  3174  4017    2
16479     992   949  2981  3520    2
16480     212   211  3850  3872    2
16481    1004   824  2634  3378    2
16482    1478  2614  3765  4302    2
16483     249   250  2288  2954    2
16484    1279   870  2972  3341    1
16485     969   475  3332  3343    2
16486    2608  2600  3186  3801    1
16487     957   742  2403  4400    1
16488    3024  3238  3591  4043    2
16489     713  1664  3724  4099    2
16490    1613  1862  1920  3876    1
16491    1754  2283  2373  3689    2
16492     627  1251  1499  2966    2
16493    2909  2252  3346  3538    2
16494     475   334   711  3343    2
16495    1935  1406  4079  4246    2
16496    3445  3131  3850  4108    2
16497    1403   733  2001  3938    2
16498    3316  3977  4080  4197    1
16499     362   429  1047  2791    2
16500     581   362  1047  2791    2
16501    3517  3300  3901  4383    1
16502     429   589  1047  2791    2
16503    1047   589  1134  2791    2
16504    2359   387   350   642    1
16505     518   611   908  4394    2
16506    1945  2870  3161  4360    2
16507    3121  3582  3739  4269    1
16508     605   720   973  4270    2
16509    2384  2267  3554  4020    2
16510    1495  2140  3121  3846    2
16511     387  2359   350  3847    1
16512     363   440  2048  3847    1
16513    1279  1581  1589  2963    1
16514    2647  1081  3253  3694    1
16515    1143  1302  1969  3019    1
16516    1969  1302  2161  3019    1
16517    2685  1357  2702  2792    2
16518    2387  2685  2702  2792    2
16519     995  1215  1950  2891    1
16520    2567   220  2609  2792    2
16521     228   230  2873  3730    1
16522    2460  2387  2702  2792    2
16523    1382  2460  2702  2792    2
16524    1465  1511  1710  3329    2
16525     502   556  2486  4156    1
16526    1653  1672  1684  3237    1
16527    1350  1653  1915  3237    1
16528    3128  3375  3237  2694    1
16529    1385  2690  2939  3857    2
16530    3731  3571  3743  4054    2
16531    1910   850  2691  2793    2
16532     535   870  1279  3341    1
16533     554   518  1069  4154    2
16534    3306  3322  3389  3430    2
16535     518   554  1463  4154    2
16536     622   540   633  4024    1
16537    2125  1612  2338  2796    2
16538    2130   821  2596  2918    1
16539    1989  1872  2469  3991    2
16540    2381   575  2445  4247    2
16541     821  1264  2570  2918    1
16542     821  2570  2596  2918    1
16543     936  2130  2596  2918    1
16544    1070  1196  1280  4106    1
16545    1838  1034  3364  3629    1
16546     812  1021  1677  2962    2
16547    1021   812  2831  2962    2
16548    2709  3363  3546  3601    1
16549      65  2845  2876  2991    2
16550    1575  1587  2759  3637    1
16551    2188  1603  2783  2799    2
16552    3221  3492  1824  3583    2
16553    1145   638  3392  3519    2
16554    1808  1431  3079  3583    2
16555    2490  1231  3772  3949    1
16556     227   226  3372  3761    1
16557    3927  2715  4022  4121    1
16558    1038  1604  2270  2799    2
16559    1604  1038  2188  2799    2
16560    1983  1611  3799  3873    1
16561    3487  3486  3489  3580    2
16562     475   958   969  3490    2
16563    2624  3390  4003  4210    1
16564    2645  3100  4111  4208    1
16565    1504   690  1512  3512    2
16566    2222  1402  2635  2802    2
16567    1402  2222  2617  2802    2
16568     246   247  2617  2802    2
16569     247   246  2253  2802    2
16570    2168  3037  3940  4041    2
16571     246   245  2253  2802    2
16572    2253   245  2635  2802    2
16573    1787  2279  3265  4124    1
16574    1233  2855  3057  4001    2
16575    1016   996  2682  2804    1
16576     980  1016  2682  2804    1
16577     996   980  2682  2804    1
16578    1016   980  2008  2804    1
16579    2008   980  2562  2804    1
16580    2502  2573  2606  2804    1
16581    2502  1434  2573  2804    1
16582    2482  1434  2502  2804    1
16583    1016  2482  2502  2804    1
16584     826  1016  2008  2804    1
16585    1016   826  1329  2804    1
16586    1329   826  2008  2804    1
16587    1970  1434  2482  2804    1
16588    1016  1970  2482  2804    1
16589    1062  1178  1361  3996    2
16590     843  1709  3439  3996    2
16591      27    28  1366  2818    1
16592      56    54  2956  3744    1
16593    2631  1007  3532  3904    2
16594    2696  2552  2712  2946    1
16595     539   604  3136  3357    2
16596      27  1366  2245  2818    1
16597    2980  3583  3585  3777    2
16598    3094   152  4032  4071    2
16599    2877  2500  3105  3222    2
16600    1895   960  1936  3421    1
16601    1861  1583  2319  2808    1
16602    2216  2435  2452  3330    2
16603    2428  1119  2916  3330    2
16604     523  2395  2761  3057    2
16605    1683  2435  2916  3330    2
16606    1119  1982  2916  3330    2
16607    2025  1982  3089  3330    2
16608    2761   760  2929  3057    2
16609    1612  3398  3557  4070    1
16610    1461  1096  3899  4280    1
16611    2727  1305  4283  4303    1
16612    2395   670  2761  3057    2
16613    2338  1119  2796  2916    2
16614    1411   658  2450  4181    2
16615    3815   499  3847  4019    1
16616     991  3815  3847  4019    1
16617    1370  2023  2131  3156    2
16618    1082  1874  2610  2892    2
16619     704  1414  1869  4012    1
16620    1083  1185  1656  3252    2
16621     661  1061  2428  2916    2
16622     661  1119  2338  2916    2
16623    1055  1269  1442  2872    2
16624    3537  2549  3590  3745    2
16625    1442  1269  1858  2872    2
16626    3090  3698  3934  4124    1
16627      86    84  2240  3723    2
16628      60  3367  3444  3797    1
16629    1241  1122  2093  3624    2
16630     388   683   947  3624    2
16631     926   683  2093  3624    2
16632     372   947  1801  3624    2
16633     947   926  1207  3624    2
16634     545   566  1122  3624    2
16635     842  1233  3057  4001    2
16636    1144  1283  1410  3710    1
16637    3018  3001  3208  3353    2
16638    2283  2068  3629  3689    1
16639    1334  3349  3696  3710    1
16640     467   516  1165  3258    1
16641    1625  4264  4282  4363    2
16642     810  1628  1811  3258    1
16643     414   556  4156  4276    1
16644    2309  3017  3054  3504    2
16645    1459  1154  2125  3680    1
16646    1257   279  1330  3787    2
16647     927  1106  1154  3680    1
16648      72  2783  2805  3104    1
16649    2302  3051  2028  1538    1
16650      72    74  3051  3104    1
16651    2062   767  3206  3902    2
16652    1265  1389  2724  2816    1
16653    1389  1265  2015  2816    1
16654    2107  2074  3283  3407    2
16655     930   847  2246  4074    1
16656    1963  2171  2811  2958    1
16657    2476  1963  2811  2958    1
16658     805   714   907  2958    1
16659    1963   907  2171  2958    1
16660    1954  2105  3282  3793    2
16661    1829  1675  2817  3335    1
16662     847   462  1829  3335    1
16663     847  1829  2817  3335    1
16664    2013  1488  2373  2920    2
16665      70    71  2623  3547    1
16666    1914  2886  2959  3518    1
16667     358   828   974  3632    2
16668    2320  1675  2806  2817    1
16669    3410  3206  3611  4073    2
16670    3610  2933  3611  4073    2
16671     148   147  3410  4073    2
16672    1870  2776  3371  4102    1
16673    2815  3206  4064  4073    2
16674     972   887  1777  4060    1
16675    1475  1113  1951  3336    2
16676    2036  1088  4283  4364    1
16677    1474  1254  2761  2929    2
16678     847   930  2945  3335    1
16679    1421  2073  2392  3703    2
16680     847   462  3667  4072    1
16681    2639   732  3281  4015    2
16682     410  1551  2807  3660    1
16683    1623  1284  2983  3811    2
16684    1284  1344  3619  3811    2
16685    3286  2063  3520  3685    2
16686    3878  3780  4402  2019    2
16687    2474  1673  3483  3579    1
16688    1673  1946  3002  3579    1
16689     524   353   753  3660    1
16690    2328  1971  2716  4190    2
16691    3243  2888  3504  4275    2
16692    1018  1277  1641  3130    2
16693    1992  1592  2622  3130    2
16694    3278  2672  3279  3937    1
16695    2314   166  2995  3540    1
16696    2630  2263  2751  3541    2
16697    3414  3644  3980  4044    1
16698    2189  3722  3851  3892    1
16699    3505  2888  4010  4275    2
16700    2238  3208  3491  3540    2
16701    3340  1089  3429  3535    1
16702    1178   843  3439  3996    2
16703    3022  3115  3280  3593    1
16704     721  1933  2774  2824    1
16705    1630   721  2774  2824    1
16706    1205  1754  2068  4381    1
16707     179  3033  3961  4093    2
16708      68    67  2257  4380    1
16709    1198  2418  2754  3323    2
16710    2068  1205  2745  3916    1
16711    1156  2537  3784  4256    1
16712    1472  2020  2561  3014    1
16713    2098  2402  2444  3163    1
16714    3245  3317  3828  3974    2
16715     191  1967  2150  3963    1
16716    1558   772  3217  4077    1
16717     870   624  2972  3341    1
16718    1909  1688  2244  2954    1
16719    2465  3044  3327  3684    2
16720    1540  1627  2243  3405    2
16721     250  2153  2288  2954    2
16722    1690  1909  2253  2954    2
16723    1690  1688  1909  2954    2
16724     248   247  2244  2954    1
16725    2947  2297  3086  3215    1
16726    1659  1024  2550  2843    1
16727     922  2163  2550  2843    1
16728    4043  3015  4120  4295    2
16729    2242  2808  3329  3952    2
16730    2276  2953  3522  4129    2
16731    2672  2614  3279  3937    1
16732    1853  1136  2438  2829    2
16733    3500   194  3501  4010    1
16734    3246  2315  3886  4009    1
16735    2128  2182  3092  3569    2
16736      71  2623  4102  4323    1
16737    1984  1693  3453  3569    2
16738     349   381   693  3343    2
16739    1396  2327  2720  3891    1
16740    2079  1136  4377   673    2
16741     978   748  1152  4378    2
16742    4175  4115  4306  4315    2
16743     899  1347  3149  4378    2
16744    4115  3807  4306  4315    2
16745    2778   436  2811  3384    1
16746    2533    64  2876  2991    2
16747      64    65  2876  2991    2
16748    1809  2661  2876  2991    2
16749    1714  1971  2328  3870    2
16750     911   532  2381  3108    2
16751    2722  1589  3241  3800    1
16752    2660  2500  2673  4168    1
16753     251   250  2134  3040    2
16754     795  1271  1483  3609    2
16755    1827  1465  2240  3383    2
16756    1543  2098  2885  3163    1
16757    2232  3474  3672  3705    2
16758     795  1049  2959  3609    1
16759    1302   576  2161  3693    1
16760     792  1803  1944  4220    2
16761    2492  2085  2654  3272    1
16762     456   539  3136  3357    2
16763    3088  1512  3111  3337    1
16764    2012  1010  2976  3371    1
16765    1924  2628  2859  3134    2
16766     115  2456  2687  2834    2
16767     115  1960  2456  2834    2
16768      22    21  3779  3935    2
16769    1293  1009  2062  3667    1
16770      16   321   692  3594    2
16771    1221   386  2695  4216    1
16772    3156  1723  2131  3622    2
16773    1852  2145  3021  3386    2
16774    2756  2573  3006  3360    1
16775    2505  1748  3883  4126    1
16776    2524   208  2573  3023    1
16777    2259  2637  3308  4206    1
16778    1137   512  1622  4256    1
16779     587   520  3170  3177    1
16780    2721  2119  2906  3170    1
16781    1941   124  2022  2941    2
16782    1778  1785  3888  4099    2
16783     138  4088  4231  4319    2
16784     593   390  1865  3343    2
16785     954  1727  2197  2892    2
16786    1998  1936  2444  3421    1
16787    1272   718  3097  3751    1
16788    1760  1970  2482  2839    1
16789    1760  2482  2568  2839    1
16790    2568  2454  2838  2839    1
16791    1972  2568  2838  2839    1
16792    1970  1016  2482  2839    1
16793    2482  1016  2568  2839    1
16794      82  2463  3160  3455    1
16795    1082  1819  1874  2892    2
16796    2918  2703  3115  3280    1
16797    1205  2068  2745  4381    1
16798    2029  2672  3148  3278    1
16799    1085  1231  3148  3278    1
16800     758  1827  2563  3156    2
16801    2379  2507  3883  3955    1
16802    1080  2018  2022  2840    2
16803    1084  1080  2022  2840    2
16804    1614   702  2200  4039    1
16805    1941  1661  2194  2840    2
16806    1661  1941  2018  2840    2
16807    2100  2557  2723  2942    2
16808    2018  1941  2022  2840    2
16809    2022  1941  2194  2840    2
16810     960  1044  2407  3075    1
16811     828   360  1130  2987    2
16812     514   715   845  2987    2
16813     820  1365  1426  3776    2
16814     829  2299  2554  3230    1
16815    2587  2823  2985  3229    1
16816    2554  2118  2767  3230    1
16817     470  1130  1182  2987    2
16818     921   993   999  2842    1
16819    3220   336  4412  4416    1
16820     688  1042  1600  3368    1
16821     434   402   514  2987    2
16822     360   402   434  2987    2
16823    2896  2168  3326  3940    2
16824    1597  3091  3214  4042    2
16825     993  2343  3074  3415    1
16826    2260    31  2370  2844    1
16827    1901  2260  2370  2844    1
16828    1897    31  2260  2844    2
16829    1961  1897  2260  2844    2
16830     855   606  1051  2927    1
16831    1550  1439  2390  3345    2
16832    1292  2512   936   629    1
16833    1366  1216  2396  2899    1
16834    1366  2245  2818  2899    1
16835    1833  1960  3910  3977    1
16836    2692  1721  3700  4234    2
16837     551   734  1279  3310    1
16838    1308  1032  2850  3765    2
16839    2158    80  3943  4050    1
16840    3159  4278  4363  4395    1
16841    2241   900  2481  4279    1
16842     173   171  2126  3830    2
16843     171   173   172  3830    2
16844     358   383   470  3737    2
16845    3114  2692  3212  3700    2
16846    1538  1161  3405  3578    2
16847    1596  1607  2343  3415    1
16848     594   778  1716  3325    2
16849    1225  3842  4037  4103    2
16850     624  1894  2972  3548    1
16851     642   851  3786  4392    1
16852    1382  1357  2107  3407    2
16853    2029  1478  2672  2850    2
16854     924   647  1977  4280    1
16855     943  2858  2924  3290    2
16856    3634  3187  3702  4232    2
16857    1701  1741  3687  3771    1
16858     797   862  1691  4148    2
16859    1161  1312  1538  3915    1
16860    1298   829  3230  4113    1
16861    2676  3339  3340  3539    1
16862    2959  1914  3484  3510    1
16863     363   338   544  3956    1
16864    1012  2029  2490  2850    2
16865    1012   790  2029  2850    2
16866    1519  1419  2202  2851    2
16867    1121  1519  2202  2851    2
16868     855   915  1219  3085    2
16869    2082   705  3964  4114    1
16870     145  3064  3706  3860    2
16871     606   855  1051  3085    2
16872    2298  2997  3289  3860    1
16873    1190  1333  1692  4179    2
16874    1149  1782  2470  2852    2
16875     628   462  3604  4316    1
16876     243   244  3171  3285    1
16877    2189   150  2462  3727    1
16878    2256  1405  2589  4033    1
16879    1756  1860  4086  4116    1
16880    3206  3410  3635  3902    2
16881    2670  1717  2701  2852    2
16882    2096  2222  2635  3285    2
16883    2222   243  2694  3285    1
16884    1214   955  1759  2853    2
16885     739  1214  1759  2853    2
16886    1214   739  1554  2853    2
16887    1309  1227  2123  2854    2
16888     332   355  1073  3921    1
16889    1235   611  2089  3988    2
16890    1227  1142  2135  2854    2
16891    2123  1227  2135  2854    2
16892    3687  1701  3772  4082    1
16893    1701  1162  3772  4082    1
16894    1682  1162  1701  4082    1
16895     946  3442  3443  4077    1
16896    1546  1370  2563  4242    2
16897     946  3443  3898  4077    1
16898    1822  1558  2127  4077    1
16899    1978   904  3898  4077    1
16900    1964   761  2627  2857    1
16901    1211  1064  3281  4015    2
16902    1025   925  1126  2857    1
16903     507   960  2275  2885    1
16904     495   431  1060  4065    1
16905    3202  1914  3484  3518    1
16906     756   629  2512  3148    1
16907     380   470  2987  3632    2
16908     761  1025  1962  2857    1
16909     761  1962  2627  2857    1
16910    1772  2168  2317  3326    2
16911     909  1485  3211  3449    1
16912    1451  1493  2731  2858    2
16913    1935  1406  2213  4072    1
16914    2236   152  2462  3978    2
16915    1224   607  1483  4386    2
16916    3218  1651  3443  3499    1
16917    3395  3032  3924  4288    1
16918    2394  1525  3695  3920    2
16919    1344  1337  1877  3811    2
16920    1960  1493  2834  2858    2
16921    1493  1960  2731  2858    2
16922    2609   221  3227  3407    2
16923     846   604  2446  3136    2
16924     773  1299  3358  3309    1
16925    1041  1726  2217  3185    1
16926    3232  2309  3264  3504    1
16927    1882   164  3672  4097    2
16928     378  1003  2544  3434    2
16929     778  2131  2439  3434    2
16930    1395  1290  3178  3618    1
16931    3178  3342  3595  3618    1
16932    1589  1089  3241  3800    1
16933     389    12  1063  2864    2
16934    1063   553  1176  2864    2
16935     553   701  1176  2864    2
16936     701   263   553   273    2
16937     263   701   553  2864    2
16938    1590  2134  1830  1173    2
16939     750   701  2514  2864    2
16940     701   263  2514  2864    2
16941    2000  3779  3935  3972    2
16942     389  1063  1176  2864    2
16943    3779    22  3935  3972    2
16944       4    12   389  2864    2
16945    1781   999  2419  3072    1
16946     999  2343  2548  3072    1
16947    1542  1011  1903  3072    1
16948    1716   778  2131  3622    2
16949    1542  1781  2419  3072    1
16950    1021  1677  3066  3268    1
16951    1677   820  3066  3268    1
16952     615  1905  3573  3829    2
16953    1868   254  2114  2868    2
16954    2080  1868  2114  2868    2
16955     253   254  1868  2868    2
16956    1830   253  2134  2868    2
16957    2080  1590  2134  2868    2
16958    1590  2080  2134  1173    2
16959    1590  2134  2868  1830    2
16960     256  2009  2247  2868    2
16961     256  1590  2009  2868    2
16962    1277  1590  2080  2868    2
16963    1590  1277  2009  2868    2
16964    2009  1277  2080  2868    2
16965    1868  2080  2134  2868    2
16966     253  1868  2134  2868    2
16967    2099  2740  2870  3560    1
16968     153   154  2329  4155    1
16969    2561  1793  2777  3014    1
16970     390   349  1957  3343    2
16971     250   249  2288  3162    2
16972      63  3187  3608  3634    2
16973     479   590  1031  4320    2
16974    1507   843  1709  3439    2
16975    2295   707  2526  3159    1
16976    2213  1293  2286  3991    2
16977    2758  3294  3525  3558    2
16978    3024  3591  3642  4120    2
16979     769   388  1333  4179    2
16980    1966  2132  3916  4030    2
16981    2561  2020  2683  3014    1
16982     399   624   870  3341    1
16983     585   578  2647  3253    1
16984    1815  2620  2651  3261    2
16985     832  1259  2650  3665    1
16986    2087  1692  2410  4016    2
16987      31  2370  3855  3896    1
16988    1332  3597  3611  4188    2
16989     338   363  2943  4193    1
16990    2046  3071  2262  1886    2
16991    2402  2444  3163  3276    1
16992    1758  2058  2833  2873    1
16993    2058  1758  2732  2873    1
16994    2440  1346  3833  4186    2
16995     180  2701  3284  3481    2
16996    2652  2204  2659  3050    1
16997     150   152  2462  3727    1
16998    1480  1946  2074  3049    1
16999    2701  1996  2852  3284    2
17000    1717  2701  2852  3284    2
17001     483   444   693  3106    2
17002     444   349   693  3106    2
17003    1427  1920  2441  3223    1
17004    1427  2441  2889  3223    1
17005    1274  2421  3497  4167    1
17006    3342  3178  3537  3800    1
17007    1778  1785  3985   275    2
17008    1589  2722  3342  3800    1
17009     557   982  2048  3815    1
17010    2598  1818  2906  3170    1
17011     772   520  1558  3177    1
17012     587  2119  2721  3170    1
17013    2956  1587  4329  4387    1
17014     216   218  3344  3631    1
17015    1224   795  1877  2879    2
17016    1197  2039  3604  3679    1
17017    2309  2218  3307  4287    2
17018    1587  3008  4329  4387    1
17019    1524  1587  2956  4387    1
17020    3488  3486  3582  3631    1
17021    1187  1080  3716  4402    2
17022     598   836  1323  3960    2
17023    2529  2055  3193  3475    1
17024    3034  3202  3518  3631    1
17025     216  3344  3486  3631    1
17026     216  3486  3488  3631    1
17027    3566  2859  4159  4206    1
17028    2097  2757  3533  4022    1
17029    2384  1004  3239  3554    2
17030    2674  1177  3239  3554    2
17031    1793  1850  2777  4202    1
17032    2297  2167  3497  3498    1
17033    1107  2250  2420  2881    2
17034    1172  2360  2372  3184    1
17035    2680  1286  2874  3356    1
17036    1460  2379  3883  3955    1
17037    2212   498  2800  2882    1
17038     731     5   775  2882    1
17039     900   729  1154  4392    1
17040    1843  1502  2857  2884    1
17041    2857  1180  1502  1249    1
17042    1180  2857  1502  2884    1
17043    1502  1843  1866  2884    1
17044    1866  1843  2092  2884    1
17045    1180  1502  1866  2884    1
17046    1180  1866  2092  2884    1
17047     960   507  1044  2885    1
17048     960  1044  2104  2885    1
17049    1045  1217  1760  4081    2
17050     426   588   939  2897    2
17051    1838  1707  2283  4258    2
17052    1436  2543  3035  3082    1
17053     667   905  2275  2885    1
17054     905   667  1543  2885    1
17055    2010   795  3035  3082    1
17056    1028  1230  3667  4316    1
17057    2786  1687  3327  3460    2
17058    1121   735  2565  3084    2
17059    2654  1239  3412  3461    1
17060    2139  3164  3412  3461    1
17061    3444  3129  3532  3563    1
17062    1122   681  2685  4183    2
17063    1752  2501  2797  3545    2
17064    1112  2263  3001  3018    2
17065    1102   834  1179  4411    2
17066    2688  1157  2714  3293    2
17067    1973  2688  2714  3293    2
17068     858   606  2398  3859    2
17069     653   822  1518  2889    1
17070     989   653  1518  2889    1
17071     653   989  1369  2889    1
17072     822   653  1369  2889    1
17073    1481  1915  2629  2889    1
17074    1481  1518  1915  2889    1
17075     320  1905  2397  4091    2
17076     488   320  3465  4091    2
17077    2215  2149  3551  4119    2
17078    1215  1309  2838  2891    1
17079     995   959  1215  2891    1
17080    1215   959  1309  2891    1
17081    2454  2838  2839  2891    1
17082    1854  2454  2839  2891    1
17083    1854  1950  2454  2891    1
17084     959   995  2809  2891    1
17085    1309   959  2809  2891    1
17086    1100   496  3734  4091    2
17087     704  1056  1144  3953    1
17088    2397  1388  2908  4091    2
17089    2397  2908  3465  4091    2
17090    1461  2236  3899  4032    1
17091    1144  1288  1410  3953    1
17092    2824  1933  3096  4225    1
17093      99  1215  2838  2891    1
17094    1215    99  1950  2891    1
17095    1950    99  2454  2891    1
17096    2454    99  2838  2891    1
17097    1309  1972  2838  2891    1
17098    2838  1972  2839  2891    1
17099    1471  1967  2768  2894    1
17100    1967  1471  2045  2894    1
17101    1014   883  4038  4330    2
17102    2044  1980  3778  3842    2
17103    1753  2063  2981  3210    2
17104    3066   221  3227  3268    1
17105     760  1974  2929  3057    2
17106     523  2761  2929  3057    2
17107    3163  1998  3276  3421    1
17108    1936  1998  2895  3421    1
17109    2444  3163  3276  3421    1
17110    2865  2895  3413  3421    1
17111    2895  2865  3081  3421    1
17112    2768  1798  2980  3495    2
17113    1187  2019  3790  4186    2
17114    2306  2451  3756  3904    2
17115    1295  1017  1948  4223    1
17116    1471  1824  2045  2894    1
17117    1970   826  2839  4090    1
17118    2074   221  3066  3268    1
17119    1337  2010  2225  3082    2
17120    2543  2886  3035  3082    1
17121     218  1835  2886  3082    2
17122     574   728  1184  4333    1
17123    1593  1497  2673  3799    1
17124    1290  3799  1022  1983    1
17125    1814   826  1970  4090    1
17126      88    87  3195  3477    1
17127    1449  1534  2386  3116    1
17128    1449  1967  3077  3116    1
17129    1337   795  2010  3082    2
17130    1436   945  1835  3082    2
17131     945  1436  3035  3082    1
17132     480   500  1380  2897    2
17133     500   480   564  2897    2
17134    1366    28  2078  2899    1
17135    2078    28  2818  2899    1
17136    2078  1546  2086  2899    1
17137    2086  1546  2166  2899    1
17138    1862  1613  2244  3876    1
17139     601   593  3332  3343    2
17140     154  3433  4047  4155    2
17141      62  2451  3563  3894    2
17142    1989  1874  2336  2901    2
17143    1874  1989  2235  2901    2
17144    2235  1989  2336  2901    2
17145    1803  1924  2859  4220    2
17146     200  2181  2775  3853    2
17147     993   921  1281  2902    1
17148    2387  2263  2751  2902    1
17149    2050  1281  2460  2902    1
17150    2387  2751  2890  2902    1
17151    1199  2050  2567  2902    1
17152    1199  2567  2751  2902    1
17153    1847  2231  2337  4220    2
17154     921  1112  1281  2902    1
17155    1112  2263  2387  2902    1
17156    1281  1112  2387  2902    1
17157    2460  2387  2890  2902    1
17158    2444  2873  3697  3730    1
17159    2219  2387  2460  2902    1
17160    1281  2219  2460  2902    1
17161    2219  1281  2387  2902    1
17162    2567  2050  2890  2902    1
17163    2751  2567  2890  2902    1
17164    1764  2668  1202  1343    1
17165    2668  1764  1202  2903    1
17166    1764  1722  1851  2903    1
17167    2230   997  3574  4048    2
17168    1882   945  2479  4097    1
17169    1722  1177  2538  2903    1
17170    2538  1177  2674  2903    1
17171     997  2076  3574  4048    2
17172    1803  1952  2859  4206    1
17173    2259  1952  2637  4206    1
17174    1851  1722  2538  2903    1
17175    1851  2538  2674  2903    1
17176    1764  1851  2071  2903    1
17177    2071  1851  2674  2903    1
17178    1764  2071  2674  2903    1
17179    3630  1378  3884  4097    1
17180     164  3474  3672  4097    2
17181    3474  2205  3682  4097    2
17182    1347  1482  2360  3103    2
17183    1761  2262  3071  3719    2
17184    2549  2252  3537  3590    2
17185    1527  1415  2528  3069    2
17186    1716  2640  2721  2906    1
17187    1716  2628  2640  2906    1
17188    1415  1527  2881  3069    2
17189      71    69  2623  4323    1
17190    1047   362  1468  4144    2
17191    1629  1466  1685  3171    1
17192    1283  1410  1923  3560    1
17193     293   533   561  3224    2
17194     386  1221  2937  4216    1
17195     243  1629  1685  3171    1
17196     208  2090  3023  3069    2
17197    2090   208  2911  3069    2
17198     437   801  1271  3871    2
17199    3029  2190  3701  3741    2
17200     356   372  1335  3871    2
17201      33  2999  3298  3881    2
17202    1954   665  3390  4092    1
17203    1873  1647  2875  2908    2
17204    1140   515  1342  4226    2
17205     525   807  2738  4322    2
17206    1322  2576  2875  2908    2
17207    1647  1322  2875  2908    2
17208    2576  1388  2641  2908    2
17209    1100  2576  2641  2908    2
17210    1157  2022  2714  3293    2
17211     419  2220  3673  4347    1
17212     219  2609  2657  3049    2
17213      37    36  2729  3890    2
17214    2341   219  2657  3049    1
17215    3447  3134  3448  3523    2
17216    1224  1483  2879  4386    2
17217    3009  3654  3913  4221    1
17218    2624  1524  2956  4092    1
17219    2533  3702  4157  4211    1
17220     672   422  1448  4226    2
17221    1524   516  2824  4092    1
17222    1500  3387  3788  4332    2
17223    1985  2687  2834  3290    2
17224    1833  1493  2708  3975    1
17225    1954   665  2105  3390    2
17226     746  1061  2002  3059    2
17227    2304  2738  3219  4322    2
17228    1400  2545  2626  3205    2
17229     370   853  2436  2910    1
17230    1052   918  1327  3250    2
17231     603   876  2295  2912    1
17232     603   395   876  2912    1
17233     654   395   696  2912    1
17234     654   696   785  2912    1
17235    1514  2137  3239  3378    2
17236    1846  1514  2595  3378    2
17237     395   603   696  2912    1
17238     696   603  2295  2912    1
17239     454   801  2334  2913    2
17240     446   454   646  2913    2
17241     646   454  2334  2913    2
17242    2118  1816  2157  2914    1
17243    1247   489  2265  3027    2
17244    1769  1111  2719  3073    1
17245     338   342   478  4193    2
17246    2746   131  3257  3712    2
17247    2609   219  2657  3729    2
17248    1982  2742  2796  2916    2
17249    1407  1946  2219  3331    2
17250    2107  2702  3283  3331    2
17251    1173   906  2134  3570    2
17252    2122  1274  3055  3459    1
17253    1176   389  2864  3971    2
17254    2742  2249  2796  2916    2
17255     771  2183  3666  3925    1
17256    2428  1683  2435  2916    2
17257    2604  2726  2926  3331    2
17258    1090  1407  2219  3331    2
17259    2604  1407  2726  3331    2
17260     351   386  1533  3925    1
17261    2465   609  3044  3507    2
17262     909  1759  2992  3626    2
17263    1228  2333  2595  4190    2
17264     734   870  1191  3042    1
17265    1197  1347  2472  3103    2
17266    2776    71  3371  4102    1
17267    1347  2360  2472  3103    2
17268    2280  2990  3415  3912    1
17269    1211   492  3017  4015    2
17270     582  2959  3510  3882    1
17271     424  1192  2410  3301    2
17272     645  1241  1692  3301    2
17273     949   992  1509  3520    2
17274     470   501  1130  3632    2
17275    2959  2886  3035  3518    1
17276     968   764   984  3905    2
17277     645   424  2410  3301    2
17278     358   380   828  3632    2
17279    2886  3202  3344  3518    1
17280    1259   673  2179  4377    2
17281    2269  2206  2595  3239    2
17282    1489  1746  2399  3204    1
17283    2306    60  3367  3380    2
17284    2600   205  3181  3546    1
17285    2692   720  3736  3870    2
17286    3041  3691  4004  4093    1
17287    1007  2317  2356  3994    1
17288    1024  1659  3533  3994    1
17289    3298  2905  3476  3944    2
17290    1805  1833  1855  3316    1
17291    1380  2135  2760  4081    2
17292    3975  1843  4273  4362    1
17293    2118  1696  2572  3230    1
17294    2604  1407  2774  3002    1
17295    2709  2013  2920  3363    2
17296    2241   900  3197  3437    1
17297    3187  3646  4132  4211    1
17298    2250  1415  2571  3360    1
17299     898   709  1174  2925    2
17300     898  1174  1999  2925    2
17301     709  1059  1174  2925    2
17302     121  2534  3880  3947    1
17303    2798  2763  2917  3031    2
17304     719  1676  1917  2925    2
17305    1917  1676  1999  2925    2
17306    1732  1917  2156  2925    2
17307     719  1732  2156  2925    2
17308    1732   719  1917  2925    2
17309     722   932  1932  2927    1
17310    1932   932  2739  2927    1
17311    1219  1932  2739  2927    1
17312     932   722   995  2927    1
17313     932   995  2739  2927    1
17314     915  1219  2739  2927    1
17315     915   855  1219  2927    1
17316     855   915  1117  2927    1
17317     855  1117  2008  2927    1
17318     995   915  2739  2927    1
17319     995   722  2008  2927    1
17320     915   995  1117  2927    1
17321    1117   995  2008  2927    1
17322    1034  1203  1707  2928    1
17323    1125  2599  2680  2951    1
17324    1707  1203  2196  2928    1
17325    1819  1668  2880  2928    1
17326    1125   952  2599  2951    1
17327    2670  1717  2696  2946    1
17328     109   110  3738  4046    2
17329    1819  1109  2362  2928    1
17330    1668  1819  2362  2928    1
17331    2069  2238  2630  3541    2
17332    1048  2179  2711  3336    2
17333    1490  1373  1566  3596    2
17334    1668    96  2880  2928    1
17335      96  1707  2196  2928    1
17336      96  1668  1707  2928    1
17337    2805  2192  2819  2930    1
17338    4141  3470  4287  4290    2
17339    2942  2100  3127  3997    1
17340    2729    36  3374  3890    2
17341     877  3772  3949  4253    1
17342     956  1605  1876  2931    2
17343    2355  1718  2377  2931    2
17344    2279  2355  2377  2931    2
17345    1718  1020  1784  2931    2
17346    1784  1020  2377  2931    2
17347    1718  1784  2377  2931    2
17348    1608  1605  1718  2931    2
17349     956  1020  1718  2931    2
17350    1605   956  1718  2931    2
17351    2279  1608  2355  2931    2
17352    1608  1718  2355  2931    2
17353    1876  1605  2782  2931    2
17354     637   524  2457  3143    1
17355    2120   114  2385  4080    1
17356     647   622  1023  4024    1
17357    1689  1469  1750  3266    2
17358    1514  1303  1846  2932    1
17359    1846  1314  2431  2932    1
17360    2451  2766  3365  3545    2
17361     174   175  3061  3321    2
17362     176   174  2748  3321    2
17363    1256  1467  1503  3784    2
17364    1895  1346  3078  4095    1
17365     175   176  2748  3321    2
17366    1080  1235  2840  2934    2
17367    1080   708  1235  2934    2
17368     708  1080  1187  2934    2
17369    1187  1080  2840  2934    2
17370     177   179  3961  4297    1
17371    1577  1253  3770  3989    2
17372     260   259  2633  2936    2
17373    1586   260  2633  2936    2
17374     260  1586  2108  2936    1
17375     259   260  2108  2936    1
17376    3083  3422  3460  3674    2
17377     409   382   424  2937    1
17378    1533   687  1964  2937    1
17379     424  1533  1964  2937    1
17380     382   386  1533  2937    1
17381     424   382  1533  2937    1
17382     880  1582  2148  2937    1
17383     409   645  1582  2937    1
17384    1582   645  2148  2937    1
17385     409   880  1582   835    1
17386     880   409  1582  2937    1
17387    1499   798  1300  2966    2
17388    1635  1420  3419  3496    2
17389    2512  1890  2964  3593    1
17390    3061  3413  4011  4094    1
17391     546   810  1165  3258    1
17392     467   810  1811  3258    1
17393     137   136   135  2980    2
17394     872   501  1146  4083    2
17395    1237  1895  4208  4345    1
17396     890  3244  3262  4359    2
17397    3271   164  3606  4097    1
17398     900   729  1665  3819    1
17399     900  1665  1740  3819    1
17400    2136  3085  3424  3859    2
17401     588  2136  3424  3859    2
17402    3572  3228  3866  4272    1
17403    1947  3621  3866  4361    1
17404    2984    59  3315  4272    2
17405    2870  2099  2952  3858    2
17406    2952  2099  3118  3858    2
17407    1084  1674  2840  2941    2
17408    1157  1084  2022  2941    2
17409    2022  1084  2840  2941    2
17410    2194  2022  2840  2941    2
17411     114   116  3290  3998    2
17412    1765  2968  3405  3683    2
17413    1169  3488  3582  3631    1
17414    3024  1500  3204  3238    1
17415    3169  3350  3467  2509    2
17416    1224  1473  2879  3678    2
17417     241   242  1685  3128    1
17418     241   240  1686  3128    1
17419     985  2508  4018  4039    1
17420    2508  2496  4021  4039    1
17421     985  2496  2508  4039    1
17422     476   335   861  2943    1
17423     616   931  1168  4418    2
17424     931  1559  1849  4418    2
17425     288   301  3528  4194    2
17426     459   782  1101  4194    2
17427     861  1060  1528  2943    1
17428     476   861  1528  2943    1
17429      71  2623  3371  4102    1
17430    1092   445  2111  4324    1
17431     847   930  2246  2945    1
17432    3181  2600  3601  3801    1
17433    1006   474  3386  3615    2
17434     474   354  1652  3615    2
17435    3119  3087  3438  3681    1
17436    1355  1113  1475  3336    2
17437    1494  1355  2711  3336    2
17438    1113  1355  1494  3336    2
17439    1172  1355  1475  3336    2
17440    1482  1172  1951  3336    2
17441    1438  1733  2357  4116    1
17442    1465  1245  2319  3056    1
17443    1717  2621  2741  2946    1
17444    2552  1717  2741  2946    1
17445    1482   768  3336  4101    2
17446    1504   768  1547  4101    2
17447     235  2696  2712  2946    1
17448    2389   235  2712  2946    1
17449    1644  3427  3514  4124    1
17450    2621  1354  2741  2946    1
17451    1354  2552  2741  2946    1
17452    1902  1261  2141  4190    2
17453    1971  1303  2716  4190    2
17454    1212   801  2334  2948    2
17455     797  1212  2334  2948    2
17456    1212   797  2723  2948    2
17457    1614   924  2200  4024    1
17458      45  2071  2269  3311    1
17459    2106  1625  4326  4331    2
17460    2496  4018  4021  4039    1
17461    2376  1729  3516  4134    1
17462     706  1212  2723  2948    2
17463    2280  2962  2990  3043    2
17464    2962  1596  2990  3043    2
17465    2140  3121  3846  4364    1
17466    1352  1372  1986  4134    1
17467     877  1085  1320  3949    1
17468    1395  2252  2909  2951    1
17469     952   719  2599  2951    1
17470    2599   719  2909  2951    1
17471     719   866  2909  2951    1
17472     866   405  1537  2951    1
17473    1120   471  2519  2966    2
17474    1306   471  2791  2966    2
17475     558   719   952  2951    1
17476     719   558   866  2951    1
17477     405   558   952  2951    1
17478     558   405   866  2951    1
17479    1134  1306  2791  2966    2
17480    3339  2788  3535  3539    1
17481    2691  3340  3535  3539    1
17482    1909   247  2253  2954    2
17483     247   248  2253  2954    2
17484    3033   177  4009  4045    2
17485    1902  2716  4190  4250    2
17486     205   204  3848  3979    2
17487    2505  1071  2521  2955    1
17488    1858  1991  2530  3196    2
17489     150  2189  2462  3196    1
17490    1991   150  2530  3196    2
17491    1991  1442  2189  3196    1
17492    1442  1858  2532  3196    2
17493    3198  2264  3199  3480    1
17494    2147  2049  2503  3026    2
17495    2888  3500  3505  4010    2
17496     683   926   943  3628    2
17497    2848  3048  3324  4150    1
17498    1488  2373  2920  3147    2
17499    1241   645  2410  3301    2
17500    2056  3394  3436  3452    2
17501     422   878  3659  4183    2
17502     170   169   168  3146    2
17503    2480  1525  2915  3695    2
17504    3435  3118  3555  4393    2
17505      43  2480  2915  3695    2
17506     353   355  2211  3921    1
17507    3118  3435  4360  4393    2
17508    1266  1668  1675  3335    1
17509     556   347  2211  3921    1
17510    2444  2098  2885  3275    1
17511    2498  2470  2696  3731    2
17512    2262  2098  2402  3275    2
17513     898   605   973  4270    2
17514     210  2154  3652  3740    2
17515    2117  1943  2734  3036    1
17516    2072  2120  2385  4197    1
17517     217  1835  2348  3581    2
17518    1342  1284  1848  3203    2
17519    2434  3125  3562  4151    2
17520    1746  2229  2399  3943    1
17521     770   671  1182  2961    2
17522     273  1186  2581  3946    1
17523    1708  1746  2158  3943    2
17524    1746  1708  2229  3943    2
17525    2084  1708  2158  3943    2
17526     941  2027  2583  4328    2
17527      80  2084  2158  3943    2
17528      72    74  3686  4051    2
17529    3051  3405  3683  4051    2
17530    1021  1199  1669  2962    2
17531    1669  1199  2792  2962    2
17532    1357  1669  2792  2962    2
17533    1207  1357  2792  2962    2
17534    2869  2952  3534  4399    2
17535    3238  4043  4295  4332    2
17536    3463    58  3699  3984    1
17537    1462  1523  2037  4314    2
17538    2343   789  2831  3415    1
17539    2831  1021  2990  3415    1
17540     993   789  2343  3415    1
17541    1264  1881  3112  4105    1
17542      57  3463  3746  3984    1
17543    2055  1286  2680  2965    1
17544    2599  2055  2680  2965    1
17545     474   627  1499  2966    2
17546     627   474  1251  2966    2
17547     471   429  2791  2966    2
17548     429   471   589  2966    2
17549     798  1120  1300  2966    2
17550    1300  1120  1499  2966    2
17551    1499  1251   798  2966    2
17552     640  3325  2310  3622    2
17553    1251  1499   798  1940    2
17554    1499   798  1940  1300    2
17555     589  1134  2791  2966    2
17556     429   589  2791  2966    2
17557    1109  1082  2246  2967    1
17558     957  1109  2246  2967    1
17559    1082   957  2246  2967    1
17560    1050   765  2581  2969    1
17561    1612  1459  2338  3397    2
17562    2338  1459  2409  3397    2
17563     765  1115  2644  2969    1
17564     765  1050  1115  2969    1
17565     572   765  2644  2969    1
17566    3551  3402  3880  3947    1
17567    2697  1597  2790  4128    1
17568    1264  2570  2918  4105    1
17569    1115   324  2644  2969    1
17570     870   551  1279  2972    1
17571     551   703  1279  2972    1
17572     832  1136  2210  3549    2
17573    1942  1136  2293  3549    2
17574    2713  3388  3747  3881    2
17575     535  1279  1581  3341    1
17576     703   630  2691  2972    1
17577    3544  4107  4328  4407    2
17578      60  2306  3367  3797    2
17579    2210  1136  2438  3549    2
17580    1581  1279  1589  3341    1
17581    3001  3208  3353  3540    2
17582    2691  1910  2793  3340    2
17583    1089  1589  3339  3342    1
17584    1537   535  1581  3341    1
17585    3552  1429  4079  4246    2
17586     512  1137  2535  2975    1
17587    2760  1380  4081  4257    2
17588     540   564   809  4257    2
17589     416   512  2535  2975    1
17590    1657   416  2535  2975    1
17591    2783  2192  2819  4000    1
17592    2783    72  2805  4000    1
17593      72  2783  3686  4000    2
17594    2854   702  4076  4257    2
17595    2760  2854  4076  4257    2
17596    2854  2760  4081  4257    2
17597    2106  1620  4259  4356    1
17598    3075  2106  4259  4356    1
17599     666   540  1045  4257    2
17600     702   809  4076  4257    2
17601     540   666  2560  4257    2
17602    1045   702  1217  4257    2
17603     330   414  1713  3620    1
17604     492   328  4015  4176    2
17605     320   316  1905  4176    2
17606    1225  1441  3650  4103    1
17607    2675  1225  3650  4103    1
17608     222  1959  2625  2978    2
17609     665   632  3025  3258    1
17610    3214  4036  4041  4121    2
17611     736  1995  2258  3931    1
17612    1816  1682  1911  2982    1
17613     131  2060  2425  3257    1
17614    1682  1741  1911  2982    1
17615    1553  1509  2063  2981    2
17616    1183   829  1298  4113    1
17617    3209  3494  3777  4209    1
17618    4111  3862  4145  4345    1
17619     623   749  2910  3211    1
17620    3627  2012  3828  4317    1
17621    3086  2996  3215  3497    1
17622    2556  2193  3408  3521    2
17623     949  1509  1553  2981    2
17624    1553  2981  3210  3496    2
17625    2545  2638  3205  4113    1
17626    4011  2895  4174  4187    1
17627     749  2619  2910  3211    1
17628     955   696  2910  3211    1
17629    1736  2208  3788  4240    1
17630     785  2295  2912   696    1
17631    2957  1576  3253  3694    1
17632     329   330  1713  3620    1
17633     286   301   302  3620    1
17634     864  1149  1678  3110    2
17635    1023  1706  1767  3364    1
17636    1947  2326  2731  3316    1
17637    1451  1903  2731  3316    1
17638     640   758  2131  3622    2
17639    1575   981  1587  3637    1
17640    1587  2624  3240  3637    1
17641    2193  2888  3417  3622    2
17642     778   640  3325   492    2
17643     965   609  3366  3270    2
17644    1044  2104  2833  3075    1
17645     434   360   854  4260    1
17646    1998  1936  2895  3798    1
17647    2898  2726  2926  3002    1
17648    1205   998  3916  4030    2
17649     605   720  4270  4359    2
17650      34  3022  3388  3593    1
17651    1946  2604  2774  3002    1
17652    2846  1310  3793  4100    2
17653     718  1042  1272  3097    1
17654    1968  2770  3083  3327    2
17655    2506  2898  2926  3002    1
17656    1855  1805  3316  4197    1
17657     845   715  1182  2987    2
17658     762   614  3804  4414    1
17659     845  1182  2961  2987    2
17660     514   845  2961  2987    2
17661    2143  1507  2160  3123    2
17662     226  3926  4292  4337    1
17663    1328   873  2056  4229    2
17664    2510  2860  3135  3954    1
17665    2661  1530  2993  3123    2
17666     661  1306  2428  2989    2
17667     746   661  2428  2989    2
17668     746  1304  2423  2989    2
17669     549  1304  1306  2989    2
17670     735   549  2565  2989    2
17671    2423   735  2565  2989    2
17672    1304   746  2428  2989    2
17673    1306  1304  2428  2989    2
17674     549   735  1304  2989    2
17675    1304   735  2423  2989    2
17676    1021  2280  2962  2990    2
17677    2831  1021  2962  2990    2
17678    1596  2831  2962  2990    2
17679    2819  3686  3948  4040    2
17680     864  1149  2465  3044    2
17681    1584   865  3948  4040    2
17682    1605  1580  2564  3416    2
17683    2356   117  3326  3940    2
17684    1529  2143  3401  3402    1
17685     909   696  1485  2992    2
17686     188  1490  2357  3508    1
17687     430   771  2183  3666    1
17688    3216  3577  3774  4027    2
17689     307   692  3829  4058    2
17690     807   525  1759  2992    2
17691    1163   909  2753  2992    2
17692     696   909   955  2992    2
17693     955   909  1759  2992    2
17694     696   955  1759  2992    2
17695    2293   808  3047  3404    1
17696    1775  2743  2785  3319    2
17697    3689  2841  3979  4007    1
17698    2841  2709  3546  4007    1
17699    3546  2709  3601  4007    1
17700    2315  2012  3317  3627    1
17701    2849  3370  3547  4315    2
17702    1706  3364  3629  4007    1
17703    1914  3655  3670  3808    2
17704     902  1666  3787  4244    2
17705    1861  1583  3420  3967    1
17706     625   612  3420  3967    1
17707    1710  1465  3329  4118    1
17708      74    72  3051  4051    2
17709     350   436  2359  2994    1
17710     350   346   894  2994    1
17711     436   350   894  2994    1
17712    1638  2084  2835  3385    2
17713     346   283   771  2994    1
17714     283   280   771  2994    1
17715     642   349  2477  2994    1
17716     346   642  2477  2994    1
17717     346   350   642  2994    1
17718     642   350  2359  2994    1
17719    1733  1594  2203  3385    2
17720    2835  2084  2923  3385    2
17721    2084  1638  2923  3385    2
17722     349   346   819  2994    1
17723     819   346  2477  2994    1
17724     349   819  2477  2994    1
17725    1594  1638  2203  3385    2
17726    1570  1602  3040  4117    1
17727    1670  1123  1894  3548    1
17728    1519  2202  2730  3599    2
17729    3495  3210  3587  4209    1
17730    2300  2298  2794  2997    1
17731    1904  2035  2176  3173    2
17732    1407  1090  2774  3381    1
17733    3409  2866  4061  4174    2
17734    2106  1642  3075  3791    1
17735    3289  1183  3860  4113    1
17736    2980   137  3585  3861    2
17737    3210  2346  3587  4209    1
17738    2276  2300  2504  2997    1
17739    2276  2298  2300  2997    1
17740     179  4075  4093  4317    1
17741    2385   114  3067  3290    2
17742    2687  1985  3067  3290    2
17743    2687   116  2834  3290    2
17744     245   244  3285  3352    1
17745    2249  2916  3032  3398    2
17746    2447  1729  2463  3516    1
17747     150   152   151  4071    2
17748    1858  1520  3978  4071    2
17749     386   382  1533  3925    1
17750    1588  1376  2376  3516    1
17751    3470  3567  4141  4287    2
17752     708  2440  3988  4372    2
17753    2816  1962  3334  3694    1
17754    3494  2346  3586  4209    1
17755    2828  2594  3722  4071    2
17756     106  3339  3536  3590    1
17757     613   877  2570  3826    1
17758    3099  2940  3803  3873    1
17759     204   206  3314  3653    2
17760    1595  2110  2553  3019    1
17761    2314  2198  3074  3415    1
17762    2816  3334  3451  3694    1
17763    1595  1143  2110  3019    1
17764    2005  1093  3288  4098    1
17765     789   993  2151  3415    1
17766    1967  1753  3077  3685    1
17767    2056  1876  2782  4229    2
17768    1144   920  1283  3710    1
17769    1857  1967  2542  3685    1
17770    3038  2973  3806  4229    2
17771    1354  1171  1981  3003    1
17772    1981  1171  2717  3003    1
17773     753   393  1255  3660    1
17774     409  1122  1241  3005    2
17775    3265  1876  3806  4184    2
17776     134  3426  4178  4339    1
17777     645  1241  2410  3005    2
17778     645   409  1241  3005    2
17779     341   415   477  3005    2
17780     382   341   477  3005    2
17781     341   382   415  3005    2
17782    3394   225  3452  4184    2
17783    3265  3806  3958  4184    2
17784    2180  3090  3427  4124    1
17785    1609  1170  3065  3598    2
17786    3147  2920  3196  3363    2
17787    1680  1103  3412  3751    1
17788    2060  2091  3412  3751    1
17789    2810  3957  3993  4302    2
17790    2748   175  3321  3361    2
17791    1828  1757  3771  3772    1
17792     210  1880  3740  3822    2
17793    1948  1017  2325  4223    1
17794    1261  1948  3885  4223    1
17795    1931  1295  4308  4309    1
17796    2333  1261  3885  4223    1
17797    2551  1240  3090  3427    1
17798    2545  1298  3230  4113    1
17799    2896  2757  2973  4022    1
17800    2827  2986  3269  3746    1
17801     850  1910  2691  3010    2
17802    3001  3098  3208  3540    2
17803     166  2238  3491  3540    2
17804    1207  1357  3393  3541    2
17805    1273  2691  2874  3010    2
17806    1686  1672  2694  3237    1
17807    1336  1398  1672  3237    1
17808    3103  2360  3468  3576    2
17809    1961  1832  2448  3857    2
17810    1686  2694  3128  3237    1
17811    1340  2810  2905  3012    2
17812    1142  2136  3466   724    2
17813     724   980  1117  3466    2
17814    1950  1854  2454  3168    1
17815    1016  1854  2682  3168    1
17816    2454  1854  2812  3168    1
17817    3169  2509  3467  3575    1
17818    1000   915  1078  3466    2
17819    1016  1939  2812  3168    1
17820    1939  1167  2812  3168    2
17821    1167  2170  2812  3168    2
17822    1022  1031  2313  3769    2
17823     231  1885  2473  3151    1
17824    2815  3206  3611  4188    2
17825    1528  1919  2312  3623    1
17826    1198  2270  2961  3323    2
17827    2985  3229  3365  3380    2
17828    2869  3913  3917  4396    1
17829      91  2427  2461  3707    2
17830    2545  2155  2626  3205    2
17831    3101  2466  3409  4174    2
17832      31  2370  2844  3855    1
17833    2041  1579  3145  3334    1
17834     761  1579  3129  3334    1
17835    3922  3062  4122  4136    1
17836     138  3470  4231  4349    1
17837    2195  1368  2524  4136    1
17838    2041  2032  3129  3334    1
17839    2866  2865  4061  4174    2
17840    1393  2524  2562  4136    1
17841    3922  2329  3969  4136    1
17842    3969  2329  4096  4136    1
17843    2608   206  3147  3186    2
17844     205  2600  3181  3186    1
17845    1523  1152  2829  4314    2
17846    2093   835  2363  3018    2
17847     227   226   225  3394    2
17848    1207  1357  2685  3018    2
17849    2685  1357  2792  3018    2
17850    2387  2685  2792  3018    2
17851    2387  1112  2685  3018    2
17852    2509  3169  3349  3802    1
17853     416  1739  3358  3542    1
17854     527   400   757  3175    2
17855     940  1978  2505  4126    1
17856     926   943  3636  4248    2
17857     943  1569  3636  4248    2
17858    2547   130  3029  3741    1
17859     720   973  3244  3736    2
17860    2208  1831  2835  3387    2
17861    2203   874  2251  3021    2
17862    1736  1841  2145  3387    2
17863    2208  2835  3021  3387    2
17864    1841  2208  3021  3387    2
17865     977  2145  3021  3387    2
17866     977  1638  2084  3021    2
17867    2084  1638  2835  3021    2
17868    1841  2208  2342  3021    2
17869     977  1708  2145  3387    2
17870     977   627  2203  3021    2
17871     174  3798  3889  4094    1
17872     321    16  2560  3594    2
17873     111  2021  2506  3661    1
17874    2342  2208  2686  3021    2
17875    3281   732  3564  4015    2
17876    2342  2686  2835  3021    2
17877     637  2695  3925  4216    1
17878    1244  1248  1445  3568    1
17879     284   561   692  3594    2
17880     146  2545  2638  3205    1
17881    2801  2728  3347  4143    2
17882     145   146  2638  3205    1
17883    3813  2533  4157  4211    1
17884    1547  1384  3149  4378    2
17885     214  3803  3852  3933    2
17886      95    94  2494  3166    1
17887    1151  2332  3368  3391    1
17888    2332   718  3368  3391    1
17889    1011  1947  3028  3259    2
17890     947   388  2393  3259    2
17891    1207  3018  1122  3393    2
17892     683   388   947  3259    2
17893     683   943  2858  3259    2
17894     388   683  2393  3259    2
17895    1439  1272  2332  3391    1
17896    2332  1151  3345  3391    1
17897     718  1042  3368  3391    1
17898    3345  1151  3368  3391    1
17899    1990  1439  3345  3391    1
17900    1540  3345  3368  3391    1
17901    1042   718  1272  3391    1
17902    2201  3257  3345  3391    1
17903    2481  1376  4134  4279    1
17904    3089  2216  3330  4069    2
17905     900  2536  2663  4279    1
17906     550   779  1895  3159    1
17907     707  1057  2526  3159    1
17908     370   550  2295  3159    1
17909    2547   131  2979  3257    1
17910    2746  2152  2938  3257    2
17911     960   550  1895  3159    1
17912     550   569   779  3159    1
17913     220  2341  2567  3227    1
17914    3450  2007  3475  3824    2
17915    2091  2060  2330  3029    1
17916    2060   130  3029  2547    1
17917    1014  2699  3107  4212    1
17918    3107  2422  4055  4133    2
17919    1497  1339  4168  4212    1
17920    1917  1670  2599  3030    1
17921    2426  1670  2142  1658    1
17922    1670  2426  2142  3030    1
17923    2271  1683  2916  3032    2
17924      36  3374  3919  4301    1
17925    1899   696  2992  3507    2
17926    1160  3031  3030  1174    2
17927    2346  3420  2894   929    1
17928     747   597  3016  4135    1
17929    3001  2363  3018  3174    2
17930    3080  1808  3209  3494    1
17931    3059  3032  1206  3395    2
17932    2271  3032  3059  3395    2
17933    1688  1613  2244  3763    1
17934    1762  1994  2771  3248    1
17935    1687  1678  2304  3400    2
17936     895  1052  1166  3250    2
17937     187  1610  1646  3248    1
17938    1943  1068  3044  3400    2
17939    1376  1323  1689  3516    1
17940    1323  1376  2386  3516    1
17941    1372  1352  1729  3516    1
17942     638   288  1335  3519    2
17943     582  1088  3484  3582    1
17944    2565   620  2989  3122    2
17945    1344  1436  1835  3581    2
17946    2649  1170  3065  3756    2
17947    2041  2306  3563  3797    2
17948     542   763  2109  3122    2
17949     521   680   958  3490    2
17950    2730  2150  3116  3963    1
17951    2797  2587  2985  3380    2
17952     838  2109  2971  3122    2
17953    2440  1871  2693  3833    2
17954     998   954  3277  4030    2
17955     426   954  1488  4030    2
17956     378   542   838  3122    2
17957     542   378   763  3122    2
17958    2543  3485  3488  3581    1
17959    1472  2020  3014  3204    1
17960     379   378   838  3122    2
17961    1344  1284  2655  3485    1
17962     378   379   763  3122    2
17963    1409  1284  3203  3485    1
17964    1128  1578  3648  3757    1
17965    1472  1756  2020  3204    1
17966    2206  1228  2595  3239    2
17967     285   301   459  4405    2
17968    1163   909  3626  4230    2
17969     762   614  4414  4415    2
17970    2757  2896  2973  3038    2
17971    2757  2292  2896  3038    2
17972    2510  3053  3135  4115    2
17973    1255   540  3660  4153    1
17974    1497  2239  4168  4185    1
17975    1602  1862  2284  3040    1
17976    1263  1216  3056  4118    1
17977    1366  1216  2086  4118    1
17978    1216  1263  2086  4118    1
17979    1289  2743  3808  4131    2
17980    1256  2509  3294  3376    1
17981     244  3171  3285  3352    1
17982    2128  2315  2643  3246    1
17983    1816  2303  2982  3256    2
17984    3171  2694  3285  3352    1
17985     244   245  3171  3352    1
17986    1423  2222  2694  3352    1
17987     734   551   870  3042    1
17988     870   551  2324  3042    1
17989    1431   804  3419  3584    2
17990    2990  2207  2995  3043    2
17991    2611  2254  1350  3918    2
17992    2238   167  2995  3043    2
17993     609   864  2465  3044    2
17994     864   609  1678  3044    2
17995    1149   864  1678  3044    2
17996     186  2357  3248  3508    1
17997    1490   188  1566  3508    1
17998    2641  1100  2908  4091    2
17999     702  1217  1531  3328    1
18000    1603  2783  2799  4040    2
18001     496   320  3734  4091    2
18002     387   499  1665  4019    1
18003    3334  2816  3451  4158    1
18004    1604  2188  3948  4040    2
18005    1507  1529  2143  3401    1
18006     570   792  1716  3814    1
18007     792   597   830  3814    1
18008    2903  1424  4096  4376    1
18009     830  1726  2259  3814    1
18010    2143  1809  2533  3401    1
18011     826   995  2891  3328    1
18012     826   932   995  3328    1
18013    1608  2003  3090  3865    1
18014    1309  1217  1760  4090    1
18015     864  1149  2852  3726    2
18016     570   472   792  3814    1
18017    2313  1983  2877  3983    2
18018    3176  3470  3471  4349    1
18019    2037  4059  4314  4377    2
18020     626   772  1726  3814    1
18021    1743  2043  2932  4308    1
18022    2696  2946  4123  4310    1
18023    3571  2847  3743  4310    1
18024    1068  1171  2605  3684    2
18025    2628  1716  2640  3325    2
18026     581   333  1468  3839    2
18027    2418  1239  2754  3323    2
18028    1919  1528  2811  3623    1
18029     994  1951  3103  3431    2
18030    2652  2625  2978  3050    2
18031    2625   224  2978  3050    2
18032    2015  2659  2708  3050    1
18033    2652  2015  2708  3050    1
18034    2015  2652  2659  3050    1
18035    2204  2652  2978  3050    2
18036     224  2204  2978  3050    2
18037    1771  1322  3185  3955    1
18038     774  1010  2734  3406    1
18039    2582  1619  2968  3051    1
18040      74  2582  2968  3051    1
18041     489  1247  2800  3052    1
18042     274   489  2800  3052    1
18043     489   274   528  3052    1
18044     528   274  2800  3052    1
18045     317   489   528  3052    1
18046    1247   775  2491  3052    1
18047     775   317  1836  3052    1
18048    1836   317  2662  3052    1
18049     272   309  2882  3052    1
18050     309   272  2662  3052    1
18051     272  1836  2662  3052    1
18052     775   731  2882  3052    1
18053    1247   489  3027  3052    1
18054     775  1247  3027  3052    1
18055     317   775  3027  3052    1
18056     489   317  3027  3052    1
18057     272   731  1836  3052    1
18058    1026   775  1836  3052    1
18059     731  1026  1836  3052    1
18060    2491  2212  2800  3052    1
18061    1247  2491  2800  3052    1
18062     731   272  2882  3052    1
18063     731   775  1026  3052    1
18064     339   341   477  4199    2
18065     437  1271  1483  4386    2
18066     999  2214  2842  4361    1
18067     999  2343  3072  4361    1
18068    1620  1842  2620  4356    1
18069    2343   999  2842  4361    1
18070    1354  2552  2946  3055    1
18071    1981  1354  2621  3055    1
18072    2621  1354  2946  3055    1
18073    1981  2621  2946  3055    1
18074    2389  2122  2946  3055    1
18075    2712  2552  2770  3055    1
18076    2307  2423  2565  3084    2
18077    1121  1285  2851  3084    2
18078    1200  1996  2059  3726    2
18079    1171  2605  2770  3055    1
18080    1171  1799  2605  3055    1
18081    2712  2389  2946  3055    1
18082    2552  2712  2946  3055    1
18083    2462  1461  3196  3727    1
18084     735  2307  2565  3084    2
18085     236  2389  2712  3055    1
18086    1529  2143  3402  4119    2
18087    1521  2149  2215  4119    2
18088    2098  2444  2885  3421    1
18089    2895  1998  3413  3421    1
18090    2452  1683  2916  3330    2
18091    2249  2700  3557  4070    1
18092    2428  2435  2519  3330    2
18093    3000  2569  3398  4070    1
18094    2435  2428  2916  3330    2
18095    1175   979  3510  4303    1
18096     163   164  3474  3672    2
18097    1587  2759  3240  3671    1
18098    2002  1206  2720  3059    2
18099    1703  3647  3669  4120    2
18100     518   892  3988  4238    2
18101    1396   746  2002  3059    2
18102    1304  1396  1425  3059    2
18103     746  1304  1425  3059    2
18104    1396  2002  2720  3059    2
18105    2327  1396  2720  3059    2
18106    1396  1304  2423  3059    2
18107     746  1396  2423  3059    2
18108    1304   746  2423  3059    2
18109    1648  2679  2976  4137    1
18110    2623  3053  3954  4137    1
18111    1010  1648  2976  4137    1
18112    2705  3053  3616  4137    1
18113    2692  2328  2893  4028    2
18114     159   161   160  3923    2
18115    3432  3105  3900  3923    2
18116    3105  2660  3900  3923    2
18117    3205   145  3706  3860    2
18118    1219  2011  2612  3063    2
18119    1525  2480  2915  3063    2
18120    1000  1525  2915  3063    2
18121    2290   119  4041  4042    2
18122    3616  3053  3794  4137    1
18123     676   693  4058  4311    2
18124    2163  3037  3091  4042    2
18125    1278  1219  1556  3063    2
18126    2612  2011  2915  3063    2
18127    2011  1000  2915  3063    2
18128    2480  2612  2915  3063    2
18129    1556  1219  2266  3063    2
18130    1556  2266  2480  3063    2
18131    2266  1219  2612  3063    2
18132    2480  2266  2612  3063    2
18133    3101  3409  4061  4174    2
18134    3145  2032  3334  3531    1
18135    2849  3370  3371  3547    1
18136    1273  2680  3535  3548    1
18137    3180  1572  3219  3366    2
18138    1677   820  2052  3066    2
18139    2514   273  2581  3946    1
18140    2556  2667  3233  3408    1
18141    2056  1597  2790  3436    2
18142     813   910  2667  3408    1
18143    1317  2724  2816  3300    1
18144    1930    82  3160  3455    2
18145    2070  1913  2072  3067    2
18146    2999  1820  3022  3291    1
18147    3281  3562  4182  4341    2
18148    2998  2977  3180  3299    2
18149    2385  2072  2795  3067    2
18150    2795  2072  2924  3067    2
18151    2385  2795  2924  3067    2
18152    2786  3036  3400  3589    2
18153    2070   114  2687  3067    2
18154     114  2070  2072  3067    2
18155     364   479   515  4320    2
18156     114  2072  2385  3067    2
18157    1415  2250  2803  3360    1
18158     208  2524  2573  3069    1
18159    1476  1430  3131  3841    1
18160    2740   704  3953  4012    1
18161     392  1091  1188  3612    2
18162    1415  2803  2881  3553    2
18163     847   462  2403  4074    1
18164    3068  2598  3501  3513    1
18165    3233  3417  3454  3513    1
18166    1211  2310  3325  4371    2
18167     821  1213  2735  3252    2
18168     184   185  3711  4205    2
18169    3350  3711  4048  4205    2
18170     352   386   396  3752    1
18171    1103  1272  1715  3412    1
18172    1344  1284  3619  3754    1
18173    1680  1103  2654  3412    1
18174    1679  1715  2060  3412    1
18175    2815  3597  4300  4375    1
18176    1185   488  1656  3252    2
18177     878   477  3005  4203    2
18178    2089  1235  3988  4217    2
18179    1886  1998  2046  3071    2
18180    1035   954  2067  3277    2
18181     441   954  1035  3277    2
18182     174  3061  4011  4094    1
18183     105   106  3590  3745    2
18184     213  2722  3099  3414    1
18185     597  1040  1726  4135    1
18186    3243  3232  3500  3504    1
18187    2684  2836  3306  3322    2
18188    2640  1723  2684  3622    2
18189    2659  2204  2922  4362    1
18190    3820  2659  3975  4362    1
18191    1781  1903  2214  3072    1
18192     999  1781  2214  3072    1
18193    2046  1886  2262  3719    2
18194    1792  1728  1802  3073    1
18195    1802  1728  2217  3073    1
18196    1728  1726  2217  3073    1
18197    1726  1728  1792  3073    1
18198    2675  1225  3382  3929    2
18199    1020  1780  1784  3720    2
18200    1908  1918  2144  3720    2
18201    1975  2046  2331  3719    2
18202    1268  2216  3197  3437    1
18203    2435  2536  3197  3437    1
18204    2180  2273  3090  3698    1
18205    3157  2023  3362  3762    1
18206    3282  1013  3776  3793    2
18207    3760  2820  4149  4312    1
18208     170   169  3146  3792    2
18209    3146   169  3531  3792    2
18210     284   561  3594  4215    2
18211    2458  3145  3451  3792    2
18212    2168  2896  3004  3940    2
18213     575  1429  3149  4125    2
18214     990  1546  2563  3076    2
18215    1546  1650  2078  3076    2
18216    1511  1549  2563  3076    2
18217    2078  1511  2563  3076    2
18218    1546  2078  2563  3076    2
18219    1502  1773  1866  3836    2
18220     909   696  2619  3211    1
18221    1806    82  1930  3455    2
18222    1463  4119  4154  4224    2
18223    1828  1757  3772  3949    1
18224    2257  1237  4208  4345    1
18225    2466  3267  3862  4345    1
18226     785   696  1485  3211    1
18227     693   483  3106  4058    2
18228    3100  2466  3862  4345    1
18229    1237  2257  3267  4345    1
18230    1553  2063  3077  3210    1
18231    1431  3079  3583  3584    2
18232    1349  1780  1804  3778    2
18233    1553  2346  2949  3210    1
18234    2466  1895  3267  4345    1
18235     121  2534  3947  4170    2
18236    3402  3403  3947  4170    2
18237    1895  1936  2895  3421    1
18238    1895  2895  3081  3421    1
18239    2053  2245  2769  3080    1
18240    2396  1366  2899  3080    1
18241    2245  2396  2899  3080    1
18242    1366  2245  2899  3080    1
18243      27  1366  2769  3080    1
18244    1366    27  2245  3080    1
18245    2245    27  2769  3080    1
18246    2275   667  2885  3081    1
18247     667  1543  2885  3081    1
18248    1220   667  1105   513    1
18249     667  1220  1105  3081    1
18250    2447  2376  2463  3423    1
18251      83  1806  2344  3423    2
18252    2758  1987  3376  3456    1
18253     550   779  2234  3081    1
18254    1669  1021  3066  3268    1
18255     721   789  1480  3268    1
18256    2866  3071  3413  3766    2
18257    1217   702  1614  3328    1
18258    2449   664  2710  3138    1
18259     911  1035  1324  3424    2
18260    1285  1806  2851  3084    2
18261    1806  1285  2423  3084    2
18262     526   457   606  3424    2
18263    1379   480  2136  3424    2
18264     457   443   606  3424    2
18265     443  1379  2136  3424    2
18266     457   526  1035  3424    2
18267     526   606  2067  3424    2
18268     599   411   799  3138    1
18269     443   911  1324  3424    2
18270    2216  1373  3089  3426    2
18271    1117   855  2136  3085    2
18272    2704  1093  3288  4340    1
18273    3089  2025  3330  3426    2
18274    3176  2704  3308  4340    1
18275    1111  3217  4098  4385    1
18276    2399  1860  4050  4086    1
18277    4145  3862  4342  4379    2
18278     486  1702  2313  3216    2
18279    3217  1564  3442  4077    1
18280    2403  1009  3667  4373    1
18281     879  1000  1525  3920    2
18282    1920   860  3223  3375    1
18283    1398   860  1920  3375    1
18284    1525  2915  3695  3920    2
18285    1090  2702  2773  3331    2
18286    2241  2646  2700  4070    1
18287    2700  2249  2742  4070    1
18288    3374  3338  3890  3919    1
18289    1744  1373  2354  3089    2
18290    1621  1744  2354  3089    2
18291    1305  1175  3127  4283    1
18292    1787  1062  2551  3427    1
18293    1240  1062  1484  3427    1
18294    2773  1013  3200  3331    2
18295    1407  1090  2773  3331    2
18296    1548  2108  2308  3154    1
18297    2214  2326  3228  3866    1
18298     292   583   595  4266    1
18299     295   292  1075  4266    2
18300    2795  3228  3572  3699    1
18301    3241  2722  3800  3868    1
18302    2326   943  2924  3866    2
18303    2795  2924  3572  3866    2
18304     764  1763  1879  3905    2
18305    2851  3084  3423  3725    1
18306    1588  2376  3084  3725    1
18307    1474   713  2006  3093    2
18308    1474  2006  2929  3093    2
18309     713   760  2006  3093    2
18310    2006   760  2929  3093    2
18311    2240  1827  3521  3723    2
18312     450   519  1350  4067    1
18313     516  1524  2824  3096    1
18314    1630   516  2824  3096    1
18315    2774  1630  2824  3096    1
18316    1933  2774  2824  3096    1
18317     178   179  3627  4075    1
18318     179   178  3033  4075    2
18319    2187  2752  3733  3992    1
18320    1498  1367  1522  3096    1
18321    3828  3245  3974  4075    2
18322    2752   982  3733  3992    1
18323    2349  1574  2752  3992    1
18324    2859  2637  4206  4349    1
18325    3566  2859  4206  4349    1
18326    3308  3471  4206  4349    1
18327    1752  1484  3533  3664    1
18328     981  1498  1587  3096    1
18329    2637  2628  2906  4349    1
18330    3471  4088  4206  4349    1
18331     318    10   641  4388    2
18332    3681  2025  3990  4178    2
18333     365   352   451  3752    1
18334     351   796  1533  3752    1
18335    1596  2831  2990  3415    1
18336     934   315  1755  4065    1
18337     556   289  4156  4276    1
18338    1497  1593  2963  3799    1
18339     214   213  3099  3414    1
18340     458   385  4013  4276    1
18341    1983  1022  2673  3799    1
18342    1243  2541  3690  3781    2
18343     458   412  3887  4276    1
18344    2769  2242  3329  3952    2
18345    1334  4218  4274  4367    2
18346    1898  1129  2655  3754    1
18347    3667   847  4072  4074    1
18348    1480  2050  2341  3268    1
18349    3103  1482  4101  4378    2
18350    3593    34  3993  4302    2
18351    3053  3135  4115  4175    2
18352      69    70  3794  4175    2
18353     789  1021  2151  3268    1
18354     221  2341  3227  3268    1
18355    3068  2684  3359  3513    1
18356     575  1429  2698  3512    2
18357    1669  3066  3227  3268    1
18358    1480   789  2050  3268    1
18359    2074  1480  2341  3268    1
18360    1021  1669  2151  3268    1
18361    2765  2386  2730  2102    1
18362    2031   877  2570  4105    1
18363     604   539  2793  4189    2
18364     590  1618  3139  3612    2
18365    2007  1286  2055  3193    1
18366    3087  2646  3438  4384    1
18367     539   412  2324  4189    2
18368    1091   590  3139  3612    2
18369    2249  2742  2796  3207    2
18370    2921  2814  3580  4196    2
18371    2942  3127  3140  3354    1
18372    2372  1482  2360  1172    2
18373    1482  2372  2360  3103    2
18374    2742  1982  2796  3207    2
18375    3187  2057  3608  3634    2
18376    2828  3094  4032  4071    2
18377    2398  1338  3715  4280    1
18378    3671  3008  3704  4281    2
18379    2162  2649  3545  3756    2
18380    1767  2068  2600  4007    1
18381    1958  1763  2018  3453    2
18382    1845  1153  2699  3107    2
18383    1462  2037  4059  4314    2
18384    3716  3757  3790  4402    2
18385     123  1674  4008  4213    1
18386    1814  1614  3328  4090    1
18387    1226  1814  1970  4090    1
18388    1226  1045  1814  4090    1
18389    1614  1217  3328  4090    1
18390    1045  1217  1614  4090    1
18391     331   460  1083  3108    2
18392     331   371   460  3108    2
18393     970   331  1083  3108    2
18394     532   970  1083  3108    2
18395     532   371  1195  3108    2
18396     371   331  1195  3108    2
18397     970   532  1195  3108    2
18398     331   970  1195  3108    2
18399    3617  3109  3619  3705    2
18400    3054  2309  3264  3470    2
18401    2232  3109  3474  3705    2
18402     139   140   138  3471    1
18403    1019   700  1537  3618    1
18404    2951  1395  3595  3618    1
18405    3812  2277  3883  4126    1
18406    1740  1399  2536  3197    1
18407    1429  1823  3149  4125    2
18408     864  1077  2852  3110    2
18409    2085  2492  2654  3461    1
18410    1103  2654  3412  3461    1
18411    2860  3135  3370  3589    2
18412    1399  2435  2536  3197    1
18413     863   417  1505  3364    1
18414    1153   734  2948  4023    2
18415    2748   176  3833  3864    2
18416    3134  3448  3523  4220    2
18417    2492  2404  2654  3461    1
18418    3444  2766  3831  3936    1
18419     322    15   392  4215    2
18420    3433  3554  4047  4334    2
18421    3306  2310  3325  3622    2
18422      58  2924  3315  3572    2
18423    1295  1931  2601  3114    1
18424     761  1025  2647  3694    1
18425    1025   761  1962  3694    1
18426    1739   780  3542  3999    1
18427     365   343  3823  3999    1
18428     139   140  3471  3502    1
18429     994   575  1429  3149    2
18430     258  1934  3154  3795    1
18431    3532  3831  3894  3904    2
18432     885  1064  2639  3281    2
18433     936   756  2512  3280    1
18434    3206  3410  4064  4073    2
18435     193  3292  3322  3389    2
18436    1732  2599  3235  3287    1
18437     705  1074  2082  3964    1
18438    1534  1449  3077  3116    1
18439    1509  1534  3077  3116    1
18440    2856  1880  3668  3834    1
18441    1338   858  2398  3859    2
18442    1393   668  1424  4096    1
18443     307   308   970  3829    2
18444    1880   210  3657  3834    1
18445    1272  1711  2547  3751    1
18446     787  1420  3419  3434    2
18447    1431   804  1549  3419    2
18448    2317  1772  2766  3545    2
18449    2766  1772  2797  3545    2
18450    1541  1420  2949  3419    2
18451    3079  3419  3493  3584    2
18452    1838  2373  2453  3689    2
18453     542   804  1635  3419    2
18454    1945  1503  2758  1467    2
18455    3079  1431  3419  3584    2
18456    1549   542  2439  3419    2
18457    2435  2216  2452  3437    1
18458    1268  1373  2216  3437    1
18459    2435  2452  2700  3437    1
18460    1465  1710  2086  4118    1
18461    1690  2288  2954  3162    2
18462    2451    62  3563  3797    2
18463     898   973  3445  4270    2
18464    1855  3316  4080  4197    1
18465    1342  1409  3203  3582    1
18466    1169   840  3484  3582    1
18467      55    54  4222  4329    1
18468     958   680   969  3490    2
18469     549  2565  2989  3122    2
18470    2565   549  2971  3122    2
18471     838   549  2989  3122    2
18472     549   838  2971  3122    2
18473    2870  3161  3188  3440    1
18474     409  1122  3005  4183    2
18475    1043  2135  2666  3295    2
18476    2991  2533  3039  3123    2
18477    1530  2991  3039  3123    2
18478     316   970  3829  3839    2
18479    1520  1338  2398  3859    2
18480    1597  1563  3091  4042    2
18481    1465  2086  2240  3126    1
18482    2434   946  3217  3442    1
18483    1111  1564  1769  3442    1
18484    1461  1096  1737  3899    1
18485    3727  1737  3851  3899    1
18486     614   438  2272  4404    1
18487     630   604  2793  3856    2
18488      61  3229  3365  3444    1
18489    1385  2371  2939  3218    2
18490    1557   798  2495  3819    1
18491      48    50    49  3141    2
18492     646   672  1030  4226    2
18493    2032  2041  2458  3145    2
18494     978  1172  1482  3355    2
18495    2653  1177  2862  4020    2
18496     486  1153  2948  4023    2
18497    1305  1175  2100  3127    1
18498    1520  1401  2608  3147    2
18499    1925  2504  3289  4285    1
18500     446    15  2913  4370    2
18501    2041  1579  2458  3145    2
18502    2953  2276  3338  4285    1
18503     329   699  4391  4410    1
18504    1685   242  2694  3128    1
18505     242  1686  2694  3128    1
18506     242   241  1686  3128    1
18507     761  2083  2627  3129    1
18508    1666   902  2855  3930    2
18509    1298  2554  2767  3230    1
18510    2035  2095  2176  3445    2
18511      76    77  3654  3838    2
18512    1387   674  3297  3893    2
18513    1675  2806  2817  3335    1
18514    2362  1109  2945  3335    1
18515    2627  2083  2823  3129    1
18516    2032  2627  2823  3129    1
18517     800  1151  2332  3368    1
18518    1151   754  1540  3368    1
18519     906  1336  3457  4109    2
18520    2176   898  2575  3445    2
18521     635   831   906  4109    2
18522     343   506  1229  3823    1
18523    1277  1433  2009  3130    2
18524    3010   105  3538  3745    2
18525     425   571   578  4142    1
18526    2218   813  3243  3263    1
18527    1074   705  1225  3842    2
18528    1786  1959  2625  3446    2
18529    1476  1430  1922  3131    1
18530    1476  1922  2172  3131    1
18531    1508  1786  2625  3446    2
18532    2443  2856  3834  3837    1
18533    1891   983  1985  3446    2
18534    2724  3451  3529  4180    2
18535    2834  1985  3133  3446    2
18536    2687  1985  2834  3446    2
18537    2278  1508  2625  3446    2
18538     749  1010  3371  3449    1
18539    1068  1485  1513  3449    1
18540    2932  1314  3320  4308    1
18541    1825   944  1896  3524    1
18542     841  1944  2337  3448    2
18543      51  3354  3970  4063    1
18544    1010  2734  3371  3449    1
18545     665  2105  2602  3282    2
18546     665  1954  2105  3282    2
18547    1799   774  3211  3449    1
18548    1485  1068  3211  3449    1
18549    1385   946  2690  4151    2
18550    3354    51  3785  4063    1
18551    1114   846  1969  3136    1
18552    1114  1969  2161  3136    1
18553     846   723  1969  3136    1
18554    1969   723  2161  3136    1
18555    1812   664  2449  3138    1
18556     510  1812  2449  3138    1
18557     411   464  1949  3138    1
18558     599   510   806  3138    1
18559     464   599   806  3138    1
18560     411   560   366  3138    1
18561     560   411   366   463    1
18562     398  1949  2449  3138    1
18563     398   560  1949  3138    1
18564     331   664  1812  3138    1
18565     331   599   664  3138    1
18566     510   331  1812  3138    1
18567     331   510   599  3138    1
18568     806   510  1949  3138    1
18569     464   806  1949  3138    1
18570     366   560   463   819    1
18571     560   398  2477  3138    1
18572    2477   398  2710  3138    1
18573     819   560  2477  3138    1
18574     819  2477  2710  3138    1
18575     366   819  2710  3138    1
18576    2100  2557  2942  3140    1
18577    1802  2844  3073  3718    1
18578    1355  2494  3011  3355    1
18579    1653  1350  2254  3918    2
18580    1832  2371  3443  3718    1
18581    2100  2942  3127  3140    1
18582    1175  2100  3127  3140    1
18583    1149  1782  2852  3726    2
18584     479   637  2457  3143    1
18585     479   364   637  3143    1
18586    1522  3096  3381  3613    1
18587    3002  1522  3381  3613    1
18588    2506  2898  3002  3613    1
18589    3925   386  2695   351    1
18590    1498  1522  2004  3613    1
18591    1421  1210  2379  3182    2
18592    1859  1173  2134  3570    2
18593    2022  1693  2133  3453    2
18594    1266  1675  1829  3335    1
18595    2246   847  2945  3335    1
18596    1109  2362  2928  3335    1
18597    1109  2246  2945  3335    1
18598    1266  1829  2928  3335    1
18599     462   847  1109  3335    1
18600    1675  1668  2345  3335    1
18601    1579  1576  3260  3303    1
18602    2034  2133  2226  3453    2
18603    2933  3610  3679  3959    1
18604    3862  4111  4145  4342    2
18605    2109   916  3221  3832    2
18606    2785  2140  3319  4268    2
18607    1210  1421  1560  3182    2
18608    1560  1421  2379  3182    2
18609    1338  1520  2608  3147    2
18610    1338  1488  1520  3147    2
18611    1488  1338  2132  3147    2
18612    2132  1338  2608  3147    2
18613    3269   999  3897  4207    1
18614    3432  2671  4053  4133    2
18615    3900  3432  4055  4133    2
18616    2846  2021  3793  3200    2
18617     321   375   903  3594    1
18618    3148  1085  3279  3280    1
18619    2057  3187  3608  3646    1
18620     375  2560  2807  3594    2
18621     726  2299  3047  4307    1
18622     494   622   903  4153    1
18623     551  2324  3042  4189    2
18624     604   454  2437  4189    2
18625     899   527  1384  3149    2
18626     803   527   899  3149    2
18627    3289  2826  4301  4307    1
18628     803   899  1197  3149    2
18629     726  1358  3289  4307    1
18630    1197   899  1347  3149    2
18631    1197  1347  3103  3149    2
18632     803  1197  1456  3149    2
18633    1456  1197  1823  3149    2
18634     803  1456  1823  3149    2
18635    1552  1262  3825  4403    1
18636    2541  3825  4255  4403    1
18637    2867  3878  4318  4379    2
18638    1096   647  3479  4024    1
18639    1419  2386  3160  3266    1
18640    1204   691  1362  3876    1
18641    2474  2107  3283  3579    2
18642    3302  2032  3531  4173    1
18643     829  1942  2293  3373    2
18644    1750  1469  2102  3266    2
18645    1279   703  3310  3429    1
18646    3274  3036  3406  4085    1
18647    1249  1692  1856  3517    2
18648     257  2308  2936  3154    1
18649     258   257  2936  3154    1
18650     256   257  2664  3154    1
18651     257   256  2308  3154    1
18652    2308   256  2664  3154    1
18653    1735  2308  2664  3154    1
18654    1548  1735  2664  3154    1
18655    1735  1548  2308  3154    1
18656    1895  3078  3361  4187    1
18657    2122  1274  3459  4167    1
18658    2331  2732  3791  4259    2
18659    3361  1895  4174  2466    1
18660    2440  1554  2487  3790    2
18661    1128  1057  1554  3790    2
18662    1128  3716  3757  3790    2
18663    1554  1187  3716  3790    2
18664    1128  1554  3716  3790    2
18665    1262  2878  3825  4403    1
18666    1344  2921  3485  4196    2
18667    2797  3065  3380  3545    2
18668    3409  3101  3878  4084    2
18669     734  1191  1279  4044    1
18670     592   271   914  3724    2
18671    1014  4038  4133  4330    2
18672     517   634  1064  3832    2
18673    1853   538  2829  3522    2
18674    2741  2781  3095  4066    1
18675    2794  2340  3064  3158    2
18676    1501  2301  2660  4168    1
18677    1825  1896  1941  3524    1
18678     744   348  2316  3950    1
18679     135  2768  3586  3861    1
18680    3007  3585  3586  3861    1
18681    1119  2428  4069  3330    2
18682      91  1320  2427  3707    1
18683    1253  1810  4305  4374    2
18684    1093  2005  3288  3523    2
18685     341   351  3925  4199    1
18686    2309  3176  3470  3567    1
18687    2427   877  3113  3707    1
18688      91    92  1320  3707    1
18689    2183  3666  3925  4199    1
18690     202  3503  3810  4160    1
18691    2949  2346  3493  4209    1
18692    1450  2623  3954  4137    1
18693     220   221  2341  3227    1
18694    1382  2609  2792  3227    2
18695    2169  1701  1912  4253    1
18696    1015  2579  2653  4096    1
18697    1177  1722  2261  4096    1
18698    1177  1015  2653  4096    1
18699     221   220  2609  3227    2
18700    2323  2079  2503  3522    2
18701    1806  2851  3423  3455    2
18702    4059   768  4314  4377    2
18703    1722  1015  2261  4096    1
18704    2072  2120  3228  3269    1
18705    2667   910  3233  3408    1
18706    1710  2078  2086  4118    1
18707     248  2617  2802  3162    2
18708     249   248  2954  3162    2
18709    3288  3502  3523  4159    2
18710    2722  3099  3414  3458    1
18711    3255  3246  4009  4262    2
18712    2253  1690  2954  3162    2
18713     248  2253  2954  3162    2
18714     247   248  2802  3162    2
18715     248   247  2253  3162    2
18716    2253   247  2802  3162    2
18717    2344  1806  2423  3423    2
18718     236   234  2389  3422    1
18719    1270  1321  2418  3462    2
18720    3269  2986  3273  3463    1
18721    1036  1873  3369  3747    1
18722     237   238  2492  3464    2
18723    1704  1239  2139  3165    2
18724    2139  1239  2754  3165    2
18725    1704  2139  2404  3165    2
18726    1302  2161  3019  3693    1
18727    2642  2139  2754  3165    2
18728    1321  2642  2754  3165    2
18729    2224  1321  3165  3464    2
18730     237   239   238  3464    2
18731    2908   488  3012  3465    2
18732    2404  2139  3164  3165    2
18733    2372  2360  3103  3576    2
18734    3012   488  3167  3465    2
18735    1282  1036  3167  3465    2
18736    1036  2397  2908  3465    2
18737    2397   790   615  3465    2
18738    2472   202  3503  3576    2
18739    2170   101  2812  3168    2
18740     101  2170  2432  3168    2
18741    2190   129  2746  3712    2
18742     101  2454  2812  3168    1
18743     101  1950  2454  3168    1
18744    1950   101  2432  3168    1
18745    1950  1078  2682  3168    1
18746    1078  1950  2432  3168    1
18747    1987  1099  2233  3575    1
18748    2509  1491  3350  3467    2
18749    1202  2137  2420  4161    1
18750    2940  3852  3933  4104    2
18751     169   168  3146  4162    2
18752    3713  3251  3748  4237    1
18753    1526  2803  3360  4161    1
18754    2360  2472  3103  3468    2
18755     975   885  2218  3177    1
18756     530   643   885  3177    1
18757    1401  2608  3181  3801    1
18758      85    86  3242  3472    1
18759    2680  2788  2951  3538    1
18760    1286  2965  3234  3538    2
18761     390   593   601  3343    2
18762    2373  1838  2920  3689    2
18763     381   449   711  3343    2
18764     243   242  2694  3171    1
18765     242   243  1685  3171    1
18766     922  1576  2631  3303    2
18767     732  1924  3448  3564    2
18768     984  1879  1984  3905    2
18769    1576  1579  1609  3303    2
18770    2095   898  2176  3445    2
18771    2255  2101  2335  3173    2
18772    2101  2176  2335  3173    2
18773    2101  1999  2176  3173    2
18774    2176  2035  2335  3173    2
18775    2335  2035  2588  3173    2
18776    1999  1917  2925  3173    2
18777    1174  1999  2925  3173    2
18778    2156  1917  3030  3173    2
18779    1917  2156  2925  3173    2
18780    3030  1174  3031  3173    2
18781    2156  3030  3031  3173    2
18782    1059  2156  3031  3173    2
18783    2156  1059  2925  3173    2
18784    1174  1059  3031  3173    2
18785    1059  1174  2925  3173    2
18786     321   400   564  3175    2
18787     692   344   757  3175    2
18788     321   692   757  3175    2
18789    1840  1837  2618  4126    1
18790    1671  1607  3491  4248    2
18791    1569   926  3174  4248    2
18792     564   344   692  3175    2
18793     321   564   692  3175    2
18794    2507  3812  3883  4126    1
18795    2507   197  3812  4126    1
18796    1446  1330  1599  4127    2
18797    1837   197  2488  4126    1
18798     197  1837  3812  4126    1
18799    3315  2296  3759  4248    2
18800    2984  3315  3759  4248    2
18801    3174  1671  3491  4248    2
18802    2315  2186  2643  3246    1
18803     387   642  2359  4019    1
18804     414   385  3304  4276    1
18805     530   885  2127  3177    1
18806    1558   530  2127  3177    1
18807    2224   239  3692  3783    2
18808    2304  2510  3135  4115    2
18809    2306  2041  3367  3797    2
18810    3408  2193  3454  3472    2
18811     546   795  1271  4386    2
18812    1470  2705  2738  3219    2
18813    2748  3071  3321  4094    2
18814     593   958   969  3343    2
18815     509   693   818  3343    2
18816     593   818   958  3343    2
18817    1286  2680  2965  3538    1
18818    3010  1286  3234  3538    2
18819    2023  3157  3417  3762    1
18820     193   192  3292  3501    1
18821     813   910  2888  3243    2
18822    1192  1752  1964  3664    1
18823     593   969  3332  3343    2
18824     390   601  3332  3343    2
18825    2797  1752  3533  3664    1
18826    3157  2830  3233  3242    1
18827    2571  2268  2756  3183    2
18828    2268  2523  2756  3183    2
18829    1033  1572  1648  3296    1
18830    2249  2700  3438  3557    1
18831    2523  2090  2756  3183    2
18832    2756  2090  2911  3183    2
18833    1802  2217  2607  3718    1
18834     106  2676  3339  3537    1
18835     978  1347  2360  3184    1
18836    4162  3603  4173  4336    1
18837    2360  1347  2472  3184    1
18838    2252  2318  2549  3537    2
18839    2995   166  3491  3540    2
18840    1902  2601  3714  4250    2
18841     899   978  2380  3184    1
18842     978   899  1347  3184    1
18843    1347   899  2380  3184    1
18844    1330   660  1599  3787    2
18845    2648  2509  2728  4218    2
18846    1347  1197  2472  3184    1
18847    1197  1347  2380  3184    1
18848     892   518  3988  4164    2
18849    1257  1330  1599  3787    2
18850    1898  2479  2655  3884    1
18851    1701  1162  3826  4253    1
18852     751  1912  3826  4253    1
18853    2479  1898  3606  3884    1
18854    1129   935  1898  3884    1
18855    1812  1699  2449  3956    1
18856     362   338   429  3956    1
18857     777   429  1665  3956    1
18858    2329  1424  4096  4136    1
18859    2329  3922  4122  4136    1
18860     777   398  2449  3956    1
18861     499   429   521  3956    1
18862    1749  1908  2144  3187    2
18863     441   816  2698  4247    2
18864     198  3687  3821  3835    2
18865     397   344  3175  4247    2
18866     816   575  2698  4247    2
18867     631   778  2544  3434    2
18868     631   787   852  3434    2
18869     598  1003  1420  3434    2
18870    2528  1307  2579  3190    2
18871    1043  1863  2528  3190    2
18872    2267  1043  2528  3190    2
18873    2896  2973  3004  4022    1
18874    2528  1307  1863  1368    2
18875    1307  2528  1863  3190    2
18876     597  2531  1728  1040    2
18877     865  2270  3948  4040    2
18878    2715  1659  3533  4022    1
18879    1470  1648  2705  4137    1
18880     887  1015  2579  3190    2
18881    1015   887  2384  3190    2
18882    2456   115  2787  3910    1
18883    2589  2592  2970  3192    2
18884    2592  2589  2764  3192    2
18885    2592  2764  3150  3192    2
18886    2970  2592  3150  3192    2
18887     195   196  2507  3236    1
18888    2379  2518  2585  3236    2
18889    3331  1310  3579  4100    2
18890    2505  2388  3195  3477    1
18891    1905   497  2397  3194    2
18892     747  1388  2397  3194    2
18893     747   597  1388  3194    2
18894     472   497  1905  3194    2
18895     497   472   597  3194    2
18896     497   597   747  3194    2
18897     497   747  2397  3194    2
18898    1388   597  2531  3194    2
18899    1728  1797  2531  3194    2
18900    1728   597  1944  3194    2
18901    1797  1728  1944  3194    2
18902     597  2531  3194  1728    2
18903     597  1388  2531  1040    2
18904    2701  3198  3199  3480    1
18905    1520  1401  3147  3196    2
18906    1269  1520  2532  3196    2
18907    1520  1269  1858  3196    2
18908    1858  1269  2532  3196    2
18909    3147  1401  3181  3196    2
18910     519   390   541  4067    1
18911     519   860  1535  4067    1
18912    1488  1520  3147  3196    2
18913    1520  1488  2532  3196    2
18914    2621  2636  3198  3480    1
18915    1838  2709  2841  3364    1
18916    2636  2442  3198  3480    1
18917    1838  1505  2709  3364    1
18918     863  1505  1838  3364    1
18919    2532  1488  2920  3196    2
18920    2920  1488  3147  3196    2
18921    2160  2144  3123  3439    2
18922    1673  1426  2789  4225    1
18923    2619  1738  4230  4354    1
18924    1299  1981  2442  3198    1
18925    2442  1981  2621  3198    1
18926    1139  1603  2264  3198    1
18927    1312  1299  2442  3198    1
18928    1603  1312  2442  3198    1
18929    1603  1139  1637  3198    1
18930    1139  1299  1637  3198    1
18931    1312  1603  2192  3198    1
18932    1603  1637  2192  3198    1
18933    1299  1312  1637  3198    1
18934    1637  1312  2192  3198    1
18935    3645  1320  4105  4138    1
18936    3053  2623  3135  3794    1
18937    1946  2657  2702  3283    2
18938    1357  2107  2702  3283    2
18939    2873  2444  3275  3730    1
18940    2657  2460  2702  3283    2
18941      69  2623  3616  3794    1
18942    1357  1382  2107  3283    2
18943     936  1292  1636  3369    1
18944    1151  1550  2390  3345    2
18945    1550  2201  2938  3345    2
18946     840  1169  1409  3582    1
18947    1412  1342  3121  3582    1
18948     197   195  2507  3812    1
18949     840   893  3582  1409    1
18950    1342  1412  2475  3582    1
18951    2543  1436  2655  3581    1
18952    1409  1342  2475  3582    1
18953    3121  1342  3486  3582    1
18954    1130   828  2987  3632    2
18955     969   680  1394  3490    2
18956     212   210  3652  3740    2
18957    3110  1687  3180  3588    2
18958    1047   958  1134  3490    2
18959     886  1394  3411  3490    2
18960    3487  3486  3488  3489    1
18961    1028   628  3667  4014    1
18962    2501  1752  2627  3530    1
18963     521  1047  1134  3490    2
18964    1856  1249  3517  3901    1
18965    3803  2940  3852  3933    2
18966    2207  2296  3098  3491    2
18967    3764  3429  4027  4249    2
18968    2803  1415  3189  3553    2
18969    1251   886  1940  3411    2
18970     166  2238  2995  3491    2
18971    2263  2387  2792  3541    2
18972     886  1194  1955  3411    2
18973    1194   886  1394  3411    2
18974     814  1194  1394  3411    2
18975     814  1135  1793  3411    2
18976    1194   814  1793  3411    2
18977    1187  3716  3790  4402    2
18978    2069  1671  3043  3491    2
18979    1135  1251  1850  3411    2
18980    2792  2387  3018  3541    2
18981    1339  2301  2707  3354    1
18982    1895  3361  4174  4187    1
18983     136   135  2980  3587    2
18984    1583  1808  3420  3492    1
18985     957  1005  2967  4381    1
18986    1936   960  2104  3421    1
18987    2786  1687  3460  3588    2
18988    1635   804  3583  3584    2
18989    1541  3079  3419  3493    2
18990    3209  2053  3493  3584    2
18991    2980  1798  3583  3584    2
18992    3079  2053  3209  3584    2
18993    1274  3086  3459  3497    1
18994     696   955  2619  3211    1
18995    2619   955  2910  3211    1
18996    3611  3410  4073  4079    2
18997     785  2910  2295  3211    1
18998     696  2295  2910  3211    1
18999    1931  1295  4223  4308    1
19000    1017   576  1743  3657    1
19001    1042  1600  3368  4147    1
19002    1485  1068  1799  3211    1
19003    1262  2878  3802  3825    1
19004     548   785  1799  3211    1
19005     548   623   785  3211    1
19006     623   548   774  3211    1
19007     774   548  1799  3211    1
19008    3291    35  3298  3476    1
19009    1320  3278  3937  3945    1
19010    2141  2601  2692  3212    2
19011     963  1261  2141  3212    2
19012    2141  1261  2601  3212    2
19013    2601  2597  3114  3212    2
19014    2692  2601  3114  3212    2
19015     622   377   903  4153    1
19016      21    23    22  4043    2
19017     716   829  2293  4307    1
19018    3062   153  3189  4122    2
19019    2298  2300  3158  4129    2
19020      23    21  3015  4043    2
19021     401   393   903  4153    1
19022    2503  2276  3522  4129    2
19023    2300  2276  3158  4129    2
19024    1616   713  2006  3985    2
19025    3201  2474  3483  4100    2
19026     275  1778  3950  3985    2
19027    1310  2846  3579  4100    2
19028    3201  2789  3776  4100    2
19029    1620  2539  3312  4326    2
19030    2541  3781  4078  4255    2
19031    1161  1627  3405  3578    2
19032    2677  3054  3264  3470    2
19033    1018   680  2350  3767    2
19034    2539  3261  3312  4326    2
19035     612  1263  1861  4052    1
19036    3126  2830  3157  3242    1
19037      84    85    86  3242    1
19038     813  2888  3017  3243    2
19039    3243  2218  3263  3504    1
19040     611   383  1893  4164    2
19041    2684  2888  3417  3505    2
19042      62    60    61  3444    1
19043    2823  3229  3367  3444    1
19044    1096   924  3892  3899    1
19045    1385  2371  3218  3443    1
19046    1564  1385  3442  3443    1
19047    2510  2705  3053  3219    2
19048     576  1948  2325  4060    1
19049      93    94  3166  3640    1
19050    2510  2304  3180  3219    2
19051    1457  2108  3154  3795    1
19052    3655  2191  3670  3808    2
19053    1695  1804  2057  4132    1
19054    1914  2191  3655  3808    2
19055     979  2165  2305  3808    2
19056    4047  2862  4299  4376    1
19057    1914  1049  2225  3808    2
19058    2510  1572  2705  3219    2
19059    2705  1572  2738  3219    2
19060    1572  2510  3180  3219    2
19061    1407  2774  3002  3381    1
19062    2823  2032  3129  3367    1
19063    2304  1678  3180  3219    2
19064    1678  2304  2738  3219    2
19065     777   452  1995  3967    1
19066    1049  1914  2165  3808    2
19067     876  1657  2912  3220    1
19068     395   876  2912  3220    1
19069    1223  1511  2319  3221    2
19070    2346  1541  2949  3493    1
19071    1808  1583  2808  3221    2
19072    2237  1823  4079  4125    2
19073    3398  2249  3557  4070    1
19074    2099  2027  2740  3953    1
19075    2099  2740  3560  3953    1
19076    2863  2205  3271  3606    1
19077    2472  3103  3468  3576    2
19078    1042  1711  3097  3592    1
19079    1975  2331  3791  4259    2
19080    2058  1654  2833  4259    1
19081    1589  2963  3458  4044    1
19082    1346  2645  3100  4186    2
19083     454   486  2948  4189    2
19084      98  2880  2944  4166    2
19085     163  2863  3271  3606    1
19086     202  2472  3468  3576    2
19087    3124  2434  3125  3562    2
19088     202   201  3431  3576    2
19089     489   317   529  4099    2
19090    1334  3641  4219  4397    1
19091    2677  2628  3389  4371    2
19092    3134  2628  4231  4371    2
19093    1179  1356  2112  4328    2
19094     262    10   318  4388    2
19095    3574   185  4200  4205    2
19096    1952  1803  2637  4206    1
19097     577   500  1698  4201    2
19098    2736   935  3884  4321    1
19099    4078  4048  4200  4205    2
19100    3711  3574  4048  4205    2
19101     183  4078  4200  4205    2
19102    4290  3447  4319  4371    2
19103    3447  3134  4319  4371    2
19104    3470  4287  4290  4371    2
19105    2209  1563  3091  3225    2
19106     873  2209  3091  3225    2
19107    1605  2056  2564  3225    2
19108     956  1605  2564  3225    2
19109    1605   956  2056  3225    2
19110    2056   873  3091  3225    2
19111    1563  2056  3091  3225    2
19112    1222  1767  2745  3801    1
19113     609   845   864  3270    2
19114    1708  1638  2229  3943    2
19115     678   656   968  3270    2
19116    1522  2726  3002  3381    1
19117    2214  2326  2795  3228    1
19118     790   488  1656  3573    2
19119    2005  3441  3561  4198    2
19120    2337  1779  3448  4198    2
19121    3827  3648  4213  4401    1
19122    2640  2684  3306  3622    2
19123     778  1716  3325  3622    2
19124    1298   829  2554  3230    1
19125    2545  1298  2767  3230    1
19126     783  4037  4103  4114    1
19127    1295  1743  2932  4308    1
19128     416  1739  3542  3999    1
19129    2326  2385  2924  3290    2
19130      77  3654  3838  4143    2
19131    2420  2137  4201  4334    2
19132    2728  2648  3347  4143    2
19133    2801    77  3838  4143    2
19134     783   584  4037  4114    1
19135     869   901  1842  4114    1
19136    1985  2834  2858  3290    2
19137     967  3627  4004  4317    1
19138     258   259  2633  3231    2
19139    2009   258  2633  3231    2
19140    1225  2675  2725  4103    2
19141    1377   989  1440  4192    2
19142     611  2089  3988  4164    2
19143    2906  2598  3176  3232    1
19144    2677  2906  3176  3232    1
19145    1289   862  1775  4131    2
19146    2598  2906  3068  3232    1
19147    3292  3068  3389  3501    1
19148    2342  1697  3385  4116    1
19149    2556  2667  2830  3233    1
19150    2276  2323  2503  3522    2
19151    1286  2007  2874  3234    2
19152    3339   107  3536  3539    1
19153    2007  1286  3193  3234    2
19154     131  2979  3257  3712    2
19155     809  1269  2394  4076    2
19156    2706  1988  3668  3841    1
19157    1797  2939  3297  3857    2
19158    1385  1832  1884  3857    2
19159     841  1779  1961  3857    2
19160     335   495  2943  4144    1
19161     355   556  2211  3921    1
19162    1579  3145  3334  3451    1
19163    2982  3256  3821  3986    2
19164    1167  1227  2135  3348    2
19165    1556  1278  2828  3892    1
19166    2847  3571  3895  4310    1
19167    2122  3895  4167  4310    1
19168    1721  1714  1880  3657    1
19169    2123   100  2568  3348    2
19170    1443  1167  2523  3348    2
19171    2482  1443  2523  3348    2
19172      90    91  1320  3945    1
19173    1334  3690  3710  3825    1
19174    2965  2156  3193  3234    2
19175    1286  2965  3193  3234    2
19176    2156  3141  3193  3234    2
19177    1578  1674  2077  4213    1
19178    1067  1358  3404  3973    1
19179    2020  1789  2683  3379    1
19180     668  2383  4060  4252    1
19181     736  1588  2663  3931    1
19182    1206  2116  3398  4172    2
19183      45  2269  2674  3239    2
19184      45  2206  2269  3239    2
19185    1228  2206  2352  3239    2
19186    1177  2352  2674  3239    2
19187    2352  1177  2384  3239    2
19188    1228  2352  2384  3239    2
19189     598   631  2544  3434    2
19190    1607  2984  3621  4361    1
19191    1024   717  3260  3936    1
19192    3571  2555  3895  4167    1
19193    2206    45  2352  3239    2
19194    2352    45  2674  3239    2
19195      45    47  2538  3311    1
19196      46  2071  2431  3311    1
19197    2431  2071  2744  3311    1
19198    1056  2418  4398  4409    2
19199     193   194   192  3501    1
19200    2725   783  4037  4103    2
19201     813  1818  2667  3243    1
19202     910   813  2667  3243    1
19203    2015  2659  2922  4362    1
19204    2722  1796  3342  3868    1
19205    2776  2753  2849  3807    2
19206    2598  3232  3243  3263    1
19207    1947  3072  3621  4361    1
19208    3869   223  4273  4362    1
19209     336   888  1101  3737    2
19210     825   358   974  3737    2
19211    2287   542  3221  3832    2
19212      62  3444  3563  3797    1
19213     453   974  1515  3737    2
19214     192  3322  4010  4275    2
19215    1170  1609  3065  3756    2
19216    2130  1124  2256  4033    1
19217     470   888  1515  3737    2
19218    3034  3121  3582  3739    1
19219    1088  2036  3484  3739    1
19220    3016   472  3333  3907    1
19221    1762  2357  3248  3249    1
19222     895   918  1052  3250    2
19223    1327   918  1440  3250    2
19224    1440   918  1486  3250    2
19225     895  1166  1404  3250    2
19226    1440  1486  2450  3250    2
19227    1327  1440  2450  3250    2
19228     658  1486  2615  3250    2
19229    1486   658  2450  3250    2
19230    2450   658  2611  3250    2
19231    2611   658  2615  3250    2
19232     918   895  1404  3250    2
19233     918  1404  1486  3250    2
19234    1332  3503  4163  4375    1
19235     488  1253  1656  4305    2
19236    1746  1831  2158  3735    1
19237     488   923  1032  3252    2
19238    3959  1230  4245  4300    1
19239    2012  1163  2988  4354    1
19240    1860  1756  2399  3735    1
19241    1213   923  2735  3252    2
19242    1746  2158  2399  3735    1
19243     827  1600  4056  4147    1
19244    1831  1746  2399  3735    1
19245    1213  1264  2871  3252    2
19246     923  1213  2871  3252    2
19247    1011  1081  2393  3253    2
19248     585  1011  2393  3253    2
19249     811  1170  2631  3254    2
19250     811   677  1170  3254    2
19251     725   677  2209  3254    2
19252    1190  1081  2957  3254    2
19253    1081  1190  2393  3254    2
19254     335   338  2943  4193    1
19255     476   335  2943  4193    1
19256     677   811  2209  3254    2
19257    2209   811  2631  3254    2
19258     725  2209  2631  3254    2
19259    1576   725  2631  3254    2
19260    2067   588  3424  3859    2
19261    3698  3372  3761  3939    1
19262    2697  3153  3436  3939    1
19263    1816  3986  2982  1911    2
19264     604   846  2446  3656    2
19265    1460  2379  2521  3883    1
19266     372   326  2913  3871    2
19267     709   604   898  3656    2
19268    1088   582  3484  3510    1
19269     338   499   521  3956    1
19270    2001   788  3938  3986    2
19271    3208  2238  3541  3688    2
19272     635   906  3767  4109    2
19273     210   211  2856  3822    2
19274    1703  1807  2145  4332    2
19275    2298  2276  2953  4285    1
19276    2165   979  2305  3510    1
19277     709   850  3234  3346    2
19278    1711  2060  2547  3257    1
19279    1711  2547  2979  3257    1
19280    2425  1990  2746  3257    2
19281     131  2425  2746  3257    2
19282     850  2549  3234  3346    2
19283    1059   709  3234  3346    2
19284    2156  1059  3234  3346    2
19285    2738   807  3639  4322    2
19286    4115  3219  4306  4322    2
19287    3807  2304  4115  4322    2
19288     525  2304  2992  4322    2
19289    2304  3219  4115  4322    2
19290     983   683  2858  3259    2
19291     769   983  2858  3259    2
19292     769  2858  3133  3259    2
19293    2858  1451  3133  3259    2
19294    1203  1005  3364  3629    1
19295    2131   758  3156  3622    2
19296    1723  3156  2131  2023    2
19297    1451   769  3133  3259    2
19298     769  1451  2393  3259    2
19299     359   355  2695  3304    1
19300     352   396  2695  3304    1
19301     586   810  1138  3304    1
19302     586   385   810  3304    1
19303    2094  1158  2513  3261    2
19304    2094  2513  2651  3261    2
19305    1158  1815  2513  3261    2
19306    2513  1815  2651  3261    2
19307    1834  2094  2414  3261    2
19308    2489  2094  2651  3261    2
19309    2620  2489  2651  3261    2
19310    2414  2094  2489  3261    2
19311    2414  2489  2620  3261    2
19312     963  1208  1907  3262    2
19313      21    22  3768  3935    1
19314    1338  1222  1461  4280    1
19315    2660  1691  3105  3900    2
19316     803  1098  3149  4125    2
19317    1206  2002  2720  4172    2
19318    1930  1750  3266  3428    2
19319    1729    81  2447  3428    1
19320     943  1947  3636  3866    2
19321    2213  2469  3991  3995    2
19322    1787  2279  2931  3265    2
19323    1750  1729  3266  3428    2
19324      81    82  2463  3428    1
19325    1456  1197  2039  3604    1
19326    1729  2447  2463  3428    1
19327    3713  3015  4120  4237    2
19328      81  1729  2344  3428    2
19329    1715  1719  3132  3783    1
19330     341   351  1533  3925    1
19331    2327  2271  3059  3395    2
19332    2734  1943  3086  4085    1
19333     550   779  3081  3267    1
19334     779   550  1895  3267    1
19335    1895   550  3081  3267    1
19336      69  3616  4152  4175    2
19337    3616    69  3794  4175    2
19338    2059  1200  3726  3863    2
19339    2059  3284  3721  3863    2
19340     721   820  1677  3268    1
19341     820   721  1480  3268    1
19342    1677   789  1811  3268    1
19343     721  1677  1811  3268    1
19344     789   721  1811  3268    1
19345    1199  1669  2567  3268    1
19346    1669  1199  2151  3268    1
19347    1199  2050  3268  2567    1
19348      51    53  2658  3677    2
19349      51  2707  3354  3677    1
19350    1193  1008  2359  3786    1
19351    2579  2653  3922  4020    2
19352    2558  2285  3443  3898    1
19353     921  2363  2986  3269    1
19354     691   822  1417  3876    1
19355     921   993  2842  3269    1
19356    2230  1437  4048  4078    2
19357    1437  2541  3462  4078    2
19358    2285   946  3443  3898    1
19359    2842   993  3074  3269    1
19360     822  1613  1920  3876    1
19361    2192  1604  2819  3592    1
19362    1369   822  1427  3876    1
19363    1362   691  1417  3876    1
19364    2644  3060  3396  3946    1
19365    2514   572  3396  3946    1
19366     572  2514  2581  3946    1
19367    1638  2084  2923  3943    2
19368    2581  1186  2969  3946    1
19369    2084    80  2923  3943    2
19370    3098  2842  3269  3273    1
19371    2986  3098  3269  3273    1
19372    1365  2052  3066  3407    2
19373    2696  2670  2847  3731    2
19374    1702  2313  1031   486    2
19375    1702  2318  2656  3983    2
19376    2833  1758  2873  3275    1
19377    2444  2833  2873  3275    1
19378    1031  1702  2656  3983    2
19379    1290  1611  1983  3983    2
19380    1521  1761  2215  3275    2
19381    2215  1761  2262  3275    2
19382    1761  2098  2262  3275    2
19383    1761  1521  2098  3275    2
19384    1482   768  2079  4314    2
19385    1031  1022  2313  3983    2
19386     228  2331  2737  3275    2
19387    2313  1702  1031  3983    2
19388    1022  1290  1983  3983    2
19389    1782  2470  2852  3731    2
19390    2331   228  2732  3275    2
19391    1758  2331  2732  3275    2
19392    2470  2498  3602  3731    2
19393    1149  2470  3602  3731    2
19394    1035   684  2698  3277    2
19395     954   441   986  3277    2
19396     954   986  2892  3277    2
19397    1727  2197  2892  3773    2
19398     184  4205  4327  4382    2
19399    2181   200  3821  3853    2
19400    4173  4158  4336  4383    1
19401    3015  1703  4295  4332    2
19402    1538  1312  2302  3915    1
19403    1161  1538  3405  3915    2
19404    1027  1501  1626  4148    2
19405     774  1799  2734  3449    1
19406    2672  3148  3278  3279    1
19407    2672  1478  3148  3279    1
19408    2422  1691  3900  4133    2
19409    1210  1421  2392  3703    2
19410    1064   885  2218  3281    2
19411     885   975  2218  3281    2
19412    3223  1398  3237  3375    1
19413    1619  1545  3405  3915    2
19414    1085  1320  3278  3279    1
19415    1403   788  2626  3938    2
19416    3760  1626  4063  4148    2
19417    4238  1886  4282  4326    2
19418     732   594  1924  4015    2
19419    2614  1881  3102  3280    1
19420    3102  1881  3115  3280    1
19421    2614  3102  3115  3280    1
19422     477   326  1318  4370    2
19423    1027  1390  1775  3651    2
19424    1390  1027  2475  3651    1
19425    1884  2434  3125  3442    1
19426    1579  1609  3303  3563    2
19427    2276  2298  2997  3289    1
19428    1938  1693  1997  3569    2
19429     732   841  3281  3448    2
19430     975   885  2434  3281    2
19431    2434   885  2639  3281    2
19432    2434  2639  2690  3281    2
19433    1179  2027  2583  4012    1
19434    3129  3303  3532  3563    1
19435    1068  1513  2734  3449    1
19436     732  1924  1944  3448    2
19437    2894  3007  3586  3861    1
19438    1331  1591  2688  3568    1
19439    3100  3078  4186  4342    2
19440    1192  3301  3530  4016    2
19441    1934   259  2248  3795    1
19442     631   570   852  3662    1
19443     555   631  2669  3662    1
19444     259   258  3154  3795    1
19445    1457  1934  2248  3795    1
19446    2069  1207  3393  3541    2
19447    2617   246  2802  3285    2
19448    2222  2617  2802  3285    2
19449    2387  1112  3018  3541    2
19450     402   434   514  3542    1
19451    1674  2194  2941  4008    1
19452    2599  2965  3235  3287    1
19453    2142  2599  3030  3287    1
19454    3030  2599  3191  3287    1
19455    2529    49  3193  3287    1
19456    3193    49  3235  3287    1
19457      48  3030  3191  3287    1
19458    2965  2055  3193  3287    1
19459    2055  2529  3193  3287    1
19460    2965  3193  3235  3287    1
19461      48  2142  2917  3287    1
19462    2917  2142  3030  3287    1
19463      48  2917  3030  3287    1
19464     574   717  1484  3664    1
19465    2820  3651  3760  4251    2
19466    2041  1579  3129  3563    1
19467     705  1184  3964  4114    1
19468    1696   726  1925  3289    1
19469     726  1358  1925  3289    1
19470     415   639   933  4286    2
19471    1925  2504  2997  3289    1
19472    1696  1925  2997  3289    1
19473    1893  2089  4164  4286    2
19474    1632  2629  3605  4165    1
19475    1142   879  2854  3920    2
19476    1184  1441  3964  4114    1
19477    2728  2801  3525  4143    2
19478    1225   705  2082  4114    1
19479     567   933  1463  4286    2
19480     473   513  1893  4286    2
19481    1691  1153  4133  4330    2
19482     901   783  1842  4114    1
19483     316   794   970  3839    2
19484    2728  1491  3294  3525    2
19485    1941  1624  2022  3293    2
19486     124  1941  2022  3293    2
19487     370   365  1087  3377    1
19488    1087   365  1739  3377    1
19489     876   370  2295  3377    1
19490     876  2295  2912  3377    1
19491     623   370  1087  3377    1
19492    2910   785  2912  3377    1
19493     365   370   876  3377    1
19494     288   414  3519  3528    1
19495     126  2996  3179  3526    1
19496    2250  1226  2268  3295    2
19497    2250  2268  3183  3295    2
19498    1107  1226  2250  3295    2
19499    2881  2250  3183  3295    2
19500    1107  1045  1226  3295    2
19501    1045   666  1380  3295    2
19502    1380   666  2666  3295    2
19503    2666  1107  2881  3295    2
19504    1107  2250  2881  3295    2
19505     666  1107  2666  3295    2
19506     666  1045  1107  3295    2
19507    1010  1033  1648  3296    1
19508    1010   774  1033  3296    1
19509    1460  2368  2518  3955    1
19510    1365  2074  2107  3407    2
19511    2614  3279  3937  4138    1
19512    2461  3765  3951  4138    2
19513    2052  1669  3066  3407    2
19514    1357  1382  1669  3407    2
19515    1460  1322  2368  3955    1
19516    2379  2518  3236  3955    1
19517    1669  1382  3227  3407    2
19518     105  3536  3538  3590    1
19519    3339   106  3537  3590    1
19520    2487  1057  3226  4195    1
19521    2961   514  2987  4413    2
19522    1635   763  2981  4228    2
19523    4111  2257  4208  4345    1
19524    1744  1373  3089  3596    2
19525    1076   874  2203  3596    2
19526    1038  1604  1637  3592    1
19527    2241  2700  3515  4070    1
19528    2846  1310  3200  3793    2
19529    2072  2924  3067  4017    2
19530    2459  3146  3302  3531    2
19531     788   791  2626  3938    2
19532    2459  2458  3146  3531    2
19533     687   645  2857  3301    1
19534    1964   687  2857  3301    1
19535    1180  1249  2857  3301    1
19536     645  1180  2857  3301    1
19537    1964   424  2937  3301    1
19538     424   645  2937  3301    1
19539    2738   984  3639  3905    2
19540     916   643  2287  3832    2
19541    1984   807  3639  3905    2
19542    1771  1041  3185  4135    1
19543     687  1964  2937  3301    1
19544     645   687  2937  3301    1
19545      26  3395  3924  4288    1
19546    1979  1519  2730  3599    2
19547    1979   191  2484  3599    2
19548    1576  1609  2631  3303    2
19549    1772  2317  2766  3533    1
19550    1494  1413  2650  3665    1
19551     461   467  2695  3304    1
19552     467   461  2419  3304    1
19553     810   467  2419  3304    1
19554     352   414   743  3304    1
19555     396   352   743  3304    1
19556     359   810  1127  3304    1
19557     355   359  1127  3304    1
19558     414   355   556  3304    1
19559    1871  1886  3071  4277    2
19560     467   359  2695  3304    1
19561     359   467   810  3304    1
19562    2400  3864  3889  4277    2
19563    2265   914  3724  3888    2
19564    2591  2576  2764  3305    2
19565    2103  2591  2764  3305    2
19566    2424  2103  2593  3305    2
19567    2593  2103  2764  3305    2
19568    1385  2690  3857  4151    2
19569    1385  1884  2434  4151    2
19570     841  1779  3857  4151    2
19571    1884  1385  3857  4151    2
19572    2168  1772  2896  3326    2
19573    1178  2993  3843  3928    2
19574    1681  1103  2085  3461    1
19575     898  2575  3445  4108    2
19576     326   919  1318  4370    2
19577    2786  1687  3044  3327    2
19578    2306  2451  3563  3797    2
19579    2829  2574  3338  3522    2
19580    3288  1093  3523  4341    2
19581    3233  3408  3454  3472    1
19582    3442  1884  3855  3896    1
19583    2520  2998  3179  3556    1
19584    3125  1884  3442  3896    1
19585    2120  3269  3676  3897    1
19586    1299   773  3358   548    1
19587     942  1723  1965  3359    1
19588     942  1965  2667  3359    1
19589    1190  1692  2087  3633    2
19590    2984  1607  3636  4248    2
19591      38  2210  2438  3549    2
19592     587   942  1818  3359    1
19593    1299  1981  3198  3309    1
19594    1897    31  3855  3896    2
19595    3855  1884  3857  3896    2
19596    2257  3226  4195  4208    1
19597    2906  2598  3068  3359    1
19598     942   587  2721  3359    1
19599    2621  2946  3198  3309    1
19600    1981  2621  3198  3309    1
19601    2621  1981  2946  3309    1
19602    2888  2193  3417  3505    2
19603     901   367  2407  4395    1
19604     876   901  4142  4395    1
19605     367   550  2407  4395    1
19606     783  1620  2539  3312    2
19607     783  2539  2725  3312    2
19608    2725  2539  3261  3312    2
19609    1158  2725  3261  3312    2
19610     554  1158  3261  3312    2
19611    1158   554  2725  3312    2
19612    2956    56  4003  4239    1
19613     184  3711  3728  4327    2
19614    2467  2475  3651  4283    1
19615    3603  4173  4336  4383    1
19616    3696  2878  3728  4327    1
19617      56  2527  4003  4239    2
19618     821   806  2570  4304    1
19619    2112   854  2583  4328    2
19620    1049  2165  3510  3882    1
19621    3429  3764  4044  4249    1
19622    1903  1781  2214  3316    1
19623    1249  3517  3901  3911    1
19624    1093  2005  3523  4198    2
19625    1045  1226  3295  4081    2
19626     462   847  2817  4072    1
19627    1858  1520  3196  3978    2
19628    2015  1843  2659  4362    1
19629    1903  2214  3072  3316    1
19630    1947  1903  3072  3316    1
19631    1025  2857  3901  3911    1
19632    2462   150  2530  3978    2
19633    1962  2627  2857  3911    1
19634    1165   546  3609  3887    1
19635     683   943  3259  3628    2
19636     947   683  3259  3628    2
19637    1842   988  2539  3318    1
19638    2616  2620  2651  3318    1
19639    2616  1821  2620  3318    1
19640    2616  2651  3045  3318    1
19641    1044  1633  1842  3318    1
19642    1633  1044  1821  3318    1
19643    1503  3435  3555  4393    2
19644    1307  1368  2579  4136    1
19645     472   597   792  3814    1
19646    2140  1495  2785  3319    2
19647    3310  1845  3764  4027    2
19648    1851  1764  2071  3320    1
19649    1851  2071  2744  3320    1
19650     602   458  2324  3887    1
19651    1764  1722  2325  3320    1
19652    1722  1764  1851  3320    1
19653    1846  1764  2932  3320    1
19654    1764  1846  2431  3320    1
19655    2431  1846  2932  3320    1
19656    2071  2431  2744  3320    1
19657    2071  1764  2431  3320    1
19658    2893  1714  3657  4309    1
19659    1743  2043  4308  4309    1
19660    1507  1463  3439  4224    2
19661    1017  1295  2932  3320    1
19662    2325  1017  2932  3320    1
19663    1158   554  4154  4224    2
19664     427  1127  1165  3887    1
19665    1463   554  3843  4224    2
19666    1158  2661  2993  4224    2
19667    2667  1818  3359  3513    1
19668    2160  3123  3187  3702    2
19669    1239  1374  2124  3323    2
19670    1604  1374  2270  3323    2
19671    1374  1604  2124  3323    2
19672    2124  1604  2270  3323    2
19673    2190  1267  2754  3323    2
19674    1267  2190  2270  3323    2
19675    1116  1239  2418  3323    2
19676    1239  1116  1374  3323    2
19677    3334   170  3792  4158    1
19678    1239  2091  2754  3323    2
19679    2091  1239  2124  3323    2
19680    2091  2124  3029  3323    2
19681    2190  2091  3029  3323    2
19682    2091  2190  2754  3323    2
19683    1770  2103  2281  3324    1
19684     227   226  3142  3372    2
19685    1873  2848  3048  3324    1
19686     841  2690  3562  4151    2
19687    2434  1884  3125  4151    2
19688    2690   841  3857  4151    2
19689     516   442  1165  4321    1
19690    3324  2593   141  2424    1
19691    2103  2424  2593  3324    1
19692    2281  2103  2593  3324    1
19693    3123  3634  3702  4232    2
19694    1924  2628  3134  3325    2
19695     707   603  2853  4278    2
19696    2766  2451  3831  3904    2
19697    3505  3500  3513  4010    1
19698    2934  2499  3878  4372    2
19699     181   182   180  4066    1
19700    1919   436  2312  3623    1
19701     182  2636  3095  4066    1
19702    3078  4186  4342  4372    2
19703    3164  1715  3412  3461    1
19704    2860  3036  3274  3589    2
19705    3036  2117  3400  3589    2
19706    2860  2117  3036  3589    2
19707    2783  1603  3686  4040    2
19708    2819  2783  3686  4040    2
19709     320   488  3734  4091    2
19710     320   496  1905  4091    2
19711     865   770  2270  4040    2
19712    2270   770  2799  4040    2
19713    1521  1463  1529  4119    2
19714    1982  2025  3207  3330    2
19715    1452  1062  1787  3427    1
19716    2742  1982  3207  3330    2
19717    2452  2742  3207  3330    2
19718    2700  2742  3515  4070    1
19719    2700  2646  3557  4070    1
19720     134  2452  3207  3330    2
19721    2025   134  3207  3330    2
19722    2546  2517  2814  3580    2
19723    2132  1488  3147  4030    2
19724    2214  2326  3316  4197    1
19725    2898  1522  3200  3331    2
19726    1310  2898  3200  3331    2
19727    2185  1193  2378  3332    2
19728    2378  1193  2779  3332    2
19729    1194  1955  2185  3332    2
19730    2207  2995  3043  3491    2
19731    1394  1194  2779  3332    2
19732    1194  2378  2779  3332    2
19733    1194  2185  2378  3332    2
19734    1194   886  1955  3332    2
19735     886  1194  1394  3332    2
19736     472   497  3016  3333    1
19737    2120  2214  3269  4207    1
19738     293  3143  3224  4215    2
19739    1781  1805  2092  4207    1
19740     462  1005  1829  3335    1
19741    1005   462  1109  3335    1
19742    1675  2345  2525  3335    1
19743    2525  2345  2806  3335    1
19744    1675  2525  2806  3335    1
19745    2806  2345  2945  3335    1
19746     930  2806  2945  3335    1
19747    2362  1668  2928  3335    1
19748    2345  1668  2362  3335    1
19749    2345  2362  2945  3335    1
19750     768  1504  2179  3336    2
19751    2179  1494  2711  3336    2
19752    1941  1624  3293  3524    1
19753     639   473  1893  4286    2
19754     892   933  4164  4286    2
19755     394   456  1208  3357    2
19756    2751  2263  2792  3541    2
19757     107   106  2676  3339    1
19758     711   334   818  3343    2
19759    1935  3635  3753  4245    1
19760    2318  2252  3178  3537    2
19761    1268  1373  1490  3596    2
19762    1362  1417  1688  3876    1
19763    1838  2841  2920  3689    2
19764    2318  1910  2549  3537    2
19765    1222  1338  1461  3801    1
19766    1338  1222  2745  3801    1
19767    1646  1566  1744  3596    2
19768    2965  2909  3346  3538    2
19769    1796  1589  2722  3342    1
19770     188  1490  1566  3596    2
19771    2951  2788  3341  3342    1
19772    2533  1809  2876  3638    1
19773    2676   106  2900  3537    2
19774    3048  2424  3324  4150    1
19775    2680  2691  3535  3539    1
19776     107  2900  3010  3539    2
19777    1125   624  2951  3341    1
19778    2680  1125  2951  3341    1
19779    2951  2909  2965  3538    1
19780     624  1125  2972  3341    1
19781     399   535  1537  3341    1
19782     535   399   870  3341    1
19783     405   399  1537  3341    1
19784     399   405   624  3341    1
19785    3341   405  2951  1537    1
19786    2252  2909  2951  3538    1
19787    1338  2132  2608  3801    1
19788    2305  2743  3808  4046    2
19789    3204  3024  3238  3591    1
19790    3010  2874  3356  3539    2
19791    3181  2608  3186  3801    1
19792    2132  1338  2745  3801    1
19793     818   334   958  3343    2
19794     334   475   958  3343    2
19795     349   509  1957  3343    2
19796     509   349   693  3343    2
19797     711   449  1878  3343    2
19798     475   711  1878  3343    2
19799     449   475  1878  3343    2
19800     449   390  1193  3343    2
19801    1193   390  3332  3343    2
19802     449  1193  3332  3343    2
19803     356  1145  1335  3392    2
19804     586   947  1335  3392    2
19805    2713  1720  2848  3369    1
19806    1898  3606  3637  3754    1
19807    1636  1292  3324  3369    1
19808     850  2318  2549  3346    2
19809     107  3010  3356  3539    2
19810    2691  2680  2874  3539    1
19811    1395  2252  2318  3346    2
19812    2318  2252  2549  3346    2
19813    2252  1395  2909  3346    2
19814     107  3356  3536  3539    1
19815    2568   100  2812  3348    2
19816    1167   996  1939  3348    2
19817     996  1167  1443  3348    2
19818     996  1443  2502  3348    2
19819    1939   996  2502  3348    2
19820      17   881  1666  3749    2
19821    1923  3440  3456  3560    1
19822    1410  1334  3710  4397    1
19823    2671  3432  4053  4313    2
19824     768   673  2079  4377    2
19825    1305  2727  2743  4131    2
19826    1890  2512  2964  3747    1
19827     703  2691  3340  3535    1
19828    2314  2995  3098  3540    1
19829    1099  2311  3574  3575    1
19830    2646  2375  3437  4384    1
19831     876   743   901  4333    1
19832    2190  2746  2938  3712    2
19833    1861   916  3967  4052    1
19834    2617  1423  2813  3352    1
19835     246  2244  2540  3352    1
19836    1862  2244  2813  3352    1
19837    1423  1862  2813  3352    1
19838    1862  1423  2540  3352    1
19839    2244  1862  2540  3352    1
19840    2222  2617  3285  3352    1
19841    2617   246  3285  3352    1
19842     246  2617  2813  3352    1
19843    2813   246  2244   247    1
19844     246  2813  2244  3352    1
19845    1402  1423  2617  3352    1
19846    1423  1402  2222  3352    1
19847    2222  1402  2617  3352    1
19848     434   402   780  3542    1
19849     512   704  1869  3542    1
19850    2783  2819  3686  4000    2
19851     704   512  1680  3542    1
19852    2421  2520  3296  3556    1
19853    3189  3922  3969  4020    2
19854    1473  1224  2879   607    2
19855    3109  2232  3474  3678    2
19856    1014  2942  3140  3354    1
19857    1014  2707  2942  3354    1
19858    1664   701  3724  3971    2
19859     697   389  1176  3971    2
19860     697  1664  2265  3971    2
19861    1535  1350  1653  3918    2
19862    1564  1832  3443  3718    1
19863    2448  3477  3499  3718    1
19864    3350  3169  1491  2509    2
19865    1924   792  1944  4220    2
19866    3477  1651  3499  3718    1
19867    2448  1802  2607  3718    1
19868    1416  1653  1684  3918    2
19869    2157  1054  2767  3938    2
19870    1334  3349  3710  4219    1
19871    2190  2478  3701  3712    2
19872    1651  1435  3443  3718    1
19873    2217  1651  3477  3718    1
19874    2448  2607  3477  3718    1
19875    2141  1971  2328  4190    2
19876     369   844  2437  3357    2
19877     269   369  2437  3357    2
19878     369   269   844  3357    2
19879     269   644   844  3357    2
19880     844   644  1208  3357    2
19881     773   774  1033  3358    1
19882    2443  2907  3822  4108    2
19883    1033  2421  3358  3543    1
19884    1077  1037  1774  3543    1
19885    1037   741  1232  3543    1
19886     773  1033  2421  3358    1
19887    2421   884  3497  3556    1
19888    1232   548  1299  3358    1
19889    3822  1712  3850  4108    2
19890    3267  3101  3862  4084    1
19891    2443  1988  2907  4108    2
19892    1988  2443  3131  4108    2
19893    2624  1587  3240  4329    1
19894    2105  1473  3903  4346    2
19895    2919  3517  3603  3633    2
19896    1587  2624  2956  4329    1
19897    2956  2624  3240  4329    1
19898     192   194  3322  4275    2
19899    1965  1723  2023  3359    1
19900    2292  2649  3065  3545    2
19901    2571  2756  3006  3360    1
19902    2756  2571  2911  3360    1
19903     208  2911  3069  3360    1
19904    2573   208  3069  3360    1
19905     208  2573  2911  3360    1
19906    2920  3147  3181  3363    2
19907    3181  3147  3196  3363    2
19908      71  2849  3371  3547    1
19909    2766  2797  2823  3365    1
19910    2506   113  3201  3483    1
19911    2701  2621  3198  3480    1
19912    2904   203  3337  3810    1
19913    1717  2621  2701  3480    1
19914    1623  2983  3705  3811    2
19915     202  3503  3576  3810    2
19916    2778   436  3384  4067    1
19917    1034   863  1838  3364    1
19918     863  1034  1203  3364    1
19919     632   795  2879  3630    2
19920    2297  2167  3588  3602    2
19921    1284  2921  3485  3811    2
19922    1777  2261  2468  3885    1
19923    1005   737  1203  3364    1
19924     737  1005  1023  3364    1
19925    1023  1005  1706  3364    1
19926     124   123  2941  4008    1
19927    2401   124  3293  4008    1
19928    2401  3293  3524  4008    1
19929    2137  2747  4161  4335    1
19930     452   612   625  3967    1
19931    3313  2305  3670  3808    2
19932     965   525  2738  3366    2
19933     609   965  3366   525    2
19934     864   609  3270  3366    2
19935     609   864  1678  3366    2
19936     525  1678  2738  3366    2
19937     525   609  1678  3366    2
19938     388   356   947  3392    2
19939     571   578   585  3392    2
19940    1151  1540  3345  3368    1
19941     585   677  2393  3392    2
19942    2281   142  2848  4150    1
19943    2983  1129  3637  3754    1
19944     571   585  3028  3392    2
19945     992  1323  1509  3520    2
19946     586   571  3028  3392    2
19947     947   586  3028  3392    2
19948      65  2991  3039  3608    2
19949    1890  1036  2512  3369    1
19950     936  1636  1720  3369    1
19951     936  1720  1820  3369    1
19952    1820  2713  3022  3369    1
19953    2512  1820  3022  3369    1
19954    3014  3251  3642  3748    1
19955    1069  1761  4154  4238    2
19956    2780  3014  3713  3748    1
19957    3251  2780  3713  3748    1
19958    2776    71  2849  3371    1
19959    1870  2012  2976  3371    1
19960    2012  1870  2776  3371    1
19961     783  2675  3650  4103    1
19962    2117  2753  2849  3371    1
19963    2117  2734  2753  3371    1
19964    1714  1721  2893  3657    1
19965    2055  2763  2529  2142    1
19966    1125   624  2972  3548    1
19967    1894   630  2972  3548    1
19968    1768  3185  3883  3955    1
19969     221  2074  3066  3407    2
19970    1382  2107  3283  3407    2
19971      33  2713  2999  3881    2
19972    1862  1423  1920  3375    1
19973    3171  2694  3352  3375    1
19974    2694  1423  3352  3375    1
19975      98    96  2880  4166    2
19976    1423  1862  2540  3375    1
19977    3024  4043  4120  4295    2
19978     313  1075  1141  4343    2
19979    2540  3171  3352  3375    1
19980    2540  1466  3171  3375    1
19981    1423  2540  3352  3375    1
19982     240  1629  3675  3877    2
19983    1862  2244  2540  3375    1
19984    1685   240  3128  3877    1
19985    2331  2058  2732  4259    2
19986    3440  3161  3456  3560    1
19987    1283  1923  3456  3560    1
19988    2099  2870  2952  3560    1
19989     623  1087  1739  3377    1
19990    2910   623  3211  3377    1
19991     785  2910  3211  3377    1
19992     623   785  3211  3377    1
19993    2649  3065  3545  3756    2
19994    1303  2595  2634  3378    2
19995    1303  1846  2595  3378    2
19996    1514  1303  2634  3378    2
19997    1303  1514  1846  3378    2
19998    1027  1022  1501  3769    2
19999    1501  1022  2313  3769    2
20000    1149  3460  3588  3602    2
20001    2501  2797  3065  3380    2
20002    2587  2501  3065  3380    2
20003    2501  2587  2797  3380    2
20004    1519  1979  2484  3599    2
20005    2081   191  2150  3599    1
20006    1578  1128  3716  3757    2
20007     191  2081  2484  3599    2
20008    2180  2082  3939  3964    1
20009    2081  2150  2202  3599    1
20010      60  3229  3367  3380    2
20011      60  2451  3229  3380    2
20012    2725  1158  3261  3382    2
20013     988  2725  3261  3382    2
20014    1158   988  3261  3382    2
20015    2675   988  2845  3382    2
20016     988  1158  2845  3382    2
20017    1158   554  2993  3382    2
20018     849   554  2725  3382    2
20019    1530  1158  2993  3382    2
20020    1506  1530  2993  3382    2
20021     849  1506  2993  3382    2
20022     554   849  2993  3382    2
20023     274   261  1247  3888    2
20024    2845  1158  2991  3382    2
20025    1158  1530  2991  3382    2
20026    2660  2301  3900  4168    1
20027    1165  2736  2959  3609    1
20028    3776  2789  3793  4100    2
20029    2736   795  2959  3609    1
20030     881   793  1075  3930    2
20031     482   592   914  3888    2
20032    3026   788  3256  4068    2
20033    1816  2157  2914  4068    2
20034    3551  2215  4119  4170    2
20035     121   120  2094  4170    2
20036    3051  1538  3405  4051    2
20037    2342    79  3020  3385    1
20038    3040   250  3162  4117    2
20039     250   249  3162  4117    2
20040    1602  1570  1862  4117    1
20041     120   121  3947  4170    2
20042    2203  1638  2251  3385    2
20043    1733  2203  2251  3385    2
20044    2251  1638  3021  3385    2
20045    1697  2251  3021  3385    2
20046    2342  1697  3021  3385    2
20047    2835  2342  3021  3385    2
20048    1638  2835  3021  3385    2
20049      79  2835  2923  3385    2
20050      79  2342  2835  3385    2
20051     986  2892  3155  3789    2
20052    1831  1708  2084  3387    2
20053    1831  2084  2835  3387    2
20054    1589  1279  2963  4044    1
20055    1216  3056  4118  4169    1
20056    2421  1274  3895  4167    1
20057    1757  1828  3989  4296    2
20058    2490  3278  3949  4296    1
20059    1346  2440  2487  4186    2
20060     734  1279  3310  4044    1
20061     513   567   667  4286    2
20062    1067  1236  1358  3973    1
20063    1152  2174  2632  3973    1
20064    3232   193  3264  3389    1
20065    2677  3232  3264  3389    1
20066    1951  2372  3103  3431    2
20067    3054  2677  3264  3389    2
20068    2019  1187  2934  4372    2
20069    2019  2934  3878  4372    2
20070    4186  2019  4342  4372    2
20071    2640  2836  2906  3389    1
20072    2628  2640  2906  3389    1
20073    2640  2628  3325  3389    2
20074    2836  2640  3325  3389    2
20075    2451  2306  3563  3904    2
20076    2549  3010  3538  3745    2
20077     797  1691  3769  4148    2
20078    1711  1272  2060  3391    1
20079    1711  2060  3257  3391    1
20080    1439  1990  2060  3391    1
20081    1272  1439  2060  3391    1
20082    1626  1501  3970  4148    2
20083     466  1694  2383  4252    1
20084    1691   862  4038  4148    2
20085    1775   862  3769  4148    2
20086    2060  1990  3257  3391    1
20087    3257  1990  3345  3391    1
20088     677   356  1333  3392    2
20089     388   677  1333  3392    2
20090     356   388  1333  3392    2
20091     388   947  2393  3392    2
20092     677   388  2393  3392    2
20093    1666    17  3749  3930    2
20094    2991  1530  3039  3608    2
20095     585  2393  3028  3392    2
20096    3028  2393  3259  3392    2
20097     947  3028  3259  3392    2
20098    2393   947  3259  3392    2
20099     814  1250  1592  3733    1
20100    3372  3698  3761  4292    1
20101    3070  3251  3647  4120    2
20102    1492  2042  2683  4171    1
20103    2683  2042  3058  4171    1
20104       7  2644  3060  3396    1
20105    3402  3403  3880  3947    1
20106    2366  1986  3000  3397    2
20107    1986  2366  2409  3397    2
20108     962  1485  1899  3507    2
20109    3698  3934  4124  4337    1
20110     696  1485  2992  3507    2
20111    1485   696  1899  3507    2
20112    3044  1678  3400  3507    2
20113      24    25  2603  3399    1
20114    2569  3247  3398  3399    1
20115    2627  3172  3911  4173    1
20116    3172  2919  3911  4173    1
20117    1962  2627  3911  4173    1
20118    3161  2758  3525  3558    2
20119    3161  3188  3440  3558    1
20120     761  1962  3334  4173    1
20121     970   581  1468  3839    2
20122    2249  2796  2916  3398    2
20123    1843  2922  3869  4362    1
20124    2796  1612  3397  3398    2
20125    2916  2796  3397  3398    2
20126    1687  2786  3044  3400    2
20127     874  1076  1744  3596    2
20128    2578  2786  3036  3400    2
20129    3044  2786  3327  3400    2
20130    1968  1943  3327  3400    2
20131    1943  1968  2578  3400    2
20132    2578  1968  2786  3400    2
20133    2786  1968  3327  3400    2
20134    2094  2513  2661  3403    2
20135    1809  3045  3401  3403    1
20136     522  1067  1358  3404    1
20137    1809  2513  3045  3403    1
20138    1606  2930  3874  3948    2
20139    3013  1853  3522  3550    2
20140     865  2270  3874  3948    2
20141     658   485  1486  4192    2
20142     782   638  1101  4194    2
20143    1984   807  2429  3639    2
20144    1429  2698  3512  3552    2
20145    2031   738  4236  4374    2
20146    2610  1009  2698  3552    2
20147    1931  1902  3714  4308    1
20148     522   726  3047  3404    1
20149     726   522  1358  3404    1
20150     321   284  3594  3666    1
20151     306   524  3660  3666    1
20152     353   524  1073  3666    1
20153     353   903  3660  3666    1
20154    1295  3320  4223  4308    1
20155     102  1931  3714  4308    1
20156     524   353  3660  3666    1
20157    3594   306  3660  3666    1
20158    1673  2506  3201  3483    1
20159    1768  1771  3185  3955    1
20160    2117  2734  3371  3406    1
20161    2117  2860  3036  3406    1
20162    2734  2117  3036  3406    1
20163    3036  2860  3274  3406    1
20164    2368  1322  2406  3955    1
20165    2351  3179  3296  3406    1
20166    2405  2507  3236  3955    1
20167    2406  1768  2488  3955    1
20168    2518  2368  3236  3955    1
20169     248  2617  3162  4117    2
20170    3274  2351  4085  3406    1
20171    1555  2229  3943  4086    1
20172    3179  2351  3274  3406    1
20173    2860  3179  3274  3406    1
20174    2052  1357  2962  3407    2
20175    1669  2052  2962  3407    2
20176    1357  1669  2962  3407    2
20177     802  2602  3282  4062    2
20178    1173  1018  1641  3767    2
20179    2293  3373  3549  4307    1
20180    1230  3959  4245  4316    1
20181    2679  4115  4152  4175    2
20182     176  4011   175  4187    1
20183    1253  1308  4236  4374    2
20184     210  2061  3657  3834    1
20185     210   211  2061  3834    1
20186    1701  1741  2982  3835    1
20187     759  1444  3570  3767    2
20188    1173   906  3570  3767    2
20189    1641  1018  2350  3767    2
20190     820   665  2602  4062    2
20191     665   820  3282  4062    2
20192    1801  1207  2052  4062    2
20193    1866  1773  3446  3836    2
20194    2725   849  3382  3842    2
20195    2032  1609  2306  3598    2
20196    1060  1053  3623  4065    1
20197    2032  3172  3302  3598    2
20198    3014  1472  3204  4202    1
20199    1850  1793  3070  4202    1
20200     312   311  1133  3758    1
20201    1795  1793  2780  3411    2
20202    1128  1578  1591  3648    1
20203     311   839  1783  3758    1
20204    1850  1251  1940  3411    2
20205    1194  1793  1795  3411    2
20206    1194  1795  1955  3411    2
20207     326   422  2913  4370    2
20208    1591  2077  2401  3648    1
20209     308   316   970  3829    2
20210    1591  1578  2077  3648    1
20211    2728  2801  4274  4399    2
20212    1715  1679  2665  3412    1
20213    2665  1679  3164  3412    1
20214    1715  2665  3164  3412    1
20215    1596  2343  2831  3415    1
20216    2198  2314  2681  3415    1
20217    2151  2198  2681  3415    1
20218    2254  2611  1350  1327    2
20219    2280  2151  2681  3415    1
20220    2207  1607  2990  3415    1
20221    1607  2207  2314  3415    1
20222    2314  2207  2990  3415    1
20223     789  1021  2831  3415    1
20224    1021   789  2151  3415    1
20225    1021  2151  2280  3415    1
20226    1021  2280  2990  3415    1
20227    1643  1268  3197  3437    1
20228    2241  2536  2700  3437    1
20229    2241  2700  3120  3437    1
20230    2536  2435  2700  3437    1
20231     708   611  1235  3988    2
20232    1332  2472  3503  4188    2
20233    2366  3247  3399  3506    1
20234    3068  2598  3232  3501    1
20235    1528  1053  2811  3623    1
20236     894   436  2811  3623    1
20237    1053   894  2811  3623    1
20238     350   436   894  3623    1
20239    2023  1723  3156  3417    2
20240    1965  3157  3359  3417    1
20241    2023  1965  3359  3417    1
20242    1965  2023  3157  3417    1
20243    1723  2023  3359  3417    1
20244    2684  1723  3359  3417    1
20245    2297  3086  3215  3497    1
20246    2842  1607  3074  4361    1
20247     990   787  1541  3419    2
20248    1544  1541  3076  3419    2
20249    1549  1544  3076  3419    2
20250     135  3495  3496  3587    2
20251    2555  2167  3571  3588    2
20252     990  1541  1544  3419    2
20253     990  1544  1549  3419    2
20254    2167  2555  2977  3588    2
20255     929   817  2033  3420    1
20256     929  2033  2346  3420    1
20257    2396   817  3080  3420    1
20258    3327  1149  3460  3588    2
20259     687  1781  2148  4207    1
20260    2329   154  4299  4376    1
20261    3493   136  3584  3587    2
20262    2992  1163  3626  4322    2
20263    1501  2660  2673  4168    1
20264     884  1274  2421  3497    1
20265    1998  2444  3276  3421    1
20266    2044  1926  2273  3865    1
20267    1987  1283  3376  3456    1
20268    1806  2851  3084  3423    2
20269     807  1875  3626  4130    2
20270     588   397  2067  3424    2
20271     480   397  2897  3424    2
20272     588  2136  2897  3424    2
20273     397   588  2897  3424    2
20274     511   480  2897  3424    2
20275     480   511  2136  3424    2
20276    2136   511  2897  3424    2
20277     915   855  1117  3425    2
20278    1117   855  3085  3425    2
20279     388  1241  1333  4179    2
20280    1891   983  3446  4179    2
20281     769  1190  1692  4179    2
20282    1241  1180  1692  4179    2
20283    1111  1769  2259  4098    1
20284    2646  2471  3087  3438    1
20285    3176  3471  4141  4340    1
20286    3117  1346  3833  4264    2
20287    1240   728  1640  3427    1
20288    1640   728  1644  3427    1
20289     140  3567  4141  4340    1
20290     546  1271  1730  4386    2
20291     574  1484  2097  3427    1
20292     728   574  1644  3427    1
20293    1644   574  2097  3427    1
20294    2271  3032  3395  3515    1
20295    1640  1644  2180  3427    1
20296    1640  2180  3090  3427    1
20297    1683  2700  2742  3515    1
20298    2806   930  3995  4072    1
20299     518   611  1258  3988    2
20300    3308  2704  3471  4340    1
20301    2025   134  3426  4178    2
20302    1051  2398  3899  4280    1
20303    2213  1406  3995  4072    1
20304    1625   960  4095  4264    1
20305     988  2675  2845  3650    1
20306     788  1403  2001  3938    2
20307     595  1075  1341  3930    2
20308    1200   770  1627  3578    2
20309    2309  3176  3264  3470    1
20310    3176  2677  3264  3470    1
20311     743   876   901  4142    1
20312     203   201  2353  3431    2
20313    1705  2658  4148  4251    2
20314    1951  2353  2372  3431    2
20315    3054  2888  3430  3504    2
20316    1504   575  2698  3512    2
20317    3454  3417  3505  3513    1
20318    3233  2667  3417  3513    1
20319    3417  2684  3505  3513    1
20320     556   414  3304  4276    1
20321    1415  2528  3189  3553    2
20322    2309  3054  3264  3504    2
20323    2353  1951  3337  3431    2
20324     203  2353  3337  3431    2
20325     152   150  3978  4071    2
20326    2916  3032  3398  3924    2
20327    2238  2069  2630  3912    2
20328    1843  1249  1856  3901    1
20329     167  2995  3043  3912    2
20330    1249  1843  2857  3901    1
20331    2314   167  2681  3912    1
20332    2681  2280  3415  3912    1
20333    2709  3364  3601  4007    1
20334    3072  1947  3316  4361    1
20335     798  2495  2777  4202    1
20336    3239  1004  3378  3554    2
20337    3014  3070  3642  3251    1
20338    2998  2977  3526  3556    1
20339    2173  2867  3878  4084    2
20340    2977  2421  3497  3556    1
20341    3179  2998  3526  3556    1
20342    2520  2421  2977  3556    1
20343     949   598  1420  3434    2
20344     787   949  1420  3434    2
20345    2439  1549  3419  3434    2
20346     852   787   990  3434    2
20347    2439  2131  2563  3434    2
20348    1549  2439  2563  3434    2
20349     990   787  3419  3434    2
20350    1549   990  3419  3434    2
20351    2131   852  2563  3434    2
20352     852   990  2563  3434    2
20353     990  1549  2563  3434    2
20354     872  1146  3418  3435    2
20355    1503   872  3418  3435    2
20356    2947   128  3036  3527    2
20357    1612  2471  2646  3557    1
20358    2998  2977  3299  3526    2
20359    1373  1268  1643  3437    1
20360    3502  3288  4182  4340    1
20361    3567  3502  4182  4340    1
20362    2704  3288  4206  4340    1
20363    1189  3197  1557   900    1
20364    1643  3197  1189  3437    1
20365    1189   900  2241  3437    1
20366    1189  2241  2375  3437    1
20367    1643  1189  2375  3437    1
20368    2375  2241  2646  3437    1
20369    2646  2241  3120  3437    1
20370     772  3170  3177  4385    1
20371    2216  1373  3426  3437    1
20372    3176  3308  3471  4340    1
20373    3471  2704  4206  4340    1
20374    3307  3567  4182  4340    1
20375    3471  3288  3502  4340    1
20376    3288  3471  4206  4340    1
20377    1507  1709  2160  3439    2
20378    1507  2160  3123  3439    2
20379    1144  1283  2740  3560    1
20380    1010  1450  3371  3954    1
20381    1283  1144  1410  3560    1
20382    1616   713  3985  4099    2
20383    2740  1283  3456  3560    1
20384    3161  2870  3456  3560    1
20385     713   592  1785  4099    2
20386     713  1785  3985  4099    2
20387    2870  3161  3440  3560    1
20388    2952  2870  3009  3560    1
20389     946  1385  2558  3443    1
20390      26    25  3987  4288    1
20391    3515  3395  4263  4288    1
20392    1871  2693  3816  4372    2
20393    2370  3125  3441  3442    1
20394     713  3724  3888  4099    2
20395     489   529  1778  4099    2
20396    3724  2265  3888  4099    2
20397     317   489  2265  4099    2
20398    4006  2747  4155  4335    1
20399      55    56  2956  4239    1
20400    1385  1564  1832  3443    1
20401    1385  1832  2371  3443    1
20402    3851  1737  3892  3899    1
20403    1300   798  1557  3819    1
20404     923  1634  3012  3909    2
20405    2469  1872  4079  4125    2
20406     153  2329  4006  4155    1
20407    2215  1975  2262  3719    2
20408    2262  1886  3071  3719    2
20409    2046  2262  2367  3719    2
20410     471   798  1120  3819    1
20411     471   589   798  3819    1
20412     429   471  1665  3819    1
20413     471   429   589  3819    1
20414    2479  3630  3884  4097    1
20415    1120   798  1300  3819    1
20416    3118  3418  3858  4271    2
20417    3838  3188  3858  4271    2
20418    3525  3654  3838  4271    2
20419     635   519   831  4109    2
20420    1336  1535  1653  4109    2
20421    1535   519  1865  4109    2
20422     983   769  3133  3446    2
20423    1315  1265  2724  4180    2
20424    2957  1190  3254  4180    2
20425    2459  1315  3633  4180    2
20426    1315  2724  3633  4180    2
20427    1493  2834  3133  3446    2
20428    1508  1493  3133  3446    2
20429    1493  2278  2456  3446    2
20430    1493  1508  2278  3446    2
20431    1960  2456  2834  3446    2
20432    1493  1960  2834  3446    2
20433    1960  1493  2456  3446    2
20434     623   749  3211  3449    1
20435    1942  2293  3373  3549    2
20436     202   201  3468  4160    1
20437    1445  1248  1885  3568    1
20438    1378   632  3884  4321    1
20439    2183   477  3224  4199    2
20440    1984   807  1997  3569    2
20441    1609  2306  3303  3563    2
20442    2466  3078  3100  4342    2
20443    1486  1440  4181  4192    2
20444     459   266   782  4194    2
20445     944  1825  2401  3524    1
20446    1885  1624  1896  3524    1
20447    2221  2128  3092  3569    2
20448    3440  3376  3558  4221    1
20449    4038  1691  4133  4330    2
20450    2905  1340  3298  3476    2
20451    1497  2673  3799  4185    1
20452    2810  1340  2905  3476    2
20453    2501  2627  3172  3530    1
20454    2450  1632  4025  4181    2
20455    1411  2450  4025  4181    2
20456     653   680  1369  4181    2
20457    1531  2394  2496  3695    2
20458     340   347   502  3921    1
20459    1369  1411  4025  4181    2
20460     653   485   680  4181    2
20461    1369   680  1411  4181    2
20462    1763  1879  1984  3453    2
20463    1879  1763  1958  3453    2
20464    1879  2034  2128  3453    2
20465    1984  1879  2128  3453    2
20466    2182  2034  3152  3453    2
20467     759  1444  1928  3570    2
20468    2128  2034  2182  3453    2
20469    2226  1938  3152  3453    2
20470    2034  2226  3152  3453    2
20471    1938  2133  3453  2226    2
20472    1751  1693  1938  3453    2
20473    1690  2288  3162  3570    2
20474    1693  1751  2133  3453    2
20475     759  1928  3457  3570    2
20476    1761  1069  3719  4238    2
20477    2288  2134  3162  3570    2
20478    3162  2134  3457  3570    2
20479    2802  3162  3457  3570    2
20480    1444  1018  1859  3570    2
20481    1283  1923  3376  3456    1
20482    3376  1923  3440  3456    1
20483    3161  2758  3440  3456    1
20484    2191  1289  2743  3808    2
20485     820  1426  3282  3776    2
20486     142   141  3192  4150    2
20487      32  2370  3441  3561    1
20488      30  1897  2231  3561    2
20489    1386  1945  2740  3456    1
20490    1622  1386  2740  3456    1
20491    1386  1622  1945  3456    1
20492    2740  1945  2870  3456    1
20493    2870  1945  3161  3456    1
20494      30    32  1897  3561    2
20495    2421  3309  3543  3895    1
20496    2257  1237  3226  4208    1
20497    2510  2304  3135  3589    2
20498     165  2238  2630  3912    2
20499    1501  2673  3970  4168    1
20500    2660  3900  4140  4168    1
20501    2605  1274  3086  3459    1
20502    1968  2605  3086  3459    1
20503    2605  1968  2770  3459    1
20504    2605  2770  3055  3459    1
20505    1274  2605  3055  3459    1
20506    2304  1687  3400  3589    2
20507    3222  2660  4140  4168    1
20508      87  2448  3477  3499    1
20509    2117  2860  3370  3589    2
20510    1687  3299  3527  3589    2
20511     745  1785  2755  3985    2
20512    3299   126  3527  3589    2
20513    1687  2304  3180  3589    2
20514     237  2085  3164  3461    1
20515    2085   237  2492  3461    1
20516    2492   237  3164  3461    1
20517    2085  3164  1715  2960    1
20518    3164  1715  2960  2665    1
20519    3164  2085  1715  3461    1
20520    3418  3534  4271  4399    2
20521    1181  1704  2541  3462    2
20522    2541  1704  3165  3462    2
20523    2076  1437  2224  3462    2
20524    2224  1437  3165  3462    2
20525    3798  2400  3889  4094    1
20526    2085  1681  3692  3783    1
20527     239   237  2960  3464    2
20528     237  2492  3164  3464    2
20529    2960   237  3164  3464    2
20530    2642  2960  3164  3464    2
20531    2404  2492  3165  3464    2
20532    2492  2404  3164  3464    2
20533    3164  2404  3165  3464    2
20534    3165  3164  2642  2139    2
20535    3164  3165  2642  3464    2
20536     790  1282  3167  3465    2
20537     508   790  2397  3465    2
20538     790   508  1282  3465    2
20539    1036   497  2397  3465    2
20540     497  1036  1282  3465    2
20541     497   508  2397  3465    2
20542     508   497  1282  3465    2
20543    1000  1142  3425  3466    2
20544     915  1000  3425  3466    2
20545    1167  1227  2170  3466    2
20546    1167  2170  3168  3466    2
20547    1078  1227  2432  1215    2
20548    1227  1078  2432  3466    2
20549    2170  2432  3168  3466    2
20550    2170  1227  2432  3466    2
20551     724  1117  2136  3466    2
20552    2136  1117  3425  3466    2
20553    3169  3467  3574  3575    1
20554    3145  3334  3451  3792    1
20555     865   770  1200  3578    2
20556    1721  1714  2893  3870    2
20557     850  1910  2318  3469    2
20558    1702   850  2318  3469    2
20559     850  1702  1910  3469    2
20560    1611  2318  3178  3469    2
20561     134   133  3120  4339    1
20562    2924  3315  3867  3984    2
20563     770   865  1627  3578    2
20564    1161  1447  2822  3578    2
20565    2400  1642  3798  3864    1
20566    1263  1245  1861  4052    1
20567    1245   916  1861  4052    1
20568      43  2274  2508  4018    1
20569    3463  3699  3867  3984    1
20570    2757  2896  3533  4022    1
20571    2533  3702  4211  4232    1
20572     376   445  2111  4235    1
20573     486   454  2793  4189    2
20574      25  2603  3987  4288    1
20575    1414   512  2975  4256    1
20576     425   578   705  4142    1
20577    4014  3667  4353  4373    1
20578    3325  3306  3389  4371    2
20579    1024   717  2083  3664    1
20580    2773   755  2832  3473    2
20581     545  2773  2832  3473    2
20582    1090  1367  2773  3473    2
20583     134  2452  3426  4339    1
20584     545  2685  2773  3473    2
20585     225  3394  3926  4184    2
20586    2056  2782  3394  4184    2
20587    1484   717  2097  3664    1
20588    2627  2501  2823  3664    1
20589    2627  1964  3530  3664    1
20590     755   433  1448  3473    2
20591     755  1448  2832  3473    2
20592     975  2218  3307  4385    1
20593    3732  3265  3958  4184    2
20594     681  1090  2685  3473    2
20595    2685  1090  2773  3473    2
20596    2051  2372  2904  4160    1
20597    1845  2671  3107  4089    1
20598    1820  1316  2871  3476    1
20599    1820  2871  2918  3476    1
20600    2877  3222  4140  4185    1
20601    2877  3932  4089  4185    1
20602    1340  1316  2999  3476    2
20603    1340  2999  3298  3476    2
20604    4140  3222  4168  4185    1
20605    2762  3514  3806  3958    1
20606    2703  1820  2918  3476    1
20607    2703  2918  3115  3476    1
20608    1316  1820  2999  3476    1
20609    2999  1820  3298  3476    1
20610    2531  2522  2955  3478    2
20611    2388  1071  3195  3478    2
20612     674  1387  2531  3478    2
20613    1210   674  2531  3478    2
20614     674  1210  1387  3478    2
20615    1071  1210  2379  3478    2
20616    1071  2379  2521  3478    2
20617    1387  2388  2430  3478    2
20618    2522  1797  2607  3478    2
20619    1797  2522  2531  3478    2
20620    1387  1071  2178  3478    2
20621    2178  1071  2388  3478    2
20622    1387  2178  2388  3478    2
20623    2531  1210  2379  2641    2
20624    1210  2531  2379  3478    2
20625    1460  2379  2531  3478    2
20626    2379  1460  2521  3478    2
20627    2521  1460  2531  3478    2
20628      88  2388  3195  3478    2
20629    2388    88  2430  3478    2
20630    2430    88  3195  3478    2
20631     335   861  1141  4343    2
20632    1416  1411  2450  4025    2
20633    2887  2297  3460  3602    2
20634     230  2331  2732  3941    2
20635    3349  3696  3710  3802    1
20636    1987  1262  3575  3802    1
20637    1262  1987  3710  3802    1
20638     613   966  1162  3826    1
20639    1442  2189  3196  3479    1
20640    2532  1442  3196  3479    1
20641    2470  2498  3460  3602    2
20642    3571  3110  3731  2555    2
20643    1216  3080  3420  4169    1
20644    2750  2477  3333  3907    1
20645    2456  1866  3446  3836    2
20646    1231  1012  2490  3772    1
20647    1996  2059  3481  3482    2
20648    3503  2590  3565  3810    1
20649    2604  2846  2926  3579    2
20650    1946  2474  3283  3579    2
20651      67  3757  4318  4379    2
20652    2264  1996  3481  3482    2
20653     734  2948  4023  4189    2
20654    3199  2264  3481  3482    2
20655    1139  1603  2799  3482    2
20656    1603  1139  2264  3482    2
20657    1996  1139  2799  3482    2
20658    1139  1996  2264  3482    2
20659    1673  2506  3483  3579    1
20660    2926  2506  3002  3579    1
20661    2604  2926  3002  3579    1
20662    1933  1673  3002  3579    1
20663     203   202  3431  3810    2
20664    3337  3431  3565  3810    2
20665    3431   202  3576  3810    2
20666    3652  2154  3736  3740    2
20667     846   630  2282  3656    2
20668    1440   989  1481  4181    2
20669    3221  1824  1583  2109    2
20670     136   135  3587  4209    1
20671    1436  1344  2655  3581    1
20672    1835  1436  2348  3581    2
20673    2348  1436  2543  3581    1
20674    3492  3221  1824  1583    2
20675    3153  3761  4124  4146    1
20676    3110  2555  3571  3588    2
20677     217  2348  2543  3581    1
20678    2120  1855  4080  4197    1
20679     217  3488  3489  3581    1
20680     217  2543  3488  3581    1
20681    1805  2214  3316  4197    1
20682    1835   217  2814  3581    2
20683     690  1072  3111  4014    1
20684     886   475   969  3490    2
20685     475   334   958  3490    2
20686     958   334  1134  3490    2
20687     886   969  1394  3490    2
20688     969   886  1394  3332    2
20689    1134   886  1251  3490    2
20690    1251   886  3411  3490    2
20691     814   521  1135  3490    2
20692     354   886  1134  3490    2
20693     354   475   886  3490    2
20694     334   354  1134  3490    2
20695     354   334   475  3490    2
20696    1135  1134  1251  3490    2
20697    1135  1251  3411  3490    2
20698     814  1135  3411  3490    2
20699     589  1134  1135  3490    2
20700     521   589  1135  3490    2
20701     589   521  1134  3490    2
20702    2144  2160  3123  3634    2
20703    2053  3079  3493  3584    2
20704    3079  3209  3583  3584    2
20705    1808  1583  3221  3492    2
20706    2753  2992  3807  4322    2
20707    2949  1541  3419  3584    2
20708     804  1431  3583  3584    2
20709    3419  1541  3493  3584    2
20710    2796   133  3119  3557    2
20711    3209  1808  3583  3585    2
20712    2033  2346  3420  3494    1
20713    2346  2033  2396  3494    1
20714    2053  3209  3493  3494    1
20715    3080  2053  3493  3494    1
20716    2053  3080  3209  3494    1
20717     637   419  4216  4347    1
20718    1895  1237  3267  4345    1
20719    3390  3025  3903  4210    2
20720    3390  2624  4092  4210    1
20721    2346  2949  3210  3587    1
20722    3025  3390  4092  4210    1
20723    3496  2949  3584  3587    2
20724    2297  2167  3498  3588    2
20725    3420  2033  2396   817    1
20726    2033  3420  2396  3494    1
20727    2980  3496  3584  3587    2
20728     524   637  3925  4347    1
20729    2949  3493  3584  3587    2
20730    1553  1420  2981  3496    2
20731    1420  1553  2949  3496    2
20732    1420  1635  2981  3496    2
20733    2980   135  3495  3496    2
20734    1808  3209  3494  3585    1
20735    3492  1808  3494  3585    1
20736    1530  1506  2993  3634    2
20737    1094  1136  1259  4377    2
20738    1520  1858  2594  4071    2
20739    2471  3119  3438  3557    1
20740    3119   133  3438  3557    1
20741     133  3207  3438  3557    1
20742    2986  2296  3463  3746    1
20743      89  1651  3218  3499    1
20744    2594  1858  3722  4071    2
20745     151   152  3094  4071    2
20746      87    89  2430  3499    2
20747    2471  2796  3119  3557    2
20748    1826  2430  2939  3499    2
20749    2448  1826  2939  3499    2
20750    2371  2448  2939  3499    2
20751    3603  3302  4162  4173    1
20752    1973  1331  2688  3568    1
20753    2948   734  3042  4189    2
20754    1484  1787  2757  3514    1
20755    1787  1484  3427  3514    1
20756    1644  2097  2697  3514    1
20757    2919  3172  3302  4173    1
20758    1163   909  2992  3626    2
20759    2372  2051  3184  4160    1
20760    3293  2401  3524  3568    1
20761     193  3292  3389  3501    1
20762    2837  2877  3932  4089    1
20763    2667  3359  3417  3513    1
20764     103  2893  4028  4234    2
20765    2671  2837  3932  4089    1
20766    2668  1424  2903  4161    1
20767    2598  3068  3359  3513    1
20768     604  2437  3357  4189    2
20769     551   539  2324  4189    2
20770    3216  1702  3469  3577    2
20771    1702  1910  3469  3577    2
20772    3302  3531  4162  4336    1
20773    1623  1224  1848  3811    2
20774    3120  3437  4339  4384    1
20775    2888  3017  3243  3504    2
20776    3017  2888  3054  3504    2
20777    2309  2218  3017  3504    2
20778    3017  2218  3243  3504    2
20779    1015  1177  2261  4096    1
20780    1936  1895  2895  4095    1
20781      35    34  3944  3993    2
20782    2888  2684  3306  3505    2
20783    3306  2684  3322  3505    2
20784    2653  2579  3922  4096    1
20785    3417  2193  3454  3505    2
20786    2193   910  3454  3505    2
20787    1607  1671  3636  4248    2
20788    1659  2715  3533  3994    1
20789     820  1801  2052  4062    2
20790    2097  1659  2697  3514    1
20791     288   265  4013  4031    2
20792     816  1872  2469  4125    2
20793     613   756  2570  4105    1
20794    2992  3400  1678  3507    2
20795    1485  1068  1513  3507    2
20796    1513  1068  3400  3507    2
20797    2992  1485  1513  3507    2
20798    1485  2992  1513   909    2
20799    1068   962  2465  3507    2
20800     962  1899  2391  3507    2
20801    2391  1899  2465  3507    2
20802     962  2391  2465  3507    2
20803    2049   961  3026  3509    2
20804     198  2169  2181  3771    2
20805    2049  3026  3256  3509    2
20806     198  1741  2169  3771    1
20807    1741   198  3687  3771    1
20808     508   961  1147  3509    2
20809    1147   961  2049  3509    2
20810     790   508  1147  3509    2
20811     790  1147  2049  3509    2
20812    1368  1307  2562  4136    1
20813     472   444  3333  3907    1
20814    3222  2660  3923  4140    2
20815    1012  1757  2490  3772    1
20816    3238  1500  3972  4332    2
20817    1205  1727  2283  3773    2
20818    1828  1577  2181  3771    2
20819      76    77    75  4369    1
20820    3913  4221  4284  4369    1
20821    2690   841  3297  3857    2
20822     846  1123  2446  3656    2
20823     898   604  2446  3656    2
20824      71  2776  3807  4306    2
20825     565   738  2559  4304    1
20826    4115  3219  4152  4306    2
20827     801  2948  3042  4189    2
20828     412   539  3357  4189    2
20829     801   454  2948  4189    2
20830     454   801  2437  4189    2
20831     862  1775  4131  4251    2
20832    2601  3114  4233  4234    2
20833     454   604  2793  4189    2
20834    2324   801  3042  4189    2
20835    1823  1197  3611  4188    2
20836     174   176  3798  4011    1
20837    3243   910  3500  3513    1
20838    2667   910  3243  3513    1
20839    1818  2667  3243  3513    1
20840    1484  2097  3427  3514    1
20841    2097  1484  2757  3514    1
20842    2128  3453  3569  4191    2
20843    2328  2716  3213  4028    2
20844    3246  2128  3351  4191    2
20845    3978  2594  4032  4071    2
20846    2398  3715  3899  4280    1
20847    1222  1338  2745  4280    1
20848    1844  1408  2200  3892    1
20849     924  1932  2200  3892    1
20850    2530   151  3722  4071    2
20851    2988  3245  3828  4075    2
20852     150   151  2530  4071    2
20853    3094  2828  3722  4071    2
20854     152  3978  4032  4071    2
20855    1040  1322  1771  4135    1
20856    3922  3969  4096  4136    1
20857    2524  1393  3360  4136    1
20858    3016   560  3854  4135    1
20859    2039   462  2817  3604    1
20860    1197  1456  1976  3604    1
20861    3627  3828  4075  4317    1
20862      63  3039  3187  3634    2
20863    1506  3039  3608  3634    2
20864    1692  1773  1856  3517    2
20865    1692  1249  2087  3517    2
20866    2087  1249  2919  3517    2
20867      38  3549  3981  4301    1
20868    2062  3206  3635  3902    2
20869     431   934  1755  4065    1
20870    1749  2057  3187  3634    2
20871    2160  2144  3187  3634    2
20872    2993  2144  3123  3634    2
20873    2102  2730  2765  3520    2
20874    1231  2490  3278  3949    1
20875     993   921  3709  3875    1
20876    1328  2168  3038  4229    2
20877    1927  1979  2730  3520    2
20878    2730  1979  2765  3520    2
20879    1375  1519  2102  3520    2
20880    2102  1519  2730  3520    2
20881    1519  1927  2730  3520    2
20882    1519  1375  1927  3520    2
20883     779  3648  3827  4401    1
20884     478   485   989  4192    2
20885    2429  3033  3245  4130    2
20886     265   288   638  4194    2
20887    1997  1738  2221  4130    2
20888    2865  2866  2895  4174    1
20889    3338  2953  3374  3522    2
20890    1997  2221  3569  4130    2
20891    3351  3041  3961  4130    2
20892    3245  3033  4093  4130    2
20893    1738  3626  3691  4130    2
20894    1396  2294  2376  3891    1
20895    2720  2327  3782  3891    1
20896    2953  3013  3374  3522    2
20897    1853  2729  3013  3522    2
20898    3013  2729  3374  3522    2
20899    2214   999  3269  4207    1
20900    2270  1606  3874  3948    2
20901    1340  2905  2999  3881    2
20902    2999  2905  3298  3881    2
20903    2315  3351  3886  4009    1
20904    1617  1624  1885  3524    1
20905    1248  1617  1885  3524    1
20906    1617  1248  1624  3524    1
20907    1377  1440  1486  4192    2
20908    2315  3246  3351  4009    1
20909     290   295  1468  4144    2
20910    3484  2036  3655  3739    1
20911    2786  3299  3498  3527    2
20912    3215  2786  3498  3527    2
20913     127  3215  3498  3527    2
20914    2947  2786  3215  3527    2
20915     128  2947  3215  3527    2
20916    2578  2947  3036  3527    2
20917    2786  2578  3036  3527    2
20918    2578  2786  2947  3527    2
20919    3498  3299  3526  3527    2
20920     127  3498  3526  3527    2
20921    3100  3862  4111  4345    1
20922    1130  1150  4107  4413    2
20923    3757  1128  3790  4195    2
20924     741   514  2961  4413    2
20925     434   618  1150  4413    2
20926    1130  4107  4409  4413    2
20927    2961  1418  4409  4413    2
20928     618   514   741  4413    2
20929    1249  2087  2919  3530    2
20930    2986  1569  3315  4017    2
20931    3315  3867  3984  4017    2
20932     165  2630  2681  3912    1
20933    1692  1249  3301  3530    2
20934    1249  1692  2087  3530    2
20935    2924  2072  3867  4017    2
20936    3315  2924  3867  4017    2
20937    2501  2087  3065  3530    2
20938    2827  2093  3174  4017    2
20939    2630  2280  2681  3912    1
20940    2238   167  3043  3912    2
20941    2857  1964  3301  3530    1
20942    1249  2857  3301  3530    1
20943    2986  2827  3174  4017    2
20944    2093   943  3174  4017    2
20945     542   328   634  3832    2
20946      25  3399  3506  3987    1
20947     922  3260  3303  3532    1
20948     474   661  2519  4069    2
20949    1816  1911  2157  3938    2
20950    1298  2554  2626  3938    2
20951    1064   492  2287  3832    2
20952    1752  2757  2896  3533    1
20953     808   832  1413  3665    1
20954    1484  2097  2757  3533    1
20955    1752  1484  2757  3533    1
20956    1772  2896  3326  3533    1
20957    2317  1772  3326  3533    1
20958     551   703  2793  4023    2
20959    1425  2327  3891  4263    1
20960    2494  2650  3166  3665    1
20961    2650  1259  3658  3665    1
20962    1397  2494  3166  3665    1
20963    3351  2128  3569  4191    2
20964    2429  1984  3639  4191    2
20965     484   486  2793  4023    2
20966     703  3310  3429  4023    2
20967    1153   486  1702  4023    2
20968     551   734  3310  4023    2
20969    3610  3597  4064  4073    2
20970    3927  3004  3940  4121    2
20971    2141  1261  2333  4190    2
20972    1702  1910  3577  4023    2
20973     703   551  3310  4023    2
20974    1089  1589  3429  3535    1
20975    3339  3340  1089  2676    1
20976    3340  3339  1089  3535    1
20977    1589  1279  3429  3535    1
20978    1279   703  3429  3535    1
20979     703  3340  3429  3535    1
20980    1268  1490  1499  3596    2
20981    2318  3178  3469  3537    2
20982    1910  2318  3469  3537    2
20983    3234  2965  3346  3538    2
20984    2549  3234  3346  3538    2
20985    2788  2680  3536  3538    1
20986    3356   105  3536  3538    1
20987    2680  1286  3356  3538    1
20988    2680  3356  3536  3538    1
20989    1910  2676  3340  3539    2
20990    2676  1910  2900  3539    2
20991    1357  1207  2792  3541    2
20992    2792  1207  2962  3541    2
20993    1207  2069  2962  3541    2
20994    3566  4088  4159  4214    2
20995    2238  2069  3208  3541    2
20996    2263  2630  3353  3541    2
20997    1199  2751  2792  3541    2
20998    1199  2630  2751  3541    2
20999    1199  2792  2962  3541    2
21000    2280  2069  2630  3541    2
21001    1199  2280  2630  3541    2
21002    1838  2283  3629  3689    1
21003    2238   165  2630  3541    2
21004    2630   165  3353  3541    2
21005    2280  1199  2962  3541    2
21006    2069  2280  2962  3541    2
21007    2855   523  3057  4001    2
21008    2192  2805  2819  4000    1
21009    2421   976  2555  3543    1
21010     976  1077  2555  3543    1
21011    1383   594  1905  4176    2
21012     779  1895  3159  4208    1
21013    3358  3309  2421   773    1
21014    3309  3358  2421  3543    1
21015     973   898  3445  4108    2
21016    1988  2575  2907  4108    2
21017    3131  3822  4108  2443    2
21018    2354  3438  3681  4178    1
21019    1988  3131  3445  4108    2
21020    3008  3704  4281  4365    2
21021    3502  3523  4159  4214    2
21022    2168  1772  2317  3545    2
21023    2162  2168  2317  3545    2
21024    1328  2162  2649  3545    2
21025    2162  1328  2168  3545    2
21026     684   596  2416  4400    1
21027    4088   139  4214  4319    2
21028    2451  3365  3380  3545    2
21029     763  1635  4110  4228    2
21030    2985  2797  3380  3545    2
21031    2797  2985  3365  3545    2
21032    3365  2985  3380  3545    2
21033    2197  2745  2967  4381    1
21034    3226  1128  3648  3757    1
21035    2292  1772  2896  3545    2
21036    2168  2292  2896  3545    2
21037    1772  2168  2896  3545    2
21038    2168  1328  2292  3545    2
21039    2292  1328  2649  3545    2
21040     630  1273  2691  3548    1
21041     630  2691  2972  3548    1
21042    2763  1670  3450  3548    1
21043    2282  2763  3450  3548    1
21044    1670  1125  2055  3548    1
21045    1670  2055  3450  3548    1
21046    2282  1123  2763  3548    1
21047    1123  1670  2763  3548    1
21048    2691  1273  3535  3548    1
21049    2972  2691  3535  3548    1
21050    2007  1273  3450  3548    1
21051    1273  2007  2055  3548    1
21052    2055  2007  3450  3548    1
21053    3591  3024  4043  4120    2
21054    2215  2149  2534  3551    2
21055    1853  1136  1942  3550    2
21056    1942  1136  3549  3550    2
21057    2729  1853  3013  3550    2
21058    1633  3401  3880  3982    1
21059    3551  2534  3880  3982    1
21060    2438  2729  3549  3550    2
21061    2438  1853  2729  3550    2
21062    1136  1853  2438  3550    2
21063    1136  2438  3549  3550    2
21064    1516  1507  3401  3982    1
21065    1529  1521  2149  3982    1
21066    1633  1516  3401  3982    1
21067    2149  2534  3551  3982    1
21068     892   518  4154  4238    2
21069    1584   865  3874  3948    2
21070    1584  3683  3686  3948    2
21071    3441  1897  3561  4198    2
21072    1992  1457  3795  3992    1
21073    1457  1992  3733  3992    1
21074    2962   926  3628  3636    2
21075    3228  3463  3699  3867    1
21076    1592  1992  2349  3992    1
21077    2231  2005  3561  4198    2
21078    2787  1855  3910  4080    1
21079    2076  3350  3574  4048    2
21080    2137  2903  4047  4335    1
21081    2076  1437  3462  4048    2
21082      42  2496  3695  4021    2
21083    1004   824  3378  3554    2
21084     824  1004  2384  3554    2
21085    1768  2507  3883  4126    1
21086    2881  2267  3553  4201    2
21087    1872  2237  2469  4079    2
21088      42    43  2508  4021    1
21089    2757  2097  3514  4022    1
21090      43    42  3695  4021    2
21091    2977  3497  3498  3556    1
21092    2977  3498  3526  3556    1
21093    2996   127  3215  3556    1
21094    2996  3215  3497  3556    1
21095    3498   127  3526  3556    1
21096    3497  3215  3498  3556    1
21097    3215   127  3498  3556    1
21098     544   362  3956  4144    1
21099    1539  1431  3079  3952    2
21100    3224   293  4199  4203    2
21101     382   477  4199  4203    2
21102     293   364  3925  4203    1
21103    1128  2526  3226  3648    1
21104    2111  1050  2121  3758    1
21105    3204  3024  3591  3642    1
21106    3169   185  3574  3711    2
21107    3467  3169  3574  3711    2
21108    3135  3370  3547  3954    1
21109      90    92  2461  4138    2
21110    3296   884  3406  3954    1
21111    1410  1288  2952  3560    1
21112    3143   364  3224  4204    2
21113     382   341  3925  4199    1
21114    2183   293  3666  4199    1
21115     975  2434  3124  3562    2
21116     824   577  1698  4201    2
21117     841  3281  3448  3562    2
21118     577   824  2267  4201    2
21119    2628  2677  4231  4371    2
21120     545  1122  2685  4183    2
21121     477   878  3224  4199    2
21122     351  2183  3925  4199    1
21123     339   477  2183  4199    2
21124    1698   500  2666  4201    2
21125     341   339   351  4199    1
21126    3666   293  3925  4199    1
21127    1242   767  3512  3565    2
21128    3337  3431  3512  3565    2
21129     690   767  2698  4373    2
21130    2690  2434  3281  3562    2
21131     841  2690  3281  3562    2
21132    3188  3009  3838  3858    2
21133    3228  3572  3699  4272    1
21134     433   422  1448  4183    2
21135     545   422  3659  4183    2
21136    2934   708  3988  4372    2
21137    3078  3409  3833  4372    2
21138    1284  1848  2921  3811    2
21139    1848  1224  2921  3811    2
21140    1224  1337  2921  3811    2
21141    2963  1497  3799  4089    1
21142    3714  2601  4233  4234    2
21143     738  1264  4304  4374    2
21144    3112  2031  4236  4374    2
21145    2239  2671  4053  4089    1
21146    3447  3448  3564  4341    2
21147    3224   364  4203  4204    2
21148     590   479  3143  4320    2
21149      24    26  3924  4288    1
21150    3395    26  3987  4288    1
21151     823   479  1031  4320    2
21152      25    26    24  4288    1
21153    3005  1122  3659  4183    2
21154     681   384  3473  4183    2
21155    1885  1248  3524  3568    1
21156    1445  1885  3524  3568    1
21157     215   213  3414  3649    1
21158    1244  1445  2526  3568    1
21159    1973  3293  3524  3568    1
21160    1973  2688  3293  3568    1
21161    1331  1244  1591  3568    1
21162    1591  1244  2526  3568    1
21163    2305   979  3808  4131    2
21164    2723  1289  3808  4131    2
21165     979  2723  3808  4131    2
21166    1305   979  2305  4131    2
21167    2221  3041  3351  3569    2
21168    2182  1938  3092  3569    2
21169    2182  1938  3453  3152    2
21170    1938  2182  3453  3569    2
21171    1928  1444  2253  3570    2
21172    1444  1690  2253  3570    2
21173    2253  1690  3162  3570    2
21174    1928  2253  2802  3570    2
21175    2802  2253  3162  3570    2
21176    2301  1501  3970  4168    1
21177    2301  1339  3900  4168    1
21178    2167  2421  2555  3571    1
21179      32  3125  3442  3896    1
21180    1147   790  2049  3573    2
21181     308   615   757  3573    2
21182     757   615  1147  3573    2
21183     503   790  1656  3573    2
21184    1905   320  2397  3573    2
21185     615  1905  2397  3573    2
21186     368  1147  2049  3573    2
21187     308   757   882  3573    2
21188     882   757  1147  3573    2
21189     368   503  1656  3573    2
21190     308   368  1656  3573    2
21191     503   368  2049  3573    2
21192     368   308   882  3573    2
21193     368   882  1147  3573    2
21194     790  2049   503  3509    2
21195    2049   790   503  3573    2
21196    2104  2873  3075  3697    1
21197    2217  1040  3185  4135    1
21198    2601  1931  3714  4233    1
21199    2311   185  3574  3575    1
21200     185  2311  2878  3575    1
21201     131   129  2979  3712    2
21202    3350  3169  3467  3711    2
21203    1181  2418  3462  4398    2
21204    3169  3349  3696  3711    2
21205     924   647  1096  4024    1
21206     401   647   722  4024    1
21207      80    79  2923  4050    1
21208    1023   633  3479  4024    1
21209     658   635  2350  3767    2
21210    2614  1881  3280  3645    1
21211    1280   314  1599  4106    2
21212     718   920  2332  3775    1
21213     512   688  1137  3775    1
21214     633   540  1614  4024    1
21215    1401  1338  2608  3801    1
21216    3241  1089  3429  3577    2
21217    1161  1200  1627  3578    2
21218    2420  2747  2803  4161    1
21219    2232  1623  3705  3811    2
21220    1200  2059  3482  3578    2
21221    3822   211  3837  3850    2
21222    3283  2107  3331  3579    2
21223    1946  3283  3331  3579    2
21224     112  2846  3483  3579    2
21225    2846   112  2926  3579    2
21226    2506   112  3483  3579    1
21227     112  2506  2926  3579    1
21228    1488  1338  1520  4030    2
21229     954   998  1205  4030    2
21230     216  2814  3489  3580    2
21231    3486   216  3489  3580    2
21232    2814   216  3344  3580    2
21233    3344   216  3486  3580    2
21234    3202  3344  3486  3580    2
21235    3202  2546  3344  3580    2
21236    3034  2546  3202  3580    2
21237    3034  3202  3486  3580    2
21238    1805  1781  2214  4197    1
21239    3485  3487  3488  3581    1
21240    3488  3487  3489  3581    1
21241    1342  3203  3486  3582    1
21242     490   582  3484  3582    1
21243     840   490  3484  3582    1
21244     582   893  3582   490    1
21245     893  1409  2475  3582    1
21246     373   908  1145  4412    2
21247    3484  3034  3518  3582    1
21248    1169  3484  3518  3582    1
21249    3203  1409  3488  3582    1
21250    3486  3203  3488  3582    1
21251     380   358   470  3632    2
21252     828  1130  2112  3632    2
21253    3265  3514  4124  4146    1
21254    3571  3743  4054  4310    1
21255    3210  2949  3496  3587    2
21256    3492  3007  3583  3585    2
21257    1808  3492  3583  3585    2
21258    3141  2156  3235  4112    2
21259     745   815  1616  3879    2
21260    2894  3007  3494  3586    1
21261     518   421   933  3843    2
21262    1804  1780  1888  3778    2
21263    3141    48  3191  4112    2
21264    3494  3007  3585  3586    1
21265     432   421  2464  3843    2
21266    2845  2675  3382  3929    2
21267    1687  3327  3460  3588    2
21268    1678  1687  3110  3588    2
21269    1149  1678  3110  3588    2
21270    3180  1687  3299  3588    2
21271    1687  2786  3299  3588    2
21272    2408  3110  3180  3588    2
21273    2977  2408  3180  3588    2
21274    2167  2977  3498  3588    2
21275    3299  2786  3498  3588    2
21276    2408  2555  3110  3588    2
21277    2555  2408  2977  3588    2
21278    2977  3180  3299  3588    2
21279    2977  3299  3498  3588    2
21280    1678  1149  3044  3588    2
21281    3044  1149  3327  3588    2
21282    1687  1678  3044  3588    2
21283    1687  3044  3327  3588    2
21284    2510  3179  3180  3589    2
21285    3180  3179  3299  3589    2
21286    3409  2866  3321  3766    2
21287    1790  2192  2582  3592    1
21288    1711  1790  2582  3592    1
21289    1606  1711  2582  3592    1
21290    1374  1637  3592  1038    1
21291    1038  1374  1604  3592    1
21292    2301  1339  2422  4212    1
21293    1604  1374  2124  3592    1
21294    2124  1374  3097  3592    1
21295    2267  3553  4201  4334    2
21296     386   351  1533  3752    1
21297    2819  1606  2930  3592    1
21298    2192  2819  2930  3592    1
21299    2582  2192  2930  3592    1
21300    1606  2582  2930  3592    1
21301    2422  3107  4055  4212    1
21302    1191  1339  1497  4212    1
21303    1014  1691  2422  4133    2
21304    1691  1153  3432  4133    2
21305    2614  1478  3279  3593    1
21306    3279  1478  3280  3593    1
21307    2614  3279  3280  3593    1
21308     561    16   692  3594    2
21309     145   144  2155  3706    2
21310    3109  2983  3617  3619    2
21311    2788  3339  3342  3595    1
21312    3342  3339  3537  3595    1
21313    3537  3339  3590  3595    1
21314    3339  3536  3590  3595    1
21315    3339  2788  3536  3595    1
21316    1155  1646  1744  3596    2
21317     188  1155  2146  3596    2
21318    1490   188  2146  3596    2
21319    1568  1490  2146  3596    2
21320    2146  1155  2203  3596    2
21321    1155  1076  2203  3596    2
21322    1422  1490  1568  3596    2
21323    1422  1568  2203  3596    2
21324    1568  2146  2203  3596    2
21325     188  1566  1646  3596    2
21326    1155   188  1646  3596    2
21327    3065  2587  3380  3598    2
21328    2587  3065  3172  3598    2
21329    2087  2919  3172  3598    2
21330    3172  2919  3302  3598    2
21331    2459  2458  3531  3598    2
21332    3302  2459  3531  3598    2
21333    1456  2039  2817  3604    1
21334    1952  2005  2231  4198    2
21335    1232   741  3542  3600    1
21336     678   514   741  3600    1
21337     678   741  3543  3600    1
21338    2532  1505  3479  3601    1
21339    1505  2532  2709  3601    1
21340    3363  2600  3546  3601    1
21341    1825  1941  2194  4008    1
21342    2859  3134  3566  4214    2
21343    1941   124  2941  4008    1
21344    3447  3134  3523  4214    2
21345    2692  2328  4028  4250    2
21346    2401  2077  4008  4213    1
21347    3422  2887  3460  3602    2
21348    2498  3422  3460  3602    2
21349    2366  3247  3506  4172    2
21350    2550  1024  3260  3936    1
21351     922  2550  3260  3936    1
21352    3260  3303  3532  3936    1
21353    1674  1661  1825  4213    1
21354    2498   234  3422  3602    2
21355    3123  2160  3187  3634    2
21356    2057  1506  3608  3634    2
21357    1652   379  2409  3960    2
21358     927  1878  3615  3680    2
21359     657  1652  1878  3680    2
21360    1652  2338  3615  3680    2
21361     927   657  1878  3680    2
21362     836   657  2417  3680    1
21363     657   836  1652  3680    2
21364     930  3614  3995  4074    1
21365    2125  1106  2338  3680    2
21366    2173  2867  2934  3878    2
21367    2062  4014  4353  4373    1
21368    2892  1819  3155  4166    2
21369    3101  2499  3409  3878    2
21370     162   164  2479  3606    1
21371     501   470  1515  3755    2
21372     705  1745  3225  3607    2
21373     578   705  3225  3607    2
21374     432   677  2464  3607    2
21375     677   432  1145  3607    2
21376     432  1745  3607  2464    2
21377     725   677  3253  3607    2
21378     578   725  3253  3607    2
21379    2464  2209  3225  3607    2
21380     373   571  1145  3607    2
21381     425   373  1145  3607    2
21382     373   425   571  3607    2
21383     677   725  2209  3607    2
21384     811  2209  2464  3607    2
21385     677   811  2464  3607    2
21386     811   677  2209  3607    2
21387     725   578  3225  3607    2
21388    2209   725  3225  3607    2
21389     801  1212  1271  3609    2
21390     602   801  1271  3609    2
21391     801   602  1212  3609    2
21392    2613  1995  2971  3967    1
21393    1583   916  2613  3967    1
21394     429   338   521  3956    1
21395    2277  1071  3182  3883    1
21396    1071  2379  3182  3883    1
21397    1197  1332  1976  3611    2
21398    1823  1197  1976  3611    2
21399    2634  1004  3378  4190    2
21400    1228   963  2333  4190    2
21401     963  2141  2333  4190    2
21402    2324   412  2437  4189    2
21403     539   604  3357  4189    2
21404     327   558  1618  3612    2
21405     392    15   446  3612    2
21406     446    15   590  3612    2
21407     327   410   534  3612    2
21408     675   534  1392  3612    2
21409     327   534   558  3612    2
21410     558   534   675  3612    2
21411    1188   675  1392  3612    2
21412     392  1188  1392  3612    2
21413    3109  1575  3704  4366    2
21414    1221   419  3673  4216    1
21415     306   392   410  3612    2
21416     327   306   410  3612    2
21417     534   410  1392  3612    2
21418     410   392  1392  3612    2
21419    1656   547  3252  4305    2
21420    3245  2988  3691  4093    2
21421    3245  3033  4075  4093    2
21422     140  3447  3502  4319    2
21423    1592  2187  3733  3992    1
21424    1457  1548  2108  3992    1
21425     354   474  1006  3615    2
21426     475  1006  1878  3615    2
21427     354   475  1878  3615    2
21428     475   354  1006  3615    2
21429    1320  1085  4105  4138    1
21430    1085  3279  4105  4138    1
21431    3279  3645  4105  4138    1
21432    2679  2935  3317  3639    2
21433    1895  2895  4095  4187    1
21434     152  3727  3851  4032    1
21435    3095  2822  3809  3849    2
21436    2679  1875  3219  3639    2
21437    2738  1470  3219  3639    2
21438    1875  2679  3317  3639    2
21439    3178  1796  3342  3618    1
21440    1611  1796  3178  3618    1
21441    1290  1611  3178  3618    1
21442    1611  1290  1796  3618    1
21443     144   145  3064  3706    2
21444     501  1503  3555  3755    2
21445    2099  2027  4107  4407    2
21446    2519  2428  3330  4069    2
21447    2340  3064  3158  3706    2
21448    3064  2794  3158  3706    2
21449    2340  2914  3064  3706    2
21450    3544  3555  3632  3755    2
21451    2027  1179  4328  4407    2
21452    3555  1356  3632  3755    2
21453    2129  1510  4132  4157    1
21454    1507  1510  1516  4157    1
21455    1516  1510  3401  4157    1
21456    2533  2143  3401  4157    1
21457    1034  1203  3364  3629    1
21458    1707  1838  2283  3629    1
21459    3695  1531  3920  4018    2
21460    3572  2795  3699  3867    1
21461     727  1947  3072  3621    1
21462    1596   727  3072  3621    1
21463     223  2204  2659  4362    1
21464    2015  2922  3901  4362    1
21465      58  3572  3699  3867    1
21466    2973  2757  3514  4022    1
21467    3269  2120  3676  3867    1
21468     745   276  3879  3985    2
21469    1959  2625  3836  4273    2
21470    3269  2827  3746  3867    1
21471    2496  1531  3695  4018    2
21472    2888  2684  3417  3622    2
21473    2684  2888  3306  3622    2
21474    2093  3393  1122  3174    2
21475    3393  2093  1122  3624    2
21476    2553  2154  3652  3693    1
21477    2743  2305  3808  4131    2
21478     668   466  2383  4252    1
21479    1386  2027  2099  4407    2
21480    1289  1775  2743  4131    2
21481     887  1307  2579  4252    1
21482    1305  2305  2727  4131    2
21483    1487  2224  3272  3692    2
21484    2085  1681  3272  3692    1
21485    2099  3118  4360  4407    2
21486     427  1165  1313  3887    1
21487     458   546  1165  3887    1
21488     727  1596  2831  3628    2
21489    2831  1596  2962  3628    2
21490     727  1947  3621  3628    2
21491    1947   727  3259  3628    2
21492     727   812  1801  3628    2
21493    1801   812  2962  3628    2
21494    1207  1801  2962  3628    2
21495    1207   947  1801  3628    2
21496    1993  2759  3240  3637    1
21497     812  2831  2962  3628    2
21498     812   727  2831  3628    2
21499    1503   501  1515  3755    2
21500    2858  1947  3259  3628    2
21501     943  2858  3259  3628    2
21502    1707    97  2196  3629    1
21503    3923   159  3932  4140    2
21504     159   160  2239  4140    1
21505     928   318  1050  4235    1
21506    4205  3781  4327  4382    2
21507    3944    34  4002  4302    2
21508    1777  1722  4060  1015    1
21509    1761   892  3816  4061    2
21510    1722  2325  3320  3885    1
21511    3306  3322  3430  4275    2
21512    3418  1146  3555  4083    2
21513    1221   409  2937  3673    1
21514    1769  2370  2719  4098    1
21515    2499   892  3988  4217    2
21516    3669  1807  3779  4291    2
21517    3486  3034  3582  3631    1
21518    1130   501  3544  3632    2
21519    2162  2631  2649  3756    2
21520    1356  3544  3555  3632    2
21521    2631  1170  2649  3756    2
21522    1317  1315  3300  3633    2
21523    1773  1856  3517  3633    2
21524    1301  2380  3184  4163    1
21525     673   768  2179  4377    2
21526    1486  1440  2450  4181    2
21527    3633  3529   168  3146    2
21528    2459  3146  3529  3633    2
21529    1197  2039  3679  4163    1
21530    2380  1197  3184  4163    1
21531    3302  2919  3603  3633    2
21532    2919  3302  3598  3633    2
21533    1317  1856  2922  3633    2
21534    1315  1317  2922  3633    2
21535    2312   476  2943  4193    1
21536     658  1486  2450  4181    2
21537    1315  2724  3300  3633    2
21538    1856  1773  2922  3633    2
21539    1773  1315  2922  3633    2
21540    1741  1701  3687  3835    1
21541     943  1947  3628  3636    2
21542     943  1569  2924  3636    2
21543     276   745  2755  3985    2
21544    2962  1596  3043  3636    2
21545    1671  2962  3043  3636    2
21546    3577  3774  3980  4249    2
21547    1607  1671  3043  3636    2
21548    3414   215  3649  4249    1
21549    3649   215  3774  4249    2
21550    3228  2072  3269  3867    1
21551    3774   215  3980  4249    2
21552    1596  3043  1607  2990    2
21553    3043  1596  1607  3636    2
21554     981  1575  2861  3637    1
21555     442   981  1129  3637    1
21556     935   442  1129  3637    1
21557     442   935   981  3637    1
21558     501  3544  3632  3755    2
21559    1356  3544  4328  4407    2
21560     935  1898  3606  3637    1
21561     974   358  3632  3755    2
21562    1993  2863  3617  3637    1
21563    1129   981  2220  3637    1
21564    2220   981  2861  3637    1
21565    1129  2220  2861  3637    1
21566    1993   935  2205  3637    1
21567    2205   935  3606  3637    1
21568    1993  2205  2863  3637    1
21569    2863  2205  3606  3637    1
21570     531   616   698  4418    2
21571     478   342   485  4192    2
21572    2327  3395  3782  4263    1
21573    1470  2679  3219  3639    2
21574    2679  1470  2935  3639    2
21575      15   326   369  4370    2
21576    2509  2648  3376  4219    1
21577    1471  2484  2580  4110    2
21578    2859  3134  4214  4220    2
21579    3349  2509  3802  4219    1
21580      75  3347  3641  4219    1
21581    3376  1283  3710  4219    1
21582    3781  4048  4078  4205    2
21583     748   899  1384  4378    2
21584     781  1622  3456  3775    1
21585      53    51    52  3785    1
21586    1309  2891  3328  4090    1
21587    1136  2079  4377  2829    2
21588     781  1137  1622  3775    1
21589    1217  1045  1760  4090    1
21590    2891   826  3328  4090    1
21591    3112  2461  3645  3765    2
21592    4120  1489  3024  4295    2
21593    1032  2810  3167  3765    2
21594    3251  3713  4120  4237    2
21595     979  2305  3510  4303    1
21596    3635  2062  3902  4353    1
21597    2329   155  3969  4299    1
21598     733  1054  2001  3938    2
21599    1196   314  1280  4106    1
21600    1070   710  1196  4106    1
21601    4304  1264  4305  4374    2
21602    1620  2106  4259  4326    2
21603    1339  1014  2422  4212    1
21604      65    64  3638  3646    1
21605      64    65    63  3646    1
21606    3070  1793  3411  3647    2
21607    3474   163  3672  3705    2
21608     486   797  2948  4330    2
21609    1712  3740  3822  3850    2
21610    2036  3510  3655  3670    1
21611     350   363   499  3847    1
21612    2461  3945  3951  4296    2
21613    1940  1489  3070  3647    2
21614    3070  1489  3642  3647    2
21615    1845   734  3310  4044    1
21616    2722  1589  3458  4044    1
21617     791  2155  3158  4129    2
21618    3626  1738  3691  4230    2
21619    2715  1659  4022  4121    1
21620    1952  2859  4159  4214    2
21621    3033   177  3961  4009    2
21622     830   597  1726  3814    1
21623    2119  1716  2721  3814    1
21624    1349  1225  1695  3650    1
21625    1349  1695  2129  3650    1
21626     988   783  2675  3650    1
21627     783   988  1842  3650    1
21628    2433  3638  3646  3650    1
21629     281   292  1075  3930    2
21630      17   881  1075  3930    2
21631    2129  2433  3646  3650    1
21632     595   281  1075  3930    2
21633     292   902  2138  3930    2
21634    1075   793  1974  3930    2
21635     281   595  1341  3930    2
21636      17   292  2138  3930    2
21637     307   970  1724  3839    2
21638    2878  3696  3802  4327    1
21639    1756  1860  2749  4240    1
21640    3802  3696  3825  4327    1
21641    2001   504  3256  3986    2
21642    3188  3009  3440  3654    1
21643     210  1880  2154  3740    2
21644    1948  2325  3885  4223    1
21645    3202  3034  3484  3655    1
21646    1914  3202  3484  3655    1
21647    1914  3484  3510  3655    1
21648    3320  2333  3885  4223    1
21649    2325  3320  3885  4223    1
21650    1344   162  3619  3705    2
21651    1261  1902  2601  4223    1
21652    2036  3484  3510  1088    1
21653    3484  2036  3510  3655    1
21654    2759  1587  3008  3671    1
21655    2325  1017  3320  4223    1
21656    1123  2282  2763  3656    2
21657    2763  2282  3450  3656    2
21658    3696  3710  3802  3825    1
21659    2448  2371  2939  3857    2
21660    3780  4111  4186  4342    2
21661    3690  1334  3696  3825    1
21662    1832  1385  2371  3857    2
21663    1779  1897  1961  3857    2
21664     328   594  1383  4176    2
21665    1160  1123  2763  3656    2
21666    1123  1160  1174  3656    2
21667    1174  1160  2763  3656    2
21668    1174  2763  3031  3656    2
21669    1059  1174  3031  3656    2
21670     210  2061  2154  3657    1
21671    1880   210  2154  3657    1
21672    1333   356  1454  3659    2
21673    2762  2056  2790  4184    2
21674     372   422   878  3659    2
21675     422   372   545  3659    2
21676    1333  1454  2410  3659    2
21677    1241  1333  2410  3659    2
21678    1761  1521  2215  4154    2
21679     540   375  2807  3660    1
21680    1255   540  2807  3660    1
21681     666  1255  2807  3660    1
21682    1255   666  1551  3660    1
21683    1551   666  2807  3660    1
21684    1877  3678  2232  1224    2
21685     753   306   524  3660    1
21686     306   753   524   327    1
21687    2661  1834  4119  4154    2
21688    1463  1521  1761  4154    2
21689     570  2119  2721  3662    1
21690     953   570  2669  3662    1
21691     570   953  2119  3662    1
21692     942   953  2669  3662    1
21693     953   942  2119  3662    1
21694     990   852  2166  3662    1
21695    2033   990  2166  3662    1
21696     852   942  1370  3662    1
21697    1370   942  2166  3662    1
21698     852  1370  2166  3662    1
21699     787   852   990  3662    1
21700     787   990  2033  3662    1
21701     929  2033  2669  3662    1
21702     929   787  2033  3662    1
21703     631   787   929  3662    1
21704     631   929  2669  3662    1
21705     981   755  1498  3663    1
21706    1630   981  3096  3663    1
21707    1090  1367  3473  3663    1
21708    1367  1090  3381  3663    1
21709    1498  1367  3096  3663    1
21710     981  1498  3096  3663    1
21711    3096  1367  3381  3663    1
21712    1630  3096  3381  3663    1
21713     761  1964  2627  3664    1
21714     761   717  1964  3664    1
21715     717   761  2083  3664    1
21716    2083   761  2627  3664    1
21717    2501  1752  2797  3664    1
21718    2501  2797  2823  3664    1
21719    1397  1494  2494  3665    1
21720    2494  1494  2650  3665    1
21721     651    13  1326  4058    2
21722    1259  1094  2632  3665    1
21723    1094  1259  2210  3665    1
21724    3319  2743  4026  4046    2
21725     702  1531  2854  4076    2
21726    2278  1493  2456  3975    1
21727    1259  2632  3166  3665    1
21728    1259  3166  3658  3665    1
21729     903   353  1073  3666    1
21730    2394  1269  4034  4076    2
21731     462   628  2403  3667    1
21732     628   462  1028  3667    1
21733    2005  1952  3523  4198    2
21734     116  3910  3977  4080    1
21735     115  2787  3910  4080    1
21736     115   114  2787  4080    1
21737    1269   588  4034  4076    2
21738     147  3610  4064  4073    2
21739     809   939  1269  4076    2
21740    1531  2394  3920  4076    2
21741    3256  2982  3821  3835    2
21742    1780  2044  3778  3842    2
21743    1341  1974  2855  3930    2
21744    1225  1349  3778  3842    2
21745    1375  1927  3520  4228    2
21746    3397  2916  3398  4172    2
21747    2002  1372  2720  4172    2
21748    1848  1342  3203  4029    2
21749    2745   957  2967  4381    1
21750    1795  1955  3411  3669    2
21751    3411  1955  3647  3669    2
21752    2780  1795  3411  3669    2
21753    2780  3411  3647  3669    2
21754     164   163   162  3672    2
21755    2155  2821  2914  3706    2
21756    3101  2466  3267  3862    1
21757    2821   144  2914  3706    2
21758    1198  1182  1246  4083    2
21759    1757  3687  3771  3772    1
21760     643   591   916  4052    1
21761     956  1361  2464  3928    2
21762     384   681  3473  3673    1
21763    3473   681  3663  3673    1
21764     681   409   835  3673    1
21765     835   409  1221  3673    1
21766     681   835  1221  3673    1
21767    1221   419  1630  3673    1
21768    1630   419  3663  3673    1
21769    3737   974  4355  4390    2
21770     433  3473  3663  3673    1
21771     433   384  3473  3673    1
21772    2220   433  3663  3673    1
21773     419  2220  3663  3673    1
21774     681  1221  1281  3673    1
21775    1281  1221  1630  3673    1
21776    1281  1630  3663  3673    1
21777     681  1281  3663  3673    1
21778    2759  3240  3671  4366    2
21779    2558  3443  3818  3898    1
21780    1000  2915  3920  4018    2
21781     729   537  1665  4019    1
21782    3178  3469  3800  3868    2
21783    1796  1611  3178  3868    1
21784    1873  1036  3012  3747    2
21785    1796  2722  3099  3868    1
21786    1611  1796  2940  3868    1
21787    2930    73  2968  3683    2
21788    1765  2930  2968  3683    2
21789     993  2198  3074  3875    1
21790    1993  2205  2678  3678    2
21791    2205  1993  2863  3678    2
21792    2205  2863  3474  3678    2
21793    2205  1378  2678  3678    2
21794    1007  2162  3831  3904    2
21795    1623  2232  3109  3678    2
21796    1623  1224  2232  3678    2
21797    1473  1224  1623  3678    2
21798    1473  1623  3109  3678    2
21799    2863  3109  3474  3678    2
21800    2863  1993  3109  3678    2
21801    3350  3711  3781  4367    2
21802    3009  2952  3913  4399    2
21803    1243  1334  4274  4367    2
21804    3534  3858  4271  4399    2
21805    3349  3350  3711  4218    2
21806     690   596  1072  4400    1
21807    2043  2716  2932  4308    1
21808    3919  2826  4057  4301    1
21809     933   518  1463  4164    2
21810    3281  1211  3564  4287    2
21811     892   933  1463  4164    2
21812    3500   194  4010  4275    2
21813    1878  1652  3615  3680    2
21814     945   795  3630  3682    2
21815     795   945  1877  3682    2
21816    2232  3474  3678  3682    2
21817    1769  1111  3442  4098    1
21818    3184  2472  3468  4160    1
21819    2005  2231  3561  4098    1
21820    2259  1769  2719  4098    1
21821    3124  1093  3441  4098    1
21822    1093  2005  3441  4098    1
21823    2370  3441  3561  4098    1
21824    1378  2879  3678  3682    2
21825    2205  1378  3678  3682    2
21826    2879  1877  3678  3682    2
21827    1877  2879  3678  1224    2
21828    1877  3678  3682  2232    2
21829    3074  2314  3098  3875    1
21830     921  2263  3709  3875    1
21831    3540  2314  3708  3875    1
21832    2465  1068  3044  3684    2
21833     152  2236  2462  3727    1
21834    1171  1354  2770  3684    2
21835    2770  1354  3674  3684    2
21836    1171  2465  2717  3684    2
21837    2126  2003  2355  3865    1
21838    2467  1175  2475  4283    1
21839     176  3750  3833  3864    2
21840     917   548  1600  4056    1
21841    2003  2273  3090  3865    1
21842    2355  1608  3090  3865    1
21843     930  2806  2817  4072    1
21844     827  1171  2717  4056    1
21845    1699   643  3177  4052    1
21846    1666   660  3787  4244    2
21847      73    74  3683  3686    2
21848      74    73    72  3686    2
21849     660  1599  3787  4244    2
21850     587  3177  3263  4052    1
21851     152   150   151  3851    1
21852    1243  1334  2869  4274    2
21853     800  1137  3368  3775    1
21854    1975  1069  3261  4326    2
21855    2194  1941  2941  4008    1
21856    2533  3123  3702  4232    2
21857    2068  1706  3629  3689    1
21858    3039    63  3187  4232    2
21859    1754  2068  2283  3689    1
21860    1727  2283  2453  3689    2
21861    2283  1727  2373  3689    2
21862    2373  1727  2453  3689    2
21863    2920  2841  3314  3689    2
21864    2373  2920  3314  3689    2
21865    1754  2373  3314  3689    2
21866    1183  2626  3550  4129    2
21867    2068  1754  3653  3689    1
21868    2328  2141  4190  4250    2
21869    1754  3314  3653  3689    2
21870    1642  1936  3075  3697    1
21871    1954  1426  2789  3793    2
21872    2189  1442  2872  4049    1
21873    1481  1632  2889  4165    1
21874     129   131  2746  3712    2
21875    1442  1055  2872  4049    1
21876     864   671  1996  3942    2
21877     738   733  2559  3826    1
21878    2559   613  2570  3826    1
21879    3350  2076  3781  4048    2
21880    2692  4028  4234  4250    2
21881     559   937  4388  4389    2
21882     592   937  1002  4389    2
21883    1453   641  4388  4389    2
21884     445   663  4127  4351    2
21885     592  1002  1238  4389    2
21886    2731  2326  2858  3977    2
21887    3448   841  3562  4198    2
21888    1960   116  3910  3977    1
21889    2858  2326  3290  3977    2
21890    1760  2135  3295  4081    2
21891    2061  2154  3657  3693    1
21892    1561  2061  3657  3693    1
21893    2326  2385  3290  3977    2
21894    1604  2124  2270  3701    2
21895    2154  2061  3652  3693    1
21896    2731  1833  3316  3977    1
21897    1739   416  3377  3999    1
21898    1960  1833  2731  3977    1
21899    3129  2041  3563  3797    1
21900    3316  1833  3910  3977    1
21901    1265  2724  3451  3694    1
21902    2724  1265  2816  3694    1
21903    1156  1386  1467  4393    2
21904    1936  1998  2444  3697    1
21905    1998  1936  2038  3697    1
21906    2038   229  3276  3697    1
21907    2444  1998  3276  3697    1
21908    1998  2038  3276  3697    1
21909    2696  1782  2852  3731    2
21910    3110  3571  3731  3602    2
21911    3110  1149  3602  3731    2
21912     117   118  3927  3940    2
21913    2003  1580  2483  3698    1
21914    1580  2003  2273  3698    1
21915    2180  1580  2273  3698    1
21916    1871  2693  3071  3816    2
21917    1275   814  1921  3733    1
21918    3444  3129  3563  3797    1
21919    2940  1796  3099  3868    1
21920    2154  1721  3657  3700    1
21921    2095   898  3445  4270    2
21922     470   383   888  3737    2
21923     383   358  1101  3737    2
21924    2893  2692  4028  4234    2
21925    3114  2692  3700  4234    2
21926     103   104  4233  4234    2
21927    1960  2731  2858  3977    2
21928    2154  3657  3693  3700    1
21929     987  2154  3693  3700    1
21930     104  3714  4233  4234    2
21931    1721  2692  2893  4234    2
21932    2190  2270  3323  3701    2
21933    1606  2270  2478  3701    2
21934    1606  1604  2270  3701    2
21935    1663   376  2111  4235    1
21936    3187  3123  3634  3702    2
21937    3114  3700  3976  4233    1
21938    1230  3667  4245  4353    1
21939    1931   104  3714  4233    1
21940    1230  4245  4300  4353    1
21941    2433  3638  3650  3813    1
21942     197  1837  2073  3703    2
21943    2129  2433  3650  3813    1
21944    2533  1809  3638  3813    1
21945    1560  2073   197  2718    2
21946    2073  1560   197  3703    2
21947     755  2773  2832  3704    2
21948     755  1498  2773  3704    2
21949    1575   755  2832  3704    2
21950     755  1575  2759  3704    2
21951    1948  1261  2601  4223    1
21952    3781  3711  4205  4367    2
21953    3833  1871  4277  4282    2
21954    4255  3781  4327  4367    2
21955    3349  3696  3711  4367    2
21956    3109  2863  3474  3705    2
21957     195  1560  3182  3812    2
21958     935  2205  3606  3884    1
21959    1623  2983  3109  3705    2
21960    3109  2983  3619  3705    2
21961     145  2155  3205  3706    2
21962    3007  3583  3585  3861    2
21963    2339  2527  3704  4365    2
21964    3642  3204  3748  4237    1
21965    3591  3204  3642  4237    1
21966    1085  1320  3113  3707    1
21967     877  1085  3113  3707    1
21968    1085   877  1320  3707    1
21969    1146  3462  4083  4398    2
21970    1847  1803  1952  4220    2
21971    2314   166  3540  3708    1
21972    3540   166  3688  3708    1
21973    1417  1369  1427  3876    1
21974    1417  1428  1645  3876    1
21975    2198  2151  2681  3709    1
21976    1613  1362  1688  3876    1
21977    2151  2630  2681  3709    1
21978    2151  1199  2630  3709    1
21979    2630  1199  2751  3709    1
21980    1417  1427  1428  3876    1
21981    1466  1427  3375  3876    1
21982    2540  1466  3375  3876    1
21983     691  1204  1613  3876    1
21984    2630  2263  3353  3709    1
21985    2198  2681  3708  3709    1
21986     165  2630  3353  3709    1
21987    2630   165  2681  3709    1
21988    1428  1466  1645  3876    1
21989    1427  1920  3375  3876    1
21990    2681  3688  3708  3709    1
21991     165  3353  3688  3709    1
21992    2681   165  3688  3709    1
21993    1183  3013  3550  3981    2
21994     770   865  2270  3874    2
21995    2533    64  3039  4232    2
21996      63    64  4211  4232    1
21997    1944  2337  3448  4220    2
21998    3176  2704  4340  4385    1
21999    1584  3405  3683  3874    2
22000     834   614  1159  3804    1
22001     438   710  2883  3804    1
22002    3755   974  4406  4411    2
22003     966   733  1791  3826    1
22004     738   751  1791  3826    1
22005    3448  2337  4198  4220    2
22006    1847  1952  2231  4220    2
22007    3373  1183  3550  3981    2
22008    3780  4145  4342  4379    2
22009    3054  1211  4287  4371    2
22010    1738  1132  2619  4230    1
22011    1156  1356  4393  4406    2
22012    2973  3004  4022  4121    1
22013    1258   518  3988  4238    2
22014    1132   909  2619  4230    1
22015     881    18  1666  3749    2
22016     148  1935  3753  4245    1
22017      18    17  2138  3749    2
22018      17    18   881  3749    2
22019    1721   103  4233  4234    2
22020    1029   754  1600  4056    1
22021    1808  2808  3420  4169    1
22022    1578  2077  3648  4213    1
22023    1317  1856  3517  3901    1
22024    1843  1126  2857  3901    1
22025      75  3641  4218  4368    2
22026    1338  1520  2398  3715    2
22027    1520  1338  2236  3715    2
22028      52    53  3785  4289    1
22029    1636  1296  2130  4033    1
22030    1691  2301  2422  3900    2
22031    1206  2916  3398  3924    2
22032     908   603  1660  4408    2
22033     184   185  2878  3728    1
22034    2841  3546  3848  3979    2
22035    2600   205  3546  3979    1
22036    1084  1157  1591  3716    2
22037    1591  1157  2077  3716    2
22038    1157  1578  2077  3716    2
22039    1157  1084  1578  3716    2
22040    4078  2541  4255  4403    1
22041    1391  1578  1674  3716    2
22042    4255  3825  4382  4403    1
22043    3825  2878  4382  4403    1
22044    2311  1437  4078  4403    1
22045    1152  1523  2632  3717    1
22046    1172  1397  2494  3717    1
22047    1172  2494  3355  3717    1
22048    1172   978  2360  3717    1
22049    2360   978  3184  3717    1
22050    1172  2360  3184  3717    1
22051    2632  2037  3166  3717    1
22052    3166  2037  3640  3717    1
22053    2494  3166  3640  3717    1
22054    3355  2494  3640  3717    1
22055    1523  2037  2632  3717    1
22056    1523  1462  2037  3717    1
22057    2371  1832  2448  3718    1
22058    2371  2448  3499  3718    1
22059    1651  2371  3499  3718    1
22060    2057  1349  2129  3929    1
22061    2129  1349  3650  3929    1
22062    3646  2129  3650  3929    1
22063    1506   849  2144  3720    2
22064    1780  1918  2065  3720    2
22065    2065  1918  2377  3720    2
22066    1780  1749  1918  3720    2
22067    1918  1749  2144  3720    2
22068    1784  1780  2065  3720    2
22069    1784  2065  2377  3720    2
22070     849  1506  1780  3720    2
22071    1020   849  1780  3720    2
22072    2144  1749  3634  3720    2
22073    1749  1780  3634  3720    2
22074    1506  2144  3634  3720    2
22075    1780  1506  3634  3720    2
22076    2285   946  2690  3893    2
22077    2558  2285  3818  3893    2
22078    2690  2939  3297  3893    2
22079    1858  1991  2872  3722    2
22080    1991  1858  2530  3722    2
22081    2394  1858  2872  3722    2
22082    1858  2394  2594  3722    2
22083    1738  3041  3691  4004    1
22084     827   754   962  4056    1
22085    1372  2376  2447  4134    1
22086      60    62  2451  3797    2
22087    3472    86  3521  3723    2
22088    2193  3472  3521  3723    2
22089    3204  2020  3379  3972    1
22090     701   271  1234  3724    2
22091     701  1234  3093  3724    2
22092    1664   701  3093  3724    2
22093    1828  2427  3989  4296    2
22094    1845  3310  3764  4044    1
22095    2020  1789  3379  3972    1
22096    2020  1500  3788  3972    1
22097    3423  2463  3455  3725    1
22098    2851  3423  3455  3725    1
22099    2386  3160  3266  3725    1
22100    2386  3266  3516  3725    1
22101    2202  1121  2851  3725    1
22102    2150  2202  2386  3725    1
22103    2258  1588  3084  3725    1
22104    1121  2258  3084  3725    1
22105    2376  2463  3423  3725    1
22106    3084  2376  3423  3725    1
22107    2150  1121  2202  3725    1
22108    1148  2150  2386  3725    1
22109    1588  1148  2386  3725    1
22110    1148  1588  2258  3725    1
22111    2150  1148  2258  3725    1
22112    1121  2150  2258  3725    1
22113    1382  2460  2792  3729    2
22114    2609  1382  2792  3729    2
22115    2050  2460  2657  3729    1
22116    2341  2050  2657  3729    1
22117    2890  2460  2902  3729    1
22118    2050  2890  2902  3729    1
22119    2460  2050  2902  3729    1
22120    1382  2609  3283  3729    2
22121    1382  2460  3283  2702    2
22122    2460  1382  3283  3729    2
22123    2732   228  2873  3730    1
22124    2737  2402  3276  3730    1
22125    2402  2444  3276  3730    1
22126    1758  2873  3275  3730    1
22127    2732  1758  3275  3730    1
22128    1758  2732  2873  3730    1
22129    1149   864  2852  3731    2
22130    2852   864  3110  3731    2
22131    1077  2852  3110  3731    2
22132    2555  1077  3110  3731    2
22133    1077  2847  2852  3731    2
22134    1077  2555  2847  3731    2
22135    2847  2555  3571  3731    2
22136    3221  1824  2109  3583    2
22137    2315   967  3627  4004    1
22138    2128  2221  2361  4004    1
22139      54  2527  3240  3744    2
22140      54    56  2527  3744    2
22141    3917  4274  4368  4399    2
22142    3432   160  3900  4055    2
22143    1709  2144  3439  3996    2
22144    1013   802  3282  4062    2
22145    1012  1757  3770  3989    2
22146    1730   566  1801  4062    2
22147    2020  1736  3788  4240    1
22148    1363   982  1457  3733    1
22149    1363  1457  1992  3733    1
22150    3944  2810  3957  3993    2
22151      35  3944  3957  3993    2
22152    2843  1024  3936  3994    1
22153    2715  2317  3533  3994    1
22154    2290  2356  2715  3994    1
22155    1538  2028  3578  4051    2
22156    2028  1538  3051  4051    2
22157     458   801  2437  3871    2
22158    1796  3099  3458  3873    1
22159    1737  2189  3727  3851    1
22160    1825  2401  4008  4213    1
22161     987  3212  3244  3736    2
22162     987  2692  3212  3736    2
22163    2154   987  2553  3736    2
22164     150   152  3727  3851    1
22165    2110   987  3244  3736    2
22166     987  2110  2553  3736    2
22167    2256  2589  2592  4033    1
22168    3418  3118  3435  4271    2
22169    1578  1391  3757  4402    2
22170     152   151  3094  3851    1
22171    3484  3034  3582  3739    1
22172     973  3244  3736  4270    2
22173     766   891  2395  4001    1
22174     332   343  1229  3823    1
22175     437   372  2913  3871    2
22176    2086  2078  2240  4242    1
22177    2982  1911  3821  3853    2
22178     674  1387  2184  3893    2
22179     351   796  3752  3823    1
22180    2437   801  2913  3871    2
22181     326   369  2913  3871    2
22182    1488  3859  1520   939    2
22183     130  2190  3029  3741    2
22184     777   452  3967  4243    1
22185     520   398  1699  4243    1
22186     398   777  2449  4243    1
22187    2086  3126  3157  3742    1
22188    2485  2086  3157  3742    1
22189    3157  3126  3242  3742    1
22190    3126    84  3242  3742    1
22191    3242    84  3643  3742    1
22192    3157  3242  3643  3742    1
22193     452   612  3967  4243    1
22194     612   452   953  4243    1
22195     777  1699  2449  4243    1
22196     587  1699  4052  4243    1
22197    1827  3156  3723  3742    2
22198     587   520  1699  4243    1
22199     591   777  3967  4243    1
22200     777   591  1699  4243    1
22201    2549  2900  3010  3745    2
22202     105   107   106  3745    2
22203     106   107  2900  3745    2
22204     107   105  3010  3745    2
22205    2900   107  3010  3745    2
22206    1320  3112  3645  4105    1
22207    3112  1881  3645  4105    1
22208    2274   985  2508  4018    1
22209    1599  1257  3787  4244    2
22210    3099  2722  3649  3868    1
22211    2570   756  2918  4105    1
22212    1796  3178  3342  3868    1
22213    1531  2809  3920  4018    2
22214    2915  3695  3920  4018    2
22215    1603  2799  3482  4040    2
22216    1313   602  3609  3882    1
22217    2964  2512  3022  3747    1
22218    3022  2512  3369  3747    1
22219    3022  2713  3388  3747    1
22220    2964  3022  3388  3747    1
22221    2683  3014  3379  3748    1
22222     518  1258  3312  4238    2
22223    1871  1761  3719  4238    2
22224    3000  3397  3398  4172    2
22225    2116  3506  3625  4172    2
22226    2002  1061  3397  4172    2
22227    3014  2683  3058  3748    1
22228    3014  3058  3713  3748    1
22229    3635  1935  3667  4245    1
22230    2988  3691  4317  4354    1
22231     149   147   148  4245    1
22232    2810  2905  4002  4302    2
22233     148   147  3959  4245    1
22234    2963  1581  3458  3799    1
22235    1302  1430  1476  3841    1
22236     718  1103  1680  3751    1
22237     718  1680  3097  3751    1
22238    1239  1680  3412  3751    1
22239    2091  1239  3412  3751    1
22240    1988  2443  3668  3841    1
22241    2060  2547  3029  3751    1
22242    2091  2060  3029  3751    1
22243    2061  1561  3834  3841    1
22244    2443  1988  3131  3841    1
22245    1239  1374  1680  3751    1
22246    1680  1374  3097  3751    1
22247    1239  2091  2124  3751    1
22248    1374  1239  2124  3751    1
22249    1374  2124  3097  3751    1
22250    1284  1344  2655  3754    1
22251    2479  1898  2655  3754    1
22252    1344  2479  2655  3754    1
22253    3617  2983  3637  3754    1
22254    2983  3617  3619  3754    1
22255     162  1344  3619  3754    1
22256    1344   162  2479  3754    1
22257    2863  3617  3637  3754    1
22258    3606  2863  3637  3754    1
22259    3617   163  3619  3754    1
22260    2479   162  3606  3754    1
22261    1898  2479  3606  3754    1
22262     163   162  3619  3754    1
22263     162   163  3606  3754    1
22264    2863   163  3617  3754    1
22265     163  2863  3606  3754    1
22266    2306  2451  3380  3756    2
22267    3065  1609  3380  3756    2
22268    1609  2306  3380  3756    2
22269    2840  1187  2934  4402    2
22270    2814  1835  3581  4196    2
22271    1127   355  3304  4276    1
22272    1262  1099  2311  4403    1
22273    1098   397  3175  4247    2
22274     556   355  1127  4276    1
22275    1805  1126  2092  3975    1
22276    2012  1870  3317  3828    1
22277    1835  1344  3581  4196    2
22278    2921  3485  3203  1284    2
22279    1070   636  2111  3758    1
22280     449   657   784  3786    1
22281     141   142  2281  4150    1
22282      52    51  2658  4149    2
22283    1293  2213  2286  4074    1
22284    2905  3944  4002  4302    2
22285    4096  2579  4136  4252    1
22286    1307  2562  4136  4252    1
22287    2180  2697  3153  3761    1
22288    2296  1607  2984  4248    2
22289    3153   227   225  3452    1
22290     227  3153   225  3761    1
22291    2317  2168  3037  3940    2
22292    2317  2356  3326  3940    2
22293     538  3522  3550  4129    2
22294    2356  2317  3037  3940    2
22295    3649  3577  3774  4104    2
22296    3153   227  3436  3761    1
22297    3157  3362  3643  3762    1
22298    3233  3157  3242  3762    1
22299    3233  3242  3454  3762    1
22300    3242  3157  3643  3762    1
22301      85  3242  3643  3762    1
22302    2244   248  2954  3763    1
22303     251   250  2284  3763    1
22304     250   251  2153  3763    1
22305    2153   251  2284  3763    1
22306     104  3714  4234  4250    2
22307     110   109   108  4046    2
22308    2191  3319  3738  4046    2
22309     102  1902  3714  4250    2
22310    3255  3886  3974  4045    1
22311     108   109  3319  4046    2
22312     178   177  3033  4045    2
22313    3886   178  3974  4045    1
22314     110  3670  3738  4046    2
22315    2716  4028  4190  4250    2
22316    1902   102  2716  4250    2
22317    2191  2743  3319  4046    2
22318    3319   109  3738  4046    2
22319     178  3033  3974  4045    2
22320     147   149  4064  4300    1
22321     582  1088  4283  4303    1
22322    2808  1808  3221  3952    2
22323    2749  1860  3020  4240    1
22324    2956    56  3744  4003    1
22325    1808   804  3221  3952    2
22326    1223  1431  1511  3952    2
22327    3187  4132  4157  4211    1
22328      56  2527  3903  4003    2
22329     906  1641  2350  3767    2
22330     635   906  2350  3767    2
22331    1798  2768  2980  4110    2
22332     797  1691  2313  3769    2
22333    2579  1307  4136  4252    1
22334     797  1031  2334  3769    2
22335     862   797  2334  3769    2
22336    1022   823  1031  3769    2
22337     823  1022  1027  3769    2
22338    1770  2281  2848  4150    1
22339     946  2434  2690  4151    2
22340      51    52  3785  4149    1
22341    3192  3305  3909  4150    2
22342    1307   455  2562  4252    1
22343    1030   823  1775  3769    2
22344     823  1030  1031  3769    2
22345    1030  1775  2334  3769    2
22346    1031  1030  2334  3769    2
22347    2228  1731  3256  3770    2
22348    3026  2228  3256  3770    2
22349    2242  1808  2808  3952    2
22350    2125  2471  2796  3990    2
22351    2025  1982  2796  3990    2
22352    1253   790  3509  3770    2
22353    1598  1621  2784  3990    2
22354     790  1012  3509  3770    2
22355    1012   790  2850  3770    2
22356    1418  1359  3544  4083    2
22357     659   276  1783  3950    1
22358    2316   659  2733  3950    1
22359    1816  1911  3938  3986    2
22360    1911  1054  3938  3986    2
22361     788  2001  3256  3986    2
22362     662   580  1559  4254    2
22363     580   710  3805  4254    1
22364     779  2234  3267  3827    1
22365    1291  1391  2867  3827    1
22366     580   531  1559  4254    2
22367    3805   710  4106  4254    1
22368     662  1559  1599  4254    2
22369     688   718  3368  3775    1
22370     971   800  2332  3775    1
22371     800   971  1987  3775    1
22372    1987   971  2332  3775    1
22373    1153  3432  4133  4313    2
22374    3923  3932  4053  4313    2
22375      51    53  3354  3785    1
22376    1137   688  1600  3775    1
22377    1600   688  3368  3775    1
22378    1137  1600  3368  3775    1
22379    2385  3290  3977  3998    2
22380    3470   138  4231  4290    2
22381    1972  1309  2123  4081    2
22382    3115  3102  3593  3993    1
22383      34    35  3115  3993    1
22384    1594  1438  4086  4116    1
22385      69    70  2623  3794    1
22386    2749  2342  3020  4116    1
22387     768  1504  3336  4101    2
22388    1695  1349  1804  3778    1
22389    1695  1804  1926  3778    1
22390    1926  2044  2273  3778    1
22391    1695  1926  2273  3778    1
22392    1225  1695  2082  3778    1
22393    1225  1349  1695  3778    1
22394    2082  1695  2273  3778    1
22395    2044  2082  2273  3778    1
22396    2044  1888  2065  3778    2
22397    1780  2044  2065  3778    2
22398    1888  1780  2065  3778    2
22399    1804  1888  1926  3778    1
22400    1926  1888  2044  3778    1
22401    2046  1975  2331  3791    2
22402    2038  1642  2046  3791    2
22403    1348   745  1458  3879    2
22404     815  1348  3817  3879    2
22405    2717  1171  3684  3863    2
22406     276   348  2415  3879    2
22407    2465  3684  3726  3863    2
22408    1200  2465  3726  3863    2
22409    2076  1146  3350  3781    2
22410     512  1414  1622  4256    1
22411    2189  1096  3479  4049    1
22412    2064  1406  2469  4079    2
22413    1055  3479  4024  4049    1
22414    2648  3347  3376  4219    1
22415    1283  1923  3710  4219    1
22416    3347  2648  3641  4219    1
22417    2801  4218  4274  4368    2
22418    1055  1442  3479  4049    1
22419    4088  3566  4159  4206    1
22420    2064  1823  3611  4079    2
22421    1414  1156  1622  4256    1
22422    3123  3039  3634  4232    2
22423    1118   702  2200  4049    1
22424    2200  4024   702  1614    1
22425    2200   924  3892  4049    1
22426    1719  2390  3132  3783    2
22427    2390  1719  2642  3783    2
22428    1681  1487  3692  3783    1
22429    1487  1681  3132  3783    1
22430    1380  2760  2897  4257    2
22431    1622  1467  3456  3784    1
22432    1256  1987  3456  3784    1
22433    1467  1256  3456  3784    1
22434     702   540   809  4257    2
22435    1380  1045  4081  4257    2
22436     666  1380  2560  4257    2
22437    1380   564  2560  4257    2
22438    1034  1707  2453  4258    2
22439    1226  1760  3295  4081    2
22440     449   381   465  3786    1
22441    1008   784  2026  3786    1
22442    1503  1945  3435  4393    2
22443    1156  1356  1386  4393    2
22444     784   657   927  3786    1
22445     784   927  2026  3786    1
22446    3435  1945  4360  4393    2
22447    1356  1503  3555  4393    2
22448     927   657  3680  3786    1
22449    1945  1386  4360  4393    2
22450     657  2417  3680  3786    1
22451    1154   927  3680  3786    1
22452     927  1154  2026  3786    1
22453    1813  2639  2690  4241    2
22454     904  2285  4077  4241    1
22455     904  1813  2184  4241    2
22456     892  4164  4217  4286    2
22457      16   307   651  4058    2
22458     652   885  2639  4241    2
22459    2285   904  3893  4241    2
22460    2285   946  4077  4241    1
22461     946  2127  4077  4241    1
22462     652   904  2127  4241    1
22463     904   652  1813  4241    2
22464    3485  2921  3203  4196    2
22465    3711   184  4205  4327    2
22466    1886  1975  2046  3791    2
22467     552   780  1869  4260    1
22468     854   360  1364  4260    1
22469     671   845  1182  3942    2
22470    1364  1869  4012  4260    1
22471     941   854  4012  4260    1
22472     854  1364  4012  4260    1
22473     704  1869  3542  4260    1
22474    1869   704  4012  4260    1
22475    1954  2047  2105  3793    2
22476    1504  1951  3336  4101    2
22477    1013   802  1532  3793    2
22478    1013  1532  3200  3793    2
22479    1532   802  2105  3793    2
22480    2105   802  3282  3793    2
22481    1532  2047  3200  3793    2
22482    2047  1532  2105  3793    2
22483    1951  1482  3336  4101    2
22484    1951   994  3103  4101    2
22485     994  1547  3149  4101    2
22486    3454  2193  3762  3796    2
22487      85  3454  3762  3796    2
22488    3156  3723  3742  3796    2
22489    3723    84  3742  3796    2
22490      84  3643  3742  3796    2
22491    3454    85  3472  3796    2
22492    2193  3454  3472  3796    2
22493    3362  3643  3762  3796    2
22494    3156  3362  3762  3796    2
22495    2485  3156  3742  3796    2
22496    3643  2485  3742  3796    2
22497    3156  2485  3362  3796    2
22498    3362  2485  3643  3796    2
22499     762   686   828  4415    2
22500     854  1364  2583  4012    1
22501     580   710  4254  4261    1
22502    1648  1470  2679  4137    1
22503    1722  1177  2903  4096    1
22504    2027  2740  3953  4012    1
22505    2027  1179  2740  4012    1
22506    2027   941  2583  4012    1
22507     171   173  2126  3865    1
22508    2829  1523  4314  4377    2
22509    3053  2510  3954  4137    1
22510    1537  1019  3618  3799    1
22511    1019  1537  1581  3799    1
22512    1581  1537  3618  3799    1
22513    1611  1290  1983  3799    1
22514    1290  1611  1796  3799    1
22515    2839   826  2891  4090    1
22516    3056  3329  4118  4169    1
22517    2867  3878  4084  4318    2
22518    2837  1983  2877  3799    1
22519    1217  1309  3328  4090    1
22520    2270  1606  2938  3874    2
22521    1198   770  2270  3874    2
22522    3056  1216  3420  4169    1
22523    2645  2487  3790  4186    2
22524    2500  1983  2673  3799    1
22525    2900  2676  3537  3800    2
22526    1910  2900  3537  3800    2
22527    1959  2922  2978  3869    2
22528    1741   200  2775  3853    1
22529    2692  1721  2893  3870    2
22530    1726  2217  3185  4135    1
22531    2328  2692  2893  3870    2
22532    3196  3181  3363  3801    1
22533    3196  3363  3479  3801    1
22534    1944  1847  2337  4220    2
22535     762   614   834  3804    1
22536     762   834  1364  3804    1
22537     552  1159  1887  3804    1
22538    1159   552  1364  3804    1
22539     762   552  1887  3804    1
22540     552   762  1364  3804    1
22541     636   616  1345  3805    1
22542     616   531   698  3805    1
22543     531   616   636  3805    1
22544     373   425   908  4408    2
22545    1070   636  1133  3805    1
22546     325  1070  1133  3805    1
22547     941  1130  1150  4107    2
22548    4391   699  4404  4410    1
22549    1359  3418  3534  4107    2
22550    1293  1935  3635  4246    2
22551     816  2469  3991  4246    2
22552    1515   974  4390  4406    2
22553    3635  1935  3753  4246    2
22554    1070  1280  2111  4324    1
22555    2304  2753  2992  3807    2
22556    1860  3020  4050  4116    1
22557    4050  1594  4086  4116    1
22558    2304  2117  2753  3807    2
22559    2753  2117  2849  3807    2
22560    1230  1028  3679  4316    1
22561    4152    69  4175  4323    2
22562    2623  2976  4102  4323    1
22563    4102  2976  4152  4323    1
22564    4152  4175  4306  4323    2
22565    1028  3604  3679  4316    1
22566     462  1028  3667  4316    1
22567    3385  1594  4050  4116    1
22568    3020  3385  4050  4116    1
22569    3020  2342  3385  4116    1
22570    2849  2117  3370  3807    2
22571    2117  2304  3370  3807    2
22572    1048  1259  2179  4377    2
22573     768  1048  2179  4377    2
22574    2264  3199  3480  3809    1
22575    1796  3458  3799  3873    1
22576    3161  3188  3525  4271    2
22577     181  3199  3481  3809    2
22578    3481  3199  3482  3809    2
22579    1603  2264  2442  3809    1
22580    2442  2264  3480  3809    1
22581    3199  2264  3482  3809    2
22582    2264  1603  3482  3809    2
22583    1603  1447  3482  3809    2
22584    1877  2232  3672  3811    2
22585    3672  2232  3705  3811    2
22586    2983  1284  3619  3811    2
22587    2983  3619  3705  3811    2
22588      23  3748  4237  4352    1
22589    1809  2845  3638  3813    1
22590    3638  2845  3650  3813    1
22591     988   869  3650  3813    1
22592    1633  3045  3401  3813    1
22593     869  1633  3401  3813    1
22594    1809   988  2845  3813    1
22595    2845   988  3650  3813    1
22596     869   988  3318  3813    1
22597    1633   869  3318  3813    1
22598    3045  1633  3318  3813    1
22599    1815  3045  3318  3813    1
22600    1815  1809  3045  3813    1
22601     988  1809  1815  3813    1
22602     988  1815  3318  3813    1
22603    1111   772  2259  3814    1
22604     772  1111  1726  3814    1
22605    1726  1111  2259  3814    1
22606    1803  2259  2637  3814    1
22607     792  1803  2637  3814    1
22608    2637  2119  2906  3814    1
22609     792  2637  2906  3814    1
22610    2119  2721  2906  3814    1
22611    2721  1716  2906  3814    1
22612    1716   792  2906  3814    1
22613    2637   772  3170  3814    1
22614    2119  2637  3170  3814    1
22615     772  2119  3170  3814    1
22616    2752  2187  3733  3815    1
22617     814  1250  3733  3815    1
22618    1275   814  3733  3815    1
22619     521  1275  2048  3815    1
22620     521   814  1275  3815    1
22621     814   521  1250  3815    1
22622    1250   521  2048  3815    1
22623     509  1079  1326  3817    2
22624    1326  1079  1348  3817    2
22625    1326  1348  1458  3817    2
22626    3683  2930  3686  3948    2
22627    1326  1458  2223  3817    2
22628     848  1079  1166  3817    2
22629     848   815  1079  3817    2
22630     448   428  1963  3817    2
22631     815   848  1963  3817    2
22632     448  1166  1957  3817    2
22633     428   448  1957  3817    2
22634     448  1963  2476  3817    2
22635    1166   448  2476  3817    2
22636    1963   848  2476  3817    2
22637     848  1166  2476  3817    2
22638    1124  1405  2256  4033    1
22639    1405  2103  2589  4033    1
22640    2828  3094  3851  3899    1
22641    2828  3851  3892  3899    1
22642    1292  1296  1771  3854    1
22643     560   626  1949  3854    1
22644     626  1041  1558  3854    1
22645     198   200   199  3821    2
22646    1424  1393  4096  4136    1
22647     198  3687  3771  3821    2
22648    2181   198  3771  3821    2
22649    1558  1041  1949  3854    1
22650     626  1558  1949  3854    1
22651     198  2181   200  3821    2
22652    2181   198   200  2169    2
22653    2189   150  3727  3851    1
22654     355   352  1713  3823    1
22655     351   355  1713  3823    1
22656     352   330  1713  3823    1
22657     329   332  1713  3823    1
22658     332   329   343  3823    1
22659     891   281  1233  4001    1
22660     279   523  2855  4001    2
22661     279   766  2395  4001    1
22662     365   352  3752  3823    1
22663     796   365  3752  3823    1
22664     365   343  1657  3823    1
22665     352   365  1657  3823    1
22666     330   329  1713  3823    1
22667     329   330   343  3823    1
22668     330   352  1657  3823    1
22669     343   330  1657  3823    1
22670    3141    50  3475  3824    2
22671      50  2763  3475  3824    2
22672    2763    50  2917  3824    2
22673    2917    50  3031  3824    2
22674    2763  2917  3031  3824    2
22675     330   329   699  4391    1
22676    3544  1130  3632  4328    2
22677    2537  2974  3784  4256    1
22678    1156  1102  2537  4256    1
22679    1682   966  1791  3826    1
22680    2031   738  2570  3826    1
22681     877  2031  2570  3826    1
22682     751   738  2031  3826    1
22683    1682  1791  2775  3826    1
22684    1791   751  1912  3826    1
22685    1559   531  4106  4254    2
22686    2031   877  3113  3826    1
22687     751  2031  3113  3826    1
22688     877   751  3113  3826    1
22689    1791  1912  2775  3826    1
22690    1162  1682  1701  3826    1
22691    1701  1682  2775  3826    1
22692    3246  2186  4191  4262    2
22693    2935  3255  3317  4262    2
22694    1599  1559  4106  4254    2
22695     531  3805  4106  4254    1
22696    2186  2935  3639  4262    2
22697     569   944  2234  3827    1
22698     779   569  2234  3827    1
22699     569   779   944  3827    1
22700    1391  1661  1674  3827    1
22701    1924  1211  3325  4371    2
22702    3559    77  4143  4221    1
22703    1105  2014  2234  3827    1
22704    2014  1105  2173  3827    1
22705    1718  2003  2355  3830    2
22706     525   807  1763  3905    2
22707    1007  2162  2317  3831    2
22708    2317  2162  2766  3831    2
22709    1339  2301  2673  4168    1
22710    2673  2301  3970  4168    1
22711    2766  2451  3365  3831    2
22712    2451    61  3365  3831    2
22713     807   525  2738  3905    2
22714     764   965  2089  3905    2
22715     984  1984  3639  3905    2
22716     965   764   968  3905    2
22717     542   378   838  3832    2
22718     378   542   634  3832    2
22719    2109   542  3122  3832    2
22720     838  2109  3122  3832    2
22721     542   838  3122  3832    2
22722     328   492  1064  3832    2
22723     634   328  1064  3832    2
22724     171   172  3865  4265    1
22725    1209  2407  4331  4395    1
22726    1923  3440  3560  4396    1
22727    1175  2467  3127  4283    1
22728    1908  2291  2551  4265    1
22729    1926  1918  2017  4265    1
22730     582  1088  4269  4283    1
22731    1376  2376  4134  4279    1
22732     175  3361  3750  4187    1
22733     335  1141  4266  4343    2
22734    3361  3078  3750  4187    1
22735    2536  2241  3515  4279    1
22736    2376  1588  2663  4279    1
22737    1295  1931  3114  3976    1
22738     576  1017  1948  3976    1
22739      76    77  2801  4368    2
22740    3641  1334  4218  4274    2
22741    2869  1334  3917  4274    2
22742    1773  1959  3446  3836    2
22743    1773  1906  1959  3836    2
22744    2993  2144  3439  4224    2
22745     235  2389  4123  4310    1
22746     890  1948  2597  3976    1
22747    1775  1305  4131  4251    2
22748    1295  1017  3657  3976    1
22749    2122  2389  2946  4310    1
22750    1721  3657  3700  3976    1
22751     581   334   818  3839    2
22752     818   581   333   958    2
22753     581   818   333  3839    2
22754    3785  4063  4149  4312    1
22755    3354  3970  4063  4312    1
22756    1626  1027  3651  4312    1
22757    2467  3354  3785  4312    1
22758    2079  1482  4314  4378    2
22759     970   307  3829  3839    2
22760    3127  2820  4283  4312    1
22761    3651  2820  3760  4312    1
22762     651   307  1724  3839    2
22763    3336  1482  3355  4059    2
22764     563    13  1724  3839    2
22765      13   563   676  3839    2
22766    2820  3127  3785  4312    1
22767      13   651  1724  3839    2
22768    2037    93  3640  4059    2
22769    2820  3785  4149  4312    1
22770    3127  2467  3785  4312    1
22771    1626  1501  2467  4312    1
22772    1430  1595  3131  3841    1
22773    1430  1302  1595  3841    1
22774    2061  3834  3837  3841    1
22775    1561  2061  3019  3841    1
22776    1302  1561  3019  3841    1
22777    3019  2061  3837  3841    1
22778    3834  2443  3837  3841    1
22779    2443  3131  3837  3841    1
22780    2172  1988  2199  3841    1
22781    1476  2172  2199  3841    1
22782     712  1476  2199  3841    1
22783     712  1302  1476  3841    1
22784     712  2199  2706  3841    1
22785    1302   712  2706  3841    1
22786    1349  1780  3778  3842    2
22787    1349  1506  1780  3842    2
22788    3382  1225  3842  3929    2
22789    1506  3382  3842  3929    2
22790    1527  2090  3023  3844    2
22791    2090  1527  2586  3844    2
22792    2613   591  3832  3845    2
22793     591   517  3832  3845    2
22794     549   471   777  3845    1
22795     838  2613  3832  3845    2
22796     634   838  3832  3845    2
22797     429   471  2791  3845    2
22798    2059  2822  3863  3849    2
22799     777   429   471  1665    1
22800     429   777   471  3845    1
22801    1306   838  2791  3845    2
22802     471  1306  2791  3845    2
22803     549   838  1306  3845    2
22804     471   549  1306  3845    2
22805     541   991  3815  3847    1
22806     541   436   991  3847    1
22807     440   436   541  3847    1
22808     440   541  3815  3847    1
22809     318   839  1050  4235    1
22810     215   214  3774  3980    2
22811    3482  3481  3809  3849    2
22812    3578  2059  2822  1200    2
22813     431   495  2943  4266    1
22814    2059  3482  3578  3849    2
22815    2822  1447  3809  3849    2
22816    1447  2822  3578  3849    2
22817     181   182  3809  3849    2
22818     182   181  3721  3849    2
22819    1447  3482  3809  3849    2
22820    3482  1447  3578  3849    2
22821    2728  3418  3435  4271    2
22822     906   759  3767  4109    2
22823     519   635  1865  4109    2
22824    3736  2553  3740  3850    2
22825    1712  3736  3740  3850    2
22826    3458  2837  3799  3873    1
22827    3269  3463  3867  3984    1
22828    2553  3652  3740  3850    2
22829    2214   999  3072  4361    1
22830    2343  1596  3072  4361    1
22831    3525  3188  3654  4271    2
22832     799   404  1072  4400    1
22833    2801  3525  3838  4271    2
22834    3621  2984  3636  4272    2
22835    3654  3188  3838  4271    2
22836    2728  3435  3525  4271    2
22837    1072   628  4014  4400    1
22838    1701  1741  2775  3853    1
22839    1682  1701  2775  3853    1
22840    1701  1682  1741  3853    1
22841    2579  1368  3922  4136    1
22842    1292  1771  3016  3854    1
22843     629  1292  3016  3854    1
22844     629   936  1292  3854    1
22845    1292   936  1296  3854    1
22846     629  1949  2596  3854    1
22847     936   629  2596  3854    1
22848    1949  1296  2596  3854    1
22849    1296   936  2596  3854    1
22850    2844  1769  3073  3855    1
22851    1832  2844  3073  3855    1
22852    1884  1564  3442  3855    1
22853    1564  1769  3442  3855    1
22854    1564  1832  3073  3855    1
22855    1769  1564  3073  3855    1
22856    3450  1273  3824  3856    2
22857    3656  3450  3824  3856    2
22858    1059  3656  3824  3856    2
22859    3234  1059  3824  3856    2
22860    2691   850  3010  3856    2
22861     850  2691  2793  3856    2
22862    3010   850  3234  3856    2
22863     484   709   850  3856    2
22864     850   709  3234  3856    2
22865     484   850  2793  3856    2
22866    1961  1897  3855  3857    2
22867     999   880  3269  3897    1
22868    2976  2623  3616  4152    1
22869    2976  2679  3317  4152    1
22870    2623    69  3616  4152    1
22871    3245  1870  3317  4152    2
22872     726  3289  4113  4307    1
22873    1905   594  3194  4176    2
22874    2679  3245  3317  4152    2
22875    3219  2679  4115  4152    2
22876    1358   726  3404  4307    1
22877    2533  3401  3813  4157    1
22878    2160  2143  2533  4157    1
22879    1278  2594  3715  3859    2
22880    1051  1278  3715  3859    2
22881     119  4036  4041  4042    2
22882    1219  1051  3085  3859    2
22883    3063  1219  3085  3859    2
22884    3063  3085  3425  3859    2
22885    3085   588  3425  3859    2
22886     102  2716  4028  4035    2
22887    1051  1219  1278  3859    2
22888    1278  1219  3063  3859    2
22889    3091  3037  4041  4042    2
22890    3189   155  3969  4122    2
22891     815   406   907  3879    2
22892    2059  3578  2822  3849    2
22893    2059  2822  1200  3863    2
22894    3003  2822  3095  3863    2
22895    1171  1354  3684  3863    2
22896    1354  1171  3003  3863    2
22897    2717  1161  2822  3863    2
22898    3721  3095  3849  3863    2
22899    2059  3721  3849  3863    2
22900    2741  3095  3721  3863    2
22901    2741  3003  3095  3863    2
22902    1354  1782  3684  3863    2
22903    1200  1161  1627  3863    2
22904    1627  1161  2717  3863    2
22905    3095  2822  3849  3863    2
22906    1161  1200  2822  3863    2
22907    1200  1161  2822  3578    2
22908    2741  1354  3003  3863    2
22909    3284  2741  3721  3863    2
22910    1782  1354  2741  3863    2
22911    1782  2741  3284  3863    2
22912     943  2326  2858  3866    2
22913    1947   943  2858  3866    2
22914    2407  3159  4264  4363    1
22915    1046  3159  4278  4363    1
22916     223   222  1959  4273    2
22917    3159  1046  4264  4363    1
22918    1959   222  2625  4273    2
22919    1959  1906  3869  4273    2
22920    2827  3269  3676  3867    1
22921    2072  2795  2924  3867    2
22922    2924  2795  3572  3867    2
22923    1000  2274  2915  4018    2
22924    2809  1000  3920  4018    2
22925    2915    43  3695  4018    2
22926    2274  1000  2809  4018    2
22927     756   877  1085  4105    1
22928    3577  3241  3800  3868    2
22929     877  2031  3113  4105    1
22930    1714  1880  1929  3870    2
22931    1929  1880  2907  3870    2
22932    1714  1721  1880  3870    2
22933    3736  1712  3740  3870    2
22934    2154  3736  3740  3870    2
22935    2154  1721  3736  3870    2
22936    3740  1712  3822  3870    2
22937    1712  2907  3822  3870    2
22938    1880  3740  3822  3870    2
22939    2907  1880  3822  3870    2
22940    1880  1721  2154  3870    2
22941    1880  2154  3740  3870    2
22942    3458  3099  3803  3873    1
22943    2837  3458  3803  3873    1
22944    2867  3757  4318  4380    1
22945    3351  3961  4004  4297    1
22946    3961  3351  4009  4297    1
22947    1765  2930  3683  3874    2
22948    1765  1606  2930  3874    2
22949    3405  1765  3683  3874    2
22950    1627  2243  3405  3874    2
22951     865  1627  3405  3874    2
22952    1627   865  2243  3874    2
22953    1765  2243  2412  3874    2
22954    2412  2243  2938  3874    2
22955    1606  1765  2412  3874    2
22956    1606  2412  2938  3874    2
22957    1619  1765  3405  3874    2
22958    1765  1619  2243  3874    2
22959    2243  1619  3405  3874    2
22960     993  3074  3269  3875    1
22961     921   993  3269  3875    1
22962    2986   921  3269  3875    1
22963    2363  2986  3001  3875    1
22964     921  2363  3001  3875    1
22965    2363   921  2986  3875    1
22966    1112   921  3001  3875    1
22967     921  1112  2263  3875    1
22968    2263  1112  3001  3875    1
22969    3269  3074  3098  3875    1
22970    3074  3269  3098  2842    1
22971    2244  2540  3375  3876    1
22972    1613  1688  2244  3876    1
22973    1417  1645  1909  3876    1
22974    1909  1645  2540  3876    1
22975    1688  1417  1909  3876    1
22976    1688  1909  2244  3876    1
22977    2244  1909  2540  3876    1
22978    2351  3274  4085  2996    1
22979    3036  2734  3406  4085    1
22980    1348  1458  3817  3879    2
22981     280  1458  2415  3879    2
22982    1458   280  2223  3879    2
22983    2223   280  2415  3879    2
22984    2837  3873  3933  3983    2
22985    3873  1611  3933  3983    2
22986    2616  2455  3045  3880    1
22987     120  2616  3045  3880    1
22988    2930  2819  3686  3948    2
22989     121  2534  2616  3880    1
22990    2534  2455  2616  3880    1
22991    2534  2455  3982  1821    1
22992    1702  3216  3469  3983    2
22993    2837  1983  3873  3983    2
22994    2031  1264  3112  4105    1
22995     582   490  2959  3882    1
22996     490   582  1313  3882    1
22997    1175   582  3510  3882    1
22998     582  1175  1313  3882    1
22999     979  1175  3510  3882    1
23000    1313  1175  3140  3882    1
23001     706  1313  3140  3882    1
23002     706   979  2165  3882    1
23003    2165   979  3510  3882    1
23004    1175   979  3140  3882    1
23005     979   706  2557  3882    1
23006    2557   706  3140  3882    1
23007     979  2557  3140  3882    1
23008    1071  2277  2505  3883    1
23009    1254  1092  1280  4127    2
23010    3182  2507  3812  3883    1
23011    2277  3182  3812  3883    1
23012    3773    98  4139  4325    1
23013    2655  2479  2736  3884    1
23014    1898  2655  2736  3884    1
23015     945  2479  3630  3884    1
23016    2479   945  2736  3884    1
23017    2736   945  3630  3884    1
23018     442  1129  2736  3884    1
23019     935   442  2736  3884    1
23020     442   935  1129  3884    1
23021    1722  1851  2538  3885    1
23022    2499  2014  3101  4061    2
23023      75    76  4284  4368    2
23024    1543   892  1761  4061    2
23025    3053  3616  3794  4175    2
23026    2499  3101  3409  4061    2
23027    2865  1543  3071  4061    2
23028    2538  1851  2744  3885    1
23029    2468  2261  2538  3885    1
23030    2468  2538  2744  3885    1
23031    2333  2468  2744  3885    1
23032    2333  1261  2468  3885    1
23033    2333  2744  3320  3885    1
23034    2661  1158  4154  4224    2
23035    1886  1998  3071  4277    2
23036    4298  1032  4305  4374    2
23037    1886  1642  2038  4277    2
23038     275   274  1778  3888    2
23039     274   275  1131  3888    2
23040     592  1131  1785  3888    2
23041     261   274  1453  3888    2
23042    2001  1054  2775  3986    2
23043    1365  2474  3201  4100    2
23044     275  1778  1785  3888    2
23045    1131   275  1785  3888    2
23046     568   482  1453  3888    2
23047     482   568   592  3888    2
23048     592   568  1453  3888    2
23049    1247   261  1432  3888    2
23050     482  1432  1453  3888    2
23051    1432   261  1453  3888    2
23052    1396  1425  2327  3891    1
23053    2294  2376  2720  2447    1
23054    1705  2723  4038  4293    2
23055    1040  1771  3185  4135    1
23056    1304  1396  3137  3891    1
23057    2663  1304  3137  3891    1
23058    1771   747  3016  4135    1
23059     626   560  3907  4135    1
23060    1041  1771  3854  4135    1
23061    3814   626  3907  4135    1
23062    1532  1498  2004  4365    2
23063    1396  1304  1425  3891    1
23064    1425  1304  2663  3891    1
23065     960  3159  4095  4264    1
23066    1390  2785  3651  4283    1
23067     890   723  3244  4359    2
23068    1029   548  1799  4056    1
23069    3094  2828  3851  3892    1
23070    2828  3094  3722  3892    1
23071    3722  3094  3851  3892    1
23072    1274   773  2421  3895    1
23073    2421   773  3309  3895    1
23074    1905   316  3829  4311    2
23075    1077  2555  3543  3895    1
23076    3309  1077  3543  3895    1
23077    2670  1077  3309  3895    1
23078    1077  2670  2847  3895    1
23079     483  1905  3829  4311    2
23080    1787  3265  3514  4124    1
23081    1905  1383  4176  4311    2
23082     316   328   794  4311    2
23083    2696  2670  2946  3895    1
23084    2670  2696  2847  3895    1
23085    2946  2670  3198  3895    1
23086    3198  2670  3309  3895    1
23087    2946  3198  3309  3895    1
23088    2159   858  3908  4280    1
23089    1497  1339  2673  4168    1
23090     921  2363  3269  3897    1
23091     880   921  3269  3897    1
23092     921   880  2363  3897    1
23093    3226  2645  4195  4208    1
23094    3654    76  3913  4221    1
23095    1889  2120  3676  3897    1
23096    2120  1889  2148  3897    1
23097    2178   940  3818  3898    1
23098     940  2178  2505  3898    1
23099    2505  2178  3818  3898    1
23100    1435  1651  3443  3898    1
23101    1651  1435  2505  3898    1
23102    1381  1435  3443  3898    1
23103    1748  1978  2505  3898    1
23104    1435  1748  2505  3898    1
23105    1435  1381  1748  3898    1
23106    1748  1381  1978  3898    1
23107    1461  1737  3727  3899    1
23108    2764  1634  3150  3909    2
23109    2859  3566  4231  4349    1
23110    1051  2398  3715  3899    1
23111    2825  2713  2848  3909    2
23112    1556  1278  3892  3899    1
23113    1278  1556  1932  3899    1
23114    1636  1770  2175  4033    1
23115    1461  2236  3715  3899    1
23116    2589  1770  2592  4033    1
23117    1844  1556  3892  3899    1
23118    1556  1844  1932  3899    1
23119    1932  1844  3892  3899    1
23120    2015  1317  2816  3901    1
23121    3120  2646  3437  4384    1
23122    3926  3761  4146  4337    1
23123    1126  1843  2015  3901    1
23124    1025  1126  2015  3901    1
23125    1856  1317  2922  3901    1
23126    1843  1856  2922  3901    1
23127    4264  1046  4282  4363    2
23128    1317  2015  2922  3901    1
23129    2816  1317  3300  3901    1
23130    3300  1317  3517  3901    1
23131     451   728  1240  4177    1
23132    2361  1738  2436  4004    1
23133    4102  4152  4306  4323    2
23134    1738  2221  3041  4004    1
23135    1334  1243  3690  4367    2
23136    1334  3690  3696  4367    2
23137    3350  4274  4218  4367    2
23138    3545  2162  3756  3904    2
23139    1609  2631  3303  3904    2
23140    2306  1609  3303  3904    2
23141    3303  3532  3563  3904    2
23142    2306  3303  3563  3904    2
23143    2162  2766  3831  3904    2
23144    2766  2162  3545  3904    2
23145     525   418   965  3905    2
23146     965   418  2089  3905    2
23147    2738   965  3366  3905    2
23148     968  2738  3366  3905    2
23149     965   968  3366  3905    2
23150    1567  2354  3087  3990    2
23151    3119  3087  3681  3990    2
23152     555   472   570  3907    1
23153     570   472  3814  3907    1
23154    2119   570  3814  3907    1
23155     626  2119  3814  3907    1
23156     953   570  2119  3907    1
23157     520   398   953  3907    1
23158     398   520   560  3907    1
23159     555   570   953  3907    1
23160     555   953  2750  3907    1
23161     520   953  2119  3907    1
23162     626   520  2119  3907    1
23163     560   520   626  3907    1
23164      54    56    55  4281    2
23165    3671    54  4222  4281    2
23166    1932   924  2927  3908    1
23167    1051  1932  2927  3908    1
23168    2637  2906  3176  4349    1
23169    2801    75  4218  4368    2
23170    3470  2677  4231  4349    1
23171      56    54  2527  4281    2
23172    2878   184  3728  4327    1
23173     493   376  1785  4351    2
23174    1165   442  2736  4321    1
23175     142  2825  2848  3909    2
23176    2825   142  2970  3909    2
23177    2970   142  3192  3909    2
23178    3517  2919  3603  3911    1
23179    1964  2627  3530  3911    1
23180    2627  1964  2857  3911    1
23181    2857  1964  3530  3911    1
23182    2314  2681  3415  3912    1
23183    2990  2314  3415  3912    1
23184    2314  2990  2995  3912    1
23185     167  2314  2995  3912    1
23186     742   684  2416  4400    1
23187    3641  3917  4284  4369    1
23188    3654    76  3838  3913    2
23189    3009  3654  3838  3913    2
23190    1416  2450  2611  3918    2
23191    1350  1535  2611  3918    2
23192     404   628  1072  4400    1
23193     628  2403  4014  4400    1
23194      15   369  2913  4370    2
23195    1923  1283  3710  4397    1
23196     326    15   919  4370    2
23197    2302  1790  2582  3915    1
23198    1626  3970  4063  4148    2
23199    2302  2582  3051  3915    1
23200    1538  2302  3051  3915    1
23201    2132  2373  3314  3916    2
23202    2068  2132  3653  3916    1
23203    1754  2068  3653  3916    1
23204    3314  1754  3653  3916    2
23205    2132  3314  3653  3916    2
23206    3504  3430  3511  4275    2
23207    2298  2953  3289  4285    1
23208    2953  3013  3289  4285    1
23209    3944  2810  3993  4302    2
23210    2826  1358  3289  4285    1
23211    1359  1146  4083  4398    2
23212    3462  2418  4083  4398    2
23213    1236  2276  2504  4285    1
23214    2768  3007  3861  4110    2
23215     873  1328  3038  4229    2
23216    2768  1471  3007  4110    2
23217    1684  2254  3605  3918    2
23218    1416  1684  3605  3918    2
23219      76  3838  3913  4284    2
23220    1498  3008  4348  4365    2
23221    2743  2785  3319  4026    2
23222      37    38    36  3919    1
23223    1529  3551  3880  3982    1
23224    3102  3765  2614  4302    2
23225     189  2730  3116  3963    1
23226     178  3627  3886  3974    1
23227      13   676  1326  4058    2
23228    3286  3116  3685  3963    1
23229    1967   191  2542  3963    1
23230    3317  2012  3828  3974    1
23231     473   415   567  4286    2
23232    2089   513  4217  4286    2
23233     513   667  4217  4286    2
23234     667   892  4217  4286    2
23235    1227  1142  2854  3920    2
23236    1000   959  2809  3920    2
23237     959  1000  1227  3920    2
23238    1309  1227  2854  3920    2
23239    2809  1309  2854  3920    2
23240     959  1227  1309  3920    2
23241     959  1309  2809  3920    2
23242    1014  1339  3140  4212    1
23243    2301  2422  3900  4212    1
23244    3900  2422  4055  4212    1
23245    2799   865  3482  4040    2
23246    2528  1368  3062  3922    2
23247    1368  2528  2579  3922    2
23248    2301  2707  3354  3970    1
23249    2815  3206  3902  4064    2
23250    2658    51  2707  3970    2
23251    2510  3296  3954  4137    1
23252    1010  1450  3954  4137    1
23253    3105  2877  3222  3923    2
23254    2940  3803  3873  3933    2
23255    2660  3105  3222  3923    2
23256     138  3470  3471  4141    1
23257    3032  1206  3395  3924    2
23258    1206  2116  3395  3924    2
23259    2116  3247  3625  3924    2
23260      24  2116  3625  3924    2
23261    3247  3398  3399  3924    1
23262      24    26  2116  3924    2
23263    2116    26  3395  3924    2
23264     150  2530  3978  4071    2
23265    2530  1858  3978  4071    2
23266    3127  3785  3997  4289    1
23267    2820    52  3785  4289    1
23268    3399    24  3625  3924    1
23269    3247  3399  3625  3924    1
23270     351   332   355  3925    1
23271     355   332   524  3925    1
23272     332   771  1073  3925    1
23273     524   332  1073  3925    1
23274     293   524  3666  3925    1
23275     183  2311  2878  4200    1
23276    1073   771  3666  3925    1
23277     524  1073  3666  3925    1
23278     335   476   861  4343    2
23279    3025   665  3258  4321    1
23280     878  3224  4203  4204    2
23281    3017  2309  3054  4287    2
23282     351   355  2695  3925    1
23283    3078  3833  4186  4372    2
23284    1386  2099  2870  4407    2
23285    3015  3669  3779  4291    2
23286    1235  2499  3988  4217    2
23287    3816  2499  3988  4372    2
23288     355   637  2695  3925    1
23289     355   524   637  3925    1
23290     140   138  4141  4290    2
23291    2283  2453  4258  4294    2
23292     590   646  1031  4320    2
23293    2062   767  4014  4373    1
23294    1530  1506  3608  3929    2
23295    1506  1530  3382  3929    2
23296    2991  2845  3382  3929    2
23297    3638  3646  3650  3929    1
23298    2845  3638  3650  3929    1
23299      65  3608  3646  3929    1
23300    2991  1530  3608  3929    2
23301    1530  2991  3382  3929    2
23302      65  2991  3608  3929    2
23303      65  2845  2991  3929    2
23304    2845    65  3638  3929    1
23305    3638    65  3646  3929    1
23306     447   281   902  3930    2
23307     292   447   902  3930    2
23308     549   735  1995  3931    1
23309    2376  1588  3084  3931    1
23310    3137  2376  3423  3931    1
23311    2307  3137  3423  3931    1
23312    3084  2307  3423  3931    1
23313    2376  3084  3423  3931    1
23314     140   138  3471  4141    1
23315    1807  3669  4171  4291    2
23316    2683  3058  3748  4291    1
23317    3774   214  3852  3933    2
23318     214  3774  3803  3933    2
23319     134  3120  3207  4339    1
23320    2704  1093  4340  4385    1
23321    3217  3124  4098  4385    1
23322    3149  1098  3175  4125    2
23323    2658  3997  4289  4293    2
23324    4131  1705  2723   862    2
23325     772  1111  2704  4385    1
23326    2452   134  3207  4339    1
23327    2723  2942  4038  4293    2
23328    3677  1705  4038  4293    2
23329    1305  4131  4251  4293    2
23330    2942  3677  4038  4293    2
23331    1705  2723   862  4038    2
23332    1705  2658  4251  4293    2
23333    2483  1608  3698  3934    1
23334    3372  2483  3698  3934    1
23335    1608  2483  3142  3934    2
23336    3142  2483  3372  3934    2
23337    3831  3532  3894  3936    1
23338    3444  3831  3894  3936    1
23339    3532  3444  3894  3936    1
23340      39    41  2235  3995    2
23341    2550   922  2843  3936    1
23342    1024  2550  2843  3936    1
23343    3597  3610  3611  4073    2
23344    2235  3614  3991  3995    2
23345    3614  2213  3991  3995    2
23346    3245  3033  3974  4075    2
23347      41    39   930  3995    1
23348      41   930  3614  3995    1
23349    2823  2766  3444  3936    1
23350    2083  2823  3444  3936    1
23351    2766  2823  3533  3936    1
23352    2823  2083  3533  3936    1
23353    2083  1024  3533  3936    1
23354      39  2235  2469  3995    2
23355    2469  2235  3991  3995    2
23356     661   474  1119  4069    2
23357    1119   474  1621  4069    2
23358      97  2283  4258  4294    2
23359     791  2155  2626  3938    2
23360    2626  2155  2767  3938    2
23361    1119  1621  3089  4069    2
23362    2767  2155  2821  3938    2
23363    2157  2767  2821  3938    2
23364    2155  2157  2821  3938    2
23365    2225  2191  3808  3966    2
23366    2082  1580  2180  3939    1
23367    2918  3115  3476  3965    1
23368    1580  1074  2564  3939    1
23369    1881  3102  3115  3965    1
23370     119  2843  4036  4042    1
23371    2163  2550  2843  4042    1
23372     213  3852  3868  4104    2
23373     705  1225  3842  4037    2
23374     584  1745  2725  4037    2
23375    2510  2304  3219  4115    2
23376     584   705  1745  4037    2
23377    1037   678  1077  3942    2
23378     741  1037  2961  3942    2
23379     741   678  1037  3942    2
23380     864  1996  2852  3942    2
23381     770   671  2961  3942    2
23382     671   770  2799  3942    2
23383    2799   770  2961  3942    2
23384    1139  1996  2799  3942    2
23385    1037  1139  2799  3942    2
23386    1139  1037  1996  3942    2
23387    1038  2799  2961  3942    2
23388    1037  1038  2961  3942    2
23389    1038  1037  2799  3942    2
23390    1077  3270   678   976    2
23391    3270  1077   678  3942    2
23392     678   514   845  3942    2
23393     514   678   741  3942    2
23394     514   741  2961  3942    2
23395     845   514  2961  3942    2
23396    1077   864  2852  3942    2
23397     864  1077  3110  3942    2
23398    3110  1077  3270  3942    2
23399     864  3110  3270  3942    2
23400    1037  1077  1774  3942    2
23401    1037  1774  1996  3942    2
23402    1774  1077  2852  3942    2
23403    1996  1774  2852  3942    2
23404    2644   572  2969  3946    1
23405     572  2581  2969  3946    1
23406    2581   572  2969   765    1
23407    2969   694  3060  3946    1
23408    2644  2969  3060  3946    1
23409     572  2644  3396  3946    1
23410     119   117  3037  4041    2
23411    1606  1604  2819  3948    2
23412    1604  1606  2270  3948    2
23413    3238    22  3591  4043    2
23414    3037   117  3940  4041    2
23415    2290   119  3037  4041    2
23416    1604  2188  2819  3948    2
23417    2298  2276  2300  4129    2
23418    2427   877  3707  3949    1
23419    1320  2427  3707  3949    1
23420     877  1320  3707  3949    1
23421    2315  3886  4004  4297    1
23422    3041  3961  4093  4297    1
23423    1320  3278  3945  3949    1
23424    3961   179  4093  4297    1
23425    1205  2967  3773  4381    1
23426     788  3256  3938  3986    2
23427    3256  1816  3938  3986    2
23428    1778   528  1783  3950    1
23429    1783   528  2733  3950    1
23430     875  2316  2733  3950    1
23431     744   875  2733  3950    1
23432     875   744  2316  3950    1
23433    2283    97  3629  4139    1
23434      90  2461  3945  3951    2
23435    2461    90  3937  3951    2
23436    3937    90  3945  3951    2
23437    1808  2242  3079  3952    2
23438    1431  1808  3079  3952    2
23439    1539    29  2066  3952    2
23440    2066    29  3329  3952    2
23441    2769  1539  3079  3952    2
23442    2242  2769  3079  3952    2
23443      29  2769  3329  3952    2
23444      29  1539  2769  3952    2
23445    1410  1288  3560  3953    1
23446     781  1144  2740  3953    1
23447     704   781  2740  3953    1
23448     781   704  1144  3953    1
23449     704   618  1056  3953    1
23450    1056   618  1150  3953    1
23451    1150  2099  2952  3953    1
23452    2952  2099  3560  3953    1
23453    1056  1150  1288  3953    1
23454    1144  1056  1288  3953    1
23455    1288  1150  2952  3953    1
23456    1288  2952  3560  3953    1
23457    3370  3371  3547  3954    1
23458    1450  2623  3371  3954    1
23459    3371  2623  3547  3954    1
23460    2117  3370  3406  3954    1
23461    3371  2117  3406  3954    1
23462    2849  2117  3371  3954    1
23463    2117  2849  3370  3954    1
23464    3370  2849  3371  3954    1
23465    2405  2406  2488  3955    1
23466     429   777  3845  3956    1
23467     362   429  3845  3956    1
23468     517  1699  1812  3956    1
23469     517   777  1699  3956    1
23470     517   362  3845  3956    1
23471     362   517  1812  3956    1
23472     777   517  3845  3956    1
23473    3799  2877  4089  4185    1
23474    1983  2877  3799  4185    1
23475    2239  1497  4089  4185    1
23476    2239  4140  4168  4185    1
23477    1983  2500  2877  4185    1
23478    1540  1545  1619  4147    1
23479    1600  1540  3368  4147    1
23480    2762  2790  3153  3958    1
23481    2500  2673  4168  4185    1
23482    1497  3799  4089  4185    1
23483    3153  2790  3452  3958    1
23484    1545  1540  1600  4147    1
23485    1323  1352  1469  3960    2
23486     836  1652  2338  3960    2
23487    2338  1652  2409  3960    2
23488     836  2338  2409  3960    2
23489    1352   836  2409  3960    2
23490    1469  1352  2409  3960    2
23491    1094  2438  2829  3962    2
23492    2829  2438  3890  3962    2
23493     307    16   692  4058    2
23494     561   651  1326  4058    2
23495    2438    37  3890  3962    2
23496    1843  1906  3836  3975    1
23497    2456  2092  3836  3975    1
23498      77    76    75  4368    2
23499    2708  2278  3050  3975    1
23500    1833  2092  2456  3975    1
23501     702   809  1118  4076    2
23502    2659  2708  3050  3975    1
23503    2092  1843  3836  3975    1
23504    2210    37  2438  3962    2
23505    1094  2210  2438  3962    2
23506    2150   189  2730  3599    1
23507    1184  1644  2550  3964    1
23508    2550  1644  2697  3964    1
23509     705  1184  1563  3964    1
23510    1074   705  1563  3964    1
23511    1563  1184  2550  3964    1
23512     462  3667  4072  4316    1
23513    3053  2510  3219  4115    2
23514    1640  2082  2180  3964    1
23515     728  1640  2180  3964    1
23516    1640   728  2082  3964    1
23517     728  1184  1441  3964    1
23518     728  1441  2082  3964    1
23519    1597  2550  2697  3964    1
23520    2564  1597  2697  3964    1
23521    1563  1597  2564  3964    1
23522    1597  1563  2550  3964    1
23523     979   706  2165  3966    2
23524     979  2165  3808  3966    2
23525    2723   979  3808  3966    2
23526    1289  1212  3808  3966    2
23527    2191  1289  3808  3966    2
23528    1289  2191  2225  3966    2
23529    1212  1289  2225  3966    2
23530    1583  2613  2971  3967    1
23531     916   591  2613  3967    1
23532    4053  4212   161  3107    1
23533    1995   625  2045  3967    1
23534    1583  2045  3420  3967    1
23535    1573   282  1599  4244    2
23536      18   660  1666  4244    2
23537      18   459   660  4244    2
23538     282  1257  1599  4244    2
23539     752  1583  2971  3967    1
23540    1995   752  2971  3967    1
23541    2045  3420   625  2894    1
23542    3420  2045   625  3967    1
23543     752  1995  2045  3967    1
23544    1583   752  2045  3967    1
23545    1189  1557  2495  3968    1
23546    2777  2495  3819  3968    1
23547    2495  1557  3819  3968    1
23548    1884  3857  3896  4151    2
23549     946  1385  2434  4151    2
23550    2905  2810  3944  4302    2
23551    3013  3289  4285  4301    1
23552    2467  2673  3354  3970    1
23553    2467  1501  2673  3970    1
23554    1770  2848  3324  4150    1
23555    2281  1770  3324  4150    1
23556    3125  3441  3562  4151    2
23557    3857  1897  3896  4151    2
23558       4   389   697  3971    2
23559       4  2321  2864  3971    2
23560    2321   619  2864  3971    2
23561    1500  2020  3204  3972    1
23562    1320    91  2427  4296    1
23563    3310  1279  3429  4044    1
23564    3644  1845  3764  4044    1
23565    1279  1589  3429  4044    1
23566     513   473   567  4286    2
23567    3338  2574  3962  3973    1
23568    3919  3338  3962  3973    1
23569    1067  3404  3665  3973    1
23570    2632  1067  3665  3973    1
23571    2467  1501  3970  4312    1
23572     509   676   693  4058    2
23573     567   415   933  4286    2
23574    1893   513  2089  4286    2
23575    3050  2278  3820  3975    1
23576    2659  3050  3820  3975    1
23577      76  2801  3838  4368    2
23578    1625  4282  4331  4363    2
23579    1288  2869  3534  4274    2
23580     896   742   957  4400    1
23581     890   987  3693  3976    1
23582     987   890  2597  3976    1
23583    1948   890  2161  3976    1
23584    2161   890  3693  3976    1
23585     576  1948  2161  3976    1
23586     576  2161  3693  3976    1
23587    1017   576  3657  3976    1
23588    3657   576  3693  3976    1
23589     116  1960  2834  3977    2
23590    2834  1960  2858  3977    2
23591    1636  1720  1770  4033    1
23592    1520  2594  3715  3978    2
23593    2236  1520  3715  3978    2
23594    1770  2103  2175  4033    1
23595     123  1674  2941  4008    1
23596    4088   139  4159  4214    2
23597    3314  3653  3689  3979    2
23598    2841  3314  3689  3979    2
23599    2601  2141  2692  4250    2
23600    4028  2328  4190  4250    2
23601    3774   214  3803  3980    2
23602    3644  3774  3803  3980    2
23603    3414  3644  3803  3980    1
23604     214  3414  3803  3980    1
23605      36    38  2729  3981    2
23606      36  2729  3013  3981    2
23607    3013  2729  3550  3981    2
23608    2810  3167  3765  4302    2
23609    3593  1478  4002  4302    2
23610      34  3593  4002  4302    2
23611    3167  2810  4002  4302    2
23612    3402  1529  3880  3982    1
23613    3401  3402  3880  3982    1
23614    2149  1521  3275  3982    1
23615    1758  1821  2534  3982    1
23616    2149  1758  2534  3982    1
23617    1821  1633  2455  3982    1
23618    2455  1633  3880  3982    1
23619    2455  2534  3982  3880    1
23620    2098  2885  3275  3982    1
23621    1521  2098  3275  3982    1
23622    2098  1521  2885  3982    1
23623    2885  2444  3275  3982    1
23624    1758  2149  3275  3982    1
23625    1044  1821  2833  3982    1
23626    1044  1633  1821  3982    1
23627    1044  1516  1633  3982    1
23628    2444  2833  3275  3982    1
23629    2104  2444  2885  3982    1
23630    1516  2104  2885  3982    1
23631    1821  1758  2833  3982    1
23632    2833  1758  3275  3982    1
23633    1516  1044  2104  3982    1
23634    2104  1044  2833  3982    1
23635    2444  2104  2833  3982    1
23636    1785  1776  2755  3985    2
23637     348  1616  3879  3985    2
23638     276   348  3879  3985    2
23639     744   348  3950  3985    2
23640     348   744  1616  3985    2
23641    1791  2001  2775  3986    2
23642    1791  1577  2001  3986    2
23643     504  1577  2181  3986    2
23644    1577   504  2001  3986    2
23645    1577  1912  2181  3986    2
23646    2181  1912  2775  3986    2
23647    3256   504  3906  3986    2
23648     504  2181  3906  3986    2
23649    1577  1791  1912  3986    2
23650    1912  1791  2775  3986    2
23651    1041  1726  3185  4135    1
23652     597  1726  3814  4135    1
23653    1346  2440  3833  4264    2
23654    1046  1346  4095  4264    1
23655    3117  1625  4095  4264    1
23656    1346  3117  4095  4264    1
23657    3816  1258  4238  1871    2
23658      56    55  2527  4239    2
23659    1235  2499  2934  3988    2
23660     708  1235  2934  3988    2
23661    2629  1481  2889  4165    1
23662    1632  1481  2629  4165    1
23663    1685  3128  3223  4165    1
23664    3128  2629  3223  4165    1
23665    3605  3128  3877  4165    1
23666    1237   779  3827  4401    1
23667     767   690  4014  4373    1
23668    2850  1308  3951  3989    2
23669    2490  2850  3951  3989    2
23670    1308  2461  3951  3989    2
23671     790  2850  3770  3989    2
23672    1253   790  3770  3989    2
23673     790  1253  2850  3989    2
23674    3635  3902  4300  4353    1
23675    3267  2867  4084  4318    1
23676     179   178  3627  4297    1
23677    3627  2315  4004  4297    1
23678    2315  3627  3886  4297    1
23679    4004  3041  4093  4297    1
23680    3961  3041  4004  4297    1
23681    2197   998  2745  4381    1
23682     179  3627  4075  4297    1
23683    3087  2354  3681  3990    2
23684     769  1773  3446  4179    2
23685    2025  3119  3681  3990    2
23686    1989  1874  2610  3991    2
23687    1874  1989  2336  3991    2
23688    2610  2286  2336  2177    2
23689    2286  2610  2336  3991    2
23690    3644  3216  4313  3803    2
23691    2248  1992  3795  3992    1
23692    1992  2248  2349  3992    1
23693     260  2248  3795  3992    1
23694    2248   260  2349  3992    1
23695    2290  2715  2843  3994    1
23696    2766  3831  3936  3994    1
23697    2766  2317  3831  3994    1
23698    2317  2766  3533  3994    1
23699    3533  2766  3936  3994    1
23700    2163  2290  2843  3994    1
23701    2163  1007  2290  3994    1
23702     922  2843  3936  3994    1
23703     922  2163  2843  3994    1
23704    1007   922  3936  3994    1
23705     922  1007  2163  3994    1
23706    1908  2279  2931  3996    2
23707    1908  2931  3720  3996    2
23708    1062  1361  1787  3996    2
23709    1787  1361  2931  3996    2
23710    1062  1787  2931  3996    2
23711    2931  1361  3928  3996    2
23712    3720  2931  3928  3996    2
23713    3354  3127  3785  3997    1
23714     796   780  1739  3999    1
23715     343   365  1657  3999    1
23716    1657   365  3377  3999    1
23717     343   506  3823  3999    1
23718     416  1657  3377  3999    1
23719     552   343  1869  3999    1
23720     780   552  1869  3999    1
23721    1869   343  2975  3999    1
23722     512   416  3542  3999    1
23723     506   796  3823  3999    1
23724     506   780   796  3999    1
23725     506   343   552  3999    1
23726     506   552   780  3999    1
23727    1657   416  2975  3999    1
23728     343  1657  2975  3999    1
23729    1869   512  3542  3999    1
23730     780  1869  3542  3999    1
23731     512  1869  2975  3999    1
23732     416   512  2975  3999    1
23733     583   281   891  4001    1
23734     281   583   859  4001    1
23735     859   583   891  4001    1
23736    1478  3167  3593  4002    2
23737    2305  2727  3313  4303    1
23738    3881  2905  3944  4002    2
23739    3388  3881  3944  4002    2
23740      34  3388  3944  4002    2
23741    3388    34  3593  4002    2
23742    2036  4005  4026  4303    1
23743    4005  2727  4026  4303    1
23744    2305  1305  2727  4303    1
23745    2036  4026  4283  4303    1
23746    2036  1088  3510  4303    1
23747    1175   582  4283  4303    1
23748    4026  2727  4283  4303    1
23749     979  1305  2305  4303    1
23750    3702  3187  4157  4211    1
23751     923  1032  3252  4298    2
23752    2257  3267  4345  4380    1
23753     138  4231  4290  4319    2
23754    2361   950  2643  4004    1
23755    2128  2361  2643  4004    1
23756    2315  2128  2643  4004    1
23757     950  2361  2436  4004    1
23758    2436  1738  2619  4004    1
23759     967  2436  2619  4004    1
23760    2128  2315  3246  4004    1
23761    3246  2315  3351  4004    1
23762    2128  3246  3351  4004    1
23763    1005  1706  3629  4381    1
23764      66    68  2257  4380    1
23765     853   967  2643  4004    1
23766     950   853  2643  4004    1
23767     853   950  2436  4004    1
23768     967   853  2436  4004    1
23769    3653  3689  3979  4007    1
23770    2068  3653  3979  4007    1
23771    3653  2068  3689  4007    1
23772    3364  1838  3629  4007    1
23773    3629  1838  3689  4007    1
23774    2841  3546  3979  4007    1
23775    3546  2600  3979  4007    1
23776    2600  3546  3601  4007    1
23777     125   124  2401  4008    1
23778     123   125  2401  4008    1
23779     125   123   124  4008    1
23780     124  1941  3293  4008    1
23781    3293  1941  3524  4008    1
23782     194   192  3501  4010    1
23783     192  3292  3501  4010    1
23784    2684  3322  3505  4010    2
23785    2684  3292  3322  4010    2
23786    2684  3505  3513  4010    1
23787    3292  3068  3501  4010    1
23788    3501  3068  3513  4010    1
23789    3068  2684  3513  4010    1
23790    2684  3068  3292  4010    1
23791    3404  2293  3549  4307    1
23792    3616  2679  4152  4175    2
23793    1358  2826  3289  4307    1
23794    3053  2705  3616  4175    2
23795    1364   834  2583  4012    1
23796     834  1364  1414  4012    1
23797    1179   834  1414  4012    1
23798     662   686  4261  4415    2
23799    1179  1414  1622  4012    1
23800    1622  1414  2740  4012    1
23801    1179  1622  2740  4012    1
23802     710   580  1887  4261    1
23803     686   762  4414  4415    2
23804    1887   686  3804  4261    1
23805     438   314   710  4261    1
23806     288   269  4013   265    2
23807    1577  1253  4236  4374    2
23808    1810   738  4304  4374    2
23809    4096  2329  4299  4376    1
23810    1301   628  2590  4014    1
23811    1301  2590  3111  4014    1
23812    1512   767  3111  4014    1
23813    2590  1512  3111  4014    1
23814    2062   767  3902  4014    1
23815    1512  2590  3565  4014    1
23816     767  1512  3565  4014    1
23817    1902  1314  2716  4308    1
23818    1183  3013  3981  4301    1
23819    3691  2988  4230  4354    1
23820    3373  1183  3981  4301    1
23821      38  3919  4057  4301    1
23822    1902  1931  4223  4308    1
23823     767  1242  3902  4014    1
23824    1242   767  3565  4014    1
23825    2590  1242  3565  4014    1
23826    1752  2501  3065  4016    2
23827    3065  2501  3530  4016    2
23828     811  2088  2649  4016    2
23829    1170   811  2649  4016    2
23830    2087  1170  2649  4016    2
23831    1333  2087  2410  4016    2
23832     811  1333  2088  4016    2
23833    2088  1333  2410  4016    2
23834     811  1170  1333  4016    2
23835    1333  1170  2087  4016    2
23836    2986  3315  3746  4017    2
23837     729  1665  3968  4019    1
23838    1275   499  3815  4019    1
23839     991  1275  3815  4019    1
23840    1008  2359  3786  4019    1
23841    1008   991  2359  4019    1
23842    1008   729  3968  4019    1
23843     499  1275  1665  4019    1
23844    1665  1275  3968  4019    1
23845    1275   991  1921  4019    1
23846    1275  1921  3968  4019    1
23847    1008  1921  4019  2561    1
23848    2561  1008  3968  4019    1
23849    1921  2561  3968  4019    1
23850    2653  2862  3969  4020    2
23851    2715  3326  3927  4022    1
23852     153   155  3189  4122    2
23853    2317  2715  3533  4022    1
23854    2715  2317  3326  4022    1
23855    3326  2317  3533  4022    1
23856     486   484  1702  4023    2
23857    1089  3429  3577  4023    2
23858    1910  1089  3577  4023    2
23859    1702   850  1910  4023    2
23860    1910   850  2793  4023    2
23861     850   484  2793  4023    2
23862     484   850  1702  4023    2
23863    3340   703  3429  4023    2
23864    2793   703  3340  4023    2
23865    1910  2793  3340  4023    2
23866    1089  1910  3340  4023    2
23867    1089  3340  3429  4023    2
23868    3735  2158  3943  4050    1
23869      79    80    78  4050    1
23870    1411  1428  2227  4025    2
23871    1428  1411  1649  4025    2
23872    3605  2227  3877  4025    2
23873    1649  3605  3877  4025    2
23874    2227  1649  3877  4025    2
23875    2727  1305  2743  4026    2
23876    2743  1305  2785  4026    2
23877     734  1153  1845  4027    2
23878     734  1845  3310  4027    2
23879    1845  3644  3764  4027    2
23880    3644  3774  3980  4027    2
23881    3764  3644  3980  4027    2
23882    3757    67  3780  4379    2
23883    1482  1462  4059  4314    2
23884    1462  1152  1523  4314    2
23885     768  1482  4059  4314    2
23886    3774  3644  3933  4027    2
23887    3216  3774  3933  4027    2
23888     978  1152  4314  4378    2
23889    3933  3644  3216  4027    2
23890    2517  2921  3580  4029    2
23891    1260  1030  1412  4029    2
23892    2257    68  4195  4227    1
23893    1342  1260  1412  4029    2
23894    1289  1030  2517  4029    2
23895    1030  1289  1495  4029    2
23896    2546  2517  3580  4029    2
23897    3034  2546  3580  4029    2
23898    1495  1289  2191  4029    2
23899    2191  1289  2517  4029    2
23900    2191  2517  2546  4029    2
23901    2191  2546  3034  4029    2
23902    3034  3121  3739  4029    2
23903    2191  3034  3739  4029    2
23904    3121  1495  3319  4029    2
23905    1495  2191  3319  4029    2
23906    3319  2191  3739  4029    2
23907    3121  3319  3739  4029    2
23908     954  1205  2373  4030    2
23909    2373  1205  3916  4030    2
23910    1488  3859  4030  1520    2
23911    1488  2067  3859   939    2
23912     269   291   394  4031    2
23913     289   269   394  4031    2
23914     394   291  2486  4031    1
23915     289   394  2486  4031    1
23916    3727  1461  3899  4032    1
23917    2103  1405  2175  4033    1
23918    2589  2103  2593  4033    1
23919    1770  2589  2593  4033    1
23920    2103  1770  2593  4033    1
23921    1124  2130  2618  4033    1
23922    2175  1405  2618  4033    1
23923    1405  1124  2618  4033    1
23924     936  1636  2130  4033    1
23925    1636   936  1720  4033    1
23926    1720   936  2130  4033    1
23927    1296  2175  2618  4033    1
23928    2130  1296  2618  4033    1
23929    1564  1381  3443  4077    1
23930     588   939  1269  4034    2
23931    1556  1408  2594  4034    2
23932    1408  1556  2113  4034    2
23933    1408  2394  2594  4034    2
23934    1408  2113  2394  4034    2
23935    2163  1563  2550  4042    1
23936     791  2147  2626  4129    2
23937    2794  2298  3158  4129    2
23938    3852  3774  3933  4104    2
23939    2433  2129  3646  4132    1
23940    1729  1372  3516  4134    1
23941    1372  1729  2376  4134    1
23942    1376  2376  3516  4134    1
23943     783  1620  3312  4331    2
23944     584   783  3312  4331    2
23945     876   603  2295  4395    1
23946    2557  2723  2942  4038    2
23947     883  2557  2942  4038    2
23948    3121  2140  4269  4364    1
23949    2671  3107  4133  4313    2
23950    1015  2579  4096  4252    1
23951    1691  1014  2301  4038    2
23952    2301  1014  2707  4038    2
23953      97    98  4139  4294    2
23954    2707  2942  3677  4038    2
23955      52  2820  3785  4149    1
23956      51  3785  4063  4149    1
23957    3677  1705  2707  4038    2
23958    1705  3677  2707  2658    2
23959    1217  1531  3328  4039    1
23960    1531  1217  2809  4039    1
23961     959  2274  2809  4039    1
23962     959   985  2274  4039    1
23963     995  2809  2891  4039    1
23964     995  2891  3328  4039    1
23965     985   959   995  4039    1
23966     995   959  2809  4039    1
23967    1309  1217  3328  4039    1
23968    1217  1309  2809  4039    1
23969    2809  1309  2891  4039    1
23970    2891  1309  3328  4039    1
23971    2279  1787  3090  4124    1
23972     334   676  3839  4311    2
23973    3743  3731  4054  4123    2
23974     316  1905  4176  4311    2
23975     155   153  2329  4122    1
23976     119   118   117  4041    2
23977     117   118  3940  4041    2
23978     155  2329  3969  4122    1
23979    3062  3189  3922  4122    2
23980    2163  2290  3037  4042    2
23981    3037  2290  4041  4042    2
23982    3779    22  3972  4043    2
23983      22  3238  3972  4043    2
23984      21    22  3779  4043    2
23985    3015    21  3779  4043    2
23986    3522  3013  3550  4129    2
23987    4036   118  4041  4121    2
23988     365   876   901  4333    1
23989     728   574  4177  4333    1
23990    2461    91  3945  4296    2
23991    1320  2427  3949  4296    1
23992    3914  2490  3951  4296    2
23993    3945  3914  3951  4296    2
23994    3951  2490  3989  4296    2
23995    2427  1828  3949  4296    1
23996    2427    91  2461  4296    2
23997    3313  2305  3808  4046    2
23998     110  3313  3670  4046    2
23999    3670  3313  3808  4046    2
24000    2727  2305  3313  4046    2
24001    2305  2727  2743  4046    2
24002    3670  2191  3738  4046    2
24003    2191  3670  3808  4046    2
24004    2743  2191  3808  4046    2
24005     288  3528  3620  4156    1
24006    2076  3462  3781  4048    2
24007    1437  2076  2224  4048    2
24008    2076   997  2224  4048    2
24009    1437  1487  2230  4048    2
24010    1487  1437  2224  4048    2
24011    1487   997  2230  4048    2
24012     997  1487  2224  4048    2
24013    1055  1118  2872  4049    1
24014    2872  2200  3892  4049    1
24015    1737  2189  3892  4049    1
24016    1096  1737  3892  4049    1
24017    1737  1096  2189  4049    1
24018    2189  2872  3722  4049    1
24019    3722  2872  3892  4049    1
24020    2189  3722  3892  4049    1
24021      78    80  3735  4050    1
24022      79    78  3020  4050    1
24023    3020    78  3735  4050    1
24024    1603  2028  2783  4051    2
24025    1603  2783  3686  4051    2
24026    1603  3686  4040  4051    2
24027    3482  1603  4040  4051    2
24028     813   643  1245  4052    1
24029    1818   813  2667  4052    1
24030     587  1818  2667  4052    1
24031    1818   587  3263  4052    1
24032    1245  1263  2556  4052    1
24033    2556  1263  2667  4052    1
24034     813  1245  2556  4052    1
24035     813  2556  2667  4052    1
24036     813  1818  3263  4052    1
24037     643   813  3263  4052    1
24038    3422  2887  3602  4054    2
24039     234  3422  3602  4054    2
24040     962   754  1029  4056    1
24041    1171  1799  1981  4056    1
24042    1171  1981  2717  4056    1
24043    1027  1626  3651  4148    2
24044     773   917  4056   548    1
24045    1068   962  1799  4056    1
24046     962  1068  1171  4056    1
24047    1171  1068  1799  4056    1
24048    1981   917  2442  4056    1
24049    1981  2442  2717  4056    1
24050    1161   827  2717  4056    1
24051     862  1705  4038  4148    2
24052    1312  1161  2717  4056    1
24053     917  1312  2442  4056    1
24054    2442  1312  2717  4056    1
24055    2313  1501  3769  4148    2
24056     466  1393  2562  4252    1
24057    1691  2313  3769  4148    2
24058    2210    37  3962  4057    1
24059    3962  3919  3973  4057    1
24060    1094  3962  3973  4057    1
24061    1094  2210  3962  4057    1
24062    3890  3919  3962  4057    1
24063      37  3890  3962  4057    1
24064    3890    37  3919  4057    1
24065     692   695  3106  4058    2
24066     349   695  1326  4058    2
24067     349   693   695  4058    2
24068     509   349  1326  4058    2
24069     349   509   693  4058    2
24070     676    13  3839  4058    2
24071      13   651  3839  4058    2
24072      94  1048  3011  4059    2
24073    3011  1048  3336  4059    2
24074    2304  3807  4115  4315    2
24075    2325   668  2382  4060    1
24076    2382   668  2383  4060    1
24077    3772  1828  3949  4253    1
24078    1722   668  3885  4060    1
24079    1722  1777  4060  3885    1
24080    1948   576  2161  4060    1
24081    2161   576  2383  4060    1
24082     576  2325  2382  4060    1
24083     576  2382  2383  4060    1
24084    1543  1761  3071  4061    2
24085    3071  1761  3816  4061    2
24086    2866  2865  3766  4061    2
24087    3409  2866  3766  4061    2
24088    2865  3071  3766  4061    2
24089    3219  3053  4115  4175    2
24090     462   628  1028  4316    1
24091    3766  3071  3816  4061    2
24092    2499  3766  3816  4061    2
24093     566  1013  2107  4062    2
24094    2107  1013  3776  4062    2
24095    1153  2313  3432  4313    2
24096    3432  3923  4053  4313    2
24097      38    36  3919  4301    1
24098    3571  4054  4167  4310    1
24099    2403   462  3667  4074    1
24100    1935  3667  4072  4074    1
24101     894   319  3623  4065    1
24102    1053   894  3623  4065    1
24103     319   495  3623  4065    1
24104     340   407   431  4065    1
24105     649   315  2171  4065    1
24106     319   894  2171  4065    1
24107     315   319  2171  4065    1
24108    1053   649  2171  4065    1
24109     894  1053  2171  4065    1
24110     340   431   495  4065    1
24111     319   340   495  4065    1
24112     319   315   325  4065    1
24113     319   325   340  4065    1
24114     325   315   407  4065    1
24115     340   325   407  4065    1
24116    1535   860  1915  4067    1
24117    1350  1535  1915  4067    1
24118    1350  1915  2778  4067    1
24119    2157  2821  2914  4068    2
24120    3026  2340  3158  4068    2
24121    3256   788  3938  4068    2
24122    1816  3256  3938  4068    2
24123    2157  1816  3938  4068    2
24124     788   791  3938  4068    2
24125    2340  2914  3706  4068    2
24126    3158  2340  3706  4068    2
24127    1499  1268  3596  4069    2
24128    3089  1744  3596  4069    2
24129    1744   874  3596  4069    2
24130     874  1499  3596  4069    2
24131    2569  2603  3399  4070    1
24132    3032  3398  3924  4070    1
24133    2742  2249  3032  4070    1
24134    2481  1612  2646  4070    1
24135    2646  1612  3557  4070    1
24136    3127  3144  3785  4289    1
24137    3398  3399  3924  4070    1
24138      52  2820  4251  4289    2
24139    3144  3127  3997  4289    1
24140    2820  3144  4251  4289    2
24141    3785    53  3997  4289    1
24142    1683  3032  3515  4070    1
24143    2742  1683  3515  4070    1
24144    1683  2742  3032  4070    1
24145    2806  2320  2817  4072    1
24146     179  4093  4297  4317    1
24147    1406  1935  2469  4246    2
24148    4093  4004  4297  4317    1
24149     487   336  4355  4391    1
24150    1406  2064  2237  4072    1
24151    4075  2988  4093  4317    1
24152    2320  2806  3995  4072    1
24153    1406  2320  3995  4072    1
24154    1406  2237  2320  4072    1
24155    2320  2237  2817  4072    1
24156    3410  1935  3753  4073    2
24157     148  3410  3753  4073    2
24158    1935   148  3753  4073    2
24159    2177  2246  2403  4074    1
24160    2246  2177  2286  4074    1
24161    2286  2177  2403  4074    1
24162    2246  2286  2336  4074    1
24163    2336  2286  3614  4074    1
24164    2246  2336  2945  4074    1
24165     930  2246  2945  4074    1
24166    2945  2336  3614  4074    1
24167     930  2945  3614  4074    1
24168    2854  1531  3920  4076    2
24169     879  2854  3920  4076    2
24170     879   588  2854  4076    2
24171    2394   879  3920  4076    2
24172    3015  1703  4120  4295    2
24173    1001  1708  1940  4295    2
24174    1001  1940  3647  4295    2
24175     702  1118  1531  4076    2
24176    1531  1118  2394  4076    2
24177     879  2394  4034  4076    2
24178     588   879  4034  4076    2
24179    2563  2485  3156  4242    2
24180    1381  1041  1748  4077    1
24181    1748  1041  1978  4077    1
24182    1381  1748  1978  4077    1
24183    1041  1822  1978  4077    1
24184    1978  1822  2127  4077    1
24185     336   699  2535  4404    1
24186    2974  1137  3784  4256    1
24187    1137  1622  3775  4256    1
24188     614  1102  1159  4404    1
24189    1102   614  4355  4404    1
24190    4390  2535  4355   453    1
24191     699   336  4391  4404    1
24192     438   614  1159  4404    1
24193    2237  2064  2469  4079    2
24194    1823  1429  3206  4079    2
24195     397  1035  2381  4247    2
24196    1406  2064  2933  4079    2
24197    1406  2933  4073  4079    2
24198    2933  3611  4073  4079    2
24199    2933  2064  3611  4079    2
24200    1456  2064  2237  4079    2
24201    1823  1456  2237  4079    2
24202    1456  1823  2064  4079    2
24203    1012  1757  3772  4082    1
24204     961  1231  1867  4082    1
24205     961  1012  1231  4082    1
24206    1012   961  1731  4082    1
24207    3687  2303  3835  4082    1
24208    1701  3687  3835  4082    1
24209    1682  1701  2982  4082    1
24210     961  1867  2228  4082    1
24211    1731   961  2228  4082    1
24212    1867  1816  2228  4082    1
24213    2228  1816  2303  4082    1
24214    2982  1701  3835  4082    1
24215    2303  2982  3835  4082    1
24216    1816  1682  2982  4082    1
24217    2303  1816  2982  4082    1
24218    1867  1682  2118  4082    1
24219    1816  1867  2118  4082    1
24220    1682  1816  2118  4082    1
24221    3544  3418  3555  4083    2
24222     501  3544  3555  4083    2
24223    2947   128  2996  4085    1
24224     128  3036  3274  4085    1
24225    2996   128  3274  4085    1
24226    1568  1555  1594  4086    1
24227    1438  1568  1594  4086    1
24228    1756  2399  2495  4086    1
24229    1438  1756  2495  4086    1
24230    2399  2229  2495  4086    1
24231    2229  1555  2495  4086    1
24232    1243  1056  1288  4087    1
24233    1056  1144  1288  4087    1
24234     920  1262  3710  4087    1
24235    1262   920  1552  4087    1
24236    1288  1144  1410  4087    1
24237    1334  1410  3710  4087    1
24238    1243  1334  3690  4087    1
24239    3690  1334  3710  4087    1
24240    1288  1410  2869  4087    1
24241    1243  1288  2869  4087    1
24242    1410  1334  2869  4087    1
24243    1334  1243  2869  4087    1
24244    1661  1674  3827  4213    1
24245    2877  2837  3799  4089    1
24246    2963  3458  3644  4089    1
24247    1845  2963  3644  4089    1
24248    2671  1845  3644  4089    1
24249    1080  1187  2840  4402    2
24250     944  1825  3827  4213    1
24251    1391  1674  2840  4402    2
24252    1674  1391  3827  4213    1
24253    3458  2963  3799  4089    1
24254    2837  3458  3799  4089    1
24255    3644  3458  3803  4089    1
24256    2837  3644  3803  4089    1
24257    3458  2837  3803  4089    1
24258    1309  1972  2891  4090    1
24259    1100  1634  2908  4091    2
24260     923  1100  3734  4091    2
24261     488   923  3734  4091    2
24262    1100   923  1634  4091    2
24263     923   488  2908  4091    2
24264    1634   923  2908  4091    2
24265    2021  1954  2047  4092    1
24266     515   646   823  4226    2
24267    1030  1848  4029  4226    2
24268     433   515  1140  4226    2
24269     823  1030  1260  4226    2
24270    1140  1342  1848  4226    2
24271    3308  3176  3471  4349    1
24272    1875  3219  3639  4322    2
24273    1163  2753  2776  4322    2
24274    1931  3114  3976  4233    1
24275     807  1875  3639  4322    2
24276    4088   138  4231  4349    1
24277    2628  2859  4231  4349    1
24278    2824   516  3258  4321    1
24279    2004  2021  2047  4092    1
24280    1848  1342  4029  4226    2
24281     515   823  1260  4226    2
24282    1046  1346  3159  4095    1
24283    2017  1918  2551  4265    1
24284    2355   171  3865  4265    1
24285     172  1926  3865  4265    1
24286    1625   960  1936  4095    1
24287    2472  1197  3103  4188    2
24288     994  1429  3512  4188    2
24289    1429   994  3149  4188    2
24290    1197  1823  3149  4188    2
24291    2815  1332  3503  4188    2
24292    1823  1429  3149  4188    2
24293    2653  3922  3969  4096    1
24294    2862  2653  3969  4096    1
24295    3902  2815  4064  4300    1
24296    2976  2679  3616  4137    1
24297    1470  2705  3616  4137    1
24298     945  1877  3682  4097    2
24299    1877   945  1882  4097    2
24300    2231  2005  2719  4098    1
24301     632  2602  4346  4386    2
24302     437   607  1730  4386    2
24303    3125  3441  3442  4098    1
24304    3124  3125  3442  4098    1
24305    3125  3124  3441  4098    1
24306    3217  3124  3442  4098    1
24307    1111  3217  3442  4098    1
24308    2231  2370  3561  4098    1
24309    2370  2231  2719  4098    1
24310    3950   744  3985  4099    2
24311    1778  3950  3985  4099    2
24312    4099  1664   529   713    2
24313    1664   317  2265  4099    2
24314    3661  2846  3793  4100    2
24315    2789  3661  3793  4100    2
24316    3201  2846  3661  4100    2
24317    2789  3201  3661  4100    2
24318    4084    66  4318  4379    2
24319     377   401   903  4153    1
24320    1994  1697  2347  4116    1
24321    1697  2342  2749  4116    1
24322    1860  1756  2749  4116    1
24323    2347  1697  2749  4116    1
24324    1733  1994  4116  1697    1
24325    1860  2749  3020  4116    1
24326    1860  4050  4086  4116    1
24327     328   316   794  4176    2
24328    3577  3216  3774  4104    2
24329    3178  3469  3868  4104    2
24330    1611  3178  3868  4104    2
24331    3178  1611  3469  4104    2
24332    1611  2940  3933  4104    2
24333    3774  3216  3933  4104    2
24334    3649   213  3868  4104    2
24335     213  3649  3774  4104    2
24336    3241  3649  3868  4104    2
24337    3577  3241  3868  4104    2
24338    3241  3577  3649  4104    2
24339    1611  3933  3983  4104    2
24340    3469  1611  3983  4104    2
24341    3933  3216  3983  4104    2
24342    3216  3469  3983  4104    2
24343    3917  3641  4284  4368    2
24344    1320  1085  3112  4105    1
24345     756  1085  3280  4105    1
24346    1881  2918  1264  3965    1
24347    2918  1881  1264  4105    1
24348    2918   756  3280  4105    1
24349    1881  3280  3645  4105    1
24350    3312  4238  4282  4326    2
24351    1085  3279  3280  4105    1
24352    1881  2918  3115  4105    1
24353    3115  2918  3280  4105    1
24354    1881  3115  3280  4105    1
24355    2614  3279  3645  4105    1
24356    3279  2614  3280  4105    1
24357    3280  2614  3645  4105    1
24358    4139  3629  4381  4325    1
24359    3781  4255  4327  4382    2
24360     184   183  4205  4382    2
24361    4036  2715  4121  4128    1
24362    1700  2950  2967  4325    1
24363    2550  2843  4042  4128    1
24364    3214  4036  4121  4128    1
24365      97  3629  4139  4325    1
24366     183   184  2878  4382    1
24367    4142  1209   584  4408    1
24368    1150  1056  1288  4107    2
24369    1887   710  3804  4410    1
24370    3850  3131  3822  4108    2
24371     759   906  3457  4109    2
24372    1535  2611  3918  4109    2
24373    1653  1535  3918  4109    2
24374    1336  1653  1672  4109    2
24375    1672  1653  1928  4109    2
24376    1336  1672  1928  4109    2
24377    1928   759  3457  4109    2
24378    1336  1928  3457  4109    2
24379     759  1416  2611  4109    2
24380    2611  1416  3918  4109    2
24381    1416  1653  3918  4109    2
24382    1653  1416  1928  4109    2
24383    1416   759  1928  4109    2
24384    2768  1798  3495  4110    2
24385    2056  2762  3214  4229    2
24386    1798  2980  3583  4110    2
24387    3583  2980  3861  4110    2
24388    1824  2109  3583  4110    2
24389     804  1635  3583  4110    2
24390    1635   804  2109  4110    2
24391    2109   804  3583  4110    2
24392    3958  2762  4184  4229    2
24393    2973  2762  3806  4229    2
24394    2168  1328  3091  4229    2
24395    1876  3038  3806  4229    2
24396    2168  3091  4041  4229    2
24397    2782  1876  4184  4229    2
24398    3004  2168  3940  4229    2
24399    3214  2762  4121  4229    2
24400    2973  3004  4121  4229    2
24401    2572  2767  3230  4113    1
24402    2638  2545  2767  4113    1
24403    2572  2638  2767  4113    1
24404    2638  2572  2997  4113    1
24405    2572  1696  2997  4113    1
24406    2997  3289  3860  4113    1
24407    2997  1696  3289  4113    1
24408    2267  3433  3553  4334    2
24409    4047  2747  4155  4334    2
24410    3294  2728  3525  4143    2
24411    1842   783  3650  4114    1
24412    3650   783  4103  4114    1
24413     869  1842  3650  4114    1
24414    1441   869  3650  4114    1
24415     338   544  3956  4144    1
24416    1736  2020  2749  4240    1
24417    3654  3558  3838  4143    2
24418    2826  3404  4057  4307    1
24419     903   393  3660  4153    1
24420     540   375  3660  4153    1
24421    1438  1189  2347  4116    1
24422    1994  2347  1189  4116    1
24423    1568  1594  1733  4116    1
24424    1438  1568  1733  4116    1
24425    1568  1438  1594  4116    1
24426    2215  2094  4119  4170    2
24427     121  2094  2489  4170    2
24428    2489  2094  2534  4170    2
24429    2094  2215  2534  4170    2
24430     121  2489  2534  4170    2
24431    2534  3551  3947  4170    2
24432    3947  3551  4119  4170    2
24433    3620  4031   288  4156    1
24434     502  1713  3921  4156    1
24435    4013   288  4031  4156    1
24436    2021  1954  4092  4225    1
24437    1954  2021  2789  4225    1
24438    1426  1673  2824  4225    1
24439    2931  2279  3934  4338    2
24440    1807  1789  2000  4171    2
24441    1789  2683  3379  4171    1
24442    1876  1787  2931  4338    2
24443    1834  2094  2661  4119    2
24444    3551  3402  3947  4119    2
24445    3402  2661  3403  4119    2
24446    1787  1876  3265  4338    2
24447     226  3142  3372  4292    2
24448    1789  1492  2683  4171    1
24449    2147  2503  3522  4129    2
24450    2147   791  3158  4129    2
24451    2762  2973  3514  4121    1
24452    3514  2973  4022  4121    1
24453     118  3940  4041  4121    2
24454     118  3927  3940  4121    2
24455    2697  1644  3514  4124    1
24456    3698  2180  3761  4124    1
24457    2782  1876  2931  4338    2
24458    2279  3090  3934  4124    1
24459    3265  2279  3934  4124    1
24460    2180  2697  3761  4124    1
24461    2942  2100  3997  4293    2
24462    1305  2100  4131  4293    2
24463    1312  1161  4056  4147    1
24464    1042  3368  3391  4147    1
24465    1161   827  4056  4147    1
24466    3368  1540  3391  4147    1
24467    2697  3153  3761  4124    1
24468    1600   917  4056  4147    1
24469    1429   816  4079  4125    2
24470    1823  1429  4079  4125    2
24471    1456  1823  2237  4125    2
24472    1086   803  1456  4125    2
24473     803  1086  1353  4125    2
24474    1353  1086  1872  4125    2
24475    1872  1086  2237  4125    2
24476    1086  1456  2237  4125    2
24477    1330  1280  1599  4127    2
24478    1559  1599  4106  4127    2
24479    1559  1446  1599  4127    2
24480    1659  2697  3514  4128    1
24481    3514  2762  4121  4128    1
24482    1659  3514  4022  4128    1
24483    4022  3514  4121  4128    1
24484    1659  4022  4121  4128    1
24485    2276  2503  3158  4129    2
24486    1403   538  2626  4129    2
24487     538  1403  2147  4129    2
24488    2147  1403  2626  4129    2
24489    1942   538  3550  4129    2
24490     538  1942  2626  4129    2
24491    2626  1942  3550  4129    2
24492    3158  2155  3706  4129    2
24493    3706  2155  3860  4129    2
24494    3158  3706  3860  4129    2
24495    2155  1400  3860  4129    2
24496    1400  2155  2626  4129    2
24497    2298  1183  3013  4129    2
24498    3013  1183  3550  4129    2
24499    2953  3013  3522  4129    2
24500    2953  2298  3013  4129    2
24501    1400  1183  3860  4129    2
24502    1183  1400  2626  4129    2
24503     287   301   459  4194    2
24504    3961  3041  4093  4130    2
24505    3033  3961  4093  4130    2
24506    3033  2429  3961  4130    2
24507    4114   901  4142  4333    1
24508      96    97  4258  4294    2
24509    2892  1727  3773  4294    2
24510    2892  3773  4166  4294    2
24511    3789  4166  4258  4294    2
24512    2283  1727  2453  4294    2
24513    4166    96  4258  4294    2
24514     170  2816  3529  4158    1
24515    2816   170  3451  4158    1
24516    3107   161  4053  4133    2
24517    1625  4282  4326  4331    2
24518     876  2295  3159  4395    1
24519    1691  1014  4038  4133    2
24520    4026  2036  4283  4364    1
24521    1209   584  3312  4331    2
24522    2106  1620  2407  4331    1
24523    1986  1372  2366  4134    1
24524    1986  2366  2569  4134    1
24525    2481  1986  2569  4134    1
24526    1376  1352  2417  4134    1
24527    1376  2417  2481  4134    1
24528    2603  2569  3399  4134    1
24529    2603  3399  3987  4134    1
24530    1372  2720  3506  4134    1
24531    3506  2720  3987  4134    1
24532    2366  1372  3506  4134    1
24533    3399  3506  3987  4134    1
24534    2294  2447  2720  4134    1
24535    1372  2294  2720  4134    1
24536    2294  1372  2447  4134    1
24537    1352  1986  2417  4134    1
24538    2417  1986  2481  4134    1
24539    2569  2366  3399  4134    1
24540    3399  2366  3506  4134    1
24541    1415  2524  3360  4136    1
24542    1393  1415  3360  4136    1
24543    2195  1415  3062  4136    1
24544    1415  2195  2524  4136    1
24545    4136  4161  2329  1424    1
24546    1415  2329  3062  4136    1
24547    3062  2329  4122  4136    1
24548    3296  1010  3954  4137    1
24549    1572  1648  3296  4137    1
24550    1648  1572  2705  4137    1
24551    2510  1572  3296  4137    1
24552    1572  2510  2705  4137    1
24553    3900   160  3923  4140    2
24554    2660  3900  3923  4140    2
24555    2877  3923  3932  4140    2
24556    2877  3222  3923  4140    2
24557    2747  2803  4006  4334    2
24558     584   425   705  4142    1
24559     425   373   571  4142    1
24560     571   373   743  4142    1
24561     571   743  1058  4142    1
24562     578   571  1058  4142    1
24563     876   743  3220  4142    1
24564    1359  3544  4107  4409    2
24565    2952  1410  3560  4396    1
24566    3009  2870  3440  4396    1
24567    3440  2870  3560  4396    1
24568    2137  2747  4047  4334    2
24569    1567  1610  2375  4384    1
24570    2803  2747  4006  4335    1
24571    2816  3300  4158  4336    1
24572    3554  2267  4201  4334    2
24573     578  1058  1184  4142    1
24574     705   578  1184  4142    1
24575     584   705  4037  4142    1
24576    4037   705  4114  4142    1
24577     584  4037  4114  4142    1
24578     743   373  3220  4142    1
24579     373   425  3220  4142    1
24580    4339  2354  3438  4384    1
24581    3553  3433  4006  4334    2
24582     362   338  3956  4144    1
24583     544   290  1812  4144    1
24584     362   544  1812  4144    1
24585     290   362  1812  4144    1
24586    2762  3514  3958  4146    1
24587    3153  2762  3958  4146    1
24588    3153   225  3761  4146    1
24589    3514  3265  3806  4146    1
24590    3806  3265  3958  4146    1
24591    3514  3806  3958  4146    1
24592    3761   225  3926  4146    1
24593    3926   225  3958  4146    1
24594    2762  2697  3514  4146    1
24595    2697  2762  3153  4146    1
24596     225  3153  3452  4146    1
24597    3452  3153  3958  4146    1
24598     225  3452  3958  4146    1
24599     827  1161  1545  4147    1
24600    1619  1545  3915  4147    1
24601    1312  1790  2302  4147    1
24602    2302  1790  3915  4147    1
24603    1312  2302  3915  4147    1
24604    1161  1312  3915  4147    1
24605    1545  1161  3915  4147    1
24606    1711  1619  1790  4147    1
24607    1042  1711  1790  4147    1
24608    1711  1042  3391  4147    1
24609    1540  1619  2201  4147    1
24610    1540  2201  3391  4147    1
24611    1790  1619  2582  4147    1
24612    2582  1619  3915  4147    1
24613    1790  2582  3915  4147    1
24614    1619  1711  2201  4147    1
24615    2201  1711  3391  4147    1
24616    1775  1027  3651  4148    2
24617    2301  1691  4038  4148    2
24618    1705  2707  4038  4148    2
24619    2301  1501  2660  4148    2
24620    1691  2301  2660  4148    2
24621    1501  2313  2660  4148    2
24622    2707  2301  4038  4148    2
24623    2301  2707  3970  4148    2
24624    2660  2313  3105  4148    2
24625    1691  2660  3105  4148    2
24626    2313  1691  3105  4148    2
24627    3125  1884  3896  4151    2
24628      32  1897  3441  4151    2
24629    3125    32  3441  4151    2
24630      32  3125  3896  4151    2
24631    1897    32  3896  4151    2
24632    2293   829  3373  4307    1
24633    2826  1358  3404  4307    1
24634    3047  2293  3404  4307    1
24635     540  1614  4024  4153    1
24636     622   540  4024  4153    1
24637    1255   401  1614  4153    1
24638    1614   401  4024  4153    1
24639     622   401  4024   647    1
24640     401   622  4024  4153    1
24641     401   377   403  4153    1
24642     403   377   622  4153    1
24643     401   403   622  4153    1
24644    1069  1975  2215  4154    2
24645     892  1463  1761  4154    2
24646    4003  2047  4092  4239    1
24647     892   518  1463  4154    2
24648    1426  1954  2789  4225    1
24649    1524  3096  4092  4225    1
24650     665  2824  4092  4225    1
24651    1426   665  1954  4225    1
24652    1975  1069  3719  4154    2
24653    1069  1761  3719  4154    2
24654    2215  1975  3719  4154    2
24655    1761  2215  3719  4154    2
24656    1954   665  4092  4225    1
24657     665  1426  2824  4225    1
24658     289  4013  4031  4156    1
24659    2693  3071  3766  4277    2
24660     556   289  2486  4156    1
24661    2486   289  4031  4156    1
24662    1507  1516  3401  4157    1
24663    2143  1507  3401  4157    1
24664    1507  2143  2160  4157    1
24665    3107   161  4055  4212    1
24666    3187  2160  3702  4157    1
24667    1510  2017  4132  4157    1
24668    2017  3187  4132  4157    1
24669    2017  2160  3187  4157    1
24670    1709  1510  2160  4157    1
24671    1510  1709  2017  4157    1
24672    2017  1709  2160  4157    1
24673    1301   628  2380  4163    1
24674    1332  1197  3679  4163    1
24675    3101  2895  3267  4174    1
24676    3732  3934  4292  4337    1
24677    2866  3061  4011  4174    1
24678    2039  1197  2380  4163    1
24679    2120  1805  4197  4207    1
24680    1805  1781  4197  4207    1
24681    2005  3288  3523  4159    2
24682    1952  2005  3523  4159    2
24683     293   306  3143  4215    2
24684     561   293  3224  4215    2
24685    1781   999  2214  4207    1
24686    1781  2214  4197  4207    1
24687    2092  1805  2120  4207    1
24688    2120  3269  3897  4207    1
24689    2148  2120  3897  4207    1
24690     880  2148  3897  4207    1
24691    2353   201  2904  4160    1
24692     201  2353  2372  4160    1
24693    2372  2353  2904  4160    1
24694    1667  1643  2375  4384    1
24695    3334  3531  4173  4336    1
24696    3300  3603  4162  4336    1
24697    4158  3334  4173  4336    1
24698    3302  4162  4173  4336    1
24699    1393  1526  3360  4161    1
24700    1202  2668  2903  4161    1
24701    2137  1202  2903  4161    1
24702    1202  1526  2668  4161    1
24703    2803  1415  3360  4161    1
24704    2329  1415  2803  4161    1
24705    1415  1393  3360  4161    1
24706    1424  1393  4136  4161    1
24707    4161  4136  2329  1415    1
24708    1393  1415  4136  4161    1
24709    1424  2903  4335  4376    1
24710    3184  2472  4160  4163    1
24711    2590  2051  2904  4163    1
24712    2904  2051  3184  4163    1
24713    2904  3184  4160  4163    1
24714    2472  1332  3503  4163    1
24715    2472  3503  4160  4163    1
24716    2590  2904  3503  4163    1
24717    3503  2904  4160  4163    1
24718     518   892  1463  4164    2
24719    1428  1427  2227  4165    1
24720    1427  1428  1466  4165    1
24721    1466  1428  1685  4165    1
24722    1685  1428  2227  4165    1
24723    1975  2058  2331  4259    2
24724    2944  2892  3773  4166    2
24725      98  2944  3773  4166    2
24726    1489  4120  3024  3642    2
24727    1058  1184  4142  4333    1
24728     901   743  4142  4333    1
24729    2297  3459  3497  4167    1
24730    2167  2297  3497  4167    1
24731    2297  2887  3459  4167    1
24732    2297  2167  2887  4167    1
24733    2887  3571  4054  4167    1
24734    3829  3839  4058  4311    2
24735    1383   328  4176  4311    2
24736    3829   316  3839  4311    2
24737    3839   676  4058  4311    2
24738    3422  2887  4054  4167    1
24739    3422  2389  3459  4167    1
24740    2887  3422  3459  4167    1
24741     234  3422  4054  4167    1
24742    2389   234  4054  4167    1
24743     234  2389  3422  4167    1
24744    1578  1391  1674  4213    1
24745     160  2239  4140  4168    1
24746    2239   160  3900  4168    1
24747    3900   160  4140  4168    1
24748      29  1366  4118  4169    1
24749    1366    29  2769  4169    1
24750    3403   120  3947  4170    2
24751    2094   120  3046  4170    2
24752    3046   120  3403  4170    2
24753    2094  3046  3403  4170    2
24754     132   134  4178  4339    1
24755    3394   226  3926  4292    2
24756    2704  1111  4098  4385    1
24757    1492  1807  3669  4171    2
24758    1492  1789  1807  4171    2
24759    3698  3372  3934  4292    1
24760    3426  2354  4178  4339    1
24761     226  3372  3761  4292    1
24762    1605  2782  2931  4338    2
24763    2931  1787  3265  4338    2
24764    2782  1605  3142  4338    2
24765    2116  3398  3247  3924    2
24766    3398  2116  3247  4172    2
24767    1372  2002  2409  4172    2
24768    2409  2002  3397  4172    2
24769    2366  1372  2409  4172    2
24770    2366  2409  3397  4172    2
24771    2032  3334  3531  4173    1
24772    2627   761  3129  4173    1
24773    3129   761  3334  4173    1
24774    2032  2627  3129  4173    1
24775    2032  3129  3334  4173    1
24776    2014  3101  4061  4174    2
24777    2865  2014  4061  4174    2
24778    2014  2895  3101  4174    1
24779    2014  2865  2895  4174    1
24780    1895  2466  3267  4174    1
24781    3206  1429  3611  4188    2
24782    2895  1895  3267  4174    1
24783    2705  3053  3219  4175    2
24784    2679  3219  4115  4175    2
24785    3219  2679  3616  4175    2
24786    1230  3679  3959  4316    1
24787    3549  3373  4301  4307    1
24788    2817  2064  3604  4316    1
24789     316   320   496  4176    2
24790     496   320  1905  4176    2
24791     496  1905  3194  4176    2
24792     732   496  3194  4176    2
24793     316   496   794  4176    2
24794     794   496  2639  4176    2
24795    1064  2639  4015  4176    2
24796    1064   794  2639  4176    2
24797     689  1240  1484  4177    1
24798    1240   728  3427  4177    1
24799    3089  2354  3990  4178    2
24800    2025  3089  3990  4178    2
24801    1190   769  1333  4179    2
24802    1891  1180  2093  4179    2
24803    1180  1241  2093  4179    2
24804    1692  1180  1773  4179    2
24805    1866  1891  3446  4179    2
24806    1773  1866  3446  4179    2
24807     683   769   983  4179    2
24808     983  1891  2093  4179    2
24809     388   683  1241  4179    2
24810     683   388   769  4179    2
24811    1773  1180  1866  4179    2
24812    1866  1180  1891  4179    2
24813    1241   683  2093  4179    2
24814     683   983  2093  4179    2
24815    3300  2724  3529  4180    2
24816     170  3146  3529  4180    2
24817    3451   170  3529  4180    2
24818     170  3451  3792  4180    2
24819    3146   170  3792  4180    2
24820    1170  2458  3254  4180    2
24821    1190  1170  3254  4180    2
24822    1170  1190  2458  4180    2
24823    2724  3300  3633  4180    2
24824    3529  2459  3633  4180    2
24825    3300  3529  3633  4180    2
24826     485   658   680  4181    2
24827     680   658  1411  4181    2
24828     989  1369  1632  4181    2
24829    1632  1369  2227  4181    2
24830    2227  1369  4025  4181    2
24831    1632  2227  4025  4181    2
24832    3924  3032  4070  4288    1
24833     409   681  1122  4183    2
24834     409   384   681  4183    2
24835     433  1448  3473  4183    2
24836     382   409  3005  4183    2
24837     382   384   409  4183    2
24838    2685   681  3473  4183    2
24839     545  2685  3473  4183    2
24840    1448   545  2832  4183    2
24841    2832   545  3473  4183    2
24842    1448  2832  3473  4183    2
24843     614   974  1102  4355    2
24844    1131   641  1453  4389    2
24845    2988  1163  3626  4230    2
24846    4053  2239  4089  4185    1
24847    3932  4053  4089  4185    1
24848     159  3932  4140  4185    1
24849    2239   159  4140  4185    1
24850     159  2239  4053  4185    1
24851    3932   159  4053  4185    1
24852    3485  3203  3487  4196    2
24853    1346  3078  3833  4186    2
24854    3078  1346  3100  4186    2
24855     338  1047  4193  4343    2
24856     335   338  4193  4343    2
24857     476   335  4193  4343    2
24858     313   333  1075  4343    2
24859    1009  2062  3667  4373    1
24860    3667  2062  4353  4373    1
24861    4373  3206  3552  2062    2
24862     333   313   342  4343    2
24863    1075   333  1468  4343    2
24864     342  1047  1468  4343    2
24865    1141  1075  4266  4343    2
24866    1075  1468  4266  4343    2
24867    3206  1242  3512  4188    2
24868    3103   994  3431  4188    2
24869    1242  2815  3503  4188    2
24870    2815  1242  3206  4188    2
24871    3503  2472  3576  4188    2
24872    2472  3103  3576  4188    2
24873    3431  3503  3576  4188    2
24874    3103  3431  3576  4188    2
24875    3503  3431  3810  4188    2
24876    3512  1242  3565  4188    2
24877    1242  3503  3565  4188    2
24878    1951   994  3512  4188    2
24879     994  1951  3431  4188    2
24880    3431  1951  3512  4188    2
24881    3565  3503  3810  4188    2
24882    3431  3512  3565  4188    2
24883    3431  3565  3810  4188    2
24884    2595  2634  3378  4190    2
24885    1004  2595  3378  4190    2
24886     963  1004  2634  4190    2
24887    2328  2716  4028  4190    2
24888    1004   963  1228  4190    2
24889    4063  3760  4148  4251    2
24890    4148  3760  3651  4251    2
24891    3651  1775  4148  4251    2
24892     862  1705  4148  4251    2
24893      52  2820  4149  4251    2
24894    2283    97  4139  4294    2
24895    2658    52  4149  4251    2
24896    3760  4148  3651  1626    2
24897    1440   989  4181  4192    2
24898     342   338  1047  4193    2
24899    1553  2346  3210  4344    1
24900    2894  2768  3586  4344    1
24901    2346  3586  4209  4344    1
24902    2063  1753  3077  4344    1
24903    1753  3210  3495  4344    1
24904    2768  1753  3495  4344    1
24905    2346  2894  3494  4344    1
24906    1967  2894  3077  4344    1
24907    1458   931  1849  4418    2
24908    1559   304  1849  4418    2
24909    2645  4111  4186  4195    2
24910    3790  2645  4186  4195    2
24911    4111  3780  4186  4195    2
24912    3780  3790  4186  4195    2
24913    2921  1344  3485  3811    2
24914     217  2814  3581  4196    2
24915    2814   217  3489  4196    2
24916    3489   217  3581  4196    2
24917    1337  1835  2921  4196    2
24918    1344  1337  2921  4196    2
24919    1337  1344  1835  4196    2
24920    2795  2214  3228  4197    1
24921    2072  2385  2795  4197    1
24922    2072  2795  3228  4197    1
24923    3316  2326  3977  4197    1
24924    2326  2385  3977  4197    1
24925    2385  2326  2795  4197    1
24926    2326  2214  2795  4197    1
24927    3977  2385  3998  4197    1
24928    3998  2385  4080  4197    1
24929    3977  3998  4080  4197    1
24930    1897  2231  3561  4198    2
24931    2231  1897  2337  4198    2
24932    3441  3562  4151  4198    2
24933    1897  3441  4151  4198    2
24934    3562  1779  4151  4198    2
24935    1779  1897  4151  4198    2
24936    1107  2666  2881  4201    2
24937    2420  1107  2881  4201    2
24938    2903  2137  4161  4335    1
24939    2803  2329  4161  4335    1
24940    2137  1202  2420  4201    2
24941    1202  1107  2420  4201    2
24942    1107  1202  1698  4201    2
24943    2747  2803  4161  4335    1
24944    2329  2803  4006  4335    1
24945    3378  2137  3554  4201    2
24946     824  1698  3378  4201    2
24947     824  3378  3554  4201    2
24948    2267   824  3554  4201    2
24949    1202  2137  3378  4201    2
24950    1698  1202  3378  4201    2
24951    3014  3204  3642  4202    1
24952    1793  2777  3014  4202    1
24953    2780  1793  3014  4202    1
24954    1464  1489  2229  4202    1
24955    1464  2229  2495  4202    1
24956    3204  1489  3642  4202    1
24957    2399  1489  3204  4202    1
24958    2229  2399  2495  4202    1
24959    2229  1489  2399  4202    1
24960    1472  2399  3204  4202    1
24961    2399  1472  3204  1756    1
24962    3025  1378  4210  4321    1
24963    3306  3054  3389  4371    2
24964    1378   935  4210  4321    1
24965    4092  3025  4210  4321    1
24966     364   384  4203  4204    2
24967     516  2824  4092  4321    1
24968     935  2624  4210  4321    1
24969    3005  4203  4204   878    2
24970    3005   382  4183  4204    2
24971     878  3005  4183  4204    2
24972     384   382  4203  4204    2
24973     382   384  4183  4204    2
24974     139  4088  4159  4206    1
24975     139  3471  4088  4206    1
24976    3502  3288  3523  4341    2
24977    2704  2259  3308  4206    1
24978    3471   139  3502  4206    1
24979    3502   139  4159  4206    1
24980    3288  3471  3502  4206    1
24981    3288  3502  4159  4206    1
24982    2704  3288  4098  4206    1
24983    2259  2704  4098  4206    1
24984    1952  2259  4098  4206    1
24985    1952  2005  4159  4206    1
24986    2005  1952  4098  4206    1
24987    2005  3288  4159  4206    1
24988    3288  2005  4098  4206    1
24989    1346  1895  3078  4208    1
24990    2004  3613  4092  4387    1
24991    1346  3078  3100  4208    1
24992     632  2602  3025  4346    2
24993    1378   632  3025  4346    2
24994    1473  2879  3678  4346    2
24995    1046  2487  3159  4208    1
24996    1346  1046  3159  4208    1
24997    1046  1346  2487  4208    1
24998     607  1473  2105  4346    2
24999    2105   665  2602  4346    2
25000    1473  3678  3903  4346    2
25001    2602   665  3025  4346    2
25002    1498  2004  4348  4387    1
25003    1473   607  2879  4346    2
25004    3025  2105  3903  4346    2
25005    2389   235  2946  4310    1
25006     103   104  1931  4233    1
25007    3187    63  3646  4211    1
25008    3638  2433  3646  4211    1
25009      64  3638  3646  4211    1
25010      63    64  3646  4211    1
25011    2239  3900  4055  4212    1
25012    2671  3107  4089  4212    1
25013    2239  2671  4089  4212    1
25014    3900  2239  4168  4212    1
25015    2239  1497  4168  4212    1
25016    1191  1497  2963  4212    1
25017    2963  1497  4089  4212    1
25018    1339  1191  3140  4212    1
25019     883  1014  3140  4212    1
25020    1014   883  2699  4212    1
25021    3107  2671  4053  4212    1
25022    4212  4053   161  2239    1
25023    2671  2239  4053  4212    1
25024    2699  1191  2963  4212    1
25025    2699  1845  3107  4212    1
25026    3107  1845  4089  4212    1
25027    1191   883  3140  4212    1
25028     883  1191  2699  4212    1
25029    1845  2963  4089  4212    1
25030    1845  2699  2963  4212    1
25031     322    16   561  4215    2
25032     561    16  2560  4215    2
25033     392   306  2560  4215    2
25034     322   392  2560  4215    2
25035    1211  1924  3564  4371    2
25036    1924  3134  3564  4371    2
25037     392    15  3612  4215    2
25038     306   392  3612  4215    2
25039     590  3143  3612  4215    2
25040      15   590  3612  4215    2
25041     327   306  3612  4215    2
25042     306   327  3143  4215    2
25043    3143   327  3612  4215    2
25044    1575  1993  2759  4366    2
25045    4239    55  4281  4348    2
25046     384   382  3673  4216    1
25047     409  2937  3673  4216    1
25048     382   409  3673  4216    1
25049     409   382  2937  4216    1
25050     667   892  4061  4217    2
25051    1105   667  2014  4217    2
25052    2014   667  4061  4217    2
25053    2499  2014  4061  4217    2
25054    2499   892  4061  3816    2
25055     892  2499  4061  4217    2
25056    1105  2014  2934  4217    2
25057    1235  1105  2934  4217    2
25058    2499  1235  2934  4217    2
25059    2014  2499  2934  4217    2
25060    2888  3500  4010  4275    2
25061    3641    75  4219  4369    1
25062    2801    75  3347  4218    2
25063    3347    75  3641  4218    2
25064    1491  2509  3169  4218    2
25065    3169  2509  3349  4218    2
25066    3169  3349  3711  4218    2
25067    3169  3350  4218  3711    2
25068     422   326   878  4370    2
25069    1056  1181  1243  4398    2
25070     422   646  2913  4370    2
25071     878  3224  4204  4370    2
25072    1952  2859  4214  4220    2
25073    1952  1803  2859  4220    2
25074    3523  3448  4198  4220    2
25075    1952  3523  4198  4220    2
25076    3523  1952  4214  4220    2
25077    3134  3523  4214  4220    2
25078    2337  2231  4198  4220    2
25079    2231  1952  4198  4220    2
25080    1886  1642  4277  4282    2
25081    3566  4088  4231  4349    1
25082    3711  3696  3728  4327    2
25083    1886  1871  4238  4282    2
25084    1902  1261  2333  4223    1
25085    1902  2333  3320  4223    1
25086    1295  1948  3976  4223    1
25087    2601  1902  3714  4223    1
25088    2601  1295  3114  4223    1
25089    3114  1295  3976  4223    1
25090    2601  3114  3976  4223    1
25091    1948  2601  3976  4223    1
25092    2601  1948  3976  2597    1
25093    1931  2601  3714  4223    1
25094    1931  1295  2601  4223    1
25095    2043  3213  4308  4309    1
25096    1902  1931  3714  4223    1
25097     554  1158  2993  4224    2
25098    2993  1178  3843  4224    2
25099    1178  1463  3843  4224    2
25100    2143  2661  4119  4224    2
25101    1507  2143  4119  4224    2
25102    2143  1507  3123  4224    2
25103    2661  2143  3123  4224    2
25104    1463  1507  1529  4224    2
25105    1529  1507  4119  4224    2
25106    1463  1529  4119  4224    2
25107    2506  2021  3613  4225    1
25108    1933  2506  3613  4225    1
25109    2004  2021  4092  4225    1
25110    2021  2004  3613  4225    1
25111    3613  2004  4092  4225    1
25112    2506  2789  3661  4225    1
25113    2506  1933  2789  4225    1
25114    2021  2506  3661  4225    1
25115    1342  1260  4029  4226    2
25116    1260  1030  4029  4226    2
25117    1857  1927  2484  4228    2
25118    1753  1857  2768  4228    2
25119    2768  1857  4110  4228    2
25120    1857  1753  3685  4228    2
25121    1753  2768  3495  4228    2
25122    3495  2768  4110  4228    2
25123    1798  3495  4110  4228    2
25124    1798  2981  3495  4228    2
25125    1635  1798  4110  4228    2
25126    1798  1635  2981  4228    2
25127    2484   763  2580  4228    2
25128    2580   763  4110  4228    2
25129    2484  2580  4110  4228    2
25130    4110  1857  2484  4228    2
25131    1857  4110  2484  1471    2
25132    1927  1857  2542  4228    2
25133    2542  1857  3685  4228    2
25134    1927  2542  3685  4228    2
25135    2063  2981  3520  4228    2
25136    2063  1753  2981  4228    2
25137    2063  3520  3685  4228    2
25138    1753  2063  3685  4228    2
25139    3004  3940  4121  4229    2
25140    2896  2973  3038  4229    2
25141    2973  2896  3004  4229    2
25142    2168  2896  3038  4229    2
25143    2896  2168  3004  4229    2
25144    3091  3214  4041  4229    2
25145    4041  3214  4121  4229    2
25146    3940  4041  4121  4229    2
25147    3940  2168  4041  4229    2
25148       2   568  1453  4350    2
25149     568  1453  4388  4389    2
25150     592  1238  4351  4389    2
25151     515   479   823  4320    2
25152     646   422  4226  4320    2
25153    3058  2683  4171  4291    1
25154    1177  2862  4047  4376    1
25155    2603    24  3399  4288    1
25156     104   103   102  4234    2
25157     102   103  4028  4234    2
25158    2820  1775  3651  4251    2
25159    1050   839  1663  4235    1
25160     839   376  1663  4235    1
25161      21  3015  3779  4352    2
25162    3669  3015  3713  4352    2
25163    3667  3635  4245  4353    1
25164    3768    21  4291  4352    1
25165    1092   928  2111  4235    1
25166     445  1092  2111  4235    1
25167    3748  3713  4237  4352    1
25168    3713  3748  4291  4352    1
25169    3112  2031  3113  4236    2
25170    2590   628  4163  4375    1
25171    1332  2815  3503  4375    1
25172    1828  1577  3989  4236    2
25173    2427  1828  3989  4236    2
25174    2461  1308  3112  4236    2
25175    2461  3112  3113  4236    2
25176    2461  2427  3989  4236    2
25177    1308  2461  3989  4236    2
25178    3112  1308  3765  4236    2
25179    2862  3969  4020  4299    2
25180    3969  2862  4096  4299    1
25181    3433  2862  4020  4299    2
25182    3969  3433  4020  4299    2
25183     892  3816  3988  4238    2
25184    1305  2785  4026  4283    1
25185    2475  1390  3651  4283    1
25186    1975  1886  3719  4238    2
25187    1069  1975  3719  4238    2
25188    3932  2671  4053  4313    2
25189    3641    75  4284  4368    2
25190    3603  3517  3911  4383    1
25191    1500  1831  2399  4240    1
25192    1756  1500  2399  4240    1
25193    2399  1831  3735  4240    1
25194    1756  2399  3735  4240    1
25195    1831  2208  2686  4240    1
25196    2686  2208  3020  4240    1
25197    1831  2686  3020  4240    1
25198    2184  1813  2690  4241    2
25199    2184  2690  3893  4241    2
25200     904  2184  3893  4241    2
25201    2086  2240  3126  4242    1
25202    3126  2240  3742  4242    1
25203    2086  3126  3742  4242    1
25204    1370  2086  2485  4242    1
25205    1370  1546  2086  4242    1
25206    2240  1827  3723  4242    2
25207    3723  1827  3742  4242    2
25208    2240  3723  3742  4242    2
25209     587   612   953  4243    1
25210     520   587   953  4243    1
25211     591  3967  4052  4243    1
25212    1699   591  4052  4243    1
25213     612   587  4052  4243    1
25214    3967   612  4052  4243    1
25215     660   459   825  4244    2
25216     902   420  2138  4244    2
25217     902  2138  3749  4244    2
25218      18   420   459  4244    2
25219    1102  1156  2537  4406    2
25220     420   282  1573  4244    2
25221     825   459  1573  4244    2
25222     662   825  1573  4244    2
25223     662  1573  1599  4244    2
25224     420    18  2138  4244    2
25225    2138    18  3749  4244    2
25226    2062  1293  3635  4246    2
25227    1293  2062  3552  4246    2
25228    3206  2062  3635  4246    2
25229    2062  3206  3552  4246    2
25230    1935  1293  2213  4246    2
25231    2213  1293  3991  4246    2
25232     575  3149  3175  4247    2
25233    3175  3149  4125  4247    2
25234     575   816  1429  4247    2
25235    1429   816  4125  4247    2
25236     575  1429  4125  4247    2
25237     441  1098  1353  4247    2
25238    1353  1098  4125  4247    2
25239     441  1353  4125  4247    2
25240    3491  1607  2296  4248    2
25241    1607  3491  2296  2207    2
25242    2986  1569  3174  4248    2
25243    3098  3174  3491  4248    2
25244    2296  3098  3491  4248    2
25245    2986  2296  3315  4248    2
25246    1569  2986  3315  4248    2
25247    2296  2986  3098  4248    2
25248    3098  2986  3174  4248    2
25249    3577  3649  3774  4249    2
25250    1261  2141  2601  4250    2
25251    1902  1261  2601  4250    2
25252    1261  1902  2141  4250    2
25253    2601  2692  3114  4250    2
25254    3114  2692  4234  4250    2
25255    2601  3114  4234  4250    2
25256     102   104  4234  4250    2
25257    4028   102  4234  4250    2
25258    2453  3789  4258  4294    2
25259    1727  2892  3789  4294    2
25260    1775  2820  1305  4251    2
25261    2820  1775  1305  2785    2
25262    4063  2658  4149  4251    2
25263    2658  4063  4148  4251    2
25264     138  3470  4141  4290    2
25265    3567  4141  4287  4290    2
25266    1694   466  2008  4252    1
25267    2008   466  2562  4252    1
25268     455  1694  2008  4252    1
25269     455  2008  2562  4252    1
25270     912   455  2383  4252    1
25271     455   912  1694  4252    1
25272    1694   912  2383  4252    1
25273    1393   668  4096  4252    1
25274    1393  4096  4136  4252    1
25275    4009  3246  4191  4262    2
25276    2935  2186  3246  4262    2
25277     395   603   876  4408    1
25278     941   854  1130  4328    2
25279    1130  2112  3632  4328    2
25280    1102  1414  2975  4256    1
25281    1102  1156  1414  4256    1
25282    1467  1156  3784  4256    1
25283    1156  1467  1622  4256    1
25284    1622  1467  3784  4256    1
25285    2407  2106  3075  4356    1
25286     287   336  4412  4417    2
25287     453   685  2537  4256    1
25288     685   453  2535  4256    1
25289    1137   685  2535  4256    1
25290     685  1137  2974  4256    1
25291    2537   685  2974  4256    1
25292    3456  1622  3784  4256    1
25293    1622  3456  3775  4256    1
25294    3775  3456  3784  4256    1
25295    1217   702  2854  4257    2
25296    1217  2854  4081  4257    2
25297    1045  1217  4081  4257    2
25298    1489  1708  3024  4295    2
25299    1708  1489  1940  4295    2
25300    1668  3155  4166  4258    2
25301      96  1668  4166  4258    2
25302    1668    96  1707  4258    2
25303    2732  2058  2873  4259    1
25304    2732  2873  3791  4259    1
25305    2873  3075  3791  4259    1
25306    2873  2833  3075  4259    1
25307    3953   941  4012  4260    1
25308     780   434  3542  4260    1
25309    1869   780  3542  4260    1
25310     618   704  3542  4260    1
25311     434   618  3542  4260    1
25312     780   434   360   402    1
25313     434   780   360  4260    1
25314     710  1887  3804  4261    1
25315    3255  4009  4045  4262    2
25316    3033  3255  4045  4262    2
25317    3351  4009  4191  4262    2
25318    3033  3351  4191  4262    2
25319    3351  3033  4009  4262    2
25320    3317  3255  3974  4262    2
25321    3033  3317  3974  4262    2
25322    3255  3033  3974  4262    2
25323    1977   647  3908  4280    1
25324    3715  1461  3899  4280    1
25325    3773  2283  4139  4294    2
25326    3395  2271  3515  4263    1
25327    3144  2820  3785  4289    1
25328    1807  3015  3779  4332    2
25329    2036  3739  3846  4358    1
25330    2036   109  3739  4358    1
25331     960  2407  3159  4264    1
25332     960  1625  2407  4264    1
25333    3090  2355  3865  4265    1
25334    1916  3090  3865  4265    1
25335    2291  2279  2551  4265    1
25336    2551  2279  3090  4265    1
25337    2279  2355  3090  4265    1
25338    2279  2291  2355  4265    1
25339    2346  3494  3586  4344    1
25340    1468   335  4144  4266    2
25341     295  1075  1468  4266    2
25342     295  1468  4144  4266    2
25343     431   292   889  4266    1
25344     292   295   889  4266    1
25345     495   431   889  4266    1
25346     295   495   889  4266    1
25347     705  2725  3842  4267    2
25348    3225   705  3842  4267    2
25349     956  3225  3842  4267    2
25350     956  2464  3225  4267    2
25351    2725   705  4037  4267    2
25352    1745  2725  4037  4267    2
25353     705  1745  4037  4267    2
25354    4222  3008  4281  4365    2
25355    2504  2997  3289  4285    1
25356    1412  1390  2475  4269    1
25357    1390  1412  2140  4269    1
25358    1498  1532  3704  4365    2
25359    4281  4239  4348  4365    2
25360    3008  4222  4348  4365    2
25361    1358  2826  3973  4285    1
25362      75    77  3559  4369    1
25363    2826  3919  3973  4285    1
25364    3008  1498  3704  4365    2
25365    2047  2004  4348  4365    2
25366    2527  2047  4239  4365    2
25367    1712  3736  3850  4270    2
25368    1712   973  3736  4270    2
25369    3850  3445  4108  4270    2
25370    3445   973  4108  4270    2
25371    1595  3445  3850  4270    2
25372    1595  2095  3445  4270    2
25373    1143  1595  2110  4270    2
25374    2110  2553  3736  4270    2
25375    3736  2553  3850  4270    2
25376    1712  3850  4108  4270    2
25377     973  1712  4108  4270    2
25378    2110  1595  2553  4270    2
25379    3850  2553  3872  4270    2
25380    1595  3850  3872  4270    2
25381    2553  1595  3872  4270    2
25382    2659  1843  3975  4362    1
25383    1906  3869  4273  4362    1
25384    2924  1569  3315  4272    2
25385    3315  1569  4248  4272    2
25386    1569  3636  4248  4272    2
25387    1569  2924  3636  4272    2
25388    4218  3641  4274  4368    2
25389    1334  3641  3917  4274    2
25390    1923  3710  4219  4397    1
25391    2869  3534  4274  4399    2
25392    3418  1359  3534  4274    2
25393    1288  1243  2869  4274    2
25394    3838  3009  3913  4399    2
25395     596   684   799  4400    1
25396     799   684   896  4400    1
25397    1491  2728  4218  4274    2
25398      76    75  4284  4369    1
25399    3838  3913  4368  4399    2
25400    4274  2801  4368  4399    2
25401    2728  3418  3534  4274    2
25402    2728  1491  3418  4274    2
25403    3559  4219  4369  4397    1
25404      75  3641  4284  4369    1
25405    2728  2801  4218  4274    2
25406     596   799  1072  4400    1
25407     412   556  1127  4276    1
25408     412  1127  3887  4276    1
25409    3219  3245  1875  2679    2
25410     556   289   412  2486    1
25411     289   556   412  4276    1
25412    1998  2038  2400  4277    2
25413    1998  1886  2038  4277    2
25414    3117  3833  3864  4277    2
25415    1642  3117  3864  4277    2
25416    3071  1998  4094  4277    2
25417    1998  2400  4094  4277    2
25418    3889  2748  4094  4277    2
25419    2400  3889  4094  4277    2
25420    2004  1498  4348  4365    2
25421    4222  4281  4348  4365    2
25422    2536  3515  4263  4279    1
25423    2663  2536  4263  4279    1
25424    3515  2603  4263  4279    1
25425    2569  2481  4134  4279    1
25426    2376  3891  4134  4279    1
25427    2376  2663  3891  4279    1
25428    3515  2481  4070  4279    1
25429    2603  3515  4070  4279    1
25430    3891  2663  4263  4279    1
25431    2603  3891  4263  4279    1
25432    2603  2569  4134  4279    1
25433    3891  2603  4134  4279    1
25434    2569  2603  4070  4279    1
25435    2481  2569  4070  4279    1
25436    1932  1051  3899  4280    1
25437     924  1932  3899  4280    1
25438    1338   858  1966  4280    1
25439    1966   858  2745  4280    1
25440    1338  1966  2745  4280    1
25441    3117  1625  4264  4282    2
25442    3833  3117  4264  4282    2
25443    1258  1871  2440  4282    2
25444    2440  1871  3833  4282    2
25445    2440  3833  4264  4282    2
25446    3972  3779  4043  4332    2
25447    2036  4026  4268  4364    1
25448    1642  1625  3117  4282    2
25449    1642  3117  4277  4282    2
25450    3117  3833  4277  4282    2
25451    2106  1642  3791  4282    2
25452    1886  2106  3791  4282    2
25453    1642  1886  3791  4282    2
25454    1046  2440  4264  4282    2
25455    2140  3846  4268  4364    1
25456    1390  2140  2785  4364    1
25457    1088  3739  4269  4364    1
25458    4239  2047  4348  4365    2
25459    3432  3105  3923  4313    2
25460    2785  2820  3651  4283    1
25461     738   565  1810  4304    2
25462    2559   738  2570  4304    1
25463    2776  1870  3245  4306    2
25464    4115  4152  4175  4306    2
25465     738  1264  2570  4304    1
25466     547   565  2559  4304    1
25467     547   806   821  4304    1
25468    3127  2820  3144  4283    1
25469    1305  3127  3144  4283    1
25470    2820  1305  3144  4283    1
25471    2574  1236  3973  4285    1
25472    3338  2574  3973  4285    1
25473    2953  3338  3374  4285    1
25474    3374  3338  3919  4285    1
25475    2276  1236  2323  4285    1
25476    2323  1236  2574  4285    1
25477    2276  2323  2574  4285    1
25478     667   567   905  4286    2
25479     905   567  1463  4286    2
25480     892   905  1463  4286    2
25481    2218  2309  3017  4287    2
25482    1211  2218  3017  4287    2
25483      21  3779  3935  4291    2
25484    3058  3713  3748  4291    1
25485    4111  3780  4145  4342    2
25486    2218  3281  3307  4287    2
25487    2218  1211  3281  4287    2
25488    2310  3306  3325  4371    2
25489     646   823  1031  4320    2
25490    2019  3878  4342  4372    2
25491    4287  3447  4290  4371    2
25492    2499  2693  3409  4372    2
25493    2440  1187  4186  4372    2
25494    2019  3780  4186  4342    2
25495    3409  2466  3862  4342    2
25496    3409  2693  3833  4372    2
25497    1871  2440  2693  4372    2
25498    3780  2019  3878  4342    2
25499    3409  3862  3878  4342    2
25500    2466  3100  3862  4342    2
25501    3768    21  3935  4291    1
25502    3379  3768  3935  4291    1
25503    2062  3635  3667  4353    1
25504    3379  3748  3768  4291    1
25505    3379  2000  4171  4291    1
25506    2000  3379  3935  4291    1
25507    2683  3379  4171  4291    1
25508    3379  2683  3748  4291    1
25509    2000  1807  4171  4291    2
25510    1807  2000  3779  4291    2
25511    1608  2931  3934  4338    2
25512    3677  2942  3997  4293    2
25513    2658  3677  3997  4293    2
25514    2658  1705  3677  4293    2
25515    2100  2723  4131  4293    2
25516    2723  2100  2942  4293    2
25517    2820  1305  4251  4293    2
25518    1305  2820  3144  4293    2
25519    3144  2820  4251  4293    2
25520    4251  2658  4289  4293    2
25521    3144  4251  4289  4293    2
25522    1705  4131  2723  4293    2
25523    1708  1500  3024  4295    2
25524    1058   574  1184  4333    1
25525     352   365   451  4333    1
25526     728   451  1441  4333    1
25527    1441   901  4114  4333    1
25528    3024  1500  3238  4295    2
25529    3024  3238  4043  4295    2
25530     365   743   876  4333    1
25531     451   365   901  4333    1
25532     396   574  1058  4333    1
25533     451   901  1441  4333    1
25534     743   396  1058  4333    1
25535    3627   178  3886  4297    1
25536     177  3961  4009  4297    1
25537    3886   177  4009  4297    1
25538    1264  1881  3965  4298    2
25539    1032   923  2810  4298    2
25540    3679  1230  4300  4375    1
25541    1264  2031  3112  4298    2
25542    1032  2810  3765  4298    2
25543    1340   923  2871  4298    2
25544     923  1340  2810  4298    2
25545    2810  1340  2871  4298    2
25546    2039  3679  4163  4375    1
25547     628  2590  4014  4375    1
25548     628  1028  2039  4375    1
25549    3503  2590  4163  4375    1
25550    3679  1332  4163  4375    1
25551    2815  2590  3503  4375    1
25552    1881  3112  3765  4298    2
25553    1881  1264  3112  4298    2
25554    1881  2810  3965  4298    2
25555    2810  1881  3765  4298    2
25556     147  3610  3959  4300    1
25557    3597  3610  4064  4300    1
25558    3610  3597  3959  4300    1
25559    2903  4047  4335  4376    1
25560    2862  1177  4096  4376    1
25561     909  2619  4230  4354    1
25562    2329  1424  4335  4376    1
25563    2988  1163  4230  4354    1
25564     154  4047  4299  4376    1
25565    1136   673  1259  4377    2
25566    3691  4004  4317  4354    1
25567     967  2012  4317  4354    1
25568    1163   909  4230  4354    1
25569    1738  3691  4230  4354    1
25570    1478  3167  4002  4302    2
25571    2850  1478  3765  4302    2
25572    1478  2850  3167  4302    2
25573    3167  2850  3765  4302    2
25574    3313  2727  4005  4303    1
25575    2036  3313  4005  4303    1
25576    3510  3313  3670  4303    1
25577    2036  3510  3670  4303    1
25578    3313  2036  3670  4303    1
25579     979  1175  1305  4303    1
25580    1305  1175  4283  4303    1
25581     565   547  1083  4304    2
25582    1083   547  1656  4304    2
25583    1083  1656  1810  4304    2
25584     565  1083  1810  4304    2
25585    1028   628  4014  4375    1
25586    3597  1332  3679  4375    1
25587    1242  2590  2815  4375    1
25588    2815  1332  3597  4375    1
25589    3219  4152  3245  2679    2
25590    1280  4106  4127  4324    2
25591    4106   531  4127  4324    2
25592    3219  3245  4306  1875    2
25593    4152  3219  3245  4306    2
25594    2299   726  3230  4307    1
25595     829  2299  3230  4307    1
25596     829   716  2299  4307    1
25597    2299   716  3047  4307    1
25598    1183   829  4113  4307    1
25599    3289  1183  4113  4307    1
25600    3230   726  4113  4307    1
25601     829  3230  4113  4307    1
25602    1183  3289  4301  4307    1
25603    3373  1183  4301  4307    1
25604    4057  3549  4301  4307    1
25605    2826  4057  4301  4307    1
25606    1902   102  3714  4308    1
25607    1721  3657  3976  4309    1
25608    2893   103  4035  4309    1
25609     103  1931  4035  4309    1
25610    1931   103  4233  4309    1
25611     103  1721  4233  4309    1
25612    3700  1931  4233  4309    1
25613    1721  3700  4233  4309    1
25614    3700  1721  3976  4309    1
25615    1295  3700  3976  4309    1
25616     693   334  1383  4311    2
25617     483   693  1383  4311    2
25618     328   334   581  4311    2
25619     581   334  3839  4311    2
25620     334   328   378  4311    2
25621     378   328  1383  4311    2
25622     334   378  1383  4311    2
25623     328   581   794  4311    2
25624     794   581  3839  4311    2
25625     483  3829  4058  4311    2
25626     693   483  4058  4311    2
25627    2467  3127  4283  4312    1
25628    1626  2467  1027  4312    1
25629    2467  1626  1027  1655    1
25630    3651  2467  4283  4312    1
25631    2820  3651  4283  4312    1
25632    3644  2837  3803  4313    2
25633    2313  2877  3105  4313    2
25634    1845  1153  3107  4313    2
25635    2671  1845  3107  4313    2
25636    3644  3933  3216  3803    2
25637    3644  3216  4027  4313    2
25638    3803  2837  3933  4313    2
25639    3216  3803  3933  4313    2
25640    2837  3216  3933  4313    2
25641    3216  2837  3983  4313    2
25642    2313  3216  3983  4313    2
25643    2877  2313  3983  4313    2
25644    2837  2877  3983  4313    2
25645    1845  3644  4027  4313    2
25646    1845  2671  3644  4313    2
25647    1153  1845  4027  4313    2
25648    2064  2933  3604  4316    1
25649    1406  2064  4072  4316    1
25650    3959  1406  4245  4316    1
25651    1935  3667  4245  4316    1
25652    3667  1935  4072  4316    1
25653    2237  2817  4072  4316    1
25654    2064  2237  4072  4316    1
25655    2237  2064  2817  4316    1
25656    2064  1406  2933  4316    1
25657    2933  1406  3959  4316    1
25658    1406  1935  4245  4316    1
25659    1935  1406  4072  4316    1
25660    1870  2988  3828  4317    1
25661    2012  1870  3828  4317    1
25662    1870  2012  2988  4317    1
25663     139   140  3502  4319    2
25664    3502  3447  3523  4319    2
25665    3523  3447  4214  4319    2
25666    3502  3523  4214  4319    2
25667     140   138  4290  4319    2
25668     140   139   138  4319    2
25669    3447   140  4290  4319    2
25670     515   646  4226  4320    2
25671     364   384  4204  4320    2
25672     384   364   515  4320    2
25673    1211  3564  4287  4371    2
25674    3134  3447  3564  4371    2
25675    2310  1211  3054  4371    2
25676    2677  3054  3470  4371    2
25677    2310  3054  3306  4371    2
25678    2628  3134  3325  4371    2
25679    4183   422  4204  4320    2
25680     384  4183  4204  4320    2
25681     433   384   515  4320    2
25682     433   515  4226  4320    2
25683     433   422  4183  4320    2
25684     384   433  4183  4320    2
25685     422   433  1448  4320    2
25686    1448   433  4226  4320    2
25687     422  1448  4226  4320    2
25688    2776  2753  3807  4322    2
25689    3245  1875  3626  4322    2
25690    1163  3245  3626  4322    2
25691    1163  2776  3245  4322    2
25692    1875  3245  4306  4322    2
25693    2776  3807  4306  4322    2
25694    3245  2776  4306  4322    2
25695     614  2272  4355  4404    1
25696      98    97  4139  4325    1
25697    1700  2196  2950  4325    1
25698    1025  1962  3911  4383    1
25699     336  4355  4391  4404    1
25700    3825  2878  4327  4382    1
25701      96    98  2950  4325    1
25702      98    96    97  4325    1
25703      97    96  2196  4325    1
25704    2196    96  2950  4325    1
25705    2539  1620  2620  4326    2
25706    2539  2620  3261  4326    2
25707    3791  1975  4259  4326    2
25708    2106  3791  4259  4326    2
25709    1654  1620  4259  4326    2
25710    1975  1654  4259  4326    2
25711    1975  1886  4238  4326    2
25712    1620  1654  2620  4326    2
25713    2620  1654  3261  4326    2
25714    1886  1975  3791  4326    2
25715    2106  1886  3791  4326    2
25716    1179  2112  2583  4328    2
25717    2027  1179  2583  4328    2
25718      56    55  2956  4329    1
25719      54    56  2956  4329    1
25720      56    54    55  4329    1
25721    2677  2906  4231  4349    1
25722    2956    55  4239  4329    1
25723     592   663  1785  4351    2
25724    3470   138  3471  4349    1
25725    2906  2677  3176  4349    1
25726    1131   592  1785  4351    2
25727    2723   883  4038  2557    2
25728     883   706  2723  4330    2
25729    2723   706  2948  4330    2
25730     883  1014  2699  4330    2
25731    2699  1014  4133  4330    2
25732    1153  2699  4133  4330    2
25733    2948   883   706  3042    2
25734     883  2948   706  4330    2
25735    2699  2948  1153   734    2
25736    2948  2699  1153  4330    2
25737    2140  1390  4269  4364    1
25738    1390  2785  4283  4364    1
25739     783   584  1842  4331    1
25740    1842   584  2407  4331    1
25741    1620   783  1842  4331    1
25742    1620  1842  2407  4331    1
25743    1500  1708  3387  4332    2
25744    1001  2145  4295  4332    2
25745    1703  1001  4295  4332    2
25746    1001  1703  2145  4332    2
25747    1736  1807  3788  4332    2
25748    1807  1736  2145  4332    2
25749    2145  1736  3788  4332    2
25750     352   396   743  4333    1
25751     574   396  4177  4333    1
25752     396   451  4177  4333    1
25753    1184   728  1441  4333    1
25754    1184  1441  4114  4333    1
25755     705  4114  4142  4333    1
25756    1184   705  4142  4333    1
25757     705  1184  4114  4333    1
25758     451   396  3752  4333    1
25759     352   451  3752  4333    1
25760     396   352  3752  4333    1
25761     168  3300  4162  4336    1
25762    3300   168  4158  4336    1
25763     169  3334  4158  4336    1
25764     169   168  4162  4336    1
25765     168   169  4158  4336    1
25766    1610  1567  2354  4384    1
25767    2354  1567  3087  4384    1
25768    1567  2375  2784  4384    1
25769    3531  3334  3792  4336    1
25770     169  3531  3792  4336    1
25771    3334   169  3792  4336    1
25772    3142  1608  3934  4338    2
25773    2782  3142  3394  4338    2
25774    3265  1876  4184  4338    2
25775    1876  2782  4184  4338    2
25776    3265  3732  3934  4338    2
25777    1605  1608  3142  4338    2
25778    1608  1605  2931  4338    2
25779    3142  3934  4292  4338    2
25780    3394  3142  4292  4338    2
25781    3732  3265  4184  4338    2
25782    3934  3732  4292  4338    2
25783    3394  3732  4184  4338    2
25784    2782  3394  4184  4338    2
25785    3732  3394  3926  4338    2
25786    3926  3394  4292  4338    2
25787    3732  3926  4292  4338    2
25788     133   132  3438  4339    1
25789    3120   133  3438  4339    1
25790    3438  4178   132  3681    1
25791    4178  3438   132  4339    1
25792    2216  2452  3437  4339    1
25793    4182  3307  4340  4385    1
25794     772  3177  3217  4385    1
25795    1093  4182  4340  4385    1
25796    3124   975  4182  4385    1
25797    2700  3120  3437  4339    1
25798    2452  2700  3437  4339    1
25799    2700  4339  3207  3120    1
25800     795   632  2879  4386    2
25801    1271   795  1483  4386    2
25802    2004  1498  3613  4387    1
25803     607  1224  2879  4386    2
25804    4222  3008  4348  4387    1
25805     607  2879  4346  4386    2
25806    1730   607  2602  4386    2
25807    1498  3096  3613  4387    1
25808    3008  4222  4329  4387    1
25809    3562  3448  4198  4341    2
25810    3448  3523  4198  4341    2
25811    1093  3562  4198  4341    2
25812    3523  1093  4198  4341    2
25813    3502  3567  4182  4341    2
25814     140  3447  4290  4341    2
25815    3447   140  3502  4341    2
25816    3502   140  3567  4341    2
25817    3567   140  4141  4341    2
25818    4141   140  4290  4341    2
25819    3567  4141  4290  4341    2
25820    1141   476  1404  4343    2
25821     342  1404  4192  4343    2
25822     342  4192  4193  4343    2
25823     342   313  1079  4343    2
25824    1079   313  1404  4343    2
25825     342  1079  1404  4343    2
25826    1404   476  4192  4343    2
25827    4192   476  4193  4343    2
25828    3100  4111  4208  4345    1
25829    3078  3100  4208  4345    1
25830    1895  3078  4208  4345    1
25831    1895  2466  3078  4345    1
25832    3078  2466  3100  4345    1
25833     802  2105  2602  4346    2
25834     607   802  2602  4346    2
25835     802   607  2105  4346    2
25836    2879   632  3630  4346    2
25837    1378  2879  3630  4346    2
25838     632  1378  3630  4346    2
25839    1378  3025  4210  4346    2
25840    3025  3903  4210  4346    2
25841    2879  1378  3678  4346    2
25842    3678  1378  3903  4346    2
25843    3903  1378  4210  4346    2
25844     730   515   893  4347    1
25845     637   730   893  4347    1
25846     893   433  2220  4347    1
25847    2220   433  3673  4347    1
25848     433   384  3673  4347    1
25849     384   433   515  4347    1
25850     515   433   893  4347    1
25851    2832  3109  3704  4366    2
25852    2339  2527  3903  4366    2
25853    1473  2832  3704  4366    2
25854     453  2535  4256  4390    1
25855     568  1453  4350  4388    2
25856     931   531  1559  4418    2
25857    1356  1179  1386  4407    2
25858    1453   641  4350  4388    2
25859     663   493  1785  4351    2
25860     928  1092  1238  4351    2
25861    1238  1092  4127  4351    2
25862    1092   928  4235  4351    2
25863     445   376   493  4351    2
25864     445   493   663  4351    2
25865     445  1092  4235  4351    2
25866    1092   445  4127  4351    2
25867    1738  2619  4004  4354    1
25868    3691  1738  4004  4354    1
25869    2619   967  4004  4354    1
25870    4004   967  4317  4354    1
25871    1163  2012  2776  4354    1
25872    2776  2012  3371  4354    1
25873    1163  2776  3371  4354    1
25874     749   967  2619  4354    1
25875     967   749  2012  4354    1
25876    2619   909  3449  4354    1
25877     749  2619  3449  4354    1
25878    3371   749  3449  4354    1
25879    2753  3371  3449  4354    1
25880    2753  1163  3371  4354    1
25881    1010   749  3371  4354    1
25882     749  1010  2012  4354    1
25883    2012  1010  3371  4354    1
25884     909  1163  2753  4354    1
25885     909  2753  3449  4354    1
25886     301   287   459  4405    2
25887    1196   420  1573  4405    1
25888    1044  1821  3318  4356    1
25889    1821  2620  3318  4356    1
25890    1821  1654  2620  4356    1
25891    1534  1376  2417  4357    1
25892    2417  1376  2481  4357    1
25893    2481  1376  4279  4357    1
25894     604  3136  3262  4359    2
25895     605   604  1208  4359    2
25896    1208   604  3262  4359    2
25897     605  1208  3262  4359    2
25898    2095   605  4270  4359    2
25899     605  2095  2446  4359    2
25900     648   890  3262  4359    2
25901     648   723   890  4359    2
25902     723   648  3136  4359    2
25903    3136   648  3262  4359    2
25904     723  3244  4270  2110    2
25905    3244   723  4270  4359    2
25906     723  2095  4270  4359    2
25907    2095   723  2446  4359    2
25908    2758  3161  3525  4360    2
25909    3435  2758  3525  4360    2
25910    3435  3525  4271  4360    2
25911    3118  3435  4271  4360    2
25912    3525  3161  4271  4360    2
25913    3858  3118  4271  4360    2
25914    3188  3858  4271  4360    2
25915    3188  2870  3858  4360    2
25916    3161  2870  3188  4360    2
25917    3161  3188  4271  4360    2
25918    2214  2326  3866  4361    1
25919    2326  2214  3316  4361    1
25920    1947  2326  3316  4361    1
25921    3228  3866  4272  4361    1
25922    3621  2984  4272  4361    1
25923    2984  1607  3273  4361    1
25924    1607  2842  3273  4361    1
25925    2842  3228  3273  4361    1
25926    3273  3228  4272  4361    1
25927    2984  3273  4272  4361    1
25928     603  1209  4278  4395    1
25929    2440  1258  4282  4363    2
25930    1046  2440  4282  4363    2
25931    2853  1046  4278  4363    2
25932    1209  4331  4363  4395    1
25933    1209   901  2407  4395    1
25934    4278  1209  4363  4395    1
25935     550   876  3159  4395    1
25936    4268  3846  4358  4364    1
25937    2036  4268  4358  4364    1
25938    3846  2036  4358  4364    1
25939    3739  3121  4269  4364    1
25940    3121  3739  3846  4364    1
25941    2475  1390  4283  4364    1
25942    1390  2475  4269  4364    1
25943    4269  2475  4283  4364    1
25944    2047  1532  3200  4365    2
25945    2004  2047  3200  4365    2
25946    1532  2004  3200  4365    2
25947    1532  2047  2105  4365    2
25948    2105  2047  2339  4365    2
25949    1532  2105  2339  4365    2
25950    1473  2339  3903  4366    2
25951    3109  1473  3678  4366    2
25952    3109  1993  3617  4366    2
25953    1575  3109  3617  4366    2
25954    1993  1575  3617  4366    2
25955    2678  1993  3678  4366    2
25956    1993  2678  3240  4366    2
25957    3678  1473  3903  4366    2
25958    2678  3678  3903  4366    2
25959    3744  2678  3903  4366    2
25960    2527  3744  3903  4366    2
25961    3240  2678  3744  4366    2
25962    2527  3240  3744  4366    2
25963    4205  3711  4327  4367    2
25964    3781  4205  4327  4367    2
25965     684   742   896  4400    1
25966     896   957  2403  4400    1
25967    3347  3559  4219  4369    1
25968      75  3347  4219  4369    1
25969    3347    75  3559  4369    1
25970    1056  1243  1288  4398    2
25971    2883   438  3804  4410    1
25972    1923  3559  4396  4397    1
25973    4369  3917  4396  4397    1
25974      77    76  4221  4369    1
25975    3559    77  4221  4369    1
25976     326   477   878  4370    2
25977     878   477  3224  4370    2
25978    3224  3143  4204  4370    2
25979     646   446  2913  4370    2
25980      15   446   590  4370    2
25981    3143   590  4320  4370    2
25982     364  3143  4320  4370    2
25983    3143   364  4204  4370    2
25984    4204   364  4320  4370    2
25985    3224    15  4215  4370    2
25986      15   590  4215  4370    2
25987     590   646  4320  4370    2
25988     590   446   646  4370    2
25989    3143  3224  4215  4370    2
25990     590  3143  4215  4370    2
25991    2677  3470  4231  4371    2
25992    4231  3470  4290  4371    2
25993    4231  4290  4319  4371    2
25994    3134  4231  4319  4371    2
25995    1258  3816  3988  4372    2
25996    2440  1258  3988  4372    2
25997    1258  1871  3816  4372    2
25998    1871  1258  2440  4372    2
25999    2466  3078  4342  4372    2
26000    3078  2466  3409  4372    2
26001    3409  2466  4342  4372    2
26002    1308  3765  4236  4374    2
26003    3112  3765  4298  4374    2
26004    3765  3112  4236  4374    2
26005    1308  1032  3765  4374    2
26006    3765  1032  4298  4374    2
26007    2039  1028  3604  4375    1
26008    3604  1028  3679  4375    1
26009    2039  3604  3679  4375    1
26010    4300  1230  4353  4375    1
26011    1230  1028  4353  4375    1
26012    2590  1242  4014  4375    1
26013    1028  4014  4353  4375    1
26014    1242  2815  3902  4375    1
26015    3902  2815  4300  4375    1
26016    1242  3902  4014  4375    1
26017    3902  4300  4353  4375    1
26018    4014  3902  4353  4375    1
26019    1523  2037  4314  4377    2
26020    1259    93  1523  4377    2
26021      93  1048  4059  4377    2
26022    1523    93  2037  4377    2
26023    2037    93  4059  4377    2
26024    1048  1259    93  3658    2
26025    1259  1048    93  4377    2
26026    3149  3103  4101  4378    2
26027    3757    67  4318  4380    1
26028    3862    66  4145  4380    1
26029      66  2257  4145  4380    1
26030    2867  2934  3878  4402    2
26031    2840  1674  3716  4402    2
26032    2257  1237  3267  4380    1
26033    1391  2934  2867  4402    2
26034    1391  2840  2934  4402    2
26035    1391  2867  3757  4402    2
26036    4145  2257  4345  4380    1
26037    3862  4145  4345  4380    1
26038    3757  2257  4227  4380    1
26039      67  3757  4227  4380    1
26040    2257    67  4227  4380    1
26041    1754  1205  2283  4381    1
26042    2068  1754  2283  4381    1
26043    1706  2068  2283  4381    1
26044    1700  3629  4325  4381    1
26045    2967  1700  4325  4381    1
26046    1203  1005  3629  4381    1
26047    1005  1203  1700  4381    1
26048    1700  1203  3629  4381    1
26049    3629  4139  4381  2283    1
26050    2283  1205  3773  4381    1
26051    1706  2283  3629  4381    1
26052    2283  3773  4139  4381    1
26053    4139  3773  4325  4381    1
26054    3131  3822  2443  3837    2
26055    2354  3438  4384  3681    1
26056    1373  2354  3426  4384    1
26057    3426  2354  4339  4384    1
26058    1643  1373  3437  4384    1
26059    1373  1643  1667  4384    1
26060    2784  2646  3087  4384    1
26061    1567  2784  3087  4384    1
26062    1373  3426  3437  4384    1
26063    3437  3426  4339  4384    1
26064    1373  1610  2354  4384    1
26065    1610  1373  1667  4384    1
26066    1610  2375  1667  1994    1
26067    2375  1610  1667  4384    1
26068    3124  1093  4098  4385    1
26069    1093  2704  4098  4385    1
26070    4329  4222  4348  4387    1
26071    4239  4329  4348  4387    1
26072    4239  2956  4329  4387    1
26073    2956  2047  4092  4387    1
26074    2004  2047  4348  4387    1
26075    2047  2004  4092  4387    1
26076    2047  4239  4348  4387    1
26077    2047  2956  4239  4387    1
26078    1102  2537  4256  4390    1
26079    1573   487  2883  4405    1
26080       2   559   568  4388    2
26081     568   559   937  4388    2
26082     765   318   928  4389    2
26083     928   318  1238  4389    2
26084     765   928  1238  4389    2
26085     964   559  4388  4389    2
26086     262   964  4388  4389    2
26087     336   287   487  4417    2
26088     336  1101  4412  4417    2
26089     336   825  3737  4417    2
26090    3528   638  4194  4417    2
26091     459  1573  4244  4405    2
26092    1101   336  3737  4417    2
26093     420   459  4244  4405    2
26094     287  3528  4194  4417    2
26095     459   287  4194  4417    2
26096     287   459   487  4417    2
26097    1154   729  2026  4392    1
26098    2026   729  3786  4392    1
26099    1154  2026  3786  4392    1
26100    2417  1154  3680  4392    1
26101    3680  1154  3786  4392    1
26102    2417  3680  3786  4392    1
26103     425   373  3220  4408    1
26104     603   908  4394  4408    2
26105     425   584   908  4408    2
26106     908   611  2853  4394    2
26107    1258  3312  4282  4394    2
26108    4282  3312  4331  4394    2
26109    4331  1209  4363  4394    2
26110    2440  1258  4363  4394    2
26111    1258  2440  2853  4394    2
26112    4278  2853  4363  4394    2
26113    1209  4278  4363  4394    2
26114    4282  4331  4363  4394    2
26115    1258  4282  4363  4394    2
26116    1046  2440  4363  4394    2
26117    2440  1046  2853  4394    2
26118    2853  1046  4363  4394    2
26119     550   367   876  4395    1
26120     707  2295  4278  4395    1
26121    2295   707  3159  4395    1
26122    3159   707  4278  4395    1
26123    1418  2418  2961  4409    2
26124    1359  1056  4398  4409    2
26125    4142  4395  1209  4408    1
26126     614   438  3804  4414    1
26127     686   762  3804  4414    1
26128    2883   329  4391  4410    1
26129    1288  1410  2952  4396    1
26130    1410  1288  2869  4396    1
26131    2869  1288  2952  4396    1
26132    3440  3559  4221  4396    1
26133    4221  3559  4369  4396    1
26134    3710  1334  4219  4397    1
26135    1334  2869  3917  4397    1
26136    1334  1410  2869  4397    1
26137    1056  1288  1359  4398    2
26138    3690  3781  4367  4398    2
26139    1243  3690  4367  4398    2
26140    3690  1243  3781  4398    2
26141    4274  1243  4367  4398    2
26142    1359  1288  4274  4398    2
26143    1288  1243  4274  4398    2
26144    1146  3350  3781  4398    2
26145    3781  3350  4367  4398    2
26146    3350  4274  4367  4398    2
26147    1146  1359  3418  4398    2
26148    3418  1359  4274  4398    2
26149    1146  1491  3350  4398    2
26150    3350  1491  4274  4398    2
26151    1491  3418  4274  4398    2
26152    1491  1146  3418  4398    2
26153    1009   742  2416  4400    1
26154     742  1009  2403  4400    1
26155     690  4014  4373  4400    1
26156     690  1072  4014  4400    1
26157    2416   690  4373  4400    1
26158    1009  2416  4373  4400    1
26159    2403  1009  4373  4400    1
26160    3757  2257  3226  4227    1
26161    2257  3757  3226  4401    1
26162    1391  1578  3716  4402    2
26163    3716  1578  3757  4402    2
26164    3757  2867  4379  4402    2
26165    3780  2019  3790  4402    2
26166    3757  3780  3790  4402    2
26167    3780  3757  4379  4402    2
26168    3780  3878  4402  4379    2
26169     183  4078  4382  4403    1
26170    2878   183  4382  4403    1
26171    2535  4390  4355  4404    1
26172    2535   699  2975  4404    1
26173    1102  4355  4390  4404    1
26174    2112   828  3632  4411    2
26175    1356  1179  2112  4411    2
26176    1159   438  4410  3804    1
26177    2535  2975  4256  4404    1
26178    2535  4256  4390  4404    1
26179    1159  1102  1414  4404    1
26180    1414  1102  2975  4404    1
26181    1159  1414  2975  4404    1
26182    2975  1102  4256  4404    1
26183    4256  1102  4390  4404    1
26184    1102  2537  4390  4406    2
26185    1467  1156  4393  4406    2
26186    1503  1467  4393  4406    2
26187    2537  1156  3784  4406    2
26188     336   395  3220  4412    1
26189     304   439  1458  4418    2
26190    1467  1503  3784  4406    2
26191    1156  1467  3784  4406    2
26192    1515  2537  2974  4406    2
26193    2974  2537  3784  4406    2
26194    1503  1515  2974  4406    2
26195    1503  2974  3784  4406    2
26196    4395  4142  1209   901    1
26197     584  1209  4394  4408    2
26198     908   584  4394  4408    2
26199     584   425  4142  4408    1
26200    4142  1209   901   584    1
26201    1150  1056  4107  4409    2
26202     618  1150  4107  4409    2
26203    1418  1359  4083  4409    2
26204    4083  1359  4398  4409    2
26205    2418  1418  4083  4409    2
26206    2418  4083  4398  4409    2
26207    1116   618  2961  4409    2
26208    2418  1116  2961  4409    2
26209     329   325  1229  4410    1
26210     325   329   710  4410    1
26211     552  1229  1887  4410    1
26212     552   343  1229  4410    1
26213     343   552  1159  4410    1
26214    1159   552  1887  4410    1
26215    3632   974  3755  4411    2
26216    1356  3632  3755  4411    2
26217    1102  1156  4406  4411    2
26218    1156  1102  1179  4411    2
26219    1156  1356  4406  4411    2
26220    1156  1179  1356  4411    2
26221     395   336   888  4412    2
26222     888   336  1101  4412    2
26223     395   888   908  4412    2
26224     908   888  1101  4412    2
26225     618   741  2961  4413    2
26226    1182  2961  2987  4413    2
26227    1418  1182  2987  4413    2
26228    1182  1418  2961  4413    2
26229     710   438  4261  4414    1
26230     438   710  3804  4414    1
26231    3804   710  4261  4414    1
26232    4261   686  4414  4415    2
26233     662  4261  4414  4415    2
26234    1573  1196  4405  4419    1
26235     329  2883  4391  4419    1
26236     828   358   974  4415    2
26237     438   614   974  4415    2
26238     329  1196  2883  4419    1
26239     413   420  1196  4419    1
26240     358   825   974  4415    2
26241     304   358   828  4415    2
26242     662   438   825  4415    2
26243     825   438   974  4415    2
26244     304   662   825  4415    2
26245     358   304   825  4415    2
26246     336   699  4391  4416    1
26247     699   336  3220  4416    1
26248     330   373  3528  4416    1
26249    3528   373  4412  4416    1
26250     373  3220  4412  4416    1
26251     373   330  3220  4416    1
26252     825   336  4355  4417    2
26253     487   825  4355  4417    2
26254     336   487  4355  4417    2
26255     373  3528  4412  4417    2
26256     373   638  3528  4417    2
26257    1101   638  1145  4417    2
26258     638   373  1145  4417    2
26259    1145   373  4412  4417    2
26260     908  1145  4412  4417    2
26261    1101   908  4412  4417    2
26262     908  1101  1145  4417    2
26263     304  1458  1849  4418    2
26264     662   686  4415  4418    2
26265     828   304  4415  4418    2
26266     345   686   698  4418    2
26267     439   345   698  4418    2
26268    1458  1168  2755  4418    2
26269     931  1458  2755  4418    2
26270    1168   931  2755  4418    2
26271     686   828  4415  4418    2
26272     828   304   439   358    2
26273     304   828   439  4418    2
26274     686   345   828  4418    2
26275     345   439   828  4418    2
26276     285   301  4405  4419    1
26277     301   285   948  4419    1
# Generated by tetgen -pq1.8kAaen CSEM_input_model.poly 
