4042  1
    1   2303  1731  3687    99
    2    415   382   424    99
    3    158  1922  2516    99
    4    412   289   458    99
    5    280   283   430    99
    6    297    19   298    0
    7    493   275  1776    99
    8   2815  1332  3597    99
    9    443   394   456    99
   10   3743  3571  4054    99
   11    339   337   430    99
   12   1864  2269  2431    99
   13    457   443   606    99
   14    562    13   563    0
   15    938  1536  1574    99
   16    369   919  1725    0
   17   1118  1408  2113    99
   18    265   269  1725    0
   19   1428  1629  2227    99
   20    266    18   298    0
   21   1922  1430  2516    99
   22    286   291   294    99
   23    127   128  3215    99
   24    322    16   391    0
   25    121  2489  2534    99
   26    295   299   300    99
   27     18    19   298    0
   28    707   603   955    99
   29    887   972  1777    99
   30     22    21    23    99
   31   1120   471  1399    99
   32    301   286   302    99
   33   2263  1112  2387    99
   34   3094   152  4032    99
   35     25    24    26    99
   36    295   292   299    99
   37   1815   988  2539    99
   38   2727  4005  4026    99
   39      6    10   505    1
   40   3470  2309  3567    99
   41     28    27    29    99
   42    294   291   331    99
   43   1575  2983  3617    99
   44     10   261   505    1
   45   3715  1278  4032    99
   46    288  4013  4031    99
   47     31    30    32    99
   48    643   813  1245    99
   49   2533    64  2876    99
   50    526   606   858    99
   51    595   335   861    99
   52   3117  1625  4264    99
   53     34    33    35    99
   54    792   570  1716    99
   55   1992  1592  2349    99
   56   1181  1116  1239    99
   57    144   145  3064    99
   58    570   631   852    99
   59     37    36    38    99
   60   1531  2496  4018    99
   61   1594  1568  1733    99
   62    619   271   750    1
   63   1746  1489  2229    99
   64   1256  2509  3467    99
   65     40    39    41    99
   66    976  2408  2555    99
   67    257   256  1585    99
   68    216   217  3489    99
   69   3635   149  3902    99
   70    482  1351  1432    1
   71     43    42    44    99
   72    617   690  1039    99
   73     67  3757  4318    99
   74    567   689   843    99
   75    856   491   961    99
   76   2871  1264  3965    99
   77     46    45    47    99
   78   3862    66  4145    99
   79   1140   515  1342    99
   80    702   633  1055    99
   81    109   110  3738    99
   82    632   546   665    99
   83     49    48    50    99
   84   1501  1022  2500    99
   85   1912  1791  2775    99
   86    271   568   937    1
   87    285   301   302    99
   88   1430  2054  2516    99
   89     52    51    53    99
   90    152   151  3094    99
   91   1661  1941  1958    99
   92    601   519   831    99
   93   1194   814  1793    99
   94    678   656   968    99
   95     55    54    56    99
   96    555   465   631    99
   97    918  1377  1440    99
   98    578   725  3253    99
   99   1968  1943  2605    99
  100   1500  1489  1746    99
  101     58    57    59    99
  102   1615  1714  1880    99
  103   2534  2149  3551    99
  104   2713    33  3388    99
  105   1290  1611  1983    99
  106   1675  2320  2525    99
  107     61    60    62    99
  108    296   281  1360    99
  109   1389  2204  2922    99
  110   1573   487  4405    99
  111    597   830  1728    99
  112    469   553   670    99
  113     64    63    65    99
  114   2726  2898  2926    99
  115   1428  1417  1645    99
  116    381   390   449    99
  117    539   551   630    99
  118    338   362   429    99
  119     67    66    68    99
  120   2007  1273  2874    99
  121    263  2514  3946    1
  122    455   648   887    99
  123   2297  1968  2887    99
  124   1327   918  1440    99
  125     70    69    71    99
  126    456   412   539    99
  127   1199  1021  1669    99
  128     14    13   562    0
  129   1766  2413  2516    99
  130   2100  1305  3144    99
  131     73    72    74    99
  132    540   375   633    99
  133    823   700  1022    99
  134   1672  1653  1684    99
  135    255   256  2114    99
  136    742  1009  2416    99
  137     76    75    77    99
  138    425   584   705    99
  139   2696  2670  2847    99
  140    686   345   762    99
  141   1217  1531  2809    99
  142   1286  2007  2874    99
  143   1097   314  1257    99
  144     79    78    80    99
  145    812   727  2831    99
  146    239   238  3692    99
  147   1062  1452  1787    99
  148   1966  1338  2132    99
  149   1317  1389  2922    99
  150     82    81    83    99
  151   1297   272  2969    1
  152   3013    36  3374    99
  153    696   909   955    99
  154    990   787  1541    99
  155    597   792   830    99
  156     85    84    86    99
  157   1038  1037  1139    99
  158   2240    84  3742    99
  159    364   479   515    99
  160   1447  2822  3809    99
  161    927   784  1294    99
  162     88    87    89    99
  163    854   434   941    99
  164    373   425   571    99
  165    369    15   919    0
  166   3300   168  4162    99
  167    314  1097  1280    99
  168     91    90    92    99
  169   1902  1314  2333    99
  170    402   341   473    99
  171    529   469   579    99
  172     76  3913  4284    99
  173   1049  1914  2165    99
  174     94    93    95    99
  175    786   324  1115    1
  176    472   444   555    99
  177    390   519   601    99
  178   1089  3241  3800    99
  179   1057   707  1214    99
  180     97    96    98    99
  181   1151   800  1662    99
  182   2766  1772  2797    99
  183    450   448  1052    99
  184   3238    22  3591    99
  185    959  1215  1309    99
  186    100    99   101    99
  187    279  1097  1257    99
  188   1247  2491  2800    1
  189    618   514   741    99
  190    515   823  1260    99
  191   1632  1369  2227    99
  192    103   102   104    99
  193   1264   738  2031    99
  194    657   449   784    99
  195   1793  1850  3070    99
  196   1732   719  1917    99
  197    373  3528  4412    99
  198    106   105   107    99
  199   1586  1536  2114    99
  200   1112  2219  2387    99
  201    263   694  1063    1
  202   2007  3193  3475    99
  203   3867  3746  3984    99
  204    109   108   110    99
  205   1509  1323  2102    99
  206    579   469   842    99
  207    565   460   617    99
  208   1553  2063  3210    99
  209   1536   831  1742    99
  210    112   111   113    99
  211   1986  1459  3000    99
  212     16   305   651    0
  213   3004  3326  3927    99
  214   2268  1760  2482    99
  215   3757  2867  4318    99
  216    115   114   116    99
  217   1841  1736  2208    99
  218    681  1090  1112    99
  219   3243  2218  3504    99
  220     82  3266  3428    99
  221    166  2995  3540    99
  222    118   117   119    99
  223   1374  1604  2124    99
  224    277  1065  1097    99
  225   1346  2487  2645    99
  226   1291  1391  1661    99
  227    738   733  1791    99
  228    121   120   122    99
  229    955   909  1132    99
  230   3691  1738  4230    99
  231   1795  1793  2780    99
  232   1941  1661  2194    99
  233    247   246  1909    99
  234    124   123   125    99
  235   1248  1624  1973    99
  236   1545  1540  1619    99
  237     10   261   641    99
  238    904  1124  1800    99
  239   1521  1507  1529    99
  240    127   126   128    99
  241   1282  1478  2029    99
  242   3209  3585  3777    99
  243    949  1323  1509    99
  244    591  2613  3845    99
  245   1347  2360  2472    99
  246    130   129   131    99
  247    689  1192  1452    99
  248     20    17   297    0
  249   2004   111  2898    99
  250     17   268   297    0
  251   2935  3246  3255    99
  252    665   820  1426    99
  253    133   132   134    99
  254    479   700   823    99
  255    558   857  1676    99
  256   1056  1116  1181    99
  257    445   376   493    99
  258   1156  1386  1467    99
  259    136   135   137    99
  260    271   482   568    1
  261   2557  2100  2942    99
  262    434   402   514    99
  263   1249  1180  1502    99
  264   1156  1179  1386    99
  265    139   138   140    99
  266    964   559  4388    1
  267   1489  1464  2229    99
  268    288   301  3528    99
  269    741   678  1037    99
  270    945  1436  1882    99
  271    142   141   143    99
  272    279  1257  1360    99
  273   2040  1631  2289    99
  274      4   389   697    1
  275   1471   752  1824    99
  276    534   410   833    99
  277    145   144   146    99
  278    571   585  3028    99
  279    989   653  1369    99
  280    265   266   298    0
  281    565   617   716    99
  282    863   417  1086    99
  283    148   147   149    99
  284   3383  2556  3521    99
  285    618  1056  1150    99
  286    787   598   949    99
  287   1580  1074  1980    99
  288    591   643   916    99
  289    151   150   152    99
  290    666  1107  1202    99
  291   1303  1514  1846    99
  292   3528   287  4412    99
  293    357   341   402    99
  294   1213   821  1264    99
  295    154   153   155    99
  296    408   444   497    99
  297   2798  2763  2917    99
  298   1051   855  1219    99
  299    714   682   805    99
  300   1051  1219  1278    99
  301    157   156   158    99
  302    714   348   744    99
  303   3246  2128  3351    99
  304    598   836  1323    99
  305    318    10   641    99
  306    855   455   980    99
  307    160   159   161    99
  308    244   245  3285    99
  309   1710  2066  3329    99
  310     68  4111  4145    99
  311    684   742  2416    99
  312   2301  1014  2422    99
  313    163   162   164    99
  314   1046  1346  4264    99
  315   2471  3087  3119    99
  316     64  2533  4232    99
  317    409   384   681    99
  318   1377   989  1440    99
  319    166   165   167    99
  320   2589  2592  2970    99
  321   1197   899  1347    99
  322    278   280   337    99
  323    473   513   764    99
  324    295   290  4144    99
  325    169   168   170    99
  326   1578  1591  2077    99
  327   1368  2195  3062    99
  328   1839  2073  2718    99
  329    468   460   547    99
  330   2724  3451  3529    99
  331    172   171   173    99
  332    652   821  1124    99
  333   2887  1968  3083    99
  334    513   473   567    99
  335    534   833  1095    99
  336     78  1831  2158    99
  337    175   174   176    99
  338   3926  3732  3958    99
  339    197  1837  2073    99
  340    292   281   447    99
  341   2269  1864  2674    99
  342   1180   645  1582    99
  343    178   177   179    99
  344    433   384   515    99
  345    124  1941  2941    99
  346    530   468   652    99
  347    259   258  1934    99
  348   1034   863  1266    99
  349    181   180   182    99
  350    283   349   695    99
  351   1717  2670  2696    99
  352    631   598   787    99
  353    265   270   267    0
  354   1183  1298  1400    99
  355    184   183   185    99
  356   1172  1355  1475    99
  357    595   682  1233    99
  358    265   267   297    0
  359    371   457   684    99
  360    210  1880  2154    99
  361    187   186   188    99
  362   1054  2554  2767    99
  363    614   762   834    99
  364    497   747  1036    99
  365   2317  1007  2356    99
  366   1870  1163  2776    99
  367    190   189   191    99
  368   1121   735  1937    99
  369   1415  2571  3069    99
  370   2261  2468  2566    99
  371   1683  2271  3032    99
  372   2860  2117  3036    99
  373    193   192   194    99
  374   2178  2388  3818    99
  375   1363  1250  1592    99
  376   2042  1479  2185    99
  377    223  2204  2922    99
  378    633   417  1505    99
  379    196   195   197    99
  380   1056  1181  1243    99
  381    327   534   558    99
  382   4239  2047  4348    99
  383    820  1365  1426    99
  384   2712  2552  2770    99
  385    199   198   200    99
  386   2545   146  3205    99
  387    905  1521  1543    99
  388   1204   691  1363    99
  389    376   275   493    99
  390    339   430  2183    99
  391    202   201   203    99
  392    751   738  1791    99
  393   2228  1731  2303    99
  394    294   290   295    99
  395   2309  3264  3504    99
  396   3760  4063  4149    99
  397    205   204   206    99
  398    941   434  1150    99
  399   1012   508  2029    99
  400    482     2   568    1
  401   2984    59  3759    99
  402    725   705  1563    99
  403    208   207   209    99
  404    975  2434  3124    99
  405    918   476  1377    99
  406    277   669  1065    99
  407   1487   997  3132    99
  408    904   652  1124    99
  409    211   210   212    99
  410   1943  1068  2605    99
  411      8   694  1104    1
  412    134   133  3207    99
  413    606   443   855    99
  414    274   489  1778    99
  415    214   213   215    99
  416    755   433  2861    99
  417    331   460   468    99
  418   2500  1501  2660    99
  419    837     8  1104    1
  420   2870  2952  3009    99
  421    217   216   218    99
  422   1857  2542  3685    99
  423   1529  1507  2143    99
  424     16   305   391    0
  425   3121  2140  3846    99
  426    417   803  1086    99
  427    220   219   221    99
  428   1832  2371  2448    99
  429    653   691  1369    99
  430   1728  1802  2522    99
  431   2815  1242  3902    99
  432    235  2696  2712    99
  433    223   222   224    99
  434    719  1732  2909    99
  435   1034  1668  1707    99
  436    856  2276  2323    99
  437    341   415   473    99
  438   4037   783  4103    99
  439    226   225   227    99
  440   1870  2776  4102    99
  441   3402  2143  3403    99
  442    172   173  1888    99
  443    814   521  1135    99
  444    389   264   697    1
  445    229   228   230    99
  446    786   505  1297    1
  447     25  2720  3506    99
  448    803   899  1197    99
  449    567   415   689    99
  450    938   831  1536    99
  451    232   231   233    99
  452   2327  1396  2720    99
  453    360   357   402    99
  454    191   190  2542    99
  455   1501  2301  2660    99
  456   1545  1619  3915    99
  457    235   234   236    99
  458    514   402   656    99
  459    395   336   654    99
  460     23    21  4352    99
  461   1128  3757  4195    99
  462    160  3900  4055    99
  463    238   237   239    99
  464   1968  2770  3083    99
  465   1402  1672  2222    99
  466    335   595  4266    99
  467   4237    23  4352    99
  468    402   473   656    99
  469   1901  2231  2260    99
  470     48  3030  3191    99
  471   2863  1993  3617    99
  472    285   302   303    99
  473   1689  1352  1729    99
  474    750   271   937    1
  475    586   571  3028    99
  476   3500   194  4010    99
  477    883   706  2557    99
  478    302   300   303    99
  479    268   267   297    0
  480    669   765   928    99
  481    513   667  1105    99
  482    170   168  3529    99
  483   1205  1754  2283    99
  484    381   449   465    99
  485    281   296   447    99
  486    603   696   955    99
  487    487   287  4405    99
  488   2828  3094  4032    99
  489      6   505   786    1
  490    857  1095  1615    99
  491    290   294   331    99
  492   2420  2250  2803    99
  493   3181  2608  3186    99
  494    630   551   703    99
  495   2279  1608  2355    99
  496   2296  2984  3759    99
  497   2354  3087  3681    99
  498   2186  2128  3246    99
  499   3597  2933  3610    99
  500    513   567   667    99
  501   1729  1372  2294    99
  502     97    98  4139    99
  503    443   455   855    99
  504    491   497   508    99
  505   1945  2870  3161    99
  506    686   762  4414    99
  507    269   369  1725    0
  508   1194  1795  2185    99
  509    565   716   733    99
  510   1260  1390  1412    99
  511   1055  1505  2532    99
  512    314  1280  4106    99
  513     17   266   268    0
  514    531   445   616    99
  515   2032  2587  3367    99
  516   1314  1303  1846    99
  517    189   190  3286    99
  518    517   468   530    99
  519    478   521   653    99
  520    578   425   705    99
  521   1368  1307  2579    99
  522    281   292   595    99
  523    300   299   303    99
  524    547   460   565    99
  525    775   264  1026    1
  526    570   555   631    99
  527   1575  1993  2759    99
  528    243   242  1629    99
  529    369    15   391    0
  530    331   291   371    99
  531   1124   821  1213    99
  532    515   479   823    99
  533   1500  3788  3972    99
  534    447   296   536    99
  535   2326  2385  2795    99
  536    697   264   868    1
  537    390   349  1066    99
  538    339   341   357    99
  539   2194  1674  2941    99
  540    455   456   648    99
  541    596   371   684    99
  542    565   733   738    99
  543   2354  1373  3426    99
  544    420   285   536    99
  545   1668  1266  1675    99
  546    805   861   895    99
  547    321   284   695    99
  548    805   895  2476    99
  549   2185  1193  2378    99
  550    273   277   553    99
  551   1736  1492  1789    99
  552    395   654   696    99
  553    460   371   596    99
  554    262   318   765    99
  555   3531  3145  3792    99
  556    632   665  3025    99
  557   1462  2037  3640    99
  558   2768  1753  3495    99
  559    260  1574  1586    99
  560   1765  2930  2968    99
  561    695   349  3106    99
  562    270   269   644    0
  563   1304  2307  3137    99
  564   1816  2228  2303    99
  565    473   415   567    99
  566   2011   959  2274    99
  567    540   633   702    99
  568    317   469   529    99
  569   1935  1406  2213    99
  570   2628  1716  2640    99
  571    968  1470  2705    99
  572    164   163  3271    99
  573   1071  2521  2955    99
  574   1160  1123  2516    99
  575    603   395   696    99
  576    478   338   521    99
  577    236  2712  3083    99
  578   1239  2091  2139    99
  579    553   277   670    99
  580    812  1021  1677    99
  581     86  2240  3521    99
  582    406   348   907    99
  583   1513  2117  2753    99
  584   1901  1847  2231    99
  585    345   357   360    99
  586   1378  3025  4210    99
  587    765   318   928    99
  588   2143  2160  2533    99
  589   1401  2608  3181    99
  590     15   322   391    0
  591    424   409   645    99
  592    299   292   447    99
  593    591   530   643    99
  594    384   364   515    99
  595   1107  2250  2420    99
  596    472   570   792    99
  597    469   670   842    99
  598   2571  2911  3069    99
  599    299   447   536    99
  600    491   408   497    99
  601   1603  1139  2264    99
  602   1883  2522  2955    99
  603    290   331   362    99
  604   2140  2785  4268    99
  605   1808  1583  2808    99
  606    321   408   435    99
  607    505   498  1297    1
  608   2866  2865  3413    99
  609    571   425   578    99
  610   1766  1160  2516    99
  611      4    12   389    1
  612    656   764   968    99
  613    147   148  3610    99
  614    338   429   521    99
  615   1355  1172  3355    99
  616   1479  1193  2185    99
  617    327   410   534    99
  618    336   395  4412    99
  619    291   394   457    99
  620   1412  2140  3121    99
  621   1578  1391  3757    99
  622    362   331   468    99
  623   2851  1419  3160    99
  624    895   918  1052    99
  625    489   317   529    99
  626    400   321   435    99
  627    337   280   430    99
  628   1316  1213  2871    99
  629    266   563   268    0
  630    394   412   456    99
  631     35    33  3298    99
  632    327   306   410    99
  633   1291  2173  2867    99
  634   3100  3862  4111    99
  635   1197  1332  1976    99
  636    262    10   318    99
  637    606   855  1051    99
  638   2303  1816  2982    99
  639    408   321  3106    99
  640    546   632   795    99
  641    382   409   424    99
  642    390   450   519    99
  643     20    19   297    0
  644   1714  1721  1880    99
  645    858  1338  1966    99
  646    219  2657  3049    99
  647    667   567   905    99
  648    371   291   457    99
  649    345   686   698    99
  650      2   559   568    1
  651    706   979  2557    99
  652   3238  1500  3972    99
  653    385   571   586    99
  654   1553  1509  2063    99
  655   2942  2100  3997    99
  656   1363  1592  1992    99
  657    429   471   589    99
  658    508   497  1282    99
  659   1077   976  2555    99
  660    578   705   725    99
  661    655   856  2323    99
  662    610   682   714    99
  663   1015  1777  2261    99
  664    922   725  1563    99
  665    394   289   412    99
  666   1183   829  1298    99
  667    294   295   300    99
  668    327   558  2457    99
  669    978   748  1152    99
  670   3101  3862  4084    99
  671   2556  3408  3521    99
  672    285   303   536    99
  673   2078  1650  2818    99
  674    472   555   570    99
  675    515  1260  1342    99
  676    666   540  1045    99
  677    526   457   606    99
  678    360   402   434    99
  679    465   449   657    99
  680   1541   787  1553    99
  681   1164  1661  1958    99
  682      1   697   868    1
  683   1097  1065  1280    99
  684   3450  2007  3475    99
  685    465   598   631    99
  686     13   919   651    0
  687    382   384   409    99
  688    904   940  2285    99
  689   2255  2101  2335    99
  690   2330  2091  3029    99
  691   1284  1140  1342    99
  692    303   299   536    99
  693    572   262   765    99
  694    296   420   536    99
  695   2863  2205  3271    99
  696   2053  2242  2769    99
  697     18    17    19    0
  698     19    17    20    0
  699    345   337   357    99
  700    336   287   487    99
  701    337   339   357    99
  702   1676   857  2101    99
  703   2747  2420  2803    99
  704   2604  2726  2926    99
  705    803  1197  1456    99
  706    322    16   651    0
  707    648   723   890    99
  708   1467  1386  1945    99
  709    861   476   895    99
  710    286   294   300    99
  711    434   618  1150    99
  712    275   376   641    99
  713     56  3744  4003    99
  714    655   491   856    99
  715     57  2296  3759    99
  716    331   371   460    99
  717    263   273   553    99
  718    375   321   400    99
  719   1585  1433  1934    99
  720    585  1011  3028    99
  721    571   578   585    99
  722    764  1105  1164    99
  723    448   428  1963    99
  724    360   434   854    99
  725    610   579   842    99
  726    521   429   589    99
  727    435   408   491    99
  728    341   382   415    99
  729    362   468   517    99
  730    820   665  1628    99
  731     14   919    13    0
  732    444   381   555    99
  733    497   597   747    99
  734   1717  2552  2696    99
  735    296   282   420    99
  736   2933  1976  3597    99
  737    455   443   456    99
  738    394   443   457    99
  739   1439  1662  3132    99
  740   3300  2724  3529    99
  741    597   472   792    99
  742    457   526   684    99
  743    305   270   644    0
  744    719   558  1676    99
  745    435   491   655    99
  746    754   827   962    99
  747    445   493   616    99
  748   2716   102  4035    99
  749   1123  2054  2516    99
  750   4026   108  4268    99
  751   1046  4264  4363    99
  752   2387  2219  2460    99
  753   1245  2556  3383    99
  754   2676  1089  3800    99
  755    669   928  1092    99
  756    345   360   762    99
  757    814  1135  1793    99
  758    719  1676  1917    99
  759    286   300   302    99
  760   1107  1045  1226    99
  761     43  2274  4018    99
  762    254   253  1747    99
  763    527   655   899    99
  764    837   731  1026    1
  765    349   381   444    99
  766   1857  1753  2768    99
  767    381   465   555    99
  768   4111  3862  4145    99
  769    283   284   430    99
  770   1369  1417  1428    99
  771    336   453   654    99
  772    444   472   497    99
  773    284   293   430    99
  774    428   448  1066    99
  775    764   513  1105    99
  776    618   741  1116    99
  777   1831  1746  2158    99
  778   2880  1819  2944    99
  779   1607  2207  2296    99
  780   3743  4054  4123    99
  781    261   274   641    99
  782   2041  2032  3367    99
  783   3677  2942  3997    99
  784   2699  1014  3107    99
  785    831   519  1336    99
  786   1040   597  1728    99
  787   2727  2305  3313    99
  788   2448  2371  3499    99
  789    686   580   698    99
  790   3356  2874  3539    99
  791    265   297   298    0
  792    265   269   270    0
  793     17    18   266    0
  794    381   349   390    99
  795   1866  1180  1889    99
  796    400   435   527    99
  797    337   345   698    99
  798    264   317  3027    99
  799    425   373  4408    99
  800    180  2701  2781    99
  801      9     1   868    1
  802    395   603  4408    99
  803   1521  1529  2149    99
  804   2412  2201  3257    99
  805   1068   962  1171    99
  806   2106  1620  4331    99
  807   1631  1738  2289    99
  808   2404  2492  3272    99
  809   1120  1268  1300    99
  810   1261  2333  2468    99
  811    101  2432  3168    99
  812   1095   833  1303    99
  813    376   318   641    99
  814    998   526  1966    99
  815   2219  1946  2657    99
  816    274   275   641    99
  817   1611  2940  3873    99
  818    539   630   846    99
  819    580   531   698    99
  820   2768  3007  3861    99
  821   2867  4084  4318    99
  822    287   336  4412    99
  823    148  2933  3610    99
  824    553   469  1176    99
  825    915   855  1117    99
  826    241   240  1629    99
  827    731   837  1104    1
  828    843   689  1062    99
  829    795   945  3082    99
  830   3690  2541  4255    99
  831     40    41  2901    99
  832   1011  1947  3028    99
  833    266   562   563    0
  834    919    14  1725    0
  835    497   472   597    99
  836   1386  1179  2027    99
  837    277   273   669    99
  838    617   596   690    99
  839    568   559   937    1
  840   1939  2812  3168    99
  841   2133   231  2226    99
  842    747   597  1040    99
  843    529   579   744    99
  844    567   843   905    99
  845    410   666   833    99
  846    823  1027  1260    99
  847    656   473   764    99
  848   1464  1422  1555    99
  849   3172  2919  3302    99
  850   2183   293  4199    99
  851    114   115  2070    99
  852    858   606  2398    99
  853    691  1204  1362    99
  854   1439  1151  1662    99
  855    589   471   798    99
  856    514   656   678    99
  857    696   654   962    99
  858    409   681   835    99
  859   1566  1610  1646    99
  860    400   527   803    99
  861    517   530   591    99
  862    369   391   644    0
  863    391   305   644    0
  864   3713  3251  4237    99
  865   2023  1370  2485    99
  866    434   514   618    99
  867   2280  1021  2990    99
  868   1749  1804  2057    99
  869    654   453   685    99
  870    558   534   857    99
  871   1478  1282  1890    99
  872   1052   448  2476    99
  873    558   719   866    99
  874    514   678   741    99
  875   2242  1808  2808    99
  876   3506  3247  3625    99
  877    899   978  1347    99
  878   1582   835  2363    99
  879     37    38  2210    99
  880    527   435   655    99
  881    899   748   978    99
  882    272   731  1104    1
  883    916  1583  2613    99
  884    204   205  3979    99
  885    415   424   689    99
  886    460   596   617    99
  887    979   706  2165    99
  888    324   786  1297    1
  889    130  2330  3029    99
  890    589   798  1135    99
  891    519   450  1350    99
  892   3241  1089  3429    99
  893    823  1022  1027    99
  894   1460  1040  1883    99
  895   2128  2034  2182    99
  896   3866  3572  4272    99
  897   1456  2064  2237    99
  898   1838  1707  2283    99
  899   2923  1594  3385    99
  900    375   400   633    99
  901    400   417   633    99
  902     80    78  2158    99
  903    269   369   644    0
  904   1265  1389  2724    99
  905   3739  3846  4358    99
  906    465   657   836    99
  907    598   465   836    99
  908    390   601  1193    99
  909    784   449  1193    99
  910   1078  1117  2682    99
  911     14   562  1725    0
  912   3563    62  3797    99
  913   1493  1565  2278    99
  914     87  2448  3499    99
  915    264   389  1026    1
  916    284   283   695    99
  917   1117   980  2682    99
  918   2762  2973  4121    99
  919     11     3   964    1
  920   1816  1911  2982    99
  921    194  3500  3504    99
  922      8   837  1026    1
  923    531   616   698    99
  924    305   270  1724    0
  925   1249  1502  1856    99
  926   3531  3302  4162    99
  927   1793  1135  1850    99
  928   2413   158  2516    99
  929   2354  3426  4178    99
  930    142  2848  4150    99
  931   4268   108  4358    99
  932   1105  2014  2173    99
  933    448   450  1066    99
  934   2034  2133  2226    99
  935    684   526   742    99
  936    648   890   972    99
  937   1268  1422  1490    99
  938   1116   741  1374    99
  939    731     5   775    1
  940   3429  3764  4249    99
  941   1065   669  1092    99
  942   1316  2871  3476    99
  943   2759  1993  3240    99
  944     49    50  3475    99
  945   1204  1585  1747    99
  946    449   390  1193    99
  947    450   390  1066    99
  948    186   187  3249    99
  949   2101  1988  2172    99
  950   1396  1304  3137    99
  951   2482  1939  2502    99
  952    631   787   852    99
  953   2250  1226  2268    99
  954    916   643  1245    99
  955   3651  1626  3760    99
  956    151  3094  3722    99
  957   1040  1728  1883    99
  958    800   971  1662    99
  959   1399  1304  1425    99
  960   1500  1746  1831    99
  961    852   787   990    99
  962    158   157  2413    99
  963   1752  2501  2797    99
  964    667   905  1543    99
  965    827  1540  1545    99
  966    863  1086  1266    99
  967   1294  1492  1736    99
  968   2957  1579  3451    99
  969    961   508  1012    99
  970     81  1729  2294    99
  971   3193    49  3475    99
  972     81    82  3428    99
  973    716   617   808    99
  974   1105   667  2014    99
  975    670   277  2395    99
  976    530   652   885    99
  977    820   812  1677    99
  978   1902  1261  2601    99
  979   1732  3191  3235    99
  980    657   784   927    99
  981   2568  1972  2838    99
  982    666  1045  1107    99
  983    752  1583  1824    99
  984   3540  3353  3688    99
  985    895   476   918    99
  986   2872  1991  3722    99
  987    253   254  1868    99
  988   1052   918  1327    99
  989   2443  1988  3131    99
  990   1338  2398  3715    99
  991   3007  3585  3861    99
  992   2604  1407  2726    99
  993   1367  1498  1522    99
  994   1728   830  1792    99
  995    433   515  1140    99
  996    262    10  1115    1
  997   2252  1395  2909    99
  998   1049   795  2010    99
  999    275   274  1778    99
 1000    703  3310  3429    99
 1001    579   610   744    99
 1002    610   714   744    99
 1003    489   529  1778    99
 1004    755  1575  2759    99
 1005   3355  1462  3640    99
 1006    702  1055  1118    99
 1007    937   559     3    1
 1008    601   831   938    99
 1009   1355  1113  1475    99
 1010   2870  3009  3188    99
 1011    417   400   803    99
 1012   1676  2101  2255    99
 1013   3713  4237  4352    99
 1014   2679  1470  2935    99
 1015    798   471  1120    99
 1016      9  1247  1432    1
 1017    972  1261  1777    99
 1018    742   526   998    99
 1019   1256  2758  3294    99
 1020   1007  2290  2356    99
 1021   2767   146  2821    99
 1022   2558  2285  3818    99
 1023    798  1300  1464    99
 1024   1248  1617  1624    99
 1025   1037   678  1077    99
 1026   1571  2424  2875    99
 1027   1164  1291  1661    99
 1028   1007  2163  2290    99
 1029    336   487  4355    99
 1030    937     3   750    1
 1031   1194  1793  1795    99
 1032   1056   618  1116    99
 1033    834   762   854    99
 1034    762   360   854    99
 1035   2110  1595  2553    99
 1036   2348  1436  3082    99
 1037    178  3974  4075    99
 1038   2003  1608  2483    99
 1039    754   685   800    99
 1040    887   648   972    99
 1041   1436  1344  1882    99
 1042    856   961  1201    99
 1043   1390  1027  3651    99
 1044    103  1721  2893    99
 1045   1352  1372  1729    99
 1046    242   241  1629    99
 1047    468   547   821    99
 1048    652   468   821    99
 1049    678   968   976    99
 1050    482   271   914    1
 1051    697     1   914    1
 1052    275   276  1776    99
 1053   1401  1338  2236    99
 1054   1367  1522  2726    99
 1055    707   955  1214    99
 1056    978  1152  1462    99
 1057    955  1132  1214    99
 1058   1037  1077  1774    99
 1059    813  2218  3243    99
 1060    843  1062  1709    99
 1061    572    11   964    1
 1062      2   482  1453    1
 1063    689   424  1192    99
 1064    540   702  1045    99
 1065   1362  1204  1747    99
 1066    990  1544  1650    99
 1067   2173  2014  3101    99
 1068   2567  2751  2890    99
 1069    690   767  1512    99
 1070   1998  2038  2400    99
 1071    121   122  2489    99
 1072   2064  1406  2237    99
 1073   1809  2533  2876    99
 1074    406   428  2223    99
 1075   1451  1496  1565    99
 1076   1866  1889  1913    99
 1077   1620  1654  2620    99
 1078    165   166  3688    99
 1079    200   198  2169    99
 1080   2261  1777  2468    99
 1081   2345    40  2362    99
 1082   2336  1082  2362    99
 1083    714   805   907    99
 1084   2030   231  2133    99
 1085    348   714   907    99
 1086   1879  2128  2186    99
 1087   2709  1838  2841    99
 1088    698   616  1168    99
 1089    278   337  1168    99
 1090    682   595   861    99
 1091    805   682   861    99
 1092    551   539  2324    99
 1093   1684  2254  3605    99
 1094   1071  2178  2277    99
 1095    279   277  1097    99
 1096   2021  2789  3661    99
 1097    335   476   861    99
 1098   3773  2283  4139    99
 1099    910  3500  3505    99
 1100   3313   110  4005    99
 1101    224   223  2204    99
 1102   1164  1105  1291    99
 1103   1762  1733  3249    99
 1104    226   227  3372    99
 1105   2651   122  3046    99
 1106    256   255  1585    99
 1107    282   314  1573    99
 1108    643   530   885    99
 1109    968   764   984    99
 1110    959  1309  2809    99
 1111   2216  1120  2435    99
 1112    123  1674  2077    99
 1113   1181  1239  1704    99
 1114   2290   119  2356    99
 1115    655   748   899    99
 1116    803   527   899    99
 1117   1163  2753  2776    99
 1118    179  3961  4093    99
 1119   1456  1976  2064    99
 1120   1305  2305  2727    99
 1121   1914  2886  3202    99
 1122   3997  3144  4289    99
 1123    526   858  1966    99
 1124      3   559   964    1
 1125    262   572   964    1
 1126   1323   836  1352    99
 1127    491   508   961    99
 1128   1832  2448  2844    99
 1129   1405  1124  2256    99
 1130   2031   751  3113    99
 1131    215   213  3649    99
 1132   2862  1177  4047    99
 1133   2004  1498  4348    99
 1134   2870  2099  2952    99
 1135    322   651   919    0
 1136     15   322   919    0
 1137   1716  1723  2640    99
 1138   1868  1570  3040    99
 1139    678   976  1077    99
 1140   1828  1912  2169    99
 1141   1338   858  2398    99
 1142    131   129  2979    99
 1143   1369   691  1417    99
 1144     40  2345  2525    99
 1145    795   632  3630    99
 1146   1307  1368  3844    99
 1147    508  1282  2029    99
 1148   1490  1568  2146    99
 1149    240   241  1686    99
 1150   2264  2701  3199    99
 1151     96    97  1707    99
 1152   2115  1734  2771    99
 1153   2240  3742  4242    99
 1154   2078  2240  4242    99
 1155    685   453  2537    99
 1156   3078  2466  3361    99
 1157   1106  1311  1734    99
 1158   1837  1405  2073    99
 1159     53  3677  3997    99
 1160   1065  1092  1280    99
 1161    905  1507  1521    99
 1162    471  1304  1399    99
 1163    654   685   962    99
 1164    685   754   962    99
 1165    430   293  2183    99
 1166    949   598  1323    99
 1167   1063   553  1176    99
 1168   3347  2648  4143    99
 1169   1057  1214  1244    99
 1170   1911  1816  2157    99
 1171   1716   852  1723    99
 1172    180   181  3199    99
 1173   1572   968  2705    99
 1174   1112  1090  2219    99
 1175   1265  1081  2957    99
 1176    314   438  1573    99
 1177    741  1037  1038    99
 1178   1960  1493  2456    99
 1179    980   455  1307    99
 1180   1179   834  2583    99
 1181    667  1543  2014    99
 1182   2758  1945  3161    99
 1183   1697  1733  1762    99
 1184     45    46  2269    99
 1185     76    77  3654    99
 1186   2014  1543  2865    99
 1187   1809   988  1815    99
 1188    478   653   989    99
 1189   2126   171  2355    99
 1190    941  1150  2027    99
 1191   2208  1736  3788    99
 1192   1753  3210  3495    99
 1193    171  2291  2355    99
 1194   2789  3201  3661    99
 1195   1278  1219  1556    99
 1196    996  2586  2606    99
 1197   1400  2545  3205    99
 1198    106  2676  3537    99
 1199   2218   975  3307    99
 1200   2137  1202  2420    99
 1201   1202  1107  2420    99
 1202   2213  2286  3614    99
 1203     75    76  4284    99
 1204   1152  2574  3962    99
 1205   1245  1465  2319    99
 1206    808   617  1039    99
 1207    572   262  1115    1
 1208   3353   165  3688    99
 1209   1102   834  1179    99
 1210   2296    57  3746    99
 1211    157  2413  2588    99
 1212   1199  1021  2280    99
 1213   1857  1471  2016    99
 1214   1350  1327  2254    99
 1215    731   775  1026    1
 1216     12     8  1026    1
 1217    389    12  1026    1
 1218   2103  1405  2589    99
 1219   1261   972  2601    99
 1220   2326  2795  3866    99
 1221    984   764  1879    99
 1222     25  3506  3625    99
 1223   1612  2125  2471    99
 1224   1294   784  1492    99
 1225   1565  1496  2652    99
 1226    959   915  1078    99
 1227   1078   915  1117    99
 1228   1311  1841  2342    99
 1229   1344   162  1882    99
 1230    196  2405  2718    99
 1231   1760  1309  1972    99
 1232    382   341  4199    99
 1233    835   681  1112    99
 1234   2324   602  3042    99
 1235    747  1040  1322    99
 1236   2276   856  2300    99
 1237   1124  1213  2256    99
 1238   1074   705  1225    99
 1239   1629  1428  1645    99
 1240   1244  1248  1331    99
 1241   1619  1540  2201    99
 1242   1828   751  1912    99
 1243   2753  2117  2849    99
 1244   2819    73  2930    99
 1245    754   800  1151    99
 1246    696   962  1485    99
 1247    855   980  1117    99
 1248   2648  2509  3294    99
 1249   1336  1535  1653    99
 1250   2640  1723  2684    99
 1251   1432   261  1453    1
 1252    263   553  1063    99
 1253    694     8  1063    1
 1254      8    12  1063    1
 1255    748   655  2323    99
 1256   3537  2252  3590    99
 1257    389    12  1063    99
 1258   2178  1071  2388    99
 1259    126  3179  3274    99
 1260   2701   180  3199    99
 1261   1966  2132  3916    99
 1262    263  1063  2864    1
 1263   1493  1451  1565    99
 1264   1734  1311  1762    99
 1265   1311  1697  1762    99
 1266   1045   702  1217    99
 1267    927  1294  1311    99
 1268   2848  3048  4150    99
 1269     59    57  3759    99
 1270   2321   619  2864    1
 1271   1760  1972  2568    99
 1272     29    27  2769    99
 1273   2789  1426  3201    99
 1274   1094  1259  1523    99
 1275    389  1063  1176    99
 1276     85    86  3472    99
 1277    834   854  2583    99
 1278    854   941  2583    99
 1279    614   834  1102    99
 1280   2986  2296  3746    99
 1281   1062   689  1452    99
 1282   1036  1647  1873    99
 1283    857   534  1095    99
 1284    751  2427  3113    99
 1285   1021   812  2831    99
 1286    258   259  2936    99
 1287    497  1036  1282    99
 1288    706  1049  2165    99
 1289   1792  1901  2844    99
 1290   2366  1986  3000    99
 1291    277   279  2395    99
 1292    337   698  1168    99
 1293   1015   887  1777    99
 1294    990  1541  1544    99
 1295    752  1471  2016    99
 1296   1385  1832  1884    99
 1297   1322  1040  1460    99
 1298   1156  1102  1179    99
 1299    691  1250  1363    99
 1300   1139  1774  2264    99
 1301    156   157  2588    99
 1302      6   786  1115    1
 1303     10     6  1115    1
 1304    833   666  1202    99
 1305   2780  1793  3070    99
 1306    144  2821  2914    99
 1307     28  2078  2818    99
 1308   2578  2947  3036    99
 1309   2249  2742  3207    99
 1310   1304   735  2307    99
 1311   1163   909  2753    99
 1312   1300  1268  1422    99
 1313   1536  1742  2114    99
 1314    832   808  1413    99
 1315   1413  1039  1494    99
 1316   1373  1268  1490    99
 1317   1183  1400  3860    99
 1318   1407  1367  2726    99
 1319    885   946  2434    99
 1320    855   915  1219    99
 1321    959  1078  1215    99
 1322    521   589  1135    99
 1323   1531  1118  2496    99
 1324   2860  2510  3135    99
 1325    630  1273  2282    99
 1326   1374  1038  1604    99
 1327    725   922  1576    99
 1328   1322  1571  2875    99
 1329    373  3519  3528    99
 1330     87    88  3195    99
 1331     70    71  3547    99
 1332   1507   843  1709    99
 1333   1370   990  1546    99
 1334    827   754  1540    99
 1335   1317  1856  2922    99
 1336    417   863  1505    99
 1337    792  1716  2628    99
 1338    783  1620  2539    99
 1339    691   653  1250    99
 1340    238  3272  3692    99
 1341   1303   833  1514    99
 1342   1647  1322  2875    99
 1343     71  2776  2849    99
 1344   2091  1679  2139    99
 1345    833  1202  1514    99
 1346   1054  1911  2157    99
 1347    962   827  1171    99
 1348   2405  1839  2718    99
 1349   1792  1847  1901    99
 1350    348   406  2415    99
 1351    469   317  1176    99
 1352    317   264  1176    99
 1353    264   389  1176    99
 1354   2460  2219  2657    99
 1355   3326   117  3927    99
 1356    846   723  3136    99
 1357    167   165  3912    99
 1358   1063    12  2864    1
 1359    205  3181  3186    99
 1360   1888   173  2044    99
 1361   2271  1425  2327    99
 1362   1204  1433  1585    99
 1363    798  1120  1300    99
 1364   1555  1568  1594    99
 1365    482  1432  1453    1
 1366   1389  1317  2724    99
 1367     21  4291  4352    99
 1368    261    10  1453    1
 1369   1336  1653  1672    99
 1370    653   521  1250    99
 1371     24    25  3625    99
 1372   1090  1367  1407    99
 1373    846   630  2282    99
 1374    940  1840  2277    99
 1375   2178   940  2277    99
 1376   1881  3112  3645    99
 1377     95    93  3658    99
 1378   1704  1239  2139    99
 1379   2510  1572  2705    99
 1380    909   696  1485    99
 1381   1571  1839  2405    99
 1382   1402  1336  1672    99
 1383    971   800  1256    99
 1384   1316  2592  2825    99
 1385    125   123  2077    99
 1386    188   187  1646    99
 1387   2478   129  3701    99
 1388    213   214  3852    99
 1389    751  1791  1912    99
 1390   1430  1143  1595    99
 1391    281   595  1233    99
 1392    519  1350  1535    99
 1393    306   293  3594    99
 1394   1082  1819  2362    99
 1395   2163  1563  4042    99
 1396   1597  3214  4042    99
 1397   1106   927  1311    99
 1398    682   610  1233    99
 1399    610   842  1233    99
 1400   1668    96  1707    99
 1401    478   989  1377    99
 1402    476   478  1377    99
 1403   1754  1205  3916    99
 1404   2005  1093  3288    99
 1405   1372  1352  1986    99
 1406    700   866  1290    99
 1407   2032  3172  3302    99
 1408    988   783  2539    99
 1409    200   199  3853    99
 1410   2102  1419  2730    99
 1411    727   586  3028    99
 1412   2705  1470  3616    99
 1413   1293  1935  2213    99
 1414   3265  3732  3934    99
 1415    643   885  2218    99
 1416    274   261  1247    99
 1417    489   274  1247    99
 1418   1399  1425  2271    99
 1419    521   814  1250    99
 1420   3374    36  3890    99
 1421    314   282  1257    99
 1422   1082   742  2197    99
 1423   2914   144  3064    99
 1424   1492  1479  2042    99
 1425    137   135  3861    99
 1426   2320    39  2525    99
 1427   2408  2520  2977    99
 1428   2231    30  2260    99
 1429   1856  1502  1906    99
 1430   2034  2226  3152    99
 1431    164   162  1882    99
 1432   1591   125  2077    99
 1433   3370  3135  3547    99
 1434    741  1038  1374    99
 1435   1239  1116  1374    99
 1436   1408  1118  2872    99
 1437   2568   100  2812    99
 1438   1150  1056  1288    99
 1439   2675   988  2845    99
 1440   1943  2578  3036    99
 1441   1342  1260  1412    99
 1442   2645  3100  4111    99
 1443    406   907  1963    99
 1444    988  1809  2845    99
 1445   1505   863  1838    99
 1446   2333    46  2566    99
 1447    738  1264  4304    99
 1448     58  3572  3867    99
 1449   1056  1243  1288    99
 1450   1990  1679  2330    99
 1451   1264  2031  3112    99
 1452   2044   173  2126    99
 1453     65    63  3608    99
 1454   4222    55  4348    99
 1455   2197  1205  3773    99
 1456    170   169  3792    99
 1457   2757  2896  2973    99
 1458   2953  2298  3013    99
 1459   1440   989  1481    99
 1460   1354  2552  2741    99
 1461    754  1151  1540    99
 1462   2613  1583  2971    99
 1463   1304  1396  1425    99
 1464    438   614  2272    99
 1465   2213  1406  3995    99
 1466    651   305  1724    0
 1467    570   852  1716    99
 1468    471   549  1304    99
 1469    549   735  1304    99
 1470    857  1988  2101    99
 1471    455   887  1307    99
 1472    210   211  2856    99
 1473   2195  1368  3844    99
 1474   1331  1248  1973    99
 1475   1336   519  1535    99
 1476   1555  1422  1568    99
 1477   1459  1612  3000    99
 1478   1597  2790  3214    99
 1479   2589   143  2593    99
 1480   2336  2362  2901    99
 1481    808  1039  1413    99
 1482   1260  1027  1390    99
 1483    107   105  3356    99
 1484    619  2321  3971    1
 1485   1433  1992  2248    99
 1486   2289  2221  3092    99
 1487    233  2289  3092    99
 1488    450  1052  1327    99
 1489   1470   984  2186    99
 1490   1650  2245  2818    99
 1491   1580  2483  3416    99
 1492   1386  2099  2870    99
 1493   2276  2298  2953    99
 1494   1728  1792  1802    99
 1495   2510  2860  3179    99
 1496   1106  1734  2115    99
 1497    976   968  1572    99
 1498   1197  1347  2472    99
 1499   2113  1556  2266    99
 1500    727  1596  2831    99
 1501   2143  1809  3403    99
 1502   2990  2207  2995    99
 1503   1264  1881  3965    99
 1504    940   904  1840    99
 1505   2345  1675  2525    99
 1506    580   686  4261    99
 1507   1344  1284  3485    99
 1508   1452  1192  1752    99
 1509    450  1327  1350    99
 1510    914     1  1351    1
 1511    482   914  1351    1
 1512   1204  1363  1433    99
 1513    111  2004  2021    99
 1514   1011  1451  2731    99
 1515   1679  1439  1719    99
 1516    314  4106  4254    99
 1517    281   279  1360    99
 1518   1257   282  1360    99
 1519    282   296  1360    99
 1520   1323  1352  1689    99
 1521   1425  1396  2327    99
 1522   1880  1721  2154    99
 1523    852   990  1370    99
 1524    206   204  3653    99
 1525   1245   813  2556    99
 1526   1161   827  1545    99
 1527   2947  2297  3215    99
 1528   1574  1536  1586    99
 1529   2973  2762  3806    99
 1530    998  1205  2197    99
 1531   1574  2349  2378    99
 1532   1347   978  2360    99
 1533     33    34  3388    99
 1534    962  1068  1485    99
 1535   1039   690  1512    99
 1536    895  1052  2476    99
 1537   1523    93  2037    99
 1538    751  1828  2427    99
 1539   1093  3288  4182    99
 1540   1688  1362  2153    99
 1541   3179  2860  3274    99
 1542   1935  1293  3635    99
 1543   2665  2960  3164    99
 1544   2027  1150  2099    99
 1545   1123   846  2282    99
 1546    195  2379  3182    99
 1547   1475  2353  2372    99
 1548    968   984  1470    99
 1549    165  2630  3912    99
 1550    812   820  1628    99
 1551   1954  1426  2789    99
 1552   1815  2620  2651    99
 1553   1451  1011  1496    99
 1554   1684  1653  2254    99
 1555   1290   866  1395    99
 1556   1323  1689  2102    99
 1557    857  1615  1988    99
 1558   2965  1732  3235    99
 1559   2665  1719  2960    99
 1560   2177  1082  2336    99
 1561    813   643  2218    99
 1562   2274    43  2612    99
 1563   1086  1456  2237    99
 1564   1675  1086  2237    99
 1565    904  1800  1840    99
 1566   4327  4255  4382    99
 1567   1615  1095  1714    99
 1568   1661  1391  1674    99
 1569    762   614  4414    99
 1570    207  2502  2606    99
 1571   3246  3351  4009    99
 1572   1054   733  2554    99
 1573    276   348  2415    99
 1574   3272  1487  3692    99
 1575   1447  1161  1538    99
 1576   3004  2896  3326    99
 1577   1081  1265  1496    99
 1578   1011  1081  1496    99
 1579   2579  1015  2653    99
 1580    691  1362  1417    99
 1581   1672  1684  1686    99
 1582   1610   187  1646    99
 1583    961  1012  1731    99
 1584    257  1585  1934    99
 1585    258   257  1934    99
 1586   2021  2004  2047    99
 1587   1247   261  1432    1
 1588   3025   665  3390    99
 1589   1683  1399  2271    99
 1590   1007  2317  3831    99
 1591    738   751  2031    99
 1592   3504  3264  3511    99
 1593   1462  1523  2037    99
 1594    115   116  1960    99
 1595   1351     1  1432    1
 1596      1     9  1432    1
 1597    141   142  4150    99
 1598   2893  2043  3213    99
 1599   1373  1268  2216    99
 1600   1857  2016  2542    99
 1601   2016   191  2542    99
 1602   1034  1266  1668    99
 1603   3209  2053  3493    99
 1604    885   975  2218    99
 1605   3846  4268  4358    99
 1606    428   406  1963    99
 1607   3426   134  4178    99
 1608   1679  1719  2665    99
 1609    905   843  1507    99
 1610   1543  1521  2098    99
 1611   1367   755  1498    99
 1612   1039  1113  1494    99
 1613   1113  1355  1494    99
 1614     85  3454  3762    99
 1615   1462  1152  1523    99
 1616   1086   803  1456    99
 1617   1074  1225  1980    99
 1618     26  3395  3782    99
 1619   1954  2021  2047    99
 1620   2684  3417  3505    99
 1621    132   133  3681    99
 1622   2003  2044  2126    99
 1623   1243  1181  2541    99
 1624    278   276  2415    99
 1625   1300  1422  1464    99
 1626   3102  3957  3965    99
 1627   1121  2851  3084    99
 1628   2099  1150  2952    99
 1629   1288  2869  2952    99
 1630   1408  2872  3722    99
 1631   1604  1038  2188    99
 1632    438   487  1573    99
 1633    420   282  1573    99
 1634   1846  1514  1864    99
 1635   1485  1068  1513    99
 1636   1452  1752  2757    99
 1637    909  1485  1513    99
 1638   2492   238  3272    99
 1639    784  1193  1479    99
 1640   1436   945  3082    99
 1641   1214  1132  1631    99
 1642    128   126  3274    99
 1643   1654  2058  2414    99
 1644   3169  3349  3696    99
 1645   1714  1095  2043    99
 1646   3011  1355  3355    99
 1647    166  3540  3688    99
 1648    665   546  1628    99
 1649    784  1479  1492    99
 1650    114  2070  2072    99
 1651   1027  1022  1501    99
 1652    747  1322  1647    99
 1653   1373  1490  1566    99
 1654   2696  2552  2712    99
 1655   2513  1815  2651    99
 1656   2620  2489  2651    99
 1657   1490   188  1566    99
 1658   1102  1156  2537    99
 1659   1036   747  1647    99
 1660   1556  1219  2266    99
 1661    946   885  4241    99
 1662   1672  1686  2222    99
 1663   1731  1757  3687    99
 1664   1470  2186  2935    99
 1665    829  2293  3373    99
 1666   3338  3890  3962    99
 1667    252   253  1868    99
 1668   1055   633  1505    99
 1669   2500  1983  2877    99
 1670   3738  3655  3739    99
 1671   1809  2143  2533    99
 1672   2795  3572  3866    99
 1673   1729    81  3428    99
 1674    169  3531  4162    99
 1675   2276  2953  3338    99
 1676   2091  1239  2124    99
 1677   1502  1180  1866    99
 1678   1792   830  1847    99
 1679    830  1803  1847    99
 1680    949  1509  1553    99
 1681   1535  1350  1653    99
 1682   1879  1164  1958    99
 1683   1259    93  1523    99
 1684   1620  2106  4259    99
 1685   1217  1309  1760    99
 1686   1217   702  1531    99
 1687    702  1118  1531    99
 1688    539   412  2324    99
 1689   2298  2276  2300    99
 1690   1578  1128  1591    99
 1691    384   382  4203    99
 1692   2066  1710  2078    99
 1693   2435  1683  2452    99
 1694   1677  1021  3066    99
 1695    161   159  4053    99
 1696   1912   200  2169    99
 1697    603  1209  4408    99
 1698   1546   990  1650    99
 1699    517   591  3845    99
 1700   1386  2027  2099    99
 1701   1261  1902  2333    99
 1702   1937   752  2016    99
 1703   1266  1086  1675    99
 1704    349   444  3106    99
 1705   2016   191  2081    99
 1706   3025  3390  4210    99
 1707    787   949  1553    99
 1708   2278  3050  3820    99
 1709   1832  1385  2371    99
 1710   1607  2207  2990    99
 1711    997  1487  2230    99
 1712    705  1074  1563    99
 1713   1742  1570  1868    99
 1714   1661  1674  2194    99
 1715   1908  1062  2279    99
 1716    716   808  2293    99
 1717   1513  1943  2117    99
 1718   1490  1422  1568    99
 1719    158   156  1922    99
 1720    890   987  2597    99
 1721   1408  1556  2113    99
 1722   1439  1679  1990    99
 1723   1608  2279  3934    99
 1724   1336  1402  1570    99
 1725    253   252  1747    99
 1726    255   254  1747    99
 1727   2221  1738  3041    99
 1728   1815  2539  2620    99
 1729   2414  2489  2620    99
 1730   2539  1620  2620    99
 1731     98  2944  3773    99
 1732    220  2567  2890    99
 1733   1244  1331  1591    99
 1734   2102  1689  3266    99
 1735   1177  2653  2862    99
 1736   2301  2707  3970    99
 1737    996  1939  3168    99
 1738   2309  2218  3307    99
 1739   2645  2487  4195    99
 1740   2869  1334  3917    99
 1741   2182  2034  3152    99
 1742   1373  1566  1610    99
 1743    100  2568  2838    99
 1744   1372  1986  2366    99
 1745    645   409  1582    99
 1746    409   835  1582    99
 1747    148  1406  1935    99
 1748   1128  1578  3757    99
 1749   3024  1500  3238    99
 1750     44    42  2266    99
 1751    243   244  3285    99
 1752   1128  1057  1591    99
 1753   1057  1244  1591    99
 1754   1250   814  1592    99
 1755    814  1194  1592    99
 1756   2368  1571  2405    99
 1757   1022  1983  2500    99
 1758   1152   748  2574    99
 1759   1973  1624  3293    99
 1760   1707    97  2283    99
 1761   2607    87  3195    99
 1762   1847  1803  1952    99
 1763   2298  2300  2794    99
 1764   2707  1014  2942    99
 1765   1014   883  2942    99
 1766   2058  1758  2414    99
 1767   1027  1501  1626    99
 1768   2047  2004  4348    99
 1769   2741  1354  3003    99
 1770   1668  1675  2345    99
 1771   3053  2705  3616    99
 1772   2032  2587  3172    99
 1773   1352   836  1986    99
 1774   1653  1350  2254    99
 1775   2877  2837  3932    99
 1776   1571  1322  2368    99
 1777    836  1459  1986    99
 1778   2319  1465  3329    99
 1779    173   171  2126    99
 1780   2222   243  3285    99
 1781    978  1462  3355    99
 1782    723  1143  2110    99
 1783    723   648  3136    99
 1784   1205   998  3916    99
 1785   3135    70  3547    99
 1786   1181  1704  2541    99
 1787   3313  2305  3670    99
 1788   3454  3417  3762    99
 1789   1456  1197  1976    99
 1790    245   244  1645    99
 1791    146   144  2821    99
 1792    546   458  1628    99
 1793    586   727  1628    99
 1794    727   812  1628    99
 1795    458   385  1628    99
 1796    385   586  1628    99
 1797   1566   188  1646    99
 1798    335   338  4193    99
 1799    231   232  3152    99
 1800   1481   989  1632    99
 1801    989  1369  1632    99
 1802   1617  1248  2040    99
 1803   2301  2422  3900    99
 1804    243  1629  1645    99
 1805    244   243  1645    99
 1806    406  2223  2415    99
 1807     30    31  2260    99
 1808    764  1164  1879    99
 1809   1177  2261  2352    99
 1810    242   243  1686    99
 1811   1513  1068  1943    99
 1812   1710  1465  2078    99
 1813   1391  1578  1674    99
 1814    375  2807  3594    99
 1815    987   890  2110    99
 1816     94  3011  3640    99
 1817   2466  3101  4174    99
 1818   1346  3078  3117    99
 1819   2066    29  3329    99
 1820   1880   210  2856    99
 1821    616   493  2493    99
 1822    493  1776  2493    99
 1823    241   242  1686    99
 1824   1684   240  1686    99
 1825    979  2165  2305    99
 1826   1417  1362  1688    99
 1827     86    84  2240    99
 1828     28    29  2066    99
 1829   1937  2016  2081    99
 1830   1451  1493  2731    99
 1831   1415  2195  3069    99
 1832   1642  1625  3117    99
 1833    150   151  1991    99
 1834   3113  2427  3707    99
 1835    996   980  2358    99
 1836   1089  2676  3340    99
 1837   1107  1226  2250    99
 1838   2062  3635  3902    99
 1839   1917  1676  2255    99
 1840    184  4327  4382    99
 1841    283   280  2223    99
 1842    428  1066  2223    99
 1843    829  1298  2554    99
 1844   2679  2935  3317    99
 1845   1631  1132  1738    99
 1846    800  2974  3784    99
 1847   1686   243  2222    99
 1848   1731  1012  1757    99
 1849    233   231  2030    99
 1850   1007   922  2163    99
 1851   1733  1568  2146    99
 1852   1417  1688  1909    99
 1853   1645  1417  1909    99
 1854    866   700  2457    99
 1855   3803  2837  3873    99
 1856   1580  1980  2044    99
 1857   2003  1580  2044    99
 1858    563    13  1724    0
 1859    270   267  1724    0
 1860     13   651  1724    0
 1861   1774  1077  2670    99
 1862   2510  3053  3135    99
 1863     82    83  3455    99
 1864    996  2358  2586    99
 1865     79  2342  2686    99
 1866   2029  2672  3914    99
 1867   1199  2280  2630    99
 1868    267   268  1724    0
 1869    268   563  1724    0
 1870    266   265  1725    0
 1871    562   266  1725    0
 1872   1399  1683  2435    99
 1873   2298  1183  3860    99
 1874   1464  1555  2229    99
 1875   1297   498  2882    1
 1876    731   272  2882    1
 1877   1481  1632  2254    99
 1878    207   208  2911    99
 1879   1583   916  2319    99
 1880   1787  1452  2757    99
 1881   2571  2268  2756    99
 1882   2919  3517  3603    99
 1883    148  1406  2933    99
 1884   1478  2614  2672    99
 1885   1259  2650  3658    99
 1886   3107  2422  4055    99
 1887   2011  2274  2612    99
 1888    831  1336  1742    99
 1889   1336  1570  1742    99
 1890   1791  1054  2775    99
 1891   2228  1816  2914    99
 1892    200  1912  2775    99
 1893   1585   255  1747    99
 1894   1802  2448  2607    99
 1895   1139  1037  1774    99
 1896     99   100  2838    99
 1897   1879  1958  2034    99
 1898     43    44  2612    99
 1899   2794  2340  3064    99
 1900   1625  1642  2106    99
 1901   1963   805  2476    99
 1902   2522  2607  2955    99
 1903    251   250  2153    99
 1904   1556  1408  2828    99
 1905     99  1215  2432    99
 1906   1226  1045  1760    99
 1907   1045  1217  1760    99
 1908    102  1902  3714    99
 1909   1104   694  2969    1
 1910    890   723  2110    99
 1911   1888  1804  1918    99
 1912    829   716  2293    99
 1913    172  1888  1918    99
 1914   1749  1908  1918    99
 1915   3922  2653  3969    99
 1916     42  2113  2266    99
 1917   1118  2113  2496    99
 1918   2113    42  2496    99
 1919   2296  2207  3098    99
 1920    529   744  1778    99
 1921   3614    41  3995    99
 1922     35  3476  3957    99
 1923   1991  1442  3196    99
 1924   1467  1945  2758    99
 1925   1256  1467  2758    99
 1926   1311  1294  1841    99
 1927    733  1054  1791    99
 1928   1135   798  1850    99
 1929    830   792  1803    99
 1930   3265  1787  3806    99
 1931   1586  2114  2936    99
 1932   3338  2953  3374    99
 1933   2794  2298  3860    99
 1934   1095  1303  2043    99
 1935   1171   827  2717    99
 1936   1800  1837  1840    99
 1937   1294  1736  1841    99
 1938   1800  1124  1837    99
 1939    798  1464  1850    99
 1940    909  1513  2753    99
 1941   3654  3009  3913    99
 1942   1544  1541  2245    99
 1943   2252  3538  3590    99
 1944   1012  2029  2490    99
 1945   1143   723  2054    99
 1946    188   186  2146    99
 1947    188  1490  2146    99
 1948   3417  3454  3505    99
 1949   3914  3937  3945    99
 1950    218   217  2348    99
 1951   1201  2228  2340    99
 1952   2300  1201  2340    99
 1953   1498  2759  3008    99
 1954   1846  1864  2431    99
 1955   2333  1314  2431    99
 1956   2143  1507  2160    99
 1957   2471  3119  3557    99
 1958   2973  2896  3004    99
 1959   2353   201  2372    99
 1960   1172  1475  2372    99
 1961   1124  1405  1837    99
 1962    863  1034  1838    99
 1963   1034  1707  1838    99
 1964   1546  2078  4242    99
 1965   1074  1580  2564    99
 1966   2230  1437  4078    99
 1967     72  2028  3051    99
 1968   1870  2988  3828    99
 1969   1259  1094  2210    99
 1970    832  1259  2210    99
 1971   2103  1839  2424    99
 1972   2776  2753  2849    99
 1973   2038   229  3941    99
 1974   2283    97  4139    99
 1975   1150  1288  2952    99
 1976   1723   852  2023    99
 1977    665  1426  1954    99
 1978   2741  1717  2781    99
 1979   1709  1062  1908    99
 1980   1400  1298  2545    99
 1981   1917  2255  2426    99
 1982    194  3504  3511    99
 1983   1160  1766  2426    99
 1984    106   107  2676    99
 1985   1804  1349  2057    99
 1986   1282  1036  1890    99
 1987    175   176  3750    99
 1988   1610  1567  2115    99
 1989   1567  1106  2115    99
 1990   2317  2356  3326    99
 1991     64    65  2876    99
 1992   1990  2330  2425    99
 1993   3558  3188  3654    99
 1994   1239  1374  2124    99
 1995   1689  1729  3266    99
 1996   1118  1055  2872    99
 1997   1055  1442  2872    99
 1998   1570  1402  2617    99
 1999    247   248  2617    99
 2000    246   247  2617    99
 2001   1883  1728  2522    99
 2002    114  2072  2385    99
 2003   2443  3131  3837    99
 2004   1120  1399  2435    99
 2005   1493  2278  2456    99
 2006    226  3372  4292    99
 2007   1180  1582  1889    99
 2008   1902   102  2716    99
 2009   2405   196  3236    99
 2010   2955  2607  3195    99
 2011   1983  2837  2877    99
 2012   2101  2172  2335    99
 2013   1405  2256  2589    99
 2014   1062  1787  2279    99
 2015   3837  1595  3872    99
 2016     79    80  2923    99
 2017    214  3803  3852    99
 2018   1378  2205  2678    99
 2019   3009  2952  3913    99
 2020    245  1645  1909    99
 2021    246   245  1909    99
 2022    783  2675  4103    99
 2023   2589  2256  2592    99
 2024    156  1922  2172    99
 2025     93  1259  3658    99
 2026    915   959  2011    99
 2027   1219   915  2011    99
 2028   2117  1943  3036    99
 2029   2167  2297  2887    99
 2030   3058  2780  3713    99
 2031   3036   128  3274    99
 2032   1804  1749  1918    99
 2033    602   458  3609    99
 2034   1121  2081  2202    99
 2035   1177  1015  2653    99
 2036   3053  3616  3794    99
 2037   2726  1522  2898    99
 2038   2063  1753  3210    99
 2039    109  3738  3739    99
 2040    128  2947  3215    99
 2041    975   885  2434    99
 2042   3083   236  3422    99
 2043   2614  1881  3645    99
 2044    179   177  3961    99
 2045   1998  3163  3276    99
 2046    245   246  3285    99
 2047   1505  1838  2709    99
 2048   1447  1538  2028    99
 2049    979  1305  2100    99
 2050   2091  2124  3029    99
 2051   1405  1839  2073    99
 2052   1036  1873  3747    99
 2053     49  3193  3235    99
 2054   2356   117  3326    99
 2055   1225  4037  4103    99
 2056    852  1370  2023    99
 2057   2763  2282  3450    99
 2058    971  1256  2233    99
 2059   2579  2653  3922    99
 2060    907   805  1963    99
 2061   2917  2798  3030    99
 2062   2456  2278  3836    99
 2063   1606  2412  2478    99
 2064   1958  1941  2133    99
 2065   2034  1958  2133    99
 2066   2502   996  2606    99
 2067    209   207  2606    99
 2068   1873  1647  2875    99
 2069   2886   218  3344    99
 2070   2366  3000  3247    99
 2071   1675  2237  2320    99
 2072   3032  3395  3924    99
 2073    110   108  4005    99
 2074   1541  2053  2245    99
 2075   2553  1595  3872    99
 2076   2000  1789  4171    99
 2077   1983  1022  1290    99
 2078   1022   700  1290    99
 2079   1322  1460  2368    99
 2080   1291  1105  2173    99
 2081   1719  1439  3132    99
 2082    795  1049  3609    99
 2083   1199  1669  2567    99
 2084   2261    47  2352    99
 2085   2443  2856  3837    99
 2086   1433  1363  1992    99
 2087   2114   257  2936    99
 2088   1014  2301  2707    99
 2089   2757  1752  2896    99
 2090    827  1161  2717    99
 2091   1993  2678  3240    99
 2092   1594  2923  3943    99
 2093   3114  3700  4233    99
 2094   1522  1498  2004    99
 2095   2490  2029  3914    99
 2096    665  1954  3390    99
 2097   2836  2684  3292    99
 2098    997   971  2233    99
 2099    225   226  3926    99
 2100     83  2294  3423    99
 2101   1574   260  2349    99
 2102   2712  2770  3083    99
 2103   1839  1571  2424    99
 2104   2803  1415  3062    99
 2105   3732  3265  3958    99
 2106    742  1082  2177    99
 2107   1009   742  2177    99
 2108   1612  1459  2125    99
 2109   1845  3644  3764    99
 2110   1046   707  2487    99
 2111     71  2849  3547    99
 2112   2342  2208  2686    99
 2113   2500  2660  3222    99
 2114   2125  1106  2784    99
 2115   1603  1447  2028    99
 2116   1864  1514  2674    99
 2117      5  2212  2491    1
 2118      9   775  2491    1
 2119    775     5  2491    1
 2120   1314  1846  2431    99
 2121     55    56  4239    99
 2122   1939   996  2502    99
 2123    212  3652  3872    99
 2124   1514  1202  2137    99
 2125   1369  1428  2227    99
 2126   1286  2874  3356    99
 2127   1555  1594  3943    99
 2128   1143  1595  2110    99
 2129   1248  1244  2040    99
 2130    916  1245  2319    99
 2131   4009   177  4045    99
 2132   1244  1214  2040    99
 2133   1214  1631  2040    99
 2134    984  1879  2186    99
 2135   3061   175  4174    99
 2136    182   180  2781    99
 2137   2195  1415  3062    99
 2138    549  2613  2971    99
 2139   2720    25  3782    99
 2140   3395  2327  3782    99
 2141   2327  2720  3782    99
 2142   1650  1544  2245    99
 2143    259  1934  2248    99
 2144   1934  1433  2248    99
 2145   1460  2379  2518    99
 2146   2368  1460  2518    99
 2147   1430  1143  2054    99
 2148    723   846  2054    99
 2149    846  1123  2054    99
 2150   2630  2280  3912    99
 2151    183   184  4382    99
 2152   1009  1293  2062    99
 2153   1405  1839  2103    99
 2154   2317  1772  2766    99
 2155    979  2100  2557    99
 2156   2078  1465  2240    99
 2157   1121  1937  2081    99
 2158    193  3264  3511    99
 2159    700   479  2457    99
 2160    558   866  2457    99
 2161   2070  1913  2072    99
 2162   1913  1889  2072    99
 2163   2919  3172  3530    99
 2164   1679  2091  2330    99
 2165   2195  3023  3069    99
 2166   3023   208  3069    99
 2167   1674  1578  2077    99
 2168   2053  1808  2242    99
 2169   1546  1650  2078    99
 2170   2188  2783  2819    99
 2171     28  2066  2078    99
 2172   1412  1390  2140    99
 2173   2947   128  3036    99
 2174   1856  1317  3517    99
 2175   3119  3087  3681    99
 2176   1168   616  2493    99
 2177   1945  1386  2870    99
 2178   1442  1991  2872    99
 2179   2032  2041  3145    99
 2180   3135  3053  3794    99
 2181   2103  2589  2593    99
 2182    735   549  2971    99
 2183   1947  1011  2731    99
 2184   2326  1947  2731    99
 2185   2330   130  2425    99
 2186    314  4254  4261    99
 2187    228   229  2737    99
 2188    169  3531  3792    99
 2189    170  3451  3792    99
 2190   2717  1161  2822    99
 2191   1226  1760  2268    99
 2192    256   257  2114    99
 2193   1742  1868  2114    99
 2194   2998  2520  3179    99
 2195   2227  1629  3877    99
 2196   1868   254  2114    99
 2197    254   255  2114    99
 2198   1496  1265  2652    99
 2199   1575   755  2861    99
 2200   2426  1917  3030    99
 2201     48  2917  3030    99
 2202   1332  1197  2472    99
 2203   3264  2677  3470    99
 2204   1879  2034  2128    99
 2205   1139  1603  2188    99
 2206   1038  1139  2188    99
 2207   1106  1567  2784    99
 2208   1334  3641  3917    99
 2209   1941  1624  2133    99
 2210   1624  1617  2133    99
 2211   1617  2030  2133    99
 2212   2670  1077  2847    99
 2213   2797  2985  3365    99
 2214   2029  1478  2672    99
 2215   1419  2202  2730    99
 2216   1758  2149  2534    99
 2217    171   172  2291    99
 2218    922  1563  2163    99
 2219    186  1733  2146    99
 2220   1704  2139  2404    99
 2221   2402  2737  3276    99
 2222   2521  1883  2955    99
 2223    252   251  2153    99
 2224   1362  1747  2153    99
 2225   1747   252  2153    99
 2226    733   716  2554    99
 2227   2358  1307  3844    99
 2228   2586   209  2606    99
 2229   2867  2173  4084    99
 2230   1507  1709  2160    99
 2231   3161  2870  3188    99
 2232   3485  1344  3581    99
 2233    178  3974  4045    99
 2234   3532  1007  3831    99
 2235   2443  1880  2856    99
 2236   1606  1765  2412    99
 2237   2865  3163  3413    99
 2238   2250  2268  2571    99
 2239   1205  2283  3773    99
 2240   1662   971  3132    99
 2241    971   997  3132    99
 2242   1777  1261  2468    99
 2243   1288  1243  2869    99
 2244   4003  2047  4239    99
 2245   1243  1334  2869    99
 2246   2213  1293  2286    99
 2247   1293  1009  2286    99
 2248   1009  2177  2286    99
 2249   2230  4078  4200    99
 2250   2230  3574  4200    99
 2251   4078   183  4200    99
 2252    185   183  4200    99
 2253   1795  2042  2185    99
 2254   2614  3645  4138    99
 2255     47    45  2352    99
 2256   2128  2221  3351    99
 2257   2471  2125  2784    99
 2258   2154  2553  3652    99
 2259   3182  2277  3812    99
 2260   3117  1642  3864    99
 2261    742   998  2197    99
 2262   3585   137  3777    99
 2263    272  1297  2882    1
 2264    498  2212  2882    1
 2265   3846  2140  4268    99
 2266   3454    85  3472    99
 2267   2964  3388  3593    99
 2268   1946  1407  2604    99
 2269   2514  3396  3946    1
 2270   3937    90  3945    99
 2271   2990  2995  3912    99
 2272   1293  2062  3635    99
 2273   3011  3355  3640    99
 2274   1331  1973  2688    99
 2275   1642  2038  3791    99
 2276   2229  1555  3943    99
 2277   1180  1249  3301    99
 2278     83    81  2294    99
 2279    237   238  2492    99
 2280   2682   996  3168    99
 2281   3137  2307  3423    99
 2282   1284  1342  3203    99
 2283   1268  1120  2216    99
 2284   1615  1988  2443    99
 2285    980  1307  2358    99
 2286   2157  1054  2767    99
 2287   1090  1407  2219    99
 2288   1407  1946  2219    99
 2289    172  1918  2291    99
 2290   2613   549  3845    99
 2291    883   734  3042    99
 2292    706   883  3042    99
 2293   1654  2414  2620    99
 2294   1066   349  2223    99
 2295    349   283  2223    99
 2296    176  3864  3889    99
 2297    138  3470  4141    99
 2298   1305   979  2305    99
 2299   1201   961  2228    99
 2300    961  1731  2228    99
 2301   2898   111  2926    99
 2302   2044  1980  3778    99
 2303   1487  1437  2230    99
 2304   2005  1952  2231    99
 2305   1952  1847  2231    99
 2306   2472  2360  3468    99
 2307   3483  2474  3579    99
 2308   2483  3372  3416    99
 2309   3169  2509  3349    99
 2310   2010   795  3082    99
 2311    250   251  3040    99
 2312   1541  1553  2949    99
 2313    707  1057  2487    99
 2314   1346  1046  2487    99
 2315   1442  1055  2532    99
 2316   2237  1406  2320    99
 2317   2064  1976  2933    99
 2318   1606  1604  2819    99
 2319    260   259  2248    99
 2320    487   438  2272    99
 2321   2986  2363  3001    99
 2322   2670  1717  2701    99
 2323    783   988  2675    99
 2324   1704  2404  3272    99
 2325    252  1868  3040    99
 2326   2756   207  2911    99
 2327   2571  2756  2911    99
 2328   1327  1440  2254    99
 2329   1440  1481  2254    99
 2330   2747  4006  4155    99
 2331   2286  2177  2336    99
 2332   2103  2424  2593    99
 2333   1177  1015  2261    99
 2334    203   201  2353    99
 2335    232   233  3092    99
 2336   1563  1074  2564    99
 2337     88    89  2388    99
 2338   2478  2412  2979    99
 2339   2363  1112  3001    99
 2340   3503  3565  3810    99
 2341    591   916  2613    99
 2342   1471  1824  3007    99
 2343   2468  2333  2566    99
 2344   1580  2003  2483    99
 2345    458   546  3609    99
 2346   2172   156  2335    99
 2347    240  3605  3877    99
 2348   3485  3203  3487    99
 2349    476   335  4193    99
 2350    109  3739  4358    99
 2351   1939  2568  2812    99
 2352   2890  2460  3729    99
 2353   1943  1968  2578    99
 2354    856  1201  2300    99
 2355   1841  2208  2342    99
 2356    412   458  2324    99
 2357    458   602  2324    99
 2358   1305  2820  3144    99
 2359    116   114  3998    99
 2360    808   832  2293    99
 2361   2688  1973  3293    99
 2362   4088   139  4159    99
 2363   2640  2684  2836    99
 2364   1509  2102  2765    99
 2365   2063  1509  2765    99
 2366   3493   136  3777    99
 2367   3429  3310  3764    99
 2368   2360  1172  2372    99
 2369   1470  2679  3616    99
 2370   1738  2221  2289    99
 2371    233  2030  2289    99
 2372   2030  1617  2289    99
 2373   1617  2040  2289    99
 2374   1918  1908  2291    99
 2375   1908  2279  2291    99
 2376   1778   744  3950    99
 2377   2953  3013  3374    99
 2378     62  3563  3894    99
 2379   2935  2186  3246    99
 2380    126   127  3526    99
 2381   1838  2283  3689    99
 2382   1594  1733  3385    99
 2383   2713    33  2999    99
 2384   1733   186  3249    99
 2385   1688  2153  2954    99
 2386    248   247  2954    99
 2387    111   112  2926    99
 2388   1697  1311  2342    99
 2389   1802  1792  2844    99
 2390    271   619  3971    1
 2391   1596   727  3621    99
 2392   2984  1607  3621    99
 2393   3302  2919  3603    99
 2394   2784  2471  3087    99
 2395   2457   479  3143    99
 2396    479   364  3143    99
 2397    192   193  3292    99
 2398   2205  1993  2678    99
 2399    110  3670  3738    99
 2400    203  2353  3337    99
 2401   2552  1354  2770    99
 2402   2496    42  4021    99
 2403   2274   959  2809    99
 2404   4018  2496  4021    99
 2405   1309  1217  2809    99
 2406   2139  1679  3164    99
 2407   3788  1789  3972    99
 2408   2000  3935  3972    99
 2409   2513  2651  3046    99
 2410    122   120  3046    99
 2411   3046   120  3403    99
 2412   1772  1752  2797    99
 2413   1758  2058  2732    99
 2414    230   228  2732    99
 2415   3030  1160  2426    99
 2416    338   335  4144    99
 2417   3803  2940  3852    99
 2418    101    99  2432    99
 2419   1215  1078  2432    99
 2420    835  1112  2363    99
 2421   1354  1171  3003    99
 2422   2781  2741  3095    99
 2423    221  2074  3066    99
 2424    997  2233  3574    99
 2425   2797  2587  2985    99
 2426   2509  1256  3294    99
 2427   3041  1738  3691    99
 2428   3344   216  3486    99
 2429   1808  3209  3585    99
 2430   2408  1572  2520    99
 2431    206   205  3186    99
 2432   1338  2132  2608    99
 2433    260  2248  2349    99
 2434   2248  1992  2349    99
 2435    938  1574  2378    99
 2436   1373  1610  2354    99
 2437   1610  1567  2354    99
 2438   2291  2279  2355    99
 2439   1608  2003  2355    99
 2440   2003  2126  2355    99
 2441    119   117  2356    99
 2442   2860  3135  3370    99
 2443   2117  2860  3370    99
 2444    429   362  3845    99
 2445    978  1172  2360    99
 2446   1365  2074  2474    99
 2447   2074  1946  2474    99
 2448   1819  1668  2362    99
 2449   1668  2345  2362    99
 2450    602   706  3042    99
 2451    182  2781  3095    99
 2452    202  3503  3810    99
 2453   1278  1556  2828    99
 2454    976  1572  2408    99
 2455   1597  1563  2564    99
 2456   1183   829  3373    99
 2457     63    64  4232    99
 2458   1193   601  2378    99
 2459    601   938  2378    99
 2460   1194  2185  2378    99
 2461   2349  1592  2378    99
 2462   1592  1194  2378    99
 2463   2783    72  4000    99
 2464   1401  2236  2462    99
 2465   2482  1760  2568    99
 2466   2969   694  3060    1
 2467    842   670  2395    99
 2468    885   652  4241    99
 2469    652   904  4241    99
 2470    606  1051  2398    99
 2471   1408  2828  3722    99
 2472   1991   151  3722    99
 2473   2038  1642  2400    99
 2474   1679  2665  3164    99
 2475   1603  2028  2783    99
 2476    229  2038  3276    99
 2477   2038  1998  3276    99
 2478   3914  2672  3937    99
 2479   3061  2866  3413    99
 2480   1071  2379  2521    99
 2481   1809  1815  2513    99
 2482   1460  1883  2521    99
 2483   1765  1619  2412    99
 2484   1619  2201  2412    99
 2485   1572  2510  2520    99
 2486   4047   154  4299    99
 2487   1757  1012  2490    99
 2488   3417  2023  3762    99
 2489   2223   280  2415    99
 2490    280   278  2415    99
 2491    690   596  2416    99
 2492    596   684  2416    99
 2493   2263  2387  2751    99
 2494   2567  1199  2751    99
 2495   1199  2630  2751    99
 2496   1774  2670  2701    99
 2497   1284  3203  3485    99
 2498    130   131  2425    99
 2499   2212   498  2800    1
 2500    261  1247  2800    1
 2501    143   141  2593    99
 2502   2413  1766  2426    99
 2503   3112  2031  3113    99
 2504   2124  1604  3701    99
 2505   2269    46  2431    99
 2506     46  2333  2431    99
 2507   2307  3084  3423    99
 2508    946  1385  2434    99
 2509   1385  1884  2434    99
 2510   1430  1595  3131    99
 2511   3124  2434  3125    99
 2512   1615  1880  2443    99
 2513   1803  2628  2859    99
 2514   1401  1338  2608    99
 2515   3266  1729  3428    99
 2516   2216  2435  2452    99
 2517   2137  2420  2747    99
 2518   1993  2205  2863    99
 2519   1866  1913  2456    99
 2520   1913  2070  2456    99
 2521   2070   115  2456    99
 2522    115  1960  2456    99
 2523   2385  3977  3998    99
 2524   2236   152  2462    99
 2525    152   150  2462    99
 2526   2010  2886  3082    99
 2527    284   321  3594    99
 2528   1436  2348  3581    99
 2529   1391  1291  2867    99
 2530   1113  1039  3088    99
 2531    291   286  4031    99
 2532   2140  1390  2785    99
 2533    286   301  4031    99
 2534   2309  3264  3470    99
 2535   3505  3500  4010    99
 2536   1151  1439  3345    99
 2537    448  1963  2476    99
 2538   1884  1832  3855    99
 2539   2533  2160  3702    99
 2540   2160  3187  3702    99
 2541   1522  2004  2898    99
 2542   1413  1494  2650    99
 2543   2587  2501  3172    99
 2544     47  2261  2566    99
 2545   3181  3196  3363    99
 2546   2847  3571  3743    99
 2547   2696  2847  3743    99
 2548    318   376  4235    99
 2549   1803   792  2628    99
 2550   1177  2352  2674    99
 2551    159  3932  4053    99
 2552    155   154  4299    99
 2553   2862  3969  4299    99
 2554   1247     9  2491    1
 2555   2340  2914  3064    99
 2556    278  1168  2493    99
 2557   1776   276  2493    99
 2558    276   278  2493    99
 2559    100   101  2812    99
 2560    201   202  3468    99
 2561     96  1668  2880    99
 2562     98    96  2880    99
 2563   1395  2252  3178    99
 2564   2335   156  2588    99
 2565   2255  2335  2588    99
 2566    202  2472  3468    99
 2567   2032  3145  3531    99
 2568   1259   832  2650    99
 2569    236   235  2712    99
 2570   2379  1460  2521    99
 2571    744   348  3950    99
 2572    273   263  2514    99
 2573    240  1684  3605    99
 2574   3247  3000  3398    99
 2575    750     3  2514    1
 2576      3    11  2514    1
 2577     11   572  2514    99
 2578    174   175  3061    99
 2579   1881  2614  3102    99
 2580    669   273  2514    99
 2581    572   765  2514    99
 2582    765   669  2514    99
 2583   2379  1071  3182    99
 2584     92  3112  3707    99
 2585   2132   206  2608    99
 2586     39    40  2525    99
 2587   1494  1355  2711    99
 2588   1071  2277  3182    99
 2589   3337  3565  3810    99
 2590    203   202  3810    99
 2591   1809  2513  3403    99
 2592   2513  3046  3403    99
 2593   2489  2414  2534    99
 2594   2414  1758  2534    99
 2595   2167  2555  2977    99
 2596   1498   755  2759    99
 2597   2860  3036  3274    99
 2598   2541  1437  4078    99
 2599   2574  3338  3962    99
 2600   3566  2859  4231    99
 2601    129  2478  2979    99
 2602   3361   175  3750    99
 2603   2909  1732  2965    99
 2604   2837  1983  3873    99
 2605   2154   987  2553    99
 2606    987  2110  2553    99
 2607    716   829  2554    99
 2608    177   178  4045    99
 2609   3702  3187  4232    99
 2610   1471  1857  2768    99
 2611   3571  2887  4054    99
 2612   1972  1309  2838    99
 2613   1733  1697  3385    99
 2614   3209  3493  3777    99
 2615    224   222  3820    99
 2616   2500  2877  3222    99
 2617   1385   946  2558    99
 2618    946  2285  2558    99
 2619   2300  2340  2794    99
 2620     46    47  2566    99
 2621     60    61  3229    99
 2622    223  2922  3869    99
 2623   2280  2990  3912    99
 2624   1939  2482  2568    99
 2625   2340  2228  2914    99
 2626   1415  2250  2571    99
 2627    748  2323  2574    99
 2628   2323  2276  2574    99
 2629   1909  1688  2954    99
 2630    249   248  2954    99
 2631   1307   887  2579    99
 2632    887  1015  2579    99
 2633    941  2027  2583    99
 2634   2027  1179  2583    99
 2635   2448    87  2607    99
 2636   2522  1802  2607    99
 2637   2986  3001  3098    99
 2638   1447  1161  2822    99
 2639   2545   146  2767    99
 2640   2413  2426  2588    99
 2641   2426  2255  2588    99
 2642   1314  1902  2716    99
 2643   2707  2942  3677    99
 2644   2256  1213  2592    99
 2645   1213  1316  2592    99
 2646   2424   141  2593    99
 2647    972   890  2597    99
 2648   1606  2819  2930    99
 2649   1344  1436  3581    99
 2650    972  2597  2601    99
 2651    154  4047  4155    99
 2652   2021  1954  2789    99
 2653   1068  1171  2605    99
 2654   1734  1762  2771    99
 2655   1140  1284  2861    99
 2656    187  1610  2771    99
 2657    150  1991  3196    99
 2658   2790  3436  3452    99
 2659   2226   231  3152    99
 2660   1576  1579  2957    99
 2661     44  2266  2612    99
 2662   2266  1219  2612    99
 2663   1219  2011  2612    99
 2664     82  3160  3266    99
 2665   3739  3121  3846    99
 2666     59  2984  4272    99
 2667   1402  2222  2617    99
 2668   2063  2765  3286    99
 2669   4036  3214  4121    99
 2670   2973  3004  4121    99
 2671   1389  2204  2652    99
 2672   1265  1389  2652    99
 2673   3000  1612  3398    99
 2674   2952  2869  3913    99
 2675   2208  1831  2686    99
 2676     78    79  2686    99
 2677   2249  3032  3398    99
 2678    572  1115  2644    1
 2679   1115   324  2644    1
 2680    142  2825  2970    99
 2681    143  2589  2970    99
 2682   2825  2592  2970    99
 2683    143   142  2970    99
 2684    832  1413  2650    99
 2685   2489   122  2651    99
 2686   2875  2424  3048    99
 2687   2848  1873  3048    99
 2688   2028  1538  3051    99
 2689     74    72  3051    99
 2690   1344   162  3619    99
 2691   2278  1565  3050    99
 2692   2819  2783  4000    99
 2693   2567  1669  3227    99
 2694   2812   101  3168    99
 2695   2836  3292  3389    99
 2696   2807   306  3594    99
 2697   1845   734  2699    99
 2698    734   883  2699    99
 2699    883  1014  2699    99
 2700   2264  1774  2701    99
 2701   2188  1603  2783    99
 2702   1538  1161  3915    99
 2703   1161  1545  3915    99
 2704   1514  2137  2674    99
 2705   2352    45  2674    99
 2706     45  2269  2674    99
 2707   3567   140  4141    99
 2708   2072  3676  3867    99
 2709   2520  2510  3179    99
 2710   1674   123  2941    99
 2711    123   124  2941    99
 2712      9   868  3027    1
 2713    103   104  4233    99
 2714    868   264  3027    1
 2715    914   271  3971    1
 2716    657   927  3680    99
 2717     98  2880  2944    99
 2718    980   996  2682    99
 2719   2532  2709  3363    99
 2720   1831    78  2686    99
 2721    125  1591  2688    99
 2722   1591  1331  2688    99
 2723   3202  2886  3344    99
 2724   1273   630  2691    99
 2725    630   703  2691    99
 2726   2825   142  2848    99
 2727   2713  2825  2848    99
 2728   1881  1264  3112    99
 2729   1757  1828  3771    99
 2730   3687  1757  3771    99
 2731    110  3313  3670    99
 2732    725  1576  3253    99
 2733   2042  1795  3058    99
 2734   1795  2780  3058    99
 2735   1082  2197  2944    99
 2736   2532  1505  2709    99
 2737     95  2650  2711    99
 2738   2650  1494  2711    99
 2739     84    85  3643    99
 2740   1610  2115  2771    99
 2741   1947  2326  3866    99
 2742   3977   116  3998    99
 2743   1889  1582  2827    99
 2744   2043  1303  2716    99
 2745   1303  1314  2716    99
 2746   1683  2452  2742    99
 2747   2073   197  2718    99
 2748    197   196  2718    99
 2749   1396  2294  2720    99
 2750   2294  1372  2720    99
 2751   3132  1719  3783    99
 2752   2960  1719  3783    99
 2753    239   237  2960    99
 2754   1467  1256  3784    99
 2755   2362    40  2901    99
 2756   2747  2803  4006    99
 2757   2303  2982  3835    99
 2758   2303  3687  3835    99
 2759   3178  2252  3537    99
 2760   1493  1960  2731    99
 2761   3546  2841  3979    99
 2762    205  3546  3979    99
 2763   2737   229  3276    99
 2764   3163  2402  3276    99
 2765   2552  1717  2741    99
 2766    153  3062  4122    99
 2767   2028    72  2783    99
 2768    135   136  3587    99
 2769    410   306  2807    99
 2770    666   410  2807    99
 2771   2630  2263  2751    99
 2772   1721  1714  2893    99
 2773   1714  2043  2893    99
 2774   2790  2762  3214    99
 2775   2268  2482  2756    99
 2776   2482  2502  2756    99
 2777   2502   207  2756    99
 2778    272  1104  2969    1
 2779   1192  3301  3530    99
 2780   2491  2212  2800    1
 2781   3201  2474  3483    99
 2782     33  2999  3298    99
 2783   2759  3240  3671    99
 2784    685  2537  2974    99
 2785   1160  1123  2763    99
 2786   1123  2282  2763    99
 2787   2102  2730  2765    99
 2788    703   551  3310    99
 2789   1332  2815  3503    99
 2790   2798  1160  3030    99
 2791   1160  2763  2798    99
 2792   2554  1298  2767    99
 2793   1298  2545  2767    99
 2794      2  1453  4350    1
 2795   2964  1890  3747    99
 2796     27  2245  2769    99
 2797   2245  2053  2769    99
 2798   1968  2605  2770    99
 2799   2605  1171  2770    99
 2800   1171  1354  2770    99
 2801   2780  3070  3251    99
 2802   1054  1911  2775    99
 2803   1121  2202  2851    99
 2804   2233  1256  3467    99
 2805   1808  2053  3209    99
 2806   1378   632  3025    99
 2807   2758  3161  3558    99
 2808   2564  1580  3416    99
 2809   2701  1717  2781    99
 2810   1305  2785  2820    99
 2811   1475  1113  3088    99
 2812   3532  3831  3894    99
 2813   1039  1512  3088    99
 2814   4013   289  4031    99
 2815   2157  2767  2821    99
 2816     50    48  2917    99
 2817    168   169  4162    99
 2818    140   139  3502    99
 2819   3585   137  3861    99
 2820    135  2768  3861    99
 2821   2385  2072  2795    99
 2822   2233  3467  3574    99
 2823   2501  2587  2797    99
 2824   2977  2520  2998    99
 2825   2827  2363  2986    99
 2826   3317  3255  3974    99
 2827   1856  1906  3869    99
 2828    498   505  2800    1
 2829    505   261  2800    1
 2830   2250  1415  2803    99
 2831    375   540  2807    99
 2832    540   666  2807    99
 2833   1583  2319  2808    99
 2834   3041  3691  4093    99
 2835   3088  1512  3337    99
 2836   1475  3088  3337    99
 2837   2353  1475  3337    99
 2838     43  4018  4021    99
 2839   2221  3041  3351    99
 2840   2218  2309  3504    99
 2841   2245    27  2818    99
 2842     27    28  2818    99
 2843   1604  2188  2819    99
 2844   1233   842  4001    99
 2845   2395   279  4001    99
 2846    212   210  3652    99
 2847   2940  3803  3873    99
 2848   2763    50  2917    99
 2849    203  3337  3810    99
 2850    195  3182  3812    99
 2851   1465  1710  3329    99
 2852   2808  2319  3329    99
 2853   1582  2363  2827    99
 2854   1890  1036  3747    99
 2855   2317  2766  3831    99
 2856   2974  2537  3784    99
 2857   2828  3094  3722    99
 2858    167   166  2995    99
 2859     48    49  4112    99
 2860   2717  2822  3003    99
 2861    124   125  3293    99
 2862    288  3519  4013    99
 2863   1668  1819  2880    99
 2864   1309  1215  2838    99
 2865   1215    99  2838    99
 2866   2173  3101  4084    99
 2867   1334  1243  3690    99
 2868   2448  1802  2844    99
 2869   1901  2260  2844    99
 2870   2260    31  2844    99
 2871   1077  2555  2847    99
 2872     58    59  3572    99
 2873   3178  3800  3868    99
 2874   2845  1809  2876    99
 2875   2074   221  3049    99
 2876    433  1140  2861    99
 2877   2202  1419  2851    99
 2878   2063  1753  3685    99
 2879   3034  3121  3739    99
 2880   2533  3702  4232    99
 2881     77  3347  4143    99
 2882   2309  3307  3567    99
 2883   1952  1803  2859    99
 2884    456   539  3136    99
 2885    539   846  3136    99
 2886    648   456  3136    99
 2887   1501  2301  3970    99
 2888   3107   161  4053    99
 2889   2671  3107  4053    99
 2890   2296  1607  2984    99
 2891    619   750  2864    1
 2892     12     4  2864    1
 2893      4  2321  2864    1
 2894   2514   263  2864    1
 2895    750  2514  2864    1
 2896   3125    32  3441    99
 2897    153  2803  3062    99
 2898    138   139  4088    99
 2899   1489  3024  3642    99
 2900    444   408  3106    99
 2901   1213  1264  2871    99
 2902   1543  2098  3163    99
 2903   2098  2402  3163    99
 2904   3416   227  3436    99
 2905    209   208  3023    99
 2906   3169  3696  3728    99
 2907   3003  2822  3095    99
 2908   1273  2691  2874    99
 2909   3098  3001  3540    99
 2910   2657  1946  3049    99
 2911    221   219  3049    99
 2912     65  2845  2876    99
 2913     91  2427  4296    99
 2914    221  3066  3227    99
 2915   3066  1669  3227    99
 2916    251   252  3040    99
 2917   1385  2558  3218    99
 2918      5   731  2882    1
 2919   2212     5  2882    1
 2920   1914  1049  2886    99
 2921   1049  2010  2886    99
 2922   2307   735  3084    99
 2923    735  1121  3084    99
 2924   2751  2387  2890    99
 2925   2387  2460  2890    99
 2926   3969   155  4122    99
 2927   1752  1772  2896    99
 2928   3101  2466  3862    99
 2929    800   685  2974    99
 2930   2137  2747  4047    99
 2931   1765  1606  2930    99
 2932   1395   866  2909    99
 2933    866   719  2909    99
 2934   2930    73  2968    99
 2935     73    74  2968    99
 2936   1489  1500  3024    99
 2937   2072  1889  3676    99
 2938   2821  2157  2914    99
 2939   2157  1816  2914    99
 2940   2644     7  3396    1
 2941   1611  1290  3178    99
 2942   1290  1395  3178    99
 2943     22    23  3591    99
 2944   2032  3302  3531    99
 2945    373   571  3519    99
 2946    645  1180  3301    99
 2947   3078  3361  3750    99
 2948   3969   155  4299    99
 2949     90    91  3945    99
 2950   1406  2064  2933    99
 2951   2100  3144  3997    99
 2952    191   189  3599    99
 2953   2202  2081  3599    99
 2954   2081   191  3599    99
 2955    257   258  2936    99
 2956    259   260  2936    99
 2957    260  1586  2936    99
 2958   2766  2797  3365    99
 2959   2402  2098  3275    99
 2960   1941  2194  2941    99
 2961    883  2557  2942    99
 2962   1459   836  3680    99
 2963    836   657  3680    99
 2964   1819  1082  2944    99
 2965   2578  1968  2947    99
 2966   1968  2297  2947    99
 2967    105   106  3590    99
 2968   3255  4009  4045    99
 2969   2043  2716  3213    99
 2970   2711  1355  3011    99
 2971   2995  3098  3540    99
 2972   2691   703  3340    99
 2973   2841  1838  3689    99
 2974    247  1909  2954    99
 2975   2153   250  2954    99
 2976    250   249  2954    99
 2977   2462   150  3196    99
 2978   1401  2462  3196    99
 2979    227   225  3452    99
 2980   3292   193  3389    99
 2981   3621  1947  3866    99
 2982   2677  2628  3389    99
 2983   2676   107  3539    99
 2984    107  3356  3539    99
 2985   2510  2705  3053    99
 2986   1619  1765  2968    99
 2987   3372   227  3416    99
 2988   3900  2422  4055    99
 2989   2644   324  2969    1
 2990    324  1297  2969    1
 2991   1583   752  2971    99
 2992    752  1937  2971    99
 2993   1937   735  2971    99
 2994   2768  1471  3007    99
 2995   1500  1831  3788    99
 2996   2555  2408  2977    99
 2997   1316  2825  2999    99
 2998   1317  2724  3300    99
 2999    910  3243  3500    99
 3000   2371  1385  3218    99
 3001   3519   385  4013    99
 3002   3676  2827  3867    99
 3003   1575  2861  2983    99
 3004   2861  1284  2983    99
 3005    162   163  3619    99
 3006    163  3617  3619    99
 3007   2820  3651  3760    99
 3008   2230   997  3574    99
 3009    382  4199  4203    99
 3010   1873  2848  3747    99
 3011   1870  1163  2988    99
 3012   1021  2831  2990    99
 3013   2371  3218  3499    99
 3014     76  3654  3913    99
 3015   2831  1596  2990    99
 3016   1596  1607  2990    99
 3017   2296  2986  3098    99
 3018   3112  3113  3707    99
 3019   2825  2713  2999    99
 3020   3337  1512  3565    99
 3021   3172  2501  3530    99
 3022   3201   113  3661    99
 3023    146   145  3205    99
 3024   1112  2263  3001    99
 3025   2645  1346  3100    99
 3026   3078  1346  3100    99
 3027   2466  3078  3100    99
 3028   1171  2717  3003    99
 3029    106  3537  3590    99
 3030   2949  1553  3210    99
 3031   1889  2827  3676    99
 3032     68  4195  4227    99
 3033   4195  3757  4227    99
 3034     94    95  3011    99
 3035     95  2711  3011    99
 3036   1935  3635  3753    99
 3037   2874  2691  3539    99
 3038   2298  1183  3013    99
 3039   2586   209  3023    99
 3040   1464  1489  3070    99
 3041   1850  1464  3070    99
 3042   2294  1396  3423    99
 3043   2866  3061  4174    99
 3044   3032  2271  3395    99
 3045   2271  2327  3395    99
 3046   1998  2400  4094    99
 3047   1947   727  3028    99
 3048    775     9  3027    1
 3049    264   775  3027    1
 3050    317   489  3027    99
 3051    489  1247  3027    99
 3052   1247     9  3027    99
 3053   2007  1286  3193    99
 3054   3806  2762  3958    99
 3055   1683  2742  3032    99
 3056   2742  2249  3032    99
 3057   2771  1762  3249    99
 3058   2998  3179  3526    99
 3059   3203  1342  3486    99
 3060   2149  1758  3275    99
 3061   2737  2402  3275    99
 3062   3214  2762  4121    99
 3063   2263  2630  3353    99
 3064   3001  2263  3353    99
 3065    734   551  3042    99
 3066    551  2324  3042    99
 3067   1873  2875  3048    99
 3068    445   531  4324    99
 3069     69  3616  4152    99
 3070   3616  2679  4152    99
 3071   1946  2074  3049    99
 3072   1565  2652  3050    99
 3073   2652  2204  3050    99
 3074   2204   224  3050    99
 3075   1619  2968  3051    99
 3076   2968    74  3051    99
 3077    727  1947  3621    99
 3078   1993  1575  3617    99
 3079   1902  2601  3714    99
 3080    175  3361  4174    99
 3081   2644  2969  3060    1
 3082      7  2644  3060    1
 3083   3402  3403  3947    99
 3084   3551  3402  3947    99
 3085    235  2696  4123    99
 3086   3398  3032  3924    99
 3087   3247  3398  3924    99
 3088   1021  1669  3066    99
 3089   2074  1365  3066    99
 3090   1365   820  3066    99
 3091    820  1677  3066    99
 3092    208  2911  3069    99
 3093     90  3937  4138    99
 3094    585   578  3253    99
 3095   1576  2957  3253    99
 3096   1753  1857  3685    99
 3097   3161  3188  3558    99
 3098   2886   218  3082    99
 3099    218  2348  3082    99
 3100   1373  2216  3426    99
 3101   2452   134  3426    99
 3102    364   293  3143    99
 3103   2354  1567  3087    99
 3104   1567  2784  3087    99
 3105   2574  2276  3338    99
 3106   3476  2871  3965    99
 3107   2221  2128  3092    99
 3108   2128  2182  3092    99
 3109   3169   185  3728    99
 3110    185   184  3728    99
 3111   2741  3003  3095    99
 3112   2207  2995  3098    99
 3113   1172   978  3355    99
 3114    205  3181  3546    99
 3115   1642  2400  3864    99
 3116     36    37  3890    99
 3117    134   132  4178    99
 3118   2023  2485  3362    99
 3119   1183  3373  3981    99
 3120    113  3201  3483    99
 3121    321   695  3106    99
 3122   1014  2422  3107    99
 3123   2671  1845  3107    99
 3124   1845  2699  3107    99
 3125   2236  1338  3715    99
 3126   2597   987  3114    99
 3127   2780  3251  3713    99
 3128   2601  2597  3114    99
 3129     84  3643  3742    99
 3130   3029  2124  3701    99
 3131   3635   149  3753    99
 3132    292   295  4266    99
 3133    595   292  4266    99
 3134   3203  3486  3487    99
 3135   1342  1412  3121    99
 3136   2358  2586  3844    99
 3137   2434  1884  3125    99
 3138   3760  1626  4063    99
 3139     35  3298  3476    99
 3140   2282  1273  3450    99
 3141   1988  2172  3131    99
 3142   2172  1922  3131    99
 3143   1922  1430  3131    99
 3144   1256   800  3784    99
 3145    219   220  3729    99
 3146     21    22  3935    99
 3147     83  3423  3455    99
 3148   2216  2452  3426    99
 3149   3567  3307  4182    99
 3150    327  2457  3143    99
 3151    293   306  3143    99
 3152    306   327  3143    99
 3153     21  3935  4291    99
 3154   2041  1579  3145    99
 3155   3351  3041  3961    99
 3156   3436   227  3452    99
 3157    232  3092  3152    99
 3158   3092  2182  3152    99
 3159    163  2863  3271    99
 3160   2368  2518  3236    99
 3161   2368  2405  3236    99
 3162   3030  1917  3191    99
 3163   2865  1543  3163    99
 3164   2960   237  3164    99
 3165    237  2492  3164    99
 3166   2492  2404  3164    99
 3167   2404  2139  3164    99
 3168   2432  1078  3168    99
 3169   1078  2682  3168    99
 3170   2360  2372  3468    99
 3171   3605  2227  3877    99
 3172   1242  3503  3565    99
 3173   3024  3238  3591    99
 3174   2965  1286  3538    99
 3175   3013  1183  3981    99
 3176   3670  3655  3738    99
 3177    910   813  3243    99
 3178   2388    89  3818    99
 3179   3218  2558  3818    99
 3180   2608   206  3186    99
 3181   1749  2057  3187    99
 3182    546   795  3609    99
 3183   2160  1709  3187    99
 3184   1709  1908  3187    99
 3185   1908  1749  3187    99
 3186   3441    32  3561    99
 3187   1917  1732  3191    99
 3188   1286  2965  3193    99
 3189    195   196  3236    99
 3190     88  2388  3195    99
 3191   2388  1071  3195    99
 3192   1071  2955  3195    99
 3193   1442  2532  3196    99
 3194   2985  3229  3365    99
 3195   3181  1401  3196    99
 3196   1426  1365  3201    99
 3197   1365  2474  3201    99
 3198   2201  1540  3345    99
 3199   3257  2201  3345    99
 3200   3492  1808  3585    99
 3201   1583  1808  3492    99
 3202   3487  3486  3489    99
 3203   2742  2452  3207    99
 3204   2452   134  3207    99
 3205   1914  3202  3655    99
 3206   3294  2758  3558    99
 3207   1541  2949  3493    99
 3208   2053  1541  3493    99
 3209   2167  2977  3498    99
 3210   3215  2297  3498    99
 3211    118   119  4036    99
 3212    705   584  4037    99
 3213    584   783  4037    99
 3214   1009  2062  4373    99
 3215   3974  3255  4045    99
 3216   3218    89  3499    99
 3217   3050   224  3820    99
 3218   3131  1595  3837    99
 3219    140   138  4141    99
 3220    220  2567  3227    99
 3221    221   220  3227    99
 3222   2985  2587  3229    99
 3223   2849  2117  3370    99
 3224   3193  2965  3235    99
 3225   3040  1570  4117    99
 3226   1570  2617  4117    99
 3227   2518  2379  3236    99
 3228   2379   195  3236    99
 3229   4254   580  4261    99
 3230   2106  1642  3791    99
 3231   2827  2986  3746    99
 3232   2650    95  3658    99
 3233   2803   153  4006    99
 3234   3889   174  4094    99
 3235   2775  1911  3853    99
 3236    131  2979  3257    99
 3237   2979  2412  3257    99
 3238   1529  2143  3402    99
 3239   3398  1612  3557    99
 3240   2556   813  3408    99
 3241    187  2771  3249    99
 3242   3388    34  3593    99
 3243    104   102  3714    99
 3244    928   318  4235    99
 3245   2957  1081  3253    99
 3246   1081  1011  3253    99
 3247   1011   585  3253    99
 3248    194   192  4010    99
 3249     77    75  3347    99
 3250   1990  2425  3257    99
 3251   2425   131  3257    99
 3252   3828  3317  3974    99
 3253   2279  1787  3265    99
 3254    182   181  3809    99
 3255   2264  3199  3809    99
 3256   3160  1419  3266    99
 3257   1419  2102  3266    99
 3258   1437  1487  3272    99
 3259   2058  1654  4259    99
 3260   1437  2541  3272    99
 3261   2541  1704  3272    99
 3262   2098  1521  3275    99
 3263   1521  2149  3275    99
 3264    228  2737  3275    99
 3265   1758  2732  3275    99
 3266   2732   228  3275    99
 3267    246  2617  3285    99
 3268   2617  2222  3285    99
 3269   2765  2730  3286    99
 3270   2730   189  3286    99
 3271   3302  3603  4162    99
 3272    734  1845  3310    99
 3273    551   734  3310    99
 3274    125  2688  3293    99
 3275   1624  1941  3293    99
 3276   1941   124  3293    99
 3277     30  2231  3561    99
 3278     32    30  3561    99
 3279    112   113  3483    99
 3280    168  3300  3529    99
 3281    571   385  3519    99
 3282   1192   424  3301    99
 3283    424   645  3301    99
 3284     70  3135  3794    99
 3285   3303   922  3532    99
 3286   2809  1531  4018    99
 3287   1579  1576  3303    99
 3288   1576   922  3303    99
 3289   2815  1242  3503    99
 3290   3408  3454  3472    99
 3291   2790  1597  3436    99
 3292   3310  1845  3764    99
 3293   1597  2564  3436    99
 3294   2935  3255  3317    99
 3295   2326  2731  3977    99
 3296   2896  1772  3326    99
 3297   1772  2317  3326    99
 3298   2057  1349  3929    99
 3299   3608  2057  3929    99
 3300     29  2769  3329    99
 3301   2769  2242  3329    99
 3302   2242  2808  3329    99
 3303   2240  1465  3383    99
 3304   1465  1245  3383    99
 3305    218   216  3344    99
 3306   1824  1583  3492    99
 3307   3007  1824  3492    99
 3308   1540  1151  3345    99
 3309   1439  1990  3345    99
 3310   1990  3257  3345    99
 3311   2005  3441  3561    99
 3312   2509  2648  3349    99
 3313   3251  3070  3642    99
 3314   3070  1489  3642    99
 3315   3024  3591  3642    99
 3316   2630   165  3353    99
 3317   3181  3363  3546    99
 3318   3363  2709  3546    99
 3319   1334  3349  3641    99
 3320   2862  4047  4299    99
 3321    229   230  3941    99
 3322    149   148  3753    99
 3323   2354  3681  4178    99
 3324   3288  3502  4182    99
 3325   3681   132  4178    99
 3326    236   234  3422    99
 3327   3196  2532  3363    99
 3328   3229    61  3365    99
 3329   3687   198  3835    99
 3330     60  3229  3367    99
 3331   3229  2587  3367    99
 3332   3373  2293  3549    99
 3333    832  2210  3549    99
 3334   2293   832  3549    99
 3335   3361  2466  4174    99
 3336   1529  3402  3551    99
 3337     57    58  3984    99
 3338   3746    57  3984    99
 3339   3563  3532  3894    99
 3340   3179   126  3526    99
 3341    127  3498  3526    99
 3342   1697  2342  3385    99
 3343   2342    79  3385    99
 3344     79  2923  3385    99
 3345    321   375  3594    99
 3346   2628  2640  3389    99
 3347   2640  2836  3389    99
 3348   2677  3264  3389    99
 3349   3264   193  3389    99
 3350     54    55  4222    99
 3351    239  2960  3783    99
 3352   2514    11  3396    1
 3353     11   572  3396    1
 3354    572  2644  3396    1
 3355    120   121  3947    99
 3356      7  3060  3396    1
 3357   2887  3083  3422    99
 3358    813   910  3408    99
 3359   1612  2471  3557    99
 3360   2249  3398  3557    99
 3361   2851  3160  3455    99
 3362   3163  1998  3413    99
 3363    164  3271  4097    99
 3364    164  1882  4097    99
 3365   3338  3374  3890    99
 3366   1093  3124  3441    99
 3367   2005  1093  3441    99
 3368   3160    82  3455    99
 3369   2684  1723  3417    99
 3370   1723  2023  3417    99
 3371   1396  3137  3423    99
 3372   3084  2851  3423    99
 3373   2509  3169  3467    99
 3374   3307   975  4182    99
 3375   1089  3340  3429    99
 3376   3340   703  3429    99
 3377   2169   198  3771    99
 3378   1027  1626  3651    99
 3379   2564  3416  3436    99
 3380   3124  3125  3441    99
 3381   3303  3532  3563    99
 3382     32  3125  3896    99
 3383   1273  2007  3450    99
 3384   1579  3145  3451    99
 3385   2724  1265  3451    99
 3386   1265  2957  3451    99
 3387    433   755  3473    99
 3388    755  1367  3473    99
 3389   3408   910  3454    99
 3390   2366  3247  3506    99
 3391   3423  2851  3455    99
 3392   1946  2604  3579    99
 3393   2474  1946  3579    99
 3394   2604  2926  3579    99
 3395   2372   201  3468    99
 3396   3294  3558  4143    99
 3397    301   288  4031    99
 3398   2847  2555  3571    99
 3399    681   384  3473    99
 3400    384   433  3473    99
 3401   1367  1090  3473    99
 3402   1090   681  3473    99
 3403     50  2763  3475    99
 3404   2763  3450  3475    99
 3405   3265  3806  3958    99
 3406   3298  2999  3476    99
 3407   2999  1316  3476    99
 3408   2348   217  3581    99
 3409   1980  1225  3778    99
 3410   3100  2466  3862    99
 3411   3034  3202  3486    99
 3412   3202  3344  3486    99
 3413   1342  3121  3486    99
 3414   3121  3034  3486    99
 3415   3486   216  3489    99
 3416    135  3495  3587    99
 3417   3495  3210  3587    99
 3418   2949  3210  3587    99
 3419   1349  1804  3778    99
 3420    135  2768  3495    99
 3421   2297  2167  3498    99
 3422    127  3215  3498    99
 3423   3519   288  3528    99
 3424    301   287  3528    99
 3425     89    87  3499    99
 3426   2720  1372  3506    99
 3427    945   795  3630    99
 3428   1372  2366  3506    99
 3429   2167  2887  3571    99
 3430   1332  2472  3503    99
 3431   2472   202  3503    99
 3432   3187    63  4232    99
 3433   3961  3041  4093    99
 3434   3500  3243  3504    99
 3435   3454   910  3505    99
 3436    458   289  4013    99
 3437    385   458  4013    99
 3438    194   193  3511    99
 3439   1317  3300  3517    99
 3440   2919  1249  3517    99
 3441   1249  1856  3517    99
 3442   2254  1632  3605    99
 3443   1632  2227  3605    99
 3444   2240  3383  3521    99
 3445   3408  3472  3521    99
 3446   3472    86  3521    99
 3447   3498  2977  3526    99
 3448   2977  2998  3526    99
 3449   4261   686  4414    99
 3450    614   438  4414    99
 3451   3451   170  3529    99
 3452   3301  1249  3530    99
 3453   1249  2919  3530    99
 3454   2501  1752  3530    99
 3455   1752  1192  3530    99
 3456    922  1007  3532    99
 3457   2982   199  3835    99
 3458    198   199  3835    99
 3459   2252  2909  3538    99
 3460   2909  2965  3538    99
 3461   1286  3356  3538    99
 3462   3356   105  3538    99
 3463   2691  3340  3539    99
 3464   3340  2676  3539    99
 3465   3001  3353  3540    99
 3466   2709  2841  3546    99
 3467    215   214  3980    99
 3468   1346  3117  4264    99
 3469   2849  3370  3547    99
 3470   2210    38  3549    99
 3471     58  3867  3984    99
 3472   2149  1529  3551    99
 3473    276   275  3950    99
 3474    348   276  3950    99
 3475   3207  2249  3557    99
 3476   3119   133  3557    99
 3477    133  3207  3557    99
 3478    290   362  4144    99
 3479   2231  2005  3561    99
 3480   2041  1579  3563    99
 3481   1579  3303  3563    99
 3482    197   195  3812    99
 3483   2277  1840  3812    99
 3484   1512   767  3565    99
 3485    767  1242  3565    99
 3486   3502   140  3567    99
 3487    338   478  4193    99
 3488    478   476  4193    99
 3489   2555  2167  3571    99
 3490   3240  2678  3744    99
 3491   2727  3313  4005    99
 3492   1611  3178  3868    99
 3493   3467  3169  3574    99
 3494   3169   185  3574    99
 3495   2926   112  3579    99
 3496    112  3483  3579    99
 3497   3489   217  3581    99
 3498   3485  3487  3581    99
 3499   3487  3489  3581    99
 3500   3007  3492  3585    99
 3501    136  3493  3587    99
 3502   3493  2949  3587    99
 3503   3538   105  3590    99
 3504   1453    10  4350    1
 3505   3362  2485  3643    99
 3506   1478  1890  3593    99
 3507   1890  2964  3593    99
 3508   3102  2614  3593    99
 3509   2614  1478  3593    99
 3510    293   284  3594    99
 3511   1976  1332  3597    99
 3512    189  2730  3599    99
 3513   2730  2202  3599    99
 3514   1789  1492  4171    99
 3515   3517  3300  3603    99
 3516   2042  3058  4171    99
 3517   3864  2400  3889    99
 3518   2837  2671  3932    99
 3519     63  3187  3608    99
 3520   3187  2057  3608    99
 3521   1049   706  3609    99
 3522    706   602  3609    99
 3523   3974  3828  4075    99
 3524   2286  2336  3614    99
 3525   2336  2901  3614    99
 3526   2901    41  3614    99
 3527   2041  3563  3797    99
 3528     62    60  3797    99
 3529    163  2863  3617    99
 3530   3617  2983  3619    99
 3531   2983  1284  3619    99
 3532   1284  1344  3619    99
 3533   1607  1596  3621    99
 3534   2827  3746  3867    99
 3535   3102  3593  3993    99
 3536    632  1378  3630    99
 3537   2776    71  4102    99
 3538   1092   445  4324    99
 3539   4047  2747  4155    99
 3540   4006   153  4155    99
 3541   2037    93  3640    99
 3542     93    94  3640    99
 3543   3347    75  3641    99
 3544   3349  2648  3641    99
 3545   2648  3347  3641    99
 3546   3549    38  3981    99
 3547   2837  2671  3644    99
 3548   2671  1845  3644    99
 3549    198  3687  3771    99
 3550   1828  2169  3771    99
 3551     98  3773  4139    99
 3552   2837  3644  3803    99
 3553   3890    37  3962    99
 3554   2820  2785  3651    99
 3555   2785  1390  3651    99
 3556    210  2154  3652    99
 3557   1243  2541  3690    99
 3558   3913  2869  3917    99
 3559   2132   206  3653    99
 3560   3188  3009  3654    99
 3561   3791  2038  3941    99
 3562   3202  3034  3655    99
 3563   3240    54  3671    99
 3564   3757    67  4227    99
 3565   3008  2759  3671    99
 3566    113   111  3661    99
 3567    111  2021  3661    99
 3568   2305  2165  3670    99
 3569   2165  1914  3670    99
 3570   1914  3655  3670    99
 3571     67    68  4227    99
 3572    213  3852  3868    99
 3573    114  2385  3998    99
 3574     53    51  3677    99
 3575     51  2707  3677    99
 3576   2125  1459  3680    99
 3577    927  1106  3680    99
 3578   1106  2125  3680    99
 3579    133  3119  3681    99
 3580   3286  2063  3685    99
 3581   2542   190  3685    99
 3582    190  3286  3685    99
 3583   1866  2456  3836    99
 3584   2278  3820  3836    99
 3585   2283  1754  3689    99
 3586   1754  3653  3689    99
 3587   3764  3644  3980    99
 3588   1654  1620  4259    99
 3589    987  2154  3700    99
 3590   3114   987  3700    99
 3591   2859  2628  4231    99
 3592   2628  2677  4231    99
 3593   4088  3566  4231    99
 3594   3349  1334  3696    99
 3595   1334  3690  3696    99
 3596   2154  1721  3700    99
 3597    376   445  4235    99
 3598   1092   928  4235    99
 3599   1604  1606  3701    99
 3600   1606  2478  3701    99
 3601    104  3714  4233    99
 3602   2427    91  3707    99
 3603     91    92  3707    99
 3604    487  2272  4355    99
 3605   2672  2614  3937    99
 3606   2865  2866  4174    99
 3607    445  1092  4235    99
 3608   2398  1051  3715    99
 3609   1051  1278  3715    99
 3610    103  2893  4035    99
 3611   3213  2716  4035    99
 3612    102   103  4035    99
 3613    220  2890  3729    99
 3614   2460  2657  3729    99
 3615   2657   219  3729    99
 3616   3199   181  3809    99
 3617   1225   705  4037    99
 3618   3701   129  3741    99
 3619    129   130  3741    99
 3620   3029  3701  3741    99
 3621   3655  3034  3739    99
 3622    130  3029  3741    99
 3623   3643  2485  3742    99
 3624   3649  3241  4249    99
 3625   3241  3429  4249    99
 3626   3764  3980  4249    99
 3627    161  3107  4055    99
 3628     56    54  3744    99
 3629     54  3240  3744    99
 3630   3957  3102  3993    99
 3631   3852  2940  3868    99
 3632   2940  1611  3868    99
 3633   2848  2713  3747    99
 3634   2713  3388  3747    99
 3635   3388  2964  3747    99
 3636    148  1935  3753    99
 3637   1132   909  4230    99
 3638   1391  2867  3757    99
 3639   4152  4102  4323    99
 3640   2678  1378  4210    99
 3641    341   339  4199    99
 3642   3902   149  4064    99
 3643   3610   147  4064    99
 3644   2023  3362  3762    99
 3645   3362  3643  3762    99
 3646   3643    85  3762    99
 3647   3373  3549  3981    99
 3648   4106   531  4254    99
 3649    531   580  4254    99
 3650   2944  2197  3773    99
 3651   3932   159  4140    99
 3652    159   160  4140    99
 3653    137   136  3777    99
 3654   1225  1349  3778    99
 3655   1804  1888  3778    99
 3656   1888  2044  3778    99
 3657     25    26  3782    99
 3658    239  3692  3783    99
 3659   3692  1487  3783    99
 3660   1487  3132  3783    99
 3661   2537  1156  3784    99
 3662   1156  1467  3784    99
 3663   1831  2208  3788    99
 3664   1736  1789  3788    99
 3665    364   384  4203    99
 3666    438   314  4261    99
 3667   3451  3145  3792    99
 3668   3616    69  3794    99
 3669     69    70  3794    99
 3670   2041  3367  3797    99
 3671   3367    60  3797    99
 3672   3178  3537  3800    99
 3673   3537  2676  3800    99
 3674    707  1046  4278    99
 3675    200  2775  3853    99
 3676   3652  2553  3872    99
 3677   1787  2757  3806    99
 3678   2757  2973  3806    99
 3679    182  3095  3809    99
 3680   3095  2822  3809    99
 3681   1447  1603  3809    99
 3682   1603  2264  3809    99
 3683   1840  1837  3812    99
 3684   1837   197  3812    99
 3685     89  3218  3818    99
 3686   2285   940  3818    99
 3687    940  2178  3818    99
 3688   1870  3317  3828    99
 3689   2385  2326  3977    99
 3690   2766  3365  3831    99
 3691   3365    61  3831    99
 3692   1884  3855  3896    99
 3693   3125  1884  3896    99
 3694   1906  1502  3836    99
 3695   1502  1866  3836    99
 3696    603   707  4278    99
 3697   2062   767  4373    99
 3698   2856   211  3837    99
 3699   2586  3023  3844    99
 3700   3023  2195  3844    99
 3701    362   517  3845    99
 3702    549   471  3845    99
 3703    471   429  3845    99
 3704   2922  1856  3869    99
 3705   1209   603  4278    99
 3706    199  2982  3853    99
 3707   2982  1911  3853    99
 3708   1832  2844  3855    99
 3709   2844    31  3855    99
 3710   1400  3205  3860    99
 3711   3205   145  3860    99
 3712   2794  3064  3860    99
 3713   3064   145  3860    99
 3714   3235  3191  4112    99
 3715   3191    48  4112    99
 3716    176  3750  3864    99
 3717   3750  3078  3864    99
 3718   3078  3117  3864    99
 3719   1906  3836  4273    99
 3720   3869  1906  4273    99
 3721   3836  3820  4273    99
 3722   3572  2795  3867    99
 3723   2795  2072  3867    99
 3724   3649   213  3868    99
 3725   3800  3241  3868    99
 3726   3241  3649  3868    99
 3727    211  3837  3872    99
 3728    212   211  3872    99
 3729   1983  1611  3873    99
 3730   1629   240  3877    99
 3731    174   176  3889    99
 3732   3271  2205  4097    99
 3733   3630  1378  4097    99
 3734   1881  3102  3965    99
 3735   3957  3476  3965    99
 3736   3831    61  3894    99
 3737     61    62  3894    99
 3738   3855    31  3896    99
 3739     31    32  3896    99
 3740   3470  3567  4141    99
 3741   2660  2301  3900    99
 3742   3828  2988  4075    99
 3743    179   178  4075    99
 3744   1242   767  3902    99
 3745    767  2062  3902    99
 3746   2995   167  3912    99
 3747   3062  1368  3922    99
 3748   1626  1501  3970    99
 3749   2696  3743  4123    99
 3750   1619  3051  3915    99
 3751   3051  1538  3915    99
 3752    998  1966  3916    99
 3753   2132  3653  3916    99
 3754   3653  1754  3916    99
 3755   3144  2820  4289    99
 3756   2820    52  4289    99
 3757   1368  2579  3922    99
 3758   3395    26  3924    99
 3759     26    24  3924    99
 3760     24  3625  3924    99
 3761   3625  3247  3924    99
 3762    117   118  3927    99
 3763   1349  1225  3929    99
 3764   1225  2675  3929    99
 3765   2675  2845  3929    99
 3766   2845    65  3929    99
 3767     65  3608  3929    99
 3768   2279  3265  3934    99
 3769   2427  1828  4296    99
 3770   2490  3914  4296    99
 3771   3372  2483  3934    99
 3772   2483  1608  3934    99
 3773   3396  3060  3946    1
 3774    230  2732  3941    99
 3775   2732  3791  3941    99
 3776   2923    80  3943    99
 3777     80  2158  3943    99
 3778   2158  1746  3943    99
 3779   1746  2229  3943    99
 3780    694   263  3946    1
 3781   3060   694  3946    1
 3782   3403   120  3947    99
 3783    121  2534  3947    99
 3784   2534  3551  3947    99
 3785    275  1778  3950    99
 3786   2213  3614  3995    99
 3787   2862  2653  3969    99
 3788    821   547  4304    99
 3789    225  3926  3958    99
 3790   2762  2790  3958    99
 3791   2790  3452  3958    99
 3792   3452   225  3958    99
 3793   1094  1523  3962    99
 3794   1523  1152  3962    99
 3795     37  2210  3962    99
 3796   2210  1094  3962    99
 3797   1264   821  4304    99
 3798   2707    51  3970    99
 3799   2815  3902  4064    99
 3800    697   914  3971    1
 3801      4   697  3971    1
 3802   2321     4  3971    1
 3803   1789  2000  3972    99
 3804   3935    22  3972    99
 3805     22  3238  3972    99
 3806   2731  1960  3977    99
 3807   1960   116  3977    99
 3808   3653   204  3979    99
 3809   2841  3689  3979    99
 3810   3689  3653  3979    99
 3811    214  3803  3980    99
 3812   3803  3644  3980    99
 3813     38    36  3981    99
 3814     36  3013  3981    99
 3815   3593    34  3993    99
 3816     34    35  3993    99
 3817     35  3957  3993    99
 3818     41    39  3995    99
 3819     39  2320  3995    99
 3820   2320  1406  3995    99
 3821   4171  3058  4291    99
 3822    453   336  4355    99
 3823     72    73  4000    99
 3824     73  2819  4000    99
 3825    842  2395  4001    99
 3826    279   281  4001    99
 3827    281  1233  4001    99
 3828   3390  1954  4003    99
 3829   1954  2047  4003    99
 3830   3008  3671  4222    99
 3831   3671    54  4222    99
 3832   3932  2671  4053    99
 3833   3255  3246  4009    99
 3834   3351  3961  4009    99
 3835   3961   177  4009    99
 3836    192  3292  4010    99
 3837   3292  2684  4010    99
 3838   2684  3505  4010    99
 3839   1278  2828  4032    99
 3840    152  2236  4032    99
 3841   2274  2809  4018    99
 3842     42    43  4021    99
 3843   4005   108  4026    99
 3844   2785  1305  4026    99
 3845   1305  2727  4026    99
 3846   3572    59  4272    99
 3847   2984  3621  4272    99
 3848    289   394  4031    99
 3849    394   291  4031    99
 3850   2236  3715  4032    99
 3851   2893  3213  4035    99
 3852   3922  3969  4122    99
 3853    155   153  4122    99
 3854   3062  3922  4122    99
 3855   1563  1597  4042    99
 3856   3214  4036  4042    99
 3857   4036   119  4042    99
 3858    119  2290  4042    99
 3859   2290  2163  4042    99
 3860   3566  4088  4159    99
 3861   3502   139  4159    99
 3862   1177  2674  4047    99
 3863   2674  2137  4047    99
 3864   3937  2614  4138    99
 3865   2887  3422  4054    99
 3866   3422   234  4054    99
 3867    161   160  4055    99
 3868   1626  3970  4063    99
 3869   3970    51  4063    99
 3870    149   147  4064    99
 3871   2815  3597  4064    99
 3872   3597  3610  4064    99
 3873   3413  1998  4094    99
 3874   2400  3889  4094    99
 3875   2106  3791  4259    99
 3876   3862    66  4084    99
 3877     69  4152  4323    99
 3878   4102    71  4323    99
 3879   3603  3300  4162    99
 3880   4075   179  4093    99
 3881   3691  2988  4093    99
 3882   2988  4075  4093    99
 3883    174  3061  4094    99
 3884   3061  3413  4094    99
 3885   1378  2205  4097    99
 3886   1882   945  4097    99
 3887    945  3630  4097    99
 3888   2675  1225  4103    99
 3889   2541  4078  4255    99
 3890   3728  3696  4327    99
 3891    184  3728  4327    99
 3892   3696  3690  4327    99
 3893   4063    51  4149    99
 3894     49  3235  4112    99
 3895   2617   248  4117    99
 3896    248   249  4117    99
 3897    249   250  4117    99
 3898    250  3040  4117    99
 3899   3004  3927  4121    99
 3900   3927   118  4121    99
 3901    118  4036  4121    99
 3902   4054   234  4123    99
 3903    234   235  4123    99
 3904     92    90  4138    99
 3905   3645  3112  4138    99
 3906   3112    92  4138    99
 3907   3222  2660  4140    99
 3908   3222  2877  4140    99
 3909   2877  3932  4140    99
 3910   2660  3900  4140    99
 3911   3900   160  4140    99
 3912   2648  3294  4143    99
 3913   3558  3654  4143    99
 3914   3654    77  4143    99
 3915    362   338  4144    99
 3916     66    68  4145    99
 3917     51    52  4149    99
 3918     52  2820  4149    99
 3919   2820  3760  4149    99
 3920   3048  2424  4150    99
 3921   2424   141  4150    99
 3922   1870  4102  4152    99
 3923   2679  3317  4152    99
 3924   3317  1870  4152    99
 3925    153   154  4155    99
 3926   1952  2859  4159    99
 3927   2859  3566  4159    99
 3928   3288  3502  4159    99
 3929   1952  2005  4159    99
 3930   2005  3288  4159    99
 3931   1492  2042  4171    99
 3932   3926   226  4292    99
 3933   3934  3732  4292    99
 3934   3372  3934  4292    99
 3935   3101  2014  4174    99
 3936   2014  2865  4174    99
 3937   3502  3567  4182    99
 3938    975  3124  4182    99
 3939   3124  1093  4182    99
 3940   2645  4111  4195    99
 3941   4111    68  4195    99
 3942   2487  1057  4195    99
 3943   1057  1128  4195    99
 3944    339  2183  4199    99
 3945   3574   185  4200    99
 3946   4199   293  4203    99
 3947    293   364  4203    99
 3948   3390  4003  4210    99
 3949   4003  3744  4210    99
 3950   3744  2678  4210    99
 3951    453  4355  4390    99
 3952   4291  3713  4352    99
 3953   1738  1132  4230    99
 3954    909  1163  4230    99
 3955   1163  2988  4230    99
 3956   2988  3691  4230    99
 3957    138  4088  4231    99
 3958    138  3470  4231    99
 3959   3470  2677  4231    99
 3960   3714  2601  4233    99
 3961   2601  3114  4233    99
 3962   3700  1721  4233    99
 3963   1721   103  4233    99
 3964   3591    23  4237    99
 3965   3251  3642  4237    99
 3966   3642  3591  4237    99
 3967     56  4003  4239    99
 3968    904  2285  4241    99
 3969   2285   946  4241    99
 3970   3742  2485  4242    99
 3971   2485  1370  4242    99
 3972   1370  1546  4242    99
 3973   3980   215  4249    99
 3974    215  3649  4249    99
 3975   1498  3008  4348    99
 3976   3913  3917  4284    99
 3977    584  1209  4331    99
 3978   1625  2106  4331    99
 3979   3791  2732  4259    99
 3980   2732  2058  4259    99
 3981    295  4144  4266    99
 3982   4144   335  4266    99
 3983   2785  4026  4268    99
 3984   4278  1046  4363    99
 3985   4264  1625  4363    99
 3986   3621  3866  4272    99
 3987   3820   222  4273    99
 3988    222   223  4273    99
 3989    223  3869  4273    99
 3990   3008  4222  4348    99
 3991   3917  3641  4284    99
 3992   3641    75  4284    99
 3993     52    53  4289    99
 3994     53  3997  4289    99
 3995   3058  3713  4291    99
 3996   3935  2000  4291    99
 3997   2000  4171  4291    99
 3998   3732  3926  4292    99
 3999   3914  3945  4296    99
 4000   3945    91  4296    99
 4001   1828  1757  4296    99
 4002   1757  2490  4296    99
 4003    547   565  4304    99
 4004    565   738  4304    99
 4005   4084    66  4318    99
 4006     66    67  4318    99
 4007     71    69  4323    99
 4008    531  4106  4324    99
 4009   4106  1280  4324    99
 4010   1280  1092  4324    99
 4011   3690  4255  4327    99
 4012    559     2  4388    1
 4013    262   964  4388    1
 4014   2416  1009  4373    99
 4015    767   690  4373    99
 4016   1620   783  4331    99
 4017    783   584  4331    99
 4018     55  4239  4348    99
 4019   4355  1102  4390    99
 4020   2537   453  4390    99
 4021   1102  2537  4390    99
 4022   2272   614  4355    99
 4023    614  1102  4355    99
 4024    108   109  4358    99
 4025   1625  4331  4363    99
 4026   4331  1209  4363    99
 4027   1209  4278  4363    99
 4028    690  2416  4373    99
 4029   4255  4078  4382    99
 4030   4078   183  4382    99
 4031      2  4350  4388    1
 4032   4350    10  4388    1
 4033     10   262  4388    1
 4034    285   420  4405    99
 4035    420  1573  4405    99
 4036    287   301  4405    99
 4037    301   285  4405    99
 4038   1209   584  4408    99
 4039    584   425  4408    99
 4040    395  4408  4412    99
 4041   4408   373  4412    99
 4042    438  4261  4414    99
# Generated by tetgen -pq1.8kAaen CSEM_input_model.poly 
