# vtk DataFile Version 2.0
Unstructured Grid
ASCII
DATASET UNSTRUCTURED_GRID
POINTS 4419 double
-30000 -30000 -30000
30000 -30000 -30000
30000 30000 -30000
-30000 30000 -30000
-30000 -30000 30000
30000 -30000 30000
30000 30000 30000
-30000 30000 30000
-30000 -30000 0
30000 -30000 0
30000 30000 0
-30000 30000 0
900 -100 -600
1100 -100 -600
1100 -100 -200
900 -100 -200
900 1100 -600
1100 1100 -600
1100 1100 -200
900 1100 -200
199 -1 0
201 -1 0
200 1 0
299 -1 0
301 -1 0
300 1 0
399 -1 0
401 -1 0
400 1 0
499 -1 0
501 -1 0
500 1 0
599 -1 0
601 -1 0
600 1 0
699 -1 0
701 -1 0
700 1 0
799 -1 0
801 -1 0
800 1 0
899 -1 0
901 -1 0
900 1 0
999 -1 0
1001 -1 0
1000 1 0
1099 -1 0
1101 -1 0
1100 1 0
1199 -1 0
1201 -1 0
1200 1 0
1299 -1 0
1301 -1 0
1300 1 0
1399 -1 0
1401 -1 0
1400 1 0
1499 -1 0
1501 -1 0
1500 1 0
1599 -1 0
1601 -1 0
1600 1 0
1699 -1 0
1701 -1 0
1700 1 0
1799 -1 0
1801 -1 0
1800 1 0
1899 -1 0
1901 -1 0
1900 1 0
1999 -1 0
2001 -1 0
2000 1 0
224 -1 0
226 -1 0
225 1 0
324 -1 0
326 -1 0
325 1 0
424 -1 0
426 -1 0
425 1 0
524 -1 0
526 -1 0
525 1 0
624 -1 0
626 -1 0
625 1 0
724 -1 0
726 -1 0
725 1 0
824 -1 0
826 -1 0
825 1 0
924 -1 0
926 -1 0
925 1 0
1024 -1 0
1026 -1 0
1025 1 0
1124 -1 0
1126 -1 0
1125 1 0
1224 -1 0
1226 -1 0
1225 1 0
1324 -1 0
1326 -1 0
1325 1 0
1424 -1 0
1426 -1 0
1425 1 0
1524 -1 0
1526 -1 0
1525 1 0
1624 -1 0
1626 -1 0
1625 1 0
1724 -1 0
1726 -1 0
1725 1 0
1824 -1 0
1826 -1 0
1825 1 0
1924 -1 0
1926 -1 0
1925 1 0
274 -1 0
276 -1 0
275 1 0
374 -1 0
376 -1 0
375 1 0
474 -1 0
476 -1 0
475 1 0
574 -1 0
576 -1 0
575 1 0
674 -1 0
676 -1 0
675 1 0
774 -1 0
776 -1 0
775 1 0
874 -1 0
876 -1 0
875 1 0
974 -1 0
976 -1 0
975 1 0
1074 -1 0
1076 -1 0
1075 1 0
1174 -1 0
1176 -1 0
1175 1 0
1274 -1 0
1276 -1 0
1275 1 0
1374 -1 0
1376 -1 0
1375 1 0
1474 -1 0
1476 -1 0
1475 1 0
1574 -1 0
1576 -1 0
1575 1 0
1674 -1 0
1676 -1 0
1675 1 0
1774 -1 0
1776 -1 0
1775 1 0
1874 -1 0
1876 -1 0
1875 1 0
1974 -1 0
1976 -1 0
1975 1 0
249 -1 0
251 -1 0
250 1 0
349 -1 0
351 -1 0
350 1 0
449 -1 0
451 -1 0
450 1 0
549 -1 0
551 -1 0
550 1 0
649 -1 0
651 -1 0
650 1 0
749 -1 0
751 -1 0
750 1 0
849 -1 0
851 -1 0
850 1 0
949 -1 0
951 -1 0
950 1 0
1049 -1 0
1051 -1 0
1050 1 0
1149 -1 0
1151 -1 0
1150 1 0
1249 -1 0
1251 -1 0
1250 1 0
1349 -1 0
1351 -1 0
1350 1 0
1449 -1 0
1451 -1 0
1450 1 0
1549 -1 0
1551 -1 0
1550 1 0
1649 -1 0
1651 -1 0
1650 1 0
1749 -1 0
1751 -1 0
1750 1 0
1849 -1 0
1851 -1 0
1850 1 0
1949 -1 0
1951 -1 0
1950 1 0
-50 0 0
-45 0 0
-40 0 0
-35 0 0
-30 0 0
-25 0 0
-20 0 0
-15 0 0
-10 0 0
-5 0 0
0 0 0
5 0 0
10 0 0
15 0 0
20 0 0
25 0 0
30 0 0
35 0 0
40 0 0
45 0 0
50 0 0
900 -30000 0
30000 -1 0
900 30000 0
-30000 0 0
1100 500 -200
1100 500 -600
900 500 -200
900 500 -600
1100 200 -200
900 200 -200
0 0 -30000
0 0 30000
1887.5 15016.750541684723 0
-42.5 -15014.805 0
1100 -7551.3726679554256 0
98.718710814520435 -3841.9120886364553 0
1837.5 7508.9533138943389 0
1550 -2195.6378443353674 0
1237.5 3778.9408276709046 0
837.5 -1213.9471114176738 0
-7.5 2094.556815116222 0
1962.5 1959.5147468423763 0
725 -612.69029182242093 0
875 -325.23598871253097 0
1287.5 1096.5364953257667 0
1012.5 583.21198838808789 0
1612.5 596.90391016705121 0
1337.5 362.27487402430222 0
1162.5 223.80581376722881 0
537.5 485.73714100728017 0
865.08699676765684 310.68369984107608 0
453.9721670074278 1354.1627485526794 0
1125 -259.49686989097967 0
774.7528575685958 535.67890261737705 0
568.50757199625298 926.94932928063554 0
1092.9196261345201 1944.2055789544079 0
900 800 -200
1100 800 -200
874.64093215831144 1237.9834276809224 0
841.37553171914192 820.78975474117931 0
1308.7398416163276 754.83357877829906 0
1092.7130401382024 912.91719281934309 0
1069.2941601491887 1132.886966572235 0
1987.5 5.9999999999999991 -965.59249999999997
900 50 -200
1000 -160.46930378345562 0
687.5 -25 -225.1825
662.5 6.0000000000007532 -115.71038670023212
225.00000002241768 -0.24999997235045765 15000.84372500017
1587.5 6 -507.25916666666666
262.49999999959385 5.9999999943408087 7500.4639955467701
1437.4999999999638 6.0000000018763098 3842.2558879500766
2.4999999999823785 200 -1012.916666666693
2880.4495133625874 997.47449257000358 0
249.99999999987131 -491.27181003883277 2105.5336806916866
537.5 5.999999999998308 -124.58969506779566
-15025 -2503.5100617671183 0
15290.078538994005 -6046.8802550030914 0
449.99999999996123 -368.66074198247816 1033.7355733753661
575 -0.24999999999965627 -68.088866048889628
787.5 -174.72065455119963 0
1000 -100 -200
1525.0000000000036 -0.25000000000555644 -257.51689603180563
30000 0 30000
1737.5000000000009 6.0000000001066383 1386.4546123169366
1300 -0.25 -224.87125
1087.5 -104.32539889284625 0
437.5 5.999999999999253 -101.69918990208933
1737.5000000000121 311.93118691610965 692.05865561612882
1587.5 267.92042329561764 312.09736649473012
622.53237560488003 250.82046052783107 0
1375.0000000000005 -251.13771307554794 559.78122072569306
377.26488098553108 279.90477243308322 -594.72017974574123
287.5 5.9999999999997096 -160.57883675467815
-12.5 554.2445437025541 0
1787.5 324.51710869315593 0
1787.7731241887429 -979.66330714806725 0
123.07742087302029 288.88686904695663 0
1570.6667797159591 -514.40737711893587 0
762.50000000000023 164.80753642881299 688.69871919601781
1612.5 -259.27920966749275 0
37.500000000002089 157.10798550742825 -269.12019894451487
1837.5 5.9999999999902229 365.79261606195257
799.99999999999955 -25 -137.62000000000023
2122.7217345841095 -540.08032108021723 0
512.50000000000011 -305.14234879178753 475.90277385635068
962.50000000000045 5.9999999999874944 391.56781798465914
-1483.3836700011045 -1979.3201072653058 0
362.5 -414.14944823133783 0
250.00000000000193 -0.25000000000534328 408.01136634387296
1462.4999999999998 -173.44109632583394 265.44285215944126
1537.5 6.0000000000002274 203.62719118958071
1037.4999999999995 -64.120434066231098 203.98866405876493
274.9999999999996 -0.24999999999972466 -80.892704600840617
1262.4999999999998 5.9999999999985647 237.68967943772745
1426.0559131052337 0.27795655261594809 -147.76414224640206
1851.2435072919532 -429.41961493427937 0
1962.4999999999989 5.9999999999930278 -392.06350353520179
1250.000000000002 -0.25000000000154454 119.25240895043127
2075.5603009909369 -267.44689453235202 0
1062.5000000000002 5.9999999999994884 115.13384960593844
371.44885075061245 252.06147836240814 0
12.500000000000341 165.59551396420665 273.2229463613408
1230.7305730601929 -151.82814645778825 0
1687.5 6.0000000000012736 156.61656633169164
687.49999999999955 5.9999999999982174 292.11939231715724
1674.9999999999998 -0.24999999999987921 78.926832035030202
687.5 5.9999999999999343 -59.772696232331867
1100 50 -200
1737.5 6.0000000000002061 63.308681328109444
771.1258795399699 170.07198658233088 0
1337.5 6.0000000000004077 -99.91559119834227
1554.3877874316711 246.71400756725865 0
1062.5 5.9999999999990177 56.77979746978118
890.43358845722378 -118.14440677421766 0
8050.7926334071662 -5438.6203682090436 0
837.5 5.9999999999995461 184.26111411813753
357.40208693060606 3.4510434653033886 -82.125037551006884
325.00000000000023 -0.25000000000015632 -47.528454693834
1837.5 -215.27590387205407 -219.67793725415765
312.5 -210.44021263336651 0
1387.5 -157.44803073985739 0
1687.4999999999995 5.999999999995894 -179.75328156801837
1311.162938720589 -97.517826977107376 0
1338.2970338093646 181.44876605193826 0
1424.9999999999993 -83.715123354332192 135.85193214006742
312.49999999999989 5.9999999999971374 208.61837635954177
1412.5 6.0000000000002762 -74.001364480826354
-30000 15000 0
123.31214139727341 -177.4909318062613 0
1000 8.3333333333333286 -200
1025 -71.560521481690259 -91.135041866563341
981.42485187476962 2.9624259373842734 85.956823537860146
987.5 179.78352552046707 0
1708.7928431599389 172.21323584970202 0
1487.5 5.999999999999531 107.50721142883978
837.5 5.9999999999996554 -76.752159569830113
437.49999999999977 6.0000000000014113 141.32354489536419
1149.9999999999995 -0.25000000000038725 90.979122980711054
807.33203707189989 -88.876945022792327 0
925.00000000000023 -0.25000000000018208 61.548904244647744
1867.3878776500023 -215.46297110008842 0
812.5 6.0000000000011831 93.334690666215749
787.5 5.9999999999994342 49.044542904731863
1112.5 -25.535745184794152 52.696523235058024
-387.59528013486761 -1400.5813239386518 0
1129.8591011748144 1028.1034357545359 972.76988258590757
637.5 -152.23882636019684 0
1387.5473532835319 -78.804831843429525 0
1012.5 -79.242562959441187 0
687.5 5.9999999999998401 124.62260289059282
1137.5 113.45483185826906 0
1161.3562874355744 1536.2094234586286 531.6265393057048
1410.0732944243946 186.35665942366956 208.84785421329974
1575 -132.86001349886718 0
1837.5 5.9999999999998721 109.20097245308568
825 -46.708885183047506 0
1774.9999999999986 -0.25000000000163514 -111.27750182222201
1300.0000000000002 -49.899267735800358 70.413875031509534
1533.9172770074133 1599.2682484758379 0
1612.5 6.0000000000007576 -105.01892345198931
1275 -56.028430467106304 -73.600992671190838
712.5 5.9999999999999343 -33.598327230134444
1483.3706395029603 -98.560571456169001 0
1591.572822695646 126.52618317484693 0
849.99999999999989 -0.25000000000018563 -39.638259253778863
1262.5 5.9999999999998614 59.685165548303118
-212.06273733823281 -755.65158154966787 0
287.5 140.25478714606388 0
1164.5505669565687 -707.39032885000586 0
93.313057711926831 1028.5103622485169 917.26968134877359
1524.9999999999993 -0.25000000000085087 -89.139764851875697
1287.5 -51.474486933839543 0
1995.2345887262629 -146.30473224430713 0
719.93127076399867 -113.89789127824109 0
32.500000000000711 -111.95959560907303 255.37096733286143
1262.5 6.0000000000007674 -62.76839464431589
2425.6380246658355 512.1255652538473 0
1780.0400270926643 -699.98881021328634 -473.94158865663854
-37.499999999999304 28.288635876875333 174.21205198260881
812.5 6.0000000000000639 -35.764109600744945
1275 -0.25000000000003375 31.465682904812972
937.5 96.94647744431019 0
472.38586165383663 -166.74201560717512 0
6228.3060419411577 -1607.8810702762462 0
1137.5 -25 -115.8075
764.50260013441175 1658.868709077942 0
-236.27811869162187 -355.25377898916298 0
230.4868253560663 -121.72951809363677 0
-85.383081245973983 -207.91136662032756 0
1600 -0.24999999999955341 75.087787064766246
375.00000000000148 -0.25000000000046185 84.614684550614982
1937.5 197.29111753969215 0
1137.5 6.0000000000003872 -61.270328157718708
962.5 51.416006880434146 0
1045.6756558471848 94.633590869424637 0
839.07341069285428 98.836471764265681 0
1262.5 106.71060788795936 0
1565.5080886376541 877.60947344796534 -454.29289491402608
687.5 105.75530302732983 0
1399.9999999999998 -0.24999999999906741 89.536089036911335
800 -0.24999999999995204 26.497516693985876
637.5 -76.182190797517165 76.230528739124253
637.5 6.000000000000882 71.614389112449544
335.64473285482859 -106.77687039630932 0
962.5 5.9999999999998677 41.043217387222221
1326.9094797606397 0.70473988031974644 58.505984719432689
557.02183147719791 134.40097851097158 0
-8451.2502946925724 2849.277769882337 0
1937.5 5.9999999999990736 -173.65030791910431
287.5 70.066371567245838 0
500 -86.168375293089966 0
1726.0954582036152 -156.81169163868293 0
262.5 6.000000000000024 -40.533272994130435
200.00000000000006 -38.738538175351067 -75.561819976376469
-204.48148987565921 288.84305637527137 0
1485.3108283223669 -209.20320083642952 -192.81466185621045
-40.688925993603192 190.86115824261233 0
1187.5 -82.171063843370391 0
937.49999999999989 5.9999999999995106 -102.34007802959482
662.5 6.0000000000001599 38.905384776790761
0 -30000 -30000
563.31313619202297 -130.51832263530113 -115.78281603821347
1125 -0.24999999999989342 -32.216271980723889
-17.500000000000853 96.822890405672325 -129.50356817926095
1162.5 6.000000000000183 -34.256411208936093
2031.4937768417092 673.68489230547482 0
600 -0.25000000000008166 -38.622549361059626
-8488.6800051385744 -9902.7033327068093 0
1237.5 5.9999999999999902 33.560005654053548
652.81537902270884 -77.383982831883287 0
437.5 5.9999999999999805 -49.958486574593991
4264.7009671181067 -4890.9691151835186 0
759.08683292135572 -85.5118859552461 94.283447550602773
320.66587748278135 566.66123139209367 602.36847292484345
537.5 6.0000000000001714 -43.326879431265326
576.17023700188065 -77.64539877285722 0
0 -30000 30000
188.79101216258414 105.16057935665486 138.25074864289553
974.99999999999989 -34.606675453155461 -60.573703216555863
1962.5 6.0000000000011351 -88.102865486003097
1037.8333853716147 349.5415910103419 313.70051115198345
662.5 5.9999999999999343 -33.598327230134444
650 -0.25000000000001688 -19.682491684838283
15000 -30000 30000
1750.3488808149179 -297.89873190649769 279.36862182728697
1625 -0.24999999999989947 41.69528435351797
637.5 -39.861705345591062 0
191.03668642143566 -348.24394023796151 -394.93466745535216
562.49999999999989 67.227330546138717 69.539777870955618
925 -0.24999999999995914 -52.116637863119379
1937.5 6.0000000000004192 99.55773239126114
1700 -81.087880208755067 0
1892.7740689578204 -109.64360925762001 0
1233.6728960957291 -54.355248746952924 0
1312.5 5.9999999999999396 29.718097655938148
425.65423543967518 132.38148881520016 0
1637.5 6.0000000000000577 -54.622176203604326
-27.5 -111.99805528070389 0
462.50000000000011 6.0000000000005924 72.231751464018558
136.23669227947241 138.18280490462774 0
700 -0.2500000000000453 38.007321886126007
663.18437986281083 2901.1336929655668 -2133.1503505029846
1150.782394248572 -153.20216010895831 134.23636601355798
1787.5 5.9999999999998916 -55.701937538101078
837.5 49.132361371234055 0
752.38604180765537 -62.105326018327176 0
-4124.7569890488867 -6971.8060314726172 6436.9869667940802
-7714.2304527143215 -3528.9310195559933 0
492.10868378467558 83.260509571976712 0
4285.6510865100499 -650.51447024120978 0
756.18771447525899 108.63414605490978 -124.02642997175442
1050 -482.51196553766408 -333.63667723296828
1050 -49.1013681924248 0
1174.9999999999998 -0.25000000000025746 48.915828306162219
1141.7476599879894 1532.7338765504526 0
312.50000000000006 5.9999999999994795 64.549713797407705
700 -0.25000000000001688 -19.682491684838283
1099.8951233158405 63.514899214398049 0
900 -59.958548037691337 0
32.500000000000391 -72.042833003726031 115.14651960052842
387.5 6.0000000000001101 -45.513850381254429
786.47480694394847 -54.706838950382284 49.699280457577693
369.98475215231446 327.12926615641561 346.29269180363463
1325 -29.577710346119304 -52.982038050211784
1287.5 56.072441889571749 0
613.24967984844989 79.032868307517646 0
1862.5 5.9999999999995994 56.632290477144394
337.5 52.500560403252599 0
1687.5 5.9999999999999618 39.552501691153708
1137.5 42.318065286326117 0
2036.0168261564115 -206.46512034000983 291.24717538315628
-6086.1146238326965 11315.787658355153 0
1612.5 5.9999999999999547 -31.373082980456587
418.68063654728292 -103.31743194537445 0
1141.7084808533145 170.50876535201101 188.12911299276351
12.500000000000004 18.70423116961679 93.522810951076238
1087.5 -38.293550649441073 0
30000 0 -30000
549.99999999999989 -43.784032458498139 83.204924273902719
950.00000000000011 -319.87106428709876 -212.97375624162731
1100 200 -600
900 200 -600
881.40034849396886 -66.381826486232839 -82.538771096772564
662.5 54.557383911539006 0
1337.5 6.0000000000000355 -38.200397515760301
1624.8102363344094 -76.335447773423141 0
15000 -15000 -30000
1725 -0.24999999999999911 33.184541545951618
451.46752952132408 -57.410811078102483 0
1460.1899360366833 132.10591726910252 0
30000 14999.5 0
750.00000000000011 -31.591065516880114 34.185160029335279
1525 -0.25000000000029399 60.468271553165167
750 -0.25000000000009681 -38.284608264006366
1037.5 6.0000000000000231 32.297538597785206
966.93535710800302 3.7823214459984777 -42.387595763323333
1523.8725176262653 82.014503261439444 0
-5279.7939255426481 -15.938333234055335 0
3219.9653150722206 -286.25661436297173 0
375.1942849634919 154.53852521225397 -163.4785881442948
1225 -0.24999999999996536 19.666623318054569
330.11400989007609 1790.974562425135 693.72434185915938
1612.5 64.885155298766819 0
1459.8767189656703 66.18130694016881 0
1371.7057457752373 94.934472417368113 0
437.5 5.9999999999999227 39.187585824911118
900 -0.24999999999993752 -32.039494287090264
212.33487051485361 105.16057935665486 0
1143.9061639312431 -66.394193378717745 -56.199136727718653
412.5 66.75461912143443 0
1937.7150955772095 -5335.3848498085554 -12351.416842506411
37.500000000000057 -74.833060023443039 -168.55019220776342
475 -34.104973159736716 -44.172374982478814
-416.34903646544234 1325.7197269947601 0
762.23810899740488 79.323897038139222 0
512.5 -43.725085015535583 0
350 -54.857804465939282 0
682.00417917534207 77.627514251773107 79.721178128321483
1101.4191578138084 799.99999999999977 -2595.7071342228573
69.070223250513038 -96.009251841868078 0
1212.5 64.940993671940078 0
1695.7549957991689 87.050407805882955 0
1087.5 32.236567241411684 -36.744507555934469
1062.5 5.9999999999999929 -33.777378732897738
887.5 49.413105843965113 0
1287.5 5.9999999999998392 -34.919017692461821
1197.1425692829835 1.1787153585082151 29.406596096226998
1837.5 5.9999999999998916 -48.664876709092447
-2747.6454285473469 228.16860480349885 0
1709.9019361865994 4.7009680932995526 -74.288183295359218
393.24716801297626 3.1264159935120928 44.046029491334004
637.5 5.999999999999992 25.155630459126428
2282.0579848462185 198.9042707193517 0
622.12548718936284 -73.505597870176402 -82.73288398746611
3234.7163759015775 -1984.1334587111246 0
715.72555400061515 53.423561527946781 0
1962.2582339311907 -76.958150212880284 0
0 30000 -30000
337.5 6.0000000000000222 -23.912165041194921
916.78724398180179 120.79232165390471 142.23907211218614
850 -30.680248969223708 56.683843337348975
1798.819552740752 0.34022362962384634 61.58934939258797
1112.5 5.9999999999999254 34.064645682685146
362.5 6.0000000000000213 30.791067562011108
512.5 -20.814856880554743 50.069235503004613
237.5 6.0000000000001092 -25.740534448314524
773.05459649328304 0.72270175335851494 26.894177237952185
600 -25.80393629063542 48.385009785788597
1112.5 27.331490885721781 0
400.74108902688425 -55.843209740552716 0
1287.5 27.117634854910797 0
864.8086816916657 -40.2653745118198 0
395.61809039884986 87.528677936025971 -88.629931715870242
-27.500000000000639 -55.97112537015478 -88.552028941449308
3525.774901553797 -1132.6022578386119 2021.9840288582288
1203.117809343506 -79.450799904580251 94.088362405739502
1409.2429555965641 258.74401028649567 -263.64224236935911
1649.9372808773342 -148.68677080706988 -144.04219606222037
437.5 6.0000000000001172 -23.16523717514853
10810.366600912368 -15978.975678769795 0
312.30684438700257 -112.5061201751291 136.5840450784728
437.5 37.44169793573252 0
989.93055555555554 125 -200
1441.7010774545477 -58.406096882430603 0
1212.5 -30.639296715961709 -53.940932842236677
862.5 6.0000000000000249 39.9893381695789
1037.5 47.339356458815956 0
-1083.8351737287715 -386.69009556764041 1307.0283636719498
1075 -0.25000000000017941 30.096051351083918
900 -100 -400
537.5 53.703983162260421 0
31.236337330919355 108.97894857983182 0
1829.2663886976327 128.93883899982785 0
700.16364206878302 -53.862334829584938 0
1798.8720612318748 -95.902059403513761 0
276.80864788443421 -70.24849089972335 0
-47.5 29.142915920041673 -82.608509827298647
-415.14657528451551 -2675.1718978676081 1904.4509972195331
1610.017190279779 875.25870316109149 -1586.2560854313338
287.5 6.0000000000001092 -25.740534448314524
2595.5506574212109 244.71888623610749 -651.77833813915538
4430.331016420967 -1051.374207565435 -4057.7218933155059
592.26904669850398 240.17287273735155 255.20636971111469
1312.5 23.032639188193102 0
958.11928544608145 -58.695429489408589 0
1664.3205710944601 -48.406666524492891 0
987.5 5.9999999999999449 25.927495807838071
8919.5737588566208 5304.031040850412 0
-3901.3474903355482 6141.8612738613392 0
1875 -0.24999999999983036 -39.166031878582103
1250 -0.25000000000014744 -32.927569596516072
717.42875864547148 3.5356206772642378 -16.302304941015279
537.5 6.0000000000001261 -19.571782038237039
1075 -21.728234414783447 -24.207867176498976
448.40170405370361 -99.079805422671072 -391.97687692472653
1487.5 38.245328894578023 -52.11239627747716
1851.627017672216 -63.111893203302785 0
-4280.1810971314035 2870.1491685872911 5050.8565422597821
37.499999999999943 54.640803837786677 -70.86098493114612
1340.8598003472719 -53.484250742994476 0
-1483.4376621796553 567.5948553639339 0
1412.5 6.0000000000001856 -35.776042659294617
804.21547962031639 75.062959779814491 0
1923.4685709565347 99.641087371763817 0
2648.3327841616433 -242.1737503611385 0
1437.5 -28.704888363762219 52.117705681359141
1912.5 5.9999999999998028 48.788123154914828
1546.2852514424442 -70.028622104117773 0
753.33557717852739 40.59686685337465 0
17.5 55.32650275112907 0
707.28330344702022 -198.28582812343217 -137.047403163083
379.26135004032375 -170.93048922253672 -185.24237468140205
0 30000 30000
607.83284084058471 -396.41608690325779 0
1787.5 71.176218143928025 0
-30000 0 -30000
2818.2737251184471 -1154.6426692042551 0
1900.3368344803416 199.34361964896911 237.4967942575264
1162.5 -44.620788432249242 0
-1806.0060118169213 10074.888633236293 -9903.3880617271334
893.33231461704975 -30.583884556048986 0
1137.5 19.768213228976816 0
1987.5 -42.302594392109093 64.820321286829795
1563.759674933483 50.546623295588489 0
1212.5 31.748667215979562 0
1712.5 44.746555311094617 0
1712.5 6.0000000000002043 -35.980968706310883
1100 -0.24999999999993353 -25.783952924938141
2674.2627062849415 208.63743421690762 876.52965699529148
286.59416363368302 -120.13469693066463 -114.13887733535275
1075 -0.24999999999995204 15.022067120684166
-3824.7141852595946 -1854.4599129860676 -6270.5887715632507
-1819.1960913475004 -705.86974428282565 0
1844.6581966368758 -110.7328889169485 -121.88039527470946
687.5 32.154839237106444 0
1512.5 6.0000000000000551 30.350415766392111
1937.5 5.9999999999999556 28.941787246171707
1100 -21.728234414783429 0
1037.5 6.0000000000000382 -23.457434731639182
1337.5 6.0000000000000044 22.325038157729079
912.5 5.9999999999999636 30.888690549251116
1062.5 29.227473976060185 0
937.5 6.0000000000000684 -26.193232661383682
1512.5 41.34113419645351 0
687.5 5.9999999999999698 19.188658192305315
1387.5 48.463371781268584 0
1562.5 6.000000000000032 40.686414860569712
250.00000000000003 -0.24999999999972466 62.823017130503167
1195.6202956918023 -51.975635487428946 46.158812806852517
-30000 0 30000
500 -4.4126158354195475 -38.997097728999691
662.5 24.100327960858248 0
1162.5 22.871976244941102 0
337.5 25.233306417491207 0
328.48294625536028 1.4914731276801509 34.315213932151913
825 -23.843503799251799 25.680635705681695
637.5 22.69612382987934 0
1737.5 5.9999999999999636 -24.156938675467345
2100.6827821870261 -1002.7117098862695 1072.2362382450879
1910.12212128743 -56.323896810467794 0
812.5 29.935565717286647 0
1554.3670421528741 99.557448076523713 109.50115194256641
-4498.5258423920322 -3157.3473693510946 0
321.92564150604079 -1943.8115470779107 -2431.3164211612102
312.37623805182096 5.9381190259104715 -21.441860054183241
562.5 -39.679050717116262 0
712.5 -27.619730094357873 0
1787.5 6.0000000000002922 30.623503402924197
15000 30000 -30000
637.5 8.2471882928778228 0
362.5 22.788259549299774 0
1024.12443129855 -57.132457671409902 70.961443028460224
1912.5 50.138365791613523 0
1300 -27.775149143935341 0
612.5 6.0000000000000178 21.397908224668569
718.39137261656424 -53.049599504791843 -64.251716111384837
425 -0.24999999999998845 -15.764531307377002
-27.5 -13.303007681023416 -53.521134392566381
-2488.3267371689658 1412.7675678049113 -3569.1496313700904
1487.5 5.9999999999999947 22.485651394341907
2355.6709479104838 -112.58472852159821 0
362.5 6.000000000000016 -21.234832463054051
1753.8415524524169 -59.091854112160732 0
19783.575048330225 3938.1418492312969 0
1744.586494459902 3407.5520055956376 3387.6871894376322
762.5 19.885945140469378 0
725 -0.25000000000000977 -10.300913495536301
1437.5 5.9999999999999778 -24.089797253076807
1900 -0.24999999999988623 -27.541921527846831
975.98678547993313 -468.57060459301857 436.86753118226437
483.70469511431133 4.10234755715544 38.662151399085303
1850 -0.25000000000010747 30.026741776056312
1818.753640132976 2.8731799335119583 30.725422668774328
-30000 -15000 15000
689.50384233885006 45.466687081813795 45.563860741849453
372.42508834730535 73.977367597266664 65.105782353487456
437.56795649845316 -30.005665427978297 -36.56186187487107
1703.8083848972005 1.6541924486003283 23.188395291605431
1896.611416549348 -156.35635508593438 179.52597781375272
1987.5 6.0000000000000782 49.009049558871709
1521.0547697751495 350 -968.95985243865744
1612.5 31.71968009775911 0
215.84762679978607 -61.977057297938565 0
1825.1230298703827 68.145040963960071 62.169301878122432
30000 -15000 30000
387.5 -28.814328407261673 0
667.42875864547148 3.5356206772642378 -16.302304941015279
1362.5 6.0000000000000053 21.100911946658375
625 -22.428320342052285 -26.523711432356361
675 -0.25000000000000977 -10.300913495536301
478.64789631458723 -35.691405032219066 0
649.00085843291242 350 -1236.2820962642181
495.14372808364487 68.013742934348258 -83.958287249531907
1262.5 23.032639188193102 0
1631.5545945587078 -132.48769102219109 139.31769172499432
1187.5 6.0000000000001741 -23.605095394433
234.70450856944504 55.030275088489418 0
783.82320848198219 83.069107226112649 80.320762387611651
1962.5 49.417656102459574 0
1215.8411391616285 48.344830443959836 -60.726497186191494
1312.5 5.9999999999999707 -23.81349629095498
785.60133382634285 -39.825837203001953 0
387.50000000000006 6.000000000000032 -20.765773063508441
-936.819665164919 2.1625695299021004 0
621.22600826463531 53.472351353468667 48.385009785787076
1775 -0.24999999999994404 -29.590136278865351
712.5 24.100327960858248 0
875 -21.455055223582281 -26.245331183106519
1332.0289556535859 67.759318988043077 49.790332568096844
1512.5 6.0000000000001705 -40.289963437309822
1362.5 29.66970422359428 0
437.5 17.077013624689364 0
147.53412361853211 60.023744787639046 0
-684.17155083820614 -583.27276954293143 -917.36719238299634
787.5 5.9999999999998321 -24.085900009352027
400 -0.25000000000003864 22.652338494554776
204.744193687973 -127.31518211745086 -329.76303371936967
559.00299872853032 -194.53986546664794 268.84213142699986
1337.5 22.653946707129716 0
582.23804131993882 45.843033263830776 0
-7.5000000000000924 33.255056109574923 44.086003371342137
1199.5801814711153 -38.566680344771974 0
987.5 5.9999999999999805 -24.102344957804071
2006.8385790536665 431.07992909363406 -353.14126036370772
925 -0.25000000000004796 18.580606419964042
1887.5 30.338877537137325 0
2171.84155323916 -116.40384241651498 -195.7065649373302
687.5 14.069783504451548 0
499.19915746644017 -24.432435971312689 0
14.116744743144082 -63.727614082448461 0
712.5 9.168177363945718 0
1012.5 -38.293550649441066 0
2201.0199587834572 15.310044764884868 0
1378.1435695364398 -40.441175895987492 0
309.23520795545954 -42.726661222319173 0
-30000 15000 30000
344.95061782753783 51.867087299158243 -55.937637630964019
5950.1240807013119 -6600.1582945425071 8431.8367901511792
1250 -0.24999999999996536 19.666623318054569
500 -0.2499999999999849 -19.70067763191274
-2793.6432027417586 3310.8093017650981 0
1600 -42.746466664066169 0
1047.3018494458336 35.642227996666136 -122.52449035903817
1852.7625464938596 -60.196213462885986 -71.646781877657588
1087.9084902888021 39.052001734563873 0
800 -0.25000000000002781 13.219274451991662
-498.09777665420876 -94.034104563940673 -530.57659506765208
1587.5 6.0000000000000204 -22.758686747301489
1125 -0.25000000000004502 -16.083885822606117
323.00825731817923 -71.001899049212739 71.396099031443228
417.80469543505023 -30.726218934589578 0
1750 -0.25000000000003608 25.985763510199657
2149.6586524177865 -131.11265456679365 0
912.5 30.047700704473272 0
682.97960721437846 -29.763415297952466 0
1063.6069170038231 -25.852449400215313 0
862.60810315531569 30.01978905910596 0
1512.175453749883 2834.2316988184998 1055.8546893787693
-32.499999999999993 -32.149982353121345 65.854499616915234
-785.79333202747262 695.09463901739889 0
1200 -0.25000000000001954 -15.906534500966
825 -23.843503799251796 0
1850 -10.024733624428851 -27.729100311774943
1900 -0.24999999999996203 -13.742594914459712
1130.9786749063994 -33.915268367328551 0
-1419.3553822374415 675.42282808699213 -1608.2104599443953
-30000 -15000 -15000
1612.5 5.9999999999999458 21.016276354676659
1148.7928789605639 31.043139257651468 38.884948657846721
1209.8234842434865 -844.62949508409451 1244.440966158199
1962.5 23.595263779661686 -42.024241936969226
1537.5 5.9999999999999192 -25.651936331439124
250 -0.24999999999999289 -16.633786594530861
-3553.0015937111702 -1500.8346036742687 2068.9578897384508
1700.5635819565205 73.322221504258181 76.55335583010023
632.03595323796742 3.2679766189837274 12.233387425076668
1365.9295312655208 -107.6990740352211 -139.9166674776589
900 -0.24999999999993752 -15.995363175652269
1400 -26.763809806611551 33.208475799622718
999.99999999999989 800 -1095.499800410367
699.35883567273322 -26.610244005743713 -46.073114611733402
1187.5 22.651755064390581 0
1825 -0.24999999999999334 16.130947543769519
497.75125781644522 42.293041282420575 0
193.92910704881336 2.7854464755932211 -49.169290275433283
987.5 30.856824608379799 0
1819.6199459919612 97.597784592405503 -102.77232602714659
739.34514502634397 962.29904369071869 551.35215067958359
1037.5 22.483746313857239 0
-1670.7785942710689 2239.4850500888606 1641.4486380353389
1662.5 -23.34344518803012 -35.133535796370907
1236.2920804525177 -37.189240517881949 40.099986993063553
48.797646814558902 -381.16961583900957 701.32624741182303
-506.21739742381055 -19.094638583733399 0
825.18749461851564 35.81172157153695 46.069870238909978
626.90371021678573 -25.618125841499712 28.415747137774503
1075 -0.24999999999995293 -19.756733117447439
743.61149261384276 -31.945073170673759 0
287.5 6.0000000000000915 35.712130078510128
1616.3442894445566 48.302417698262964 46.539910200885579
1000.0000000000002 1724.5461187604287 -585.97793257085539
922.22846607995382 -83.201078807686727 156.50876612452976
537.5 25.86965580093926 0
1632.2193544665283 -44.905327642141962 0
12.499999999999931 -31.835278306170604 -35.389963043138103
-1017.7977133561783 -800.76100555285302 0
1646.8115058483559 103.44740928479686 -90.640447459708
1787.5 34.974840188768148 0
437.5 4.380546411756872 0
795.49436353357646 125.29229398901803 -58.882683339167954
1002.7829359348772 68.574945646927276 61.03948931978978
37.499999999999972 -34.217656773547063 58.783222214840485
-15000 -15000 -30000
912.5 12.834308732580352 0
404.11224521851653 34.28369826961071 0
1887.5 5.9999999999999556 28.941787246171707
-281.10864067697486 62.128596946340537 0
1100 -100 -400
1962.5 6.0000000000000133 22.137144435891081
1375 -19.60232205799149 21.56141393539653
1512.5 19.233958186351686 0
587.5 6.0000000000000551 -19.493325066025331
887.5 5.9999999999999964 22.627394994594319
1450 -0.25000000000001776 35.31068155403652
1387.5 5.9999999999999778 -24.089797253076807
249.74808972501191 -40.907495381779917 0
13846.801840473301 606.22944911767172 0
375 -17.697991969212758 22.508341524466118
800 -0.25000000000000888 6.5505379159060633
2867.5248193263328 -1649.1984552329147 -2174.56296994691
903.21877234906253 1.3593861745312932 17.017523479981357
1601.5664265015773 -50.967165569376199 -68.196003216223573
514.37058035214295 1282.157896807912 2762.5202124941029
1287.5 5.9999999999999796 15.956299180029003
587.5 6.0000000000000071 21.067958300519905
15000 0 -30000
60.41397009981447 -47.830059126652287 0
869.2228917259846 2.6385541370076631 -24.130664468182591
537.5 10.293449482315188 0
2066.3126468865294 -76.358226063410058 0
425 -16.717109901963386 25.007363686159213
1405.4285604422876 2.4642802211437513 -18.319779350309073
1725 -0.24999999999999911 16.568728184661964
1262.5 8.4704438897521612 0
512.9047153151165 22.655544921908373 0
1388.3344235353513 51.537305801276716 -54.888703570060372
1242.5347572354572 949.10994111546745 483.9071269786408
359.20381110105143 -28.090509472391293 0
1750 -0.24999999999996028 12.96281721611896
1537.1428371843754 -46.357184627751764 -53.709463853080486
1100 -11.339995519553051 22.155081793905826
421.42119088622957 -28.185675344937209 77.331344181604763
837.5 5.9999999999999956 -19.99651506541192
1751.7217542398773 53.075529166348076 0
1562.3383888414498 5.919194420724943 -21.41241113706549
818.75090031989441 15.468171791722771 19.858395572988677
141.37754960723143 53.051205332488685 -186.90147636533908
912.5 1.1373709106648904 0
1662.5 6.0000000000000817 25.385883372300786
658.11602491327335 -25.247711188512426 0
1846.4054886483079 72.564767693695828 0
1012.5 6.000000000000008 -21.187339015557651
30000 7499.25 -14999.750008333333
1791.2376338186625 -58.275440243253115 -52.501535816128268
662.5 5.9999999999999325 17.123323317251725
1775 -0.24999999999997247 18.475171599093777
1800.0974514394991 -48.454649155650706 0
112.28667455825646 -1.5617869060901484 -107.66915241332774
604.39328749186291 148.08523129733135 -181.99730575537717
1962.5 23.595263779661689 0
1012.5 22.651283302440611 0
1050 -0.25000000000000178 -15.858538086127776
2109.8448119500108 184.039113804571 -177.58891596798597
487.5 21.027025060455482 0
1831.7866439582783 -34.955191514618235 0
225 -0.24999999999999289 -16.633786594530861
729.48520016625275 -19.500571405005559 0
1212.5 13.833573078395192 0
937.5 23.592475211205485 0
1300 -14.368900539665852 20.243356049831267
47.500000000000021 19.178630610889492 51.311927289762622
1422.5670764699476 0.96646176502623082 -17.076250033410215
1772.1714688995191 -32.908998962255708 0
900 -0.25000000000001088 8.8433615220112056
818.74887265219809 2.8755636739009662 -17.968960075456039
1037.5 8.1054031084246247 0
1612.5 13.816682055326787 0
-72.897357905993275 96.774734453654347 0
403.31254184914042 -19.305771754818544 0
143.58277768871582 -20.532825566940588 97.338129033782593
350 -16.090263309569828 -20.401192182124255
1375 -3.8395932124115433 16.332298615736946
750 -0.24999999999994524 -19.121897758909
918.76974232506893 2.8651288374655381 9.4578252475559754
937.5 8.8382278359936421 0
1962.5 8.8400488865148414 0
837.5 23.443052341727157 0
1399.732552216896 -0.11627610844803549 27.276889425909427
906.23025767493107 2.8651288374655381 -8.1922792979656407
201.28588994301967 0.39294497150982355 -25.172657379935689
13781.508319743434 5470.5775205871814 -15129.096582989167
341.13295116270945 -68.182816050947679 -72.355741112311534
1000 -0.24999999999999112 -15.165975634983639
825 -4.0632533569714013 20.255920620533843
221.86403436528602 -14.869245390920019 -46.248368736642341
1512.5 5.8489581063279505 0
199.99999999999972 -33.539687611618689 51.693661093231171
787.5 22.852994851712893 0
1800 -0.24999999999997247 18.475171599093777
1437.5 36.233033378060036 0
638.14241704937444 -18.919410922881251 0
1325 -0.24999999999996181 -15.974819411299789
1187.5 8.2176250017347101 0
987.5 13.311757618879763 0
932.22582797049859 3.3629139852493228 9.4913134675131676
1025 -0.25000000000003375 19.148223876729812
22.500000000000014 27.832700003867878 -36.578975243670328
1175 -24.589935640979103 24.815133939309824
1575 -0.24999999999999822 -15.30197144634969
1362.5 12.609850158839931 0
1178.4375682317552 -25.653813044313367 0
850 -13.71438565908282 23.839722970460638
1518.571474444796 2.9642627776020118 15.189939696934008
1465.3684404338815 4.5657797830592983 19.834553473836472
-30000 7500 15000
1200 -19.772376302338845 0
775 -0.25000000000002109 13.505990653362602
1880.6003504374066 64.733761782716115 46.033803016072639
1225 -19.531846184489794 -26.369773568011524
1186.9602953149852 -26.407385441968522 -32.504119703320598
612.5 6.0000000000000551 -19.493325066025331
1813.3400662588556 -29.003989675108908 26.261954274218105
825 -12.399863838827782 0
837.25546364388401 44.865007679004854 -47.311722140739775
587.5 -26.70925252176832 0
1878.3253852947635 -37.750471276854583 0
1904.892927577007 -28.772114015793353 0
738.9907297833455 21.866328727607243 0
536.37284293082541 -27.772909262616601 0
537.5 -1.208439361143256 33.793670612670688
1912.5 6.0000000000000133 22.137144435891081
950 -0.25000000000002931 -16.795090713459487
1637.5 5.9999999999999423 21.016276354676663
928.59664716785574 -38.023389929819018 0
1687.5 28.230842344544886 0
210.95131730344801 206.16570912046609 -141.18796042844471
725 -0.25000000000000028 -5.0746139596175137
1237.5 22.653946707129716 0
9742.4688310553502 514.52760209357155 7070.9710147267733
887.5 23.493352431032982 0
-289.4463443098291 -149.86572871060937 0
-470.19403775645839 -29.322668009010584 629.95279079680017
662.5 9.168177363945718 0
875 -21.455055223582271 0
1975 -40.041190245500616 0
1712.5 21.087422759214782 0
1507.4300961112442 64.685306250394717 62.934270281754088
1100 -0.25000000000000933 -12.861676608824659
-384.36303096265397 621.09947329382032 543.29844779613518
300 -0.24999999999999289 -15.149220877659104
1563.1552951249114 -36.723887202722153 0
-14550 30000 0
475.52440753324862 39.903656587369127 -45.952371270140439
4969.2608860437158 5091.9230388976821 0
47.934559822530218 -538.99623119175692 0
717.66195539814896 3.419022300925513 22.499143030117853
1837.5 36.244812955371124 0
1637.5 6.0000000000000204 -22.758686747301489
2997.0461267972782 614.72304096395419 2786.5450124867912
537.5 -1.2084393611432553 0
745.34502382175015 31.858165219130605 43.137970023109169
936.88333419991568 -238.26355623447273 350.74616848032531
1562.5 24.212526989077396 0
102.9590716962187 1031.0964470210909 -643.69992728267948
250 -0.24999999999999289 -8.2699256392664466
1855.6743326534397 -26.058426124672479 0
918.81502759070736 6.985839821622621 0
-71.36736044660455 -122.72434595953777 -695.7477744890939
1725 -0.25000000000001865 -16.088704297612153
1462.5 25.268654683652638 0
812.5 12.767818366387806 0
645.71732497125026 70.310455645533395 -74.654356965182643
1725 -0.25000000000001865 -7.9957932353256442
625 -0.25000000000000222 8.5820083209409379
802.07980587641487 -23.894801799030052 0
1744.3477068234724 -47.994912935617471 53.365948343226776
1225 -0.25000000000000328 9.7935869951963159
1137.5 6.2214834043375102 0
1337.5 -26.089763092203221 0
1086.8393160938033 -18.495258437422788 -83.425832447737278
7114.6854122077211 2026.8933438029235 0
487.5 7.1125337396103427 0
712.5 -2.4190433576457413 0
1036.3930829961769 -25.852449400215303 0
875 -0.24999999999998312 15.59501224975291
3401.8182145963028 3587.2114521865451 0
813.56543319414823 -35.276194491149653 -38.061554041117589
1967.7735646929357 3.3632176535321676 10.548110798934102
562.5 6.0000000000000258 -21.122365110569501
1720.48447199012 277.71535213249797 -354.69491170263092
2109.9330238173752 165.19768966591553 0
1947.5531945560688 0.97340272196556032 16.549995298086671
-11250 15000 30000
1703.8336522441791 -41.085565032337783 0
262.5 -21.334142593788428 0
962.5 -28.867920149208295 0
1644.1149781047905 -64.297866382893318 68.214331441939564
816.73411729666179 3.882941351669098 11.481408038899893
-1904.9469629967571 -139.55400294877631 4798.5048482854545
493.28584406480047 3.1070779675997704 19.890657974685485
1361.5065618479432 -22.830086196743643 0
737.5 7.7423444135442363 0
1066.2605911975124 64.827435120993741 49.011711176111767
30000 -7500 15000.249983333333
1939.6174186928504 -36.453704425010827 0
923.61107218972722 21.441004718526813 0
889.8606420608736 -14.583930648132705 0
275 -0.24999999999999289 -16.633786594530861
268.11932186040747 37.9096458903349 0
337.5 9.8927844285608799 0
1370.0815964537085 -31.393289185380375 -44.315805225590374
1087.5 17.975082011912246 0
562.5 22.858963154932955 0
1108.4279755472178 3.9639877736088653 16.165012096839973
1450 -0.25000000000001066 16.416495300844325
1210.3887783263494 67.847570331195968 84.527828893459443
1712.5 7.1544618259700812 0
1275 -4.2479327007194909 15.803305504696302
2014.2715734044698 -74.253012412941132 -80.418788816483058
5517.1652448974273 -9593.3438867005698 -6469.6699709685017
1760.8496358018608 26.707509895664796 0
1864.8978814319948 -1631.7828070524797 2892.9246525398153
229.9017370376265 72.168544577571893 -83.475646844600234
191.59610005319698 65.850168736784042 0
706.83658212688226 3.1682910634411052 -10.018642784087412
1945.1518143772025 62.553198365574325 64.249759818716058
1432.0676501620724 63.625813948697157 68.940302816382641
1886.7122364844026 -18.770988453594779 0
1259.5346903184948 -33.262749319802424 0
-398.00017000153088 630.96406861576202 -521.14299183823414
921.66275830986615 1.41862084506689 -18.069176174111256
1062.5 12.346043355002283 0
1981.1463328271996 -22.687736296530247 29.854919593257598
1508.6832685896227 120.15387595535853 -173.32833044184446
1975 -0.24999999999995026 -29.617678991476133
661.54529594086262 -51.933953633338021 -37.657216578690139
344.38635183956205 2.5568240802190054 20.364880209031295
1850 -0.24999999999997868 -15.559212376656157
2025.6656886030798 -45.604561505996998 0
1933.4935202395304 29.319694334784753 0
716.90999771413306 -15.019386726001807 0
1162.5 6.0000000000000462 -14.48271540856685
275 -14.984542313533614 23.456873385187297
250 -0.25000000000000239 -4.0404940137360406
2055.5175946758573 82.729885957276608 0
1725 -0.25000000000000916 -3.9001889885374954
1615.6771555598175 4.4114222200912501 -14.316970427368334
2143.699995421543 82.322903502444419 253.51654332284375
1086.5983362272589 5.5491681136294755 0
1887.5 13.00658979279892 0
648.1278347436172 0.68608262819141963 15.312492114964011
1787.5 15.687924362662351 0
1735.2480079272048 -32.285434224219912 0
1283.4812389716717 41.595038372241262 41.112760949056309
-194.53064556298193 -203.90507803981137 -258.017304295705
932.22582797049859 3.3629139852493246 -10.62743226419861
2368.486563265903 -1899.7386864506054 0
1250 -0.25000000000000328 9.7935869951963159
1487.5 5.9999999999999192 -25.651936331439124
1862.5 23.657985695877887 0
737.5 -4.1925883672856408 0
17.500000000000025 -1.8935017471743869 -30.575393879319058
1081.0041163157957 2.7520581578979177 -10.028762005162596
1208.1236276740576 3.8118138370287689 15.614951120259191
-18495.849193451999 10218.863135450409 0
987.5 1.535551819499156 0
1588.1288720355112 -31.425678799914841 -36.248814297566852
2108.5281438514135 6.4166500467036904 0
1437.5 -28.704888363762226 0
1958.847220033852 -23.073455795307257 0
1910.5258011596341 -32.642524356797892 -82.875618499607086
687.5 2.146972046513548 0
1539.2384360003284 30.220454552690985 27.108797701828767
576.79608196650872 43.507963984579 -47.87134747923119
115.41815902210601 12295.578440014157 12188.636609814996
1706.7249935531738 3.1124967765868998 -17.230737168221484
1031.2924325742556 -18.267284100590555 -73.936372182717633
250 -0.24999999999999467 29.645237098740377
1462.6073914049859 5.946304297507047 -21.433547846927723
1174.9990300526326 15.434690033062646 22.953298569909308
1499.8015994212958 -51.160627592557539 0
137.77636403061962 -58.797743902188998 0
139.3255233783338 0.88644097917715214 0
771.94789661016262 271.22241534959602 -128.09472169731674
2196.0551689432341 1347.9890670943689 903.02468962499267
762.5 -20.100346900060853 0
1925 -0.24999999999995809 -25.088934699940602
1362.5 0.94631170541083387 0
1880.5826299595499 2.5413149797749055 -19.652154771969148
672.40472037913617 -17.28140059881202 0
988.98250990834049 -25.716487441037799 0
825 -6.6560717464268242 9.4795464244670171
22.5 27.832700003867881 0
837.5 8.7404934302881632 0
300 -0.24999999999999289 -7.5230401299463985
1361.0110454465412 6.7780809321253823 -25.869083161988506
1035.443956944898 53.573501284061265 -63.879330278866455
1657.7406367801937 62.396455792315358 0
543.17264366075483 3.1636781696225809 -9.5030682757493903
462.5 6.000000000000048 -21.160547720025598
1223.3956233412605 22.791120147187378 -32.251980378641363
587.5 21.988052150454639 0
1735.5073098790986 32.9169890351547 0
918.43476461831074 1.0628007490193569 0
400 -0.24999999999996284 11.291680534326723
913.71823351407238 -21.250451132761313 0
1738.1791398194302 -19.478341633776783 19.474290363159188
898.63446543664008 14.96107008567013 0
1704.1243829204759 -36.678070929406154 42.858796243597013
1364.434336671852 -33.286070930632647 70.682477117494869
856.46315969068348 2.9815798453417521 17.683951231197707
406.21755545576099 2.85877772788049 -18.042151326336203
1267.8940410418245 3.3029794790876945 -20.670320600679677
1587.5 22.70318228801106 0
942.30779306750526 -21.445741097983948 0
923.60691493439651 0.44654253280175293 -9.1031490450650576
1000 -0.24999999999999112 -7.5314744814029844
1894.0065702828608 -331.0413372061397 872.5082882410311
775 -0.25000000000000216 6.6951506250188215
633.1724306145054 -14.027285421173433 16.407547914609985
1891.218390375552 -32.104990493435409 36.372023698739525
-1528.2762100738744 2410.1423800844859 0
1364.9917134127886 2634.4868277900009 -10609.98982403019
1711.3224080730076 -28.153999030996538 -31.11652769505293
700 -17.225935184811654 19.318092499814451
1700 -0.24999999999998601 11.951429015162052
10668.297973761475 2205.3273517216844 -6570.613294821288
1940.9308800652675 -17.832932708574091 0
1575 -20.811577928491815 26.261793433123231
1431.5338455748231 -33.471441640713621 -43.910560651945325
762.5 6.3062984764086192 0
1978.4381189414134 -20.595852022525595 0
1728.9465325408555 17.388808920914666 0
417.67074271734191 19.596482316735401 0
1908.6552435875917 25.04503927421429 -78.852606166615942
-14550 -30000 0
1737.5 6.659498024416 0
1462.5 -23.745279148949834 0
82.565346476080933 56.338455510715733 0
213.13907760044535 42.330853786777226 -37.870571031767263
1034.8530883541559 -33.730350801694698 39.696600931518191
632.03595323796742 3.2679766189837256 -16.965211246278802
4724.1178699671955 3778.5357179145485 -4694.0582937143981
947.16142653806924 -39.419089491195287 44.296140028640899
1987.5 22.670380899778859 0
2271.2583552978494 3136.7090071418279 0
1675.4227243391445 17.290363975695719 -35.175152794145788
717.62264849792734 3.3745670031499886 0
1224.3799468194079 -29.718805231245099 0
1012.5 8.2173105001890185 0
1975 -0.24999999999999067 8.2942269862795754
417.45836860791684 3.5208156960415917 16.972009514440774
612.49552020385931 22.658425747407744 0
1462.5 9.9151542554572174 0
813.52703944931739 -18.121683819039788 0
1925 -0.25000000000003386 -12.513328124278033
262.5 17.765925384356748 0
875 -9.669708689587706 -14.31774565601066
1950.1976701552799 -0.15116492236008583 -25.170912096139364
1264.1773671198061 43.055045507047858 -39.128378515901872
1931.9008229938404 3.2004114969202169 14.241559309653482
1112.5 11.198765702174686 0
1841.9038397999279 3.798080100036024 15.155872200923099
170.78875426890198 53.683235351008129 77.78000495468369
32.500000000000021 15.600520060659324 25.540753091722795
32.500000000000028 13.655765807397787 -19.769238253221175
885.78631696997286 9.7257553212868952 0
1147.6699165561668 12.994848316657162 21.727370948193684
4893.674487278 1939.5195610138292 0
1350 -14.924673119442073 20.009654340710824
612.5 -23.437752016539307 0
1994.2080815470165 2.6459592264917586 24.708491665046221
1262.5 -15.21806998042377 0
332.59936311834008 3.5496815591700512 -11.240319362154235
1112.5 -0.32124753188753807 0
12.500000000000021 -16.238059660217907 35.161466053017122
2004.7174486867625 -28.066472087955727 0
1225 -0.25000000000001421 -20.204800916515339
1150 -22.938537518400217 0
1712.5 -20.330002036099831 0
575 -16.873967252391946 20.655641996036589
787.5 8.3514725594649004 0
220.43917786234013 -31.557430685541298 0
1025 -0.25000000000007166 9.5333118095890264
560.93818241266797 5.219091206333939 23.602484185082172
15000 -7500 30000
680.65037294665638 8.1083777754825483 0
1875 -13.716921044224243 21.07530425204078
244.79726142163898 33.559954733848201 0
745.41119896226326 7.450959555899054 27.330296484987052
1058.6212357460904 4.0606178730452118 14.272827917470503
1012.5 -17.873680544296587 0
312.5 22.788259549299774 0
1212.5 1.9589934201338033 0
302.32920288827336 47.658965252421581 -36.828152221094335
963.03312697304386 23.55517488941943 0
625 -0.25000000000001199 -10.260311087072564
917.36354454433422 -10.365878322557233 0
1325 -0.25000000000003758 -7.9385046144632376
240.76593521497057 -21.11511182355455 0
1891.0711936770019 4.2144031614990762 13.190492570802068
1213.1888583248594 33.560454275163224 36.846345561684359
1012.5 -5.5180153408353281 0
1457.6077454666367 3.5538727333183626 -9.9310927808580605
587.5 7.7716701633992802 0
1462.5 -1.6005140776191928 0
1346.7818699810164 -349.88805993423586 -500
999.99999999999989 350.00000000000006 -989.41477869388223
625 -0.25000000000000222 4.1999706901237124
1950 -0.24999999999991343 -12.555388442029859
555.3464645299606 -20.756822515706574 0
337.5 -20.798467077133889 0
843.39463970275233 79.19623636278655 -132.95672006994232
247.38358770340645 -1454.5061991910522 910.58922458033157
678.71963025205287 -430.5468751944955 -500
-186.74024512446221 -47.744020391652484 0
1525 -0.25000000000000888 -16.602486193376947
950.42026257225496 -0.039868713872492467 22.728332902429379
3101.279807639226 2697.5772902650765 -2262.9212852917726
1729.0472172068464 8.6949834898297169 0
762.5 -7.0881944427387138 0
1466.6578920470836 -6.0708905128245618 -73.23948489416567
1987.5 -9.5187697994685152 0
1297.0789321132372 151.82564775711558 -151.65624418065909
-22.5 -42.334432803691939 0
1257.1059589581755 3.3029794790876799 -11.800651547853102
862.5 12.817967420958343 0
1182.0268423931873 3.2634211965936917 14.592330924701086
593.1059748800144 3.1970125599927757 -9.4114002430930448
-861.19694443924561 1574.710769331758 -1071.5992750583691
1242.9869231791433 -21.277442902205891 0
1003.4354109758484 -11.695847942565958 21.579079883044709
1262.5 -3.2470273319031175 0
2183.6648459678308 -2668.4606806586962 1541.7328372484576
1687.5 11.74643170027946 0
747.16027268401365 -16.621336417517981 0
383.22185574900726 -846.20217298749503 -1711.1941808287627
1587.5 8.2518886228155104 0
-103.95775113238879 -65.149455747646556 0
-15000 -30000 -30000
315.33576047563514 -21.409756033475681 0
805.93902499469061 -17.311419765689564 -23.269447115491598
1862.5 8.8809811381331105 0
732.96350900336893 1.7748780231292982 0
2051.7018047802485 25.600902390124425 -70.065616975326265
1350 -0.24999999999995914 -16.202429784754294
700 -2.2708561378269643 15.380090239644597
1992.092403757674 -22.520888333302754 -24.904118651483508
1373.7433218658866 2845.1403949896694 0
1560.03324505312 -23.826879563193273 -27.380240969448209
7.5 17.846080138959824 0
56.435904241230311 33.860960713675532 0
2160.8989550319925 -52.836002369527904 151.03707257273635
1337.5 8.2190860221401074 0
400 -0.25000000000000072 5.5766521602535883
1318.445861493273 -20.165345407413799 0
962.5 8.8201596837798686 0
-37.413654590243077 54.862546309438727 0
418.21315744946151 -15.302649599175915 0
739.15666641567009 1.7748780231292973 14.268542359121916
312.5 -8.1620081676053644 0
263.52507006502924 5.4874649674853737 0
1923.7233879912046 -25.975870402017932 0
350 -1.3088926623483577 -15.528556868868296
325 -13.468440732351574 18.315517902872937
-190.0145463017098 157.64655519560529 0
1287.5 11.067543507209496 0
943.06319932689564 58.587337257433738 -58.283097461095586
941.2892514486274 -34.562294042313013 -38.23861201154002
517.06172414539253 3.7191379273037422 22.394820528038032
1350 -0.24999999999995914 -8.0529968158059937
433.07816614879528 -100.12724122943818 -117.83800689433014
727.13448192723968 -36.408907192457889 -29.288388060271185
512.5 8.2239332115478696 0
2053.2548243871929 24.589711553219942 0
531.28910553135051 2.894552765675269 -9.9155888169369923
543.85510674255772 -18.843964267381686 -23.118851981291805
1457.1773593658186 4.1573200889190121 0
1215.9749709745229 -15.468086247185305 0
1712.5 -7.2441529562386462 0
1022.3692735457581 -28.083615596868825 -35.548433237214176
967.78019062148644 3.3599046892567728 16.978981329154795
89.28788557368469 22.097586325801476 -53.235893041222447
1125 -17.985421975771377 0
312.5 8.3084831183289243 0
728.94895924015725 1.7244796200786394 10.220804960056162
-27.499999999999986 -21.388667343292912 30.475487272414128
287.65628798382477 22.561406785752855 0
681.35806946190314 2.0057202857463126 0
862.5 1.1235476195165326 0
-17.5 -21.388667343292912 0
680.20222437676705 15.539095814117481 -15.874858883509061
-275.18442963717359 147.67530145395332 -302.71394576917123
562.5 8.355432824730034 0
787.5 -3.3953425882767321 0
1330.8198717984374 -13.971209777207731 0
887.5 -1.6652894287155215 0
1252.4595330149823 -17.333417588249183 14.730105156625514
2000 -14.371616105329577 15.254950461019247
-42.500000000000028 27.610091956864352 -36.817927596318427
1229.7928857648187 -16.922333239350149 0
725.20993871349401 16.634252662401984 0
2083.0708794637239 22.131806090632622 111.21289605091242
962.5 -2.8235173835421365 0
-47.499999999999957 -3.0808996694860227 -31.326516283247795
-20.045038954472712 30.180569358492239 0
1957.6286415383004 -38.394836823384281 -60.893599077597926
337.5 -1.6241401122953307 0
375 -17.697991969212751 -18.723672893011418
550 -0.25000000000000311 -7.7349649406128531
245.96516237227675 17.050924191428059 0
-17.5 -10.54822826218625 16.878406492654943
975 -0.24999999999999023 10.362234326130036
300.14321710015952 15.548371333814348 0
1324.8887520693527 15.499079884930374 0
-32.499999999999986 17.556706913982904 28.359634712166805
-37.5 20.034287914508212 0
769.2022509861946 2.6488745069026733 -18.472125998843882
1066.3787642539096 4.0606178730452003 0
395.34086649122014 2.0795667543899325 -11.682524993841012
-7500 -30000 -15109.125
41.347620261097816 20.265297626298619 0
950 -0.24999999999994205 11.334649895409385
525 -0.25000000000001554 12.921196782717439
1257.6752324463273 2.6117082789245218 0
1962.5 -2.7999624960981433 0
237.5 5.9999999999999991 15.059798301941596
1937.5 12.684571158555938 0
-178.12869338083016 55.11465044920638 0
1586.2728968170888 15.477535455413285 27.732142398800846
875 -11.203083776536975 0
943.20829232249912 3.1458538387504289 -8.6037703398233134
-12.499999999999989 15.929858184678533 -28.952977677780453
1734.5810259763527 13.106567205848906 14.926661360106573
3292.5135064163751 602.13951901676501 -3049.2525800580152
1887.5 1.2823027792464154 0
1279.3238651268871 -27.248748001476692 -25.726050734504039
350 -0.25000000000000799 11.111215690185666
1800 -0.24999999999997247 9.1952993181570033
1437.5 16.399137357489145 0
1530.8759422651663 -41.298245113561968 0
10642.127338875869 -30000 -15305.763820166274
1488.1053444067061 -87.675441229211515 -140.46931932312202
830.67969702549465 -18.121683819039792 -23.404646484275574
781.41131032875978 -21.342739497109743 0
47.5 10.912350573133429 15.151855621202889
1091.0843775127755 -1039.021177308545 -1104.7561257682075
289.3147354848212 -25.494352910187857 0
543.47778653944385 -13.671640676472741 0
868.76783345113847 2.8660832744307378 7.9971759964463036
725.54819795937374 -10.663674590829702 0
1625.2577050210343 -25.804090949534086 -27.813775412616412
224.16758390798444 23.804720433065953 0
412.5 6.8160390530129806 0
-32.5 10.485091709627721 13.01302858689583
2019.4611922225072 55.019053217553761 0
364.99126511534678 474.75547908828719 -304.28568219435226
325 -13.468440732351564 -14.112124441445884
1787.5 -18.563980646925415 0
362.5 8.3084831183289243 0
212.5 6.0000000000000115 22.262832192404325
1291.9362959946297 3.7818520026851168 -16.769897234225226
1536.1095664713928 1919.4148526032313 -6546.6091281350009
743.11440055034336 3.1927997248283209 0
1070.5009491120334 1.9995254439832615 7.6462118143510081
726.64278734730544 33.624950516625702 -26.805903706774721
612.5 -9.2718339003411057 0
177.12137379585815 -39.149713217977009 0
1342.9727082296865 3.2636458851567669 10.780240827225883
-110.05080365586298 36.887875643657814 0
731.63439876828897 -7.631850173718064 -7.6877637275768969
1254.2090246653079 23.735393553670409 -26.319709277122307
1529.5328414683381 -27.134240038877515 34.706613994050457
1812.0563806671137 53.07552916634809 0
-184.85329150056828 86.733629481587826 -169.24287143049679
1957.5200747371955 3.0200431952083484 0
856.23216654886153 2.8660832744307378 -14.686241070290968
212.5 11.961278603425956 0
254.51327831933526 10.917132793025917 0
1987.5 6.0000000000000195 -15.046239934915738
197.00103234700251 -25.202089809892513 0
1435.6903588293694 5.0951794146846918 0
729.26263792399288 9.2963566937086863 0
1225 -9.6511331473288671 -10.412702939653157
1451.1501960093206 17.591904469554926 0
1175 -0.25000000000000133 9.3574585769939151
1305.3442577392962 -14.568498222971625 0
254.14527036231706 19.427540712881274 -18.291363036288715
212.5 0.37890497262281508 0
1187.5 -11.025425283790982 0
1448.1471093685905 -16.885181401369493 0
2001.7678751984495 40.536922592788414 -36.553153846054961
734.63881984347358 15.184992906548487 -18.137969245449426
853.73408294876913 -22.099266005983267 0
1592.9625947550185 3.2687026224907294 -10.997683448754076
1612.5 -22.160682808813096 0
1442.9152350071831 3.2923824964084885 -11.654838270548712
351.29000792110162 -15.699610586173714 0
1600 -15.248701291530356 20.1133558492972
404.51591894569259 2.0079594728462893 -8.5280621808595889
750.21266217029086 14.552386170069719 0
1812.7326426951738 26.450468934976168 0
998.54287054922202 -15.202994688197663 0
1962.1311124343413 96.874100542264046 -96.404705091709459
1625 -15.248701291530335 20.113355849297182
1601.9046572391971 -44.654350090747883 57.669380730744663
-85.520940837965185 69.757728399791219 96.107765238930725
343.13787580363038 3.1810620981848068 -8.2602247739930874
868.76783345113847 2.8660832744307445 -11.193758241724893
1635.6282727184832 -22.029280301947079 0
1321.4140524547074 -10.638059988188463 0
718.48362216891644 -7.3967336077323251 0
1303.5966331694435 1.5483165847218281 16.303471783816249
900 -0.25 -6.9621087317085326
963.72338906289065 -15.845718766375221 14.798443993338468
951.2576566896729 0.37882834483646421 -8.3978302870779764
-330.10018315738233 127.37620933497324 341.89836449548409
1624.0222204022189 -14.717316483389867 0
1600 -0.24999999999999201 -8.2423213402798332
902.90577586985421 -13.922132605617705 0
1310.5083214006661 -5.4354032291990571 -11.95666201288156
1530.6936235809158 -115.13139438723333 96.120536529464374
346.38399617622292 -19.891516919076409 21.630520372744808
-57.317772639349315 -74.846685319134551 0
37.5 -29.338397579257585 0
1137.0892795619159 -22.535020616763063 30.587511778246725
1893.8855797467111 7.1444462860226672 0
400 -0.24999999999999956 -5.6670112984534189
1910.3711158783899 24.159234717159599 0
387.5 -12.529792403320306 0
1443.5106582164456 26.316085367774591 26.341021023367503
1660.3304882244704 -23.95304586162484 0
397.50837743538432 -11.012270204059138 0
1897.4288679618226 21.672733664968121 0
408.63936292820557 -9.4000653291395153 0
732.13831000137225 -1.5274038459039296 -29.08277345940833
37.5 -13.13840834248432 24.061407976615747
401.48914129027042 -7.4187630006818708 -14.859680205730777
1923.075781945146 21.615960747656306 -18.801131412109186
978.00754275440784 -46.336554312061772 27.269251488496806
1965.0240428877325 -13.72054909869069 13.511784205622845
371.7184300892074 -17.339778170965033 0
1719.7525734304234 13.831532769163308 -12.042248766468898
232.67121853217986 12.697566818448447 0
892.62776199585517 4.9305641892135563 0
254.25488459690425 19.299714038002101 20.387777720760845
516.76675289539878 39.07571917987736 63.295433102080715
3015.8676368334568 -246.28041922409739 -1929.4741067031284
550 -0.24999999999999836 -3.766480073269304
1050 -0.24999999999999467 10.336362587180297
701.78059936550278 -57.453489636180713 72.912340370199658
1537.5 22.70318228801106 0
506.04344955463671 2.7717247773183691 13.042427850219287
1444.6783383047402 9.4531322414209846 0
256.50296525093853 4.0260671666914227 0
262.40940043352987 -7.9663902411080318 0
241.74680554793798 7.4579297914690326 0
1400 -0.24999999999999378 -10.122621947196516
-2.5 -15.808023002753751 0
562.5 -8.826539550891491 0
1812.5 -21.507610233448776 0
2266.9865257861557 1331.0866544566513 0
61.986255128056897 -22.438988822806181 0
1287.5 -14.644534281116702 0
1487.5 22.791846600933621 0
642.96404676203258 3.2679766189837274 -10.024973636218508
1716.0361866557753 -0.04484556513428295 0
1487.5 8.3108668602910214 0
1562.5 9.2406238967145775 0
1150 -8.4993081778971966 20.303125480404745
1407.0901099255434 -30.872576870746297 0
385.28317344161854 21.379268665740142 0
1900 -0.24999999999998099 -6.8144486593963416
28.050283894434411 14.401467479087854 0
46.995713475392868 -16.138019673558507 0
1300 -8.094901221988664 9.8259129382845991
329.10056361390275 1.8002818069513715 15.504656654373168
1144.8142571382707 2.3428714308646743 13.002098119608196
22.500000000000004 8.0532736402337299 -11.409278331646705
1719.840369644452 6.2918226906345236 0
96.448527427710616 13.773545796433339 0
1168.8882340568252 -4.7809084059432321 29.114897593703258
233.57534985211956 3.7838739005469941 0
1057.7173346013626 5.0564508657082241 0
1387.5 23.085679779647631 0
1537.5 8.2518886228155104 0
255.1612916390624 -14.699697289430004 -12.451856116898655
2826.3167508179195 1628.7719501176794 -1311.8652168491731
1901.3504149326693 36.186542602732793 29.35257951839219
17.5 10.848226274791323 15.191023315243463
7.5000000000000018 -10.869277935505572 16.577256869893532
1891.4526880079445 -8.9150913212855372 0
1912.2598910636248 -13.580556898861039 0
1557.3632625762202 3.4316312881101023 -10.024577175375535
1912.5 -2.0364431557544256 0
1387.5 8.5054799000265504 0
1562.5 -2.3368141668996518 0
1492.9442951071114 3.2778524464443191 -12.476654442281546
257.71572694505619 -2.8273578227798559 0
1150 -11.946477814289553 0
287.5 -10.61479960494872 0
-2.4999999999999964 11.54966729714023 16.181082208733169
903.17868970584004 -25.160164464424849 25.45953402385657
1050 -17.13105450145785 0
-2823.5104622125841 -1876.2424219156551 -2879.7297749405925
1743.397521942851 3.0512390285744813 0
1114.1877719920676 -31.130249049043215 -28.226287075811904
1905.951765179705 12.236496172787648 0
1637.5 23.989314029537862 0
262.5 -3.1706708753718709 -12.578496181256941
2029.8224036751988 32.546196478357494 43.720388221795332
1275 -13.511358347388962 -13.832423992826348
1735.6379599894394 -3.0076491744652589 0
1662.5 22.689611057280281 0
1197.1708553337148 -10.510261130997506 0
1894.8511503348734 14.605182369855591 -13.805656936962185
1332.4834166002106 69.261932244381796 0
-42.5 10.485091709627721 0
1324.513422698469 -16.829664697132962 23.929200514681028
1750.9590391682552 15.738498861881872 0
-75.348865107633614 26.057002642717421 0
1625 -0.24999999999999822 15.117660738095982
574.64743228227076 -0.073716141135399482 -14.897178252482167
375 -0.25000000000002043 -15.048015044125322
575 -0.24999999999999556 15.1321940611756
1898.7154824742606 -18.476292934171738 19.530218431963331
229.42679464739462 1.9633973236973095 -8.436258580890895
251.21005161271179 -13.482209530520091 15.171846950752814
1568.1628008602252 -0.91827282227864337 20.906666258670288
47.499999999999993 -7.8832467994803412 -25.579039822780512
1662.5 8.242850666762763 0
259.22563871126528 8.5449745850379983 12.953859654667278
1543.4095162458939 3.0452418770530394 24.344047467405346
-27.5 12.356882719122183 0
254.93706737713427 0.21495469301723946 0
571.07303568145369 -25.624711718760455 0
1800.1879822229175 -18.43927813568272 13.835235458625389
-42.5 4.9445036357715102 -16.600307468734616
402.63637595701078 -7.1856199782739543 0
525 -0.24999999999999659 6.4001357257761518
295.18251399435201 -35.379327931998603 -44.709665292014762
-60.278855881217773 -36.776107155092618 0
1637.5 9.0963390005984781 0
1193.4695192639588 -16.703990385451611 19.484883265734709
630.06153550444083 28.267621515368283 -52.914005355052382
1783.4237843613964 113.36913163596076 199.10150046404235
1081.0041163157957 2.7520581578979177 7.7088307525328306
1525 -0.25000000000001554 9.2439206348713938
1726.6134120643721 74.799012005338341 -64.676536589733274
1723.4978038851223 -13.787077496169241 0
1947.4902039557714 23.89068905480466 0
5033.9065351144627 -4640.5607129778982 4454.6027884621408
-8773.7137191139736 5004.6162262087182 -8460.9550040350587
274.46398435114889 68.364098860797156 72.268712587976765
999.99999999999966 1416.0962764729434 -1119.8567362326032
252.89377094219003 3.2817497149056578 8.5695028093083554
812.5 -5.7295835077132589 0
1356.2749325222185 6.7780809321253823 0
1094.360211265104 2.5698943674480335 13.203866367580552
1382.1171362179944 3.3085681089972132 -11.634681671779504
-39.570140498875077 -27.189927893850616 0
1332.0272917703135 3.2636458851567656 8.4185879681458839
1719.945193310474 -7.2441529562386506 0
803.61565124975641 -12.704515484918819 0
1081.4572015857689 -20.734886085799829 0
1351.4093389170953 21.139777191217107 0
1825 -1.3279156530229095 -26.478142127625947
1937.5 1.0102013850533682 0
1932.7208238917663 -22.736339052716588 27.551794326246927
1953.8500272431611 1.6750136215805373 9.0261763090205172
656.41624481237056 2.9581224061852605 8.5985311262370949
287.5 8.1578977100547192 0
-56.377920129735976 -18.041897235648431 0
-42.5 4.9445036357715102 10.348817387314183
-43.15917434271433 -13.769523527751728 0
1825 -0.2499999999999607 -13.231506374360119
-9.4355129734047622 16.949815468849636 0
326.22494098786865 -14.108480920799563 0
-7.4999999999999956 8.4010488321145438 -14.560337706556227
1182.0268423931873 3.2634211965936881 -11.441285192010898
1457.0899113388052 -16.619608899037797 -21.4387223410729
1746.5306948997932 1.4846525501033949 -13.934475353199147
929.9676224081968 63.181807419160378 53.938810982596387
1582.0374052449815 3.2687026224907427 14.16897397123121
678.20297859194739 1.3514892959736806 12.13907821990173
238.266532325844 -8.3491366281621922 0
988.8475545176824 -25.419392327779693 -32.565517466755303
452.23782488180979 75.328379008192073 58.676122597615141
825 -0.24999999999999734 6.8219010616462787
650 -0.24999999999999911 7.2007929363861036
1145.6194519203736 -6.8277408890115421 -21.19292545921666
200 -0.24999999999998002 -12.596347321976696
1952.0522890629236 -13.057496350170084 0
1200 -0.24999999999998165 -7.9041522154040162
839.95009626923934 -1.0923446851358525 13.841007831950893
825 -6.6560717464268233 0
218.73904689947977 2.8804765502601195 -8.5051754824447734
1589.2307437493698 -22.119224360046712 0
406.63993213231271 3.0699660661563613 0
1917.8117799740571 3.34411001297146 10.574005250609261
1050 -0.24999999999998282 -7.8800053596299531
1296.6105127519861 194.29916968059752 633.83949014655013
1036.5830985039543 -11.173612367050572 0
1944.4031229488303 2.5484385255848014 7.630918744607726
451.19727496047136 -29.20570796439295 0
1862.5 -2.7516586290335745 0
1567.9611054052459 3.2694472973770168 -7.887429709128325
1943.754767952383 6.8473862718046536 0
581.8940251199856 3.1970125599927908 7.7992103309942111
1035.7281436429089 -1.4716396362534772 0
993.81741595340964 2.8412920232951775 13.123278902662619
437.18860890465709 -16.362488300392918 0
900 113.88888888888886 -404.16666666666663
1100 113.88888888888886 -404.16666666666663
512.281617616473 -19.312956140221402 19.144938528407959
829.34362634254217 1.9218131712710576 -11.584564184545275
518.34716747676077 -19.857852176597792 0
320.58071914615823 -8.3234279338695121 0
1315.4754391970748 53.267269877014584 -47.55769792002404
650.59992256848318 -14.285444250360786 0
1100 -11.339995519553053 0
240.43067860354589 -0.53895846915697998 0
251.07698560769123 -13.700142101453428 0
17.499999999999993 -2.4940809437253062 13.044345443338759
211.87884748373418 -16.730493123491868 0
876.30283053068035 0.40141526534015659 7.7996234096304775
1765.5355965172942 12.53863913670769 0
1812.9314205612447 -77.529157438426481 99.235793020517093
300.01182600820323 29.937627162200009 25.171336295178751
650 -0.25000000000000383 3.4919014723083226
18.005767631331249 -21.07800369943195 0
1026.7182760397286 -18.38656198838726 14.340767843159488
257.94783534128368 1.2051516739717565 -7.4747957045320996
1586.9733100243425 61.647220864340873 -64.870884840315341
218.47768017462866 6.1700917880243846 0
17.5 10.848226274791321 0
543.17264366075483 3.1636781696225729 16.896835306335344
1587.5 -3.5212450567103635 0
325 -5.9268348524311776 -8.1757418875244543
1746.5306948997932 1.4846525501033965 -6.5269280968842036
1509.0091109318387 -26.285977194929536 0
362.5 -3.4494937282526865 0
842.80656925279629 3.3467153736018349 0
-1058.0171114298851 963.28463610138465 1744.9544186826224
220.48740343784866 2.0062982810756713 12.442392674361329
641.41398442257116 -8.6526178717528115 0
1637.5 -2.501234199010018 0
1759.4286482757807 21.641786690597108 -26.522566711009482
930.68774499551193 -13.987518783328587 0
1650 -14.779463194018904 -18.117782488672898
245.92569626787966 -8.0226792108815541 0
1738.8688349496165 -22.145120488786596 -27.700726802791021
1000 -7.5305765614768161 10.453638317060578
1907.4126849637737 4.2681555422172917 0
1081.0041163157957 2.7520581578979115 0
849.72484537516038 -0.11242268758018348 10.359298765937101
550 -0.25000000000000666 10.126350005610277
500 -0.24999999999999822 8.2115281693458897
575.08784580800295 -0.20607709599851276 7.5180969608648169
551.87529376581949 -12.303043464513552 25.782722871385005
1512.5 -11.268872450237769 0
1450 -9.0191779183716498 -11.6816917213023
1870.0677227837839 -17.620830480890557 0
1210.6141157797574 -9.2326384584230379 -11.905343358184965
1937.7150955772099 -5335.3848498085554 0
1000.9515943941711 15.434296901314816 0
-3849.5510931282633 -8094.0902389085613 0
500 -0.25000000000002282 -9.8106828196197551
1582.0374052449815 3.2687026224907285 -7.8873688775151489
1425.8976381989446 0.1988190994722755 25.863588427440423
1857.2401220494255 3.3700610247127676 -8.0202241701552186
905.27272399812068 -6211.4238423896186 4211.7484246460472
1575 -0.24999999999997927 -7.5999302103123911
3229.1460784925407 -5783.0678188091551 -4617.0555218695054
1450 -0.25000000000000622 -8.4520745502235144
1550 -21.270161229626432 0
818.502802548972 -9.5279677926273028 -11.862965528391744
200.06117121503922 -13.276299407157277 0
1904.0787588908058 1.7893794454029432 12.577513360331142
649.75081818301771 15.471656061378582 0
506.6406282895303 -13.218914345076554 0
173.84374716123327 30.580037573969602 0
1742.5177891683638 13.736529513328662 -10.230701725041678
169.19838185515948 1.0700062126760068 0
1150 -6.4275621142546191 9.3219016029261326
515.80255693107836 -7.7945779243403939 -14.755680225766271
375 -0.2500000000000015 -7.472090375667662
1850.5581724062629 31.06004329672896 28.055622866527216
549.24338200785121 18.081552641627223 0
1347.0487187179106 38.284515874455103 -29.839758745772212
516.71637167678443 -9.0928315495989143 0
482.2968730378858 -17.966133298552336 0
1582.7641860198048 2.3653217830525737 0
1425 -0.24999999999999895 12.921058907571526
327.30694475511638 0.90347237755819076 -6.9404426073396657
200 -7.0975732216353169 -6.6438635506779962
387.5 7.4766532025788974 0
1612.5 1.9454660227815008 0
646.5526719702118 24.047766379162894 -23.012538443026475
1346.3390717895995 39.207202966683205 29.722577749786506
475.05670420870086 226.87215246460056 132.5923882152243
549.67609100200013 31.481767146098051 -25.569447721580836
931.09645708895289 -26.131973674913105 24.343324287815133
1619.2347094963243 7.8810740390541438 0
662.5 -2.4190433576457413 0
-32.5 6.9371278513809287 -9.7940058371563623
443.79400743325817 2.8529962833709108 19.690382468030229
815.41886753552785 3.5191174293372729 0
593.1059748800144 3.1970125599927868 8.6022204152837034
1632.31324249216 3.4066212460799825 7.809499214132634
551.11918880049745 33.6577589602513 25.762348889646788
775 -12.157099820391066 -12.683145728647659
373.48741524477549 15.548371333814348 0
1725 -6.0880013073587627 8.5014749617004952
525 -0.24999999999999556 -7.3721018875562443
418.36006786768729 3.0699660661563626 -8.0959546950568946
640.33716704752669 0.0011331461321297809 0
806.19857455726799 -18.759555839640882 19.382311650730081
12.5 6.2883097131792285 -8.2167287541692158
218.32842044165582 0.34347513250333916 0
510.74919436421777 -1.3740555318242154 0
1430.5461134290435 2.5230567145217853 6.6683352468217194
1625 -0.24999999999998845 -10.898165550143636
1253.8636598456987 1.6818299228494222 -5.804901804353034
-15106.041606558347 4309.0163755707863 9737.3248868756036
553.29272393299061 9.7033827080768145 0
838.36328331431332 -9.5700363352297266 0
559.9335071747156 -0.23555336308072938 0
545.43654854004205 11.073981589721679 0
226.42997304499119 -18.21402433503895 0
1624.3574865067683 20.482022760077971 14.440857126292883
1450 -9.0191779183716498 8.5612848445716665
895.73625343419792 1.8818732829010139 4.6346757402267986
1162.5 8.3640658084972088 0
1006.448041904249 -11.695847942565958 0
493.93672681146671 -12.864303663037603 0
1251.5719923454794 -14.475258915858438 -15.506466011340748
1291.8605587431516 71.676373041203306 -1777.3471077812251
200.16246176768831 35.784511825064619 0
999.3309292362743 0.084535381862843373 7.9604059112525523
231.78288675939379 -28.633872612065026 -24.752584202927277
700 -0.25000000000000355 -7.8470844602269345
925.61561875176415 0.057809375882067027 7.5562199375331716
1425 -0.24999999999999822 6.0999792048960995
1456.2879590633188 -10.148460552870397 0
357.74135091382141 2.4294946950381178 0
875 -6.0525370960947917 -6.6893784993014949
10.937514390218524 16.143793097837399 -25.408010312215055
225 -0.24999999999999911 7.1812974323324283
403.72593138626223 20.521391877781813 16.972009514440888
-7.5000000000000027 -1.2852782710929667 13.709259468186122
950.44842926963747 21.678196845128682 -17.898811181032364
1000.1520510271953 -8.1673441739847892 0
-94.140795576159604 -134.9425163942615 -76.51712951206494
1433.2945074805386 -14.211335804435828 0
661.40233514166721 -14.936724410742523 17.555620211240232
12.5 -11.109821495479283 0
2010.1936616630719 -62.616704386348928 212.66730564688089
1787.5 3.3815161297450107 0
1667.9653858837692 3.267307058115426 -20.396825673803161
800 -7.367996047706689 -13.624292089386008
580.04917477682045 -14.615422011363645 0
807.50626043843135 3.5031302192156661 -10.77035307168536
1781.130975677356 2.8154878386780142 -14.898163636175161
1550 -11.110413815455487 -13.115784685250681
1268.3206692609415 3.0896653695292788 -9.1558693044842627
250.67240357376386 -54.856540105475126 -67.703621624102922
1753.8876551927965 -22.062138419209539 0
1045.4384197915492 -9.3173136549025415 0
612.5 8.2220721296419956 0
1267.3247675536727 2.611708278924521 0
530.74847511764881 -16.098511682627375 0
506.38348470645053 4.3809901028400038 0
1746.5306948997932 1.4846525501033947 6.588412021322485
1657.0346141162308 3.267307058115426 -11.788250770783014
2524.5173881449709 -189.88394553487333 534.62606355727962
1578.8807375857077 1.6903687928538083 0
1416.2437880469779 -16.331818412463374 0
598.860296155779 -16.364166580534821 0
1425 -10.171602768620577 -9.8515662296655204
1000.0000000000001 -457.68114255328175 -719.89227643872653
1716.913710166813 -86.247309373076092 -109.62232664880511
1096.8186552041097 28.336896137212886 24.618542363966309
1683.3533337269334 3.9266668634667568 15.021180139251308
1737.9589383987234 -7.087621079379403 13.288204456523106
500 -0.25000000000000389 -4.825708828228743
1275 -0.25000000000000799 8.3579169774242494
1801.067337666077 63.874801150249937 -57.438646179829732
822.81701386171835 -4.323926381502563 58.080348213087625
500.41032456517621 -8.6836136930300754 0
1016.4393934677784 1.3496475796768452 0
1429.8219901007114 16.688693692944007 18.50940388886729
1078.1612170543831 1.3306085271915999 -5.0143810025812989
529.59364770148545 -49.607571362651555 -82.829975281709636
1448.425694956032 -8.9346519700015925 0
1000.6566013811962 28.7545355711718 -21.933441823007026
1579.2489256920278 -13.668618932801762 0
-17.32300450264496 10.150919275935223 0
1131.5042339193847 3.0021169596923811 -8.2461159722060433
657.37735150207266 3.3745670031499886 0
644.59221368762098 6.0762500827568253 0
1424.2044989693236 -10.731257779275589 0
1237.5 8.2190860221401074 0
-103.53300842788785 -17.996258306186068 55.874897827777389
1575 -0.24999999999999645 9.2139227813951461
1087.1012830772202 -8.8781640967209245 0
1580.817160155912 -6.5155275319203341 0
-264.61356558977963 -19.166265284476601 198.56301984044455
-11.828109070172079 2.5505060462384717 42.16248508701058
154.21683890526927 8.319894415834618 52.103254216654811
1070.5009491120334 1.9995254439832606 0
2000 -0.25000000000004041 13.171179536020352
475 -11.02273261828876 -18.722035151237719
680.38218434839075 -12.748911087664357 29.750859111456784
1577.0424720728854 0.77123603644273042 4.6607164586859353
350.242841090995 -0.12857945450249275 -7.7681244996061709
-27.850240819367972 -14.443679294148449 -21.407041608958345
1042.2985396587276 -16.388714685917563 -16.123815157597228
325 -2.6748171495333297 -4.5019377494867001
1025 -0.24999999999999586 4.6847064190749563
894.82112047954638 8.9562993779233864 13.949317946808378
1325 -0.25000000000000133 7.7826982924349686
42.5 10.011209172140033 0
782.7239121949907 2.4780649855940853 0
1669.1431617666119 2.6784191166940143 13.048352855691354
349.36939917884393 17.563045423026043 0
1750 -0.25000000000000222 -4.2963080715237769
932.22582797049859 3.3629139852493166 0
217.65423442447675 22.316042628414078 -23.904043756081201
1729.5025027452971 -8.3237310820130475 0
695.73969460695457 13.746732736537609 -13.764788072532625
1829.9688830821312 19.076770116773066 0
500.22028627999288 -15.491721215756618 -14.383384502857535
2021.8166633346696 23.655335569889722 0
1337.5 -3.563076903875682 0
1412.5 22.654919859215607 0
1019.2046515103152 15.434296901314813 14.340767843159357
569.22138872647292 10.995087521710797 80.370124531344317
921.72080868017042 1.3895956599148016 4.1776695210145345
746.38550145956981 1.5572492702151084 -9.638232609678413
484.62568534164888 -7.4502204004239463 0
694.10519760536408 36.230657293781462 -41.651846490878796
1312.5 8.1540572571470804 0
177.54751116593457 -14.42413267703634 -21.987007165870576
17.5 5.1360476121344707 7.5030527825352307
19.699532565495844 -326.23432360805043 -198.41550019676654
1741.3523009643379 -15.801352720417899 0
1450 -5.0604892628013012 -4.5604660511838029
1430.5461134290435 2.5230567145217777 0
506.42278260120992 -6.9711315360109696 -7.3181958239242242
1475 -0.24999999999998312 12.80103650356766
-626.0404899123489 -579.75710137543683 0
1487.254450425339 -32.374784911535357 32.641929542557477
425 -9.7266004676850155 11.938121755921738
851.42728611161363 21.488803302658631 0
353.87564712269972 1.6878235613498718 5.7032991056573135
1837.5 7.2853413086893175 0
1074.0466779909862 21.483234976885235 16.828769690147112
933.46365283184423 -10.138805989661071 13.243447831713745
1025 -12.631589203940004 -13.552593160097111
924.96564327930105 -8.7183959692312616 0
1732.0731055149079 2.6918984286438761 0
-185.03225457857707 964.64267294593901 -2139.8641116114204
1642.68675750784 3.4066212460799825 -10.815882154434304
772.42388663385452 -13.594270671399784 0
897.41306840996288 39.836602902629579 34.586510997402755
540.81595514127525 18.121908150195367 13.132119361251736
350 -0.24999999999999853 -3.7882356924576848
1574.5936071765859 16.726575442895985 0
1867.7598779505745 3.3700610247127711 17.331095379291209
275 -0.24999999999999289 -8.2699256392664466
1165.9675679474483 -15.172076318979267 0
1762.8115696420523 -12.072581258227679 -16.635271912092602
1425 -1.3335411995520481 -8.8337953421160229
301.38597793348328 -17.468411508479058 0
1981.273553308924 16.125302729823314 17.765098890652894
1063.4169014960457 -11.17361236705058 0
800 -0.2860678864427233 -8.5973399872256699
1931.245232047617 6.8473862718046545 0
875 -6.0525370960947917 0
60.356535240419021 15.57366010103901 0
1287.5 -0.44580244146610681 0
250 -5.6220233226606799 8.0940730437240891
350.86973098866218 32.903567411956374 25.487461985211759
1875 -10.012165931074865 -12.536632709593805
1755.8520897816836 9.5938670765834342 -10.230701725041676
1662.5 -3.5327527859065473 0
1079.0467064171153 -11.396081231016854 -11.63459941750482
200 -7.0975732216353178 0
655.78134432758907 9.9472402943580072 -12.169720819793829
313.60146563316948 -0.096876087255728827 -10.060137696088304
1567.6501027774941 3.4519048649074628 0
1312.8713278524037 -3.1800549202608654 0
490.37454438681186 -1.0198628096569773 0
-513.57992186160448 -352.67694655824016 -4664.2029387703087
1106.7890037604918 5.4387590851435732 0
930.35486966926942 23.812152339103662 24.267227167734251
37.5 5.9420549027899456 -10.970733798861515
1250.1074237174416 15.751541538972631 0
906.18497240929264 6.9858398216226227 0
1781.130975677356 2.8154878386780102 9.4027052292628781
850 -11.856358731379952 -11.998146724229036
1687.5 -22.720920213931706 0
1453.9616436751417 1.7308218375708639 8.311483893353774
354.05946468842353 10.27513482973537 0
1586.9324872131824 -11.209377718994173 13.22985727168609
1730.7514370452955 -15.727939514421209 -14.765325332890205
1700 -0.25000000000001199 -10.210466412083141
207.04281492712576 -5.1218061038695257 13.376650244002754
1317.5080954196926 2.6449935283044725 0
1731.1601363886778 -4.0382551860401392 -5.9479911119315609
427.95215076826412 -11.33385044318943 0
999.99999999999977 -126.5560319866243 -1072.5607742567031
275 -0.25000000000000239 -4.0404940137360406
224.7802875561627 -25.489912481436633 31.874663624231403
2071.725218792295 -26.966189146077667 0
1893.4599648242056 1.199115959583684 0
624.47122929630086 -16.354792958440207 0
1746.5306948997932 1.4846525501033963 0
625.0086236756274 15.471656061378582 0
1487.5 -3.4464831789309058 0
393.17933985604526 -16.223794776841643 16.972009514440639
1751.2333603465888 -11.697026339410469 0
1075 -0.25000000000000022 -3.5969677415449501
1225 -0.24999999999998432 4.8170219082526797
723.39261258868237 -6.0531624643609758 0
1657.7678198163462 2.3550489404281079 0
770.04244873301138 -20.783420553750084 21.148220441053262
1744.2821893890291 11.120918819648018 0
1492.2596139497841 2.4321918406800584 0
180.65572772767197 -14.652402029242097 0
1025 -12.631589203939999 0
1573.5283125424846 8.8305084517682495 0
359.73751655080241 15.548371333814348 16.02486262252155
1653.8815945482283 1.6907972741141477 -5.7619148617052458
1307.7464748748348 2.3251836008778302 0
74.237224635950369 118.71316155573334 110.21886430691279
666.65143747391483 -23.759625784876388 -28.717785358007713
1350 -0.25000000000000755 8.1806905871216333
746.38550145956981 1.5572492702151068 8.4984011284478864
1345.219272315343 13.856323915845433 -12.127713300280142
389.0006934043185 -2.5265696003707037 0
1075.211482701251 14.221313931845382 0
1104.2676942910848 1.8838471455423802 8.1641801235151732
1543.0818741513322 3.2090629243339053 -12.557103950523288
1592.2358139801952 2.3653217830525746 0
1642.5910013307609 3.2975524007942303 0
1875 -0.25000000000000355 -10.006855475995893
1929.7886373518252 2.1443186759126247 6.4655195010538096
1050 -0.24999999999999467 5.0925986122154692
776.87713617149575 12.111089865583462 0
355.46351337782119 -8.2646056253120967 0
782.02500682727737 -11.54443881766252 0
1577.0424720728854 0.77123603644273364 -3.8651361043426524
403.48853194127918 1.4942659706396006 0
855.90136242767289 29.217904089612031 -29.435380148892882
846.22798473444197 1.6360076327790016 5.211139837483981
1375 -0.25000000000000222 -8.4712396134406553
1425 -5.8467629774134391 0
1000 -4.5155240769753355 4.4983482152960681
1412.5 -4.8100700657422628 0
557.33845098574898 5.2185536063112208 0
1342.9727082296865 3.263645885156766 0
1102.4531759314018 36.339330063470989 78.336762653385378
1967.7735646929357 3.3632176535321436 -14.934955794992645
1720.2863063420193 1.7138631028012883 0
407.77681798369775 -3.1430558754056683 0
715.49748689864009 -10.754030779650551 -13.909095959067049
22.5 -9.7741504555129808 -15.047644544575013
345.77937034433904 10.099637719430557 0
1571.1680582696224 13.16883657682046 13.851507138966017
1500 -0.25000000000002043 15.551128725669248
225 -0.25000000000000178 -5.5773300749435819
1950 -0.25000000000000133 5.4529040098352857
414.03319077085968 -5.4685554502064555 9.8998175427745263
1479.3065045057322 -13.709197604237964 -18.344638553196049
1529.0727405917119 -19.990492480733913 -39.92670382965651
1737.7269758844939 -63.286767484435686 -64.184316518946318
950 -0.24999999999999745 -4.2236016055282688
1933.406092756027 -9.46910763103641 0
1430.0132912754866 -9.1702661675805253 8.6668509673547973
1405.5854609682169 -19.773787729134042 -19.233951921849343
1625 -0.24999999999999792 -5.3773963984605082
1070.9389365037011 8.0282312999735073 -8.538080443119842
-42.5 -6.6735892721703118 -10.836049205054007
1528.799643663476 -9.7877739356297813 25.824644890320133
1648.5636758359137 -15.488486916875242 0
2038.5429915778179 -9.7674912806574454 0
1205.7577075144404 7.8962832492644965 0
1074.4830528246086 -12.093834994213475 0
341.7928008146327 -11.211303594714609 0
567.12504269359488 2.2948825802988857 0
1650 -0.24999999999999734 15.117660738095992
1304.469305949621 9.8504778550086645 -12.157621362939507
1649.6466556781045 16.542826515068171 0
1337.6311614896047 2.8642332013716847 -12.236241682815653
47.500000000000007 -7.8832467994803412 13.261329037330473
375.01283434850473 27.309196257795733 -21.684349843307761
1049.3333407794955 15.770885281155877 0
7064.4256696398288 268.79037930768118 3828.1503954641162
2133.2425899561572 -57.807921093824689 -98.332986810184124
893.22041952760674 -0.82132525272145029 0
27.5 -12.529001696630752 0
255.91105812957451 -9.1886017341095148 0
300 -0.25000000000000711 -3.6576724200709565
1812.5 10.656609724748575 0
667.66195539814896 3.4190223009255165 7.7910361916365733
459.34407167061983 -25.989810428028097 40.384129298391244
1418.585727462164 -7.3091445653724882 6.9592621166679312
3839.6507400237901 1906.9075975166827 6631.6223205477118
1850 -0.25000000000000844 10.229458276685872
925 -4.7944941510908592 -5.3211414927036005
1923.4552615179616 -14.725318950669308 0
276.51385347956068 -19.505129370908133 0
1571.1425053217927 1.6787473391036505 0
523.18495856695665 39.70030827625849 21.044759676430147
1762.5 -6.100181028060919 0
1596.1192624142923 1.6903687928538065 13.621767176528405
574.0150979284025 19.538078279051525 15.790691441770427
427.37836157062128 -23.384719968115405 -18.309814494198637
852.25248304574893 11.137203348275907 0
1743.1205245503497 -7.3385566503820456 0
7.5000000000000018 -6.3987586892943078 -12.552575938456371
929.85885918156544 -7.0519481410441642 -16.018256477048538
914.9122290166938 31.472030084625445 -35.071455528592338
984.51942039945277 -12.292935470228576 0
999.99999999999966 1399.9343319958703 -400.00000000000006
1943.627496666526 -8.7751030414340256 0
1223.5158214940036 -10.191109067352201 0
1020.7483287119184 1.8758356440408424 -12.155919993999385
1097.2071810526536 1.1464094736732018 6.6894178925517789
1612.8790228140983 -10.107608393015798 0
1590.7311173243361 -12.60007642758889 -12.951881385106184
211.9031355764929 -11.228533079296106 -18.310877490714738
244.79412473145067 2.8496542125320765 0
681.40818159892615 -6.3840143230923205 -31.225161071673199
1419.4989626389242 -25.757059664144165 20.847006481955777
1633.8380105783617 -12.003963111268606 0
348.00250161183101 0.74874919408450458 5.5976542336818236
1368.7418138785365 2.8790930607317216 9.4399980013383757
1929.7886373518252 2.1443186759126247 -6.4334074770743204
2.5 9.448365515011977 0
1042.2392672155815 2.2761598259215683 0
675 -0.25000000000000028 -5.0746139596175137
1100 -6.1216418394035923 -6.7124875395569266
667.62264849792734 3.3745670031499886 0
221.4174244636593 3.1795646027118787 0
848.26495493176185 37.225746729481052 26.040336624936145
1600.1736610218795 -14.378479963621414 0
1049.1084518960129 29.160711376226153 23.315080379992427
1518.571474444796 2.9642627776020301 -8.4961885063280072
1522.2866279743262 12.541458146339817 0
678.87903767308183 -16.794609931812232 76.342313399592086
1225.9904374713972 15.436516364634912 0
403.92217285500737 -12.943806046352858 11.177401034734652
1837.5 -4.8382920527258229 0
1525 -2.7605892686308287 -8.3676001433766132
644.88182133289763 1.3457192651116872 0
925 -0.25 -4.454351941183333
-632.18446878756276 -1026.5875596587134 811.79763168231068
1069.3552859667168 -6.7596764078160803 0
1699.3863819948406 -15.109327661638078 0
724.75246361609902 -16.31364140114141 20.296538435533304
561.65638274996218 3.9286038088544011 11.417228791003231
1075.4462581809053 -3.6159839786628281 -11.470410710201094
799.1092074623391 15.602233705588898 0
532.0709607855016 4.5425050605859667 0
721.7491127903827 9.6642994496143402 -7.6877637275769253
1557.3415929952539 3.4207964976269425 12.274924814173714
647.43154639013039 1.0342268049347749 -5.9277044737594755
1755.5518264525754 -6.2517584978865806 0
1300.5083017174561 -469.69182639409757 0
540.81595514127525 18.121908150195367 -12.006257651353687
147.56917517241698 -29.189728170539965 0
1772.3207096244062 -17.706225274833375 0
117.56908400312327 -35.69072599150833 48.485199063853884
1901.7679293113201 -11.641896063216342 0
875 -3.4273083641852211 4.5065503658401376
1925 -2.2817314084366291 -6.316004674720471
1232.0272917703135 3.2636458851567669 -10.281110823747811
1900 -6.4208162335337624 8.4218626845388691
431.20599256674183 2.8529962833709108 -8.078750743782118
1724.5912959099132 -8.9574018896605381 0
957.52857529967537 2.9983211501188656 0
825 -3.7396352972631739 3.6800802728637434
825.85985271975164 16.091772886007657 0
1375 -0.24999999999999689 7.2302546652825921
1075 -6.5138916941162881 7.7717612444298849
891.00954618523178 -7.6989873451187592 9.374166706113396
1919.3888987079135 13.251637065151604 0
342.99591813430067 3.2799726389343014 0
240.78409137596481 3.509625038065765 -9.1260490029713193
1453.9616436751417 1.7308218375708633 0
1281.8322271592915 5.3108705328716947 0
1000 -0.25000000000000533 -3.6620058927524166
1382.1171362179944 3.308568108997215 0
219.87950806203355 -10.360181129565355 0
1524.3029277809349 25.991827589824638 -20.405473615831536
707.33804460185104 3.4190223009255165 0
1132.3300528886443 59.87950577685524 182.78110899469684
-15000 -30000 30000
792.27608780500918 2.4780649855940844 0
1408.6286726217427 4.064336310871326 13.872605031224479
1632.739060782631 -6.1235097494112098 -8.1377809743020837
272.86241597571217 12.449014730341755 0
523.92149620628049 -12.216966170780086 9.6606662542467596
462.5 22.716448902079943 0
1343.6007362348714 -14.826419998039452 0
1275.6651799132851 -32.673288392166796 31.400517770707921
1760.0395021540471 3.8671510629661574 0
-29.237536026804364 -13.901368464142045 0
211.23388019461777 -1217.2140358247295 0
1953.8500272431611 1.6750136215805389 -6.4071220785820975
1244.5763760294899 10.692069556225606 -12.484638285575141
1748.723288422025 -6.6394300830425186 0
-56.30487426620148 23.796991756847483 0
661.79996540382467 -13.617147299483136 0
223.31623433849472 14.344160064261848 0
1967.4799252628045 3.0200431952083502 0
494.69821262510038 -5.7608306783561787 0
1275 -0.24999999999999512 -7.5380208057009561
1974.7441712539567 16.217656333088264 0
1714.0851909331388 -20.223171933444014 24.876634865306791
800 -0.24999999999999761 -4.207874520252048
868.8084032696953 6.9707575202374379 0
792.78096397187005 -12.857115933388986 0
1375 -0.24999999999999276 -4.1433959958437638
1175 -0.25000000000000133 4.5952397391100366
418.36006786768729 3.0699660661563608 0
282.00855030807173 3.2542751540358728 17.624959960870445
393.22290584504367 3.2210300546207442 0
1912.9232278699167 9.3965546101370769 -13.538415127807047
-12.5 5.9133823900902884 8.1531179604650728
397.70318204107053 -5.9240464272982907 0
806.17449974237684 9.6573613073831233 9.884906183948889
32.5 -7.0127647744445509 -9.2581927560964612
52.415165870025923 9.6243018113633578 0
285.57831962107804 -1.2284509474469996 0
955.82644165729016 -15.845718766375215 0
243.57790752177337 -3.9873192547867697 -6.1552098265012498
1125 -9.4632739800378278 0
-17.499999999999996 4.7691488288245099 -10.171445099038134
-106.76349539453739 -13.587298902541676 0
1079.9524807572707 -7.1910832784368157 0
572.65082602003815 11.306874262401692 0
1700 -0.25000000000000494 5.9103457555256123
341.47051230160685 16.767410322092395 13.801843482351934
490.03905624712371 -8.8539251557032213 12.750498292774763
498.675586819285 -5.030785057238492 0
995.14165037404371 8.5688070211576495 0
1650 -8.2809286937709246 -8.1300954191350989
1366.3717972253303 -11.124414926247431 0
1878.8602790872462 -11.389969868359218 0
-15784.488600823264 -7728.7479858033967 -15069.064529883814
895.99717407662934 2.3712608068288628 0
975 -0.25000000000000444 -16.070490938147337
946.04531206804529 -11.350986900437809 0
1000 -4.5155240769753346 0
1914.386245105615 -7.8502295586893407 -11.573285189786606
295.88958466864136 8.3153543530339409 0
2166.4679804276161 441.40956124340084 0
1570.989648535384 5.7035697464455826 6.5228310927443118
906.56523538168926 1.0628007490193607 0
1657.0196970842526 -32.539316822186834 40.87055625259697
688.59692291474664 -14.283787708153278 0
543.03945917142596 3.9175164437917736 0
1442.5265238507588 2.443579588562494 0
1569.2631736226338 -10.384275712603369 0
1368.7250674777815 6.7780809321253823 0
575 -0.25000000000000333 3.6557740812989765
1101.2680397210434 19.265128293948234 0
834.56549727898027 0.54616267977141075 0
7.5000000000000018 1.601808967547909 10.660384281065173
526.01009674147372 18.081552641627223 0
794.87188071892115 9.4674829664051394 0
419.36722559214479 20.221578792158397 -22.076943481370694
2.5000000000000013 4.3934377207020185 -8.8571060720438179
1751.150526267865 8.3255867962387331 0
1519.68728246195 5.8406745569127034 0
1574.6222157967411 -7.2016939154921102 0
1520.9963186659454 -22.461691993679153 -18.874069804583812
700.98331556600283 16.63425266240198 0
317.94503760972265 3.2774811951386744 0
1732.4568110642301 51.824772717720478 45.542907647091674
1390.3157444096028 0.20279406148690327 0
1833.1326765086635 1.2235246279817482 0
684.62160872778793 -6.2971856439381302 0
675.6677055751519 20.749236520781039 14.100243048435475
680.08525007894764 -13.537801632751782 0
1185.7678526412562 -1.4039001410281351 0
1896.7385428481782 1.3807285759109234 7.7084155292987004
656.01884791716736 -7.6348155800080724 0
1807.8957993254767 3.6978996627383616 -15.628985548432789
1219.9625644033756 8.5978336996108347 0
1496.1245569076593 1.6877215461702939 -6.1241364057988852
325.63060082115607 17.563045423026043 0
27.499999999999996 -6.0150795396056518 9.2040339752034921
462.5 8.2607209939937594 0
450 -0.24999999999998135 -15.158368968029375
1971.1499727568389 1.6750136215805378 4.3430349490709776
-171.35111495777659 132.90928083142097 247.23226527690505
1175 -10.929122933032808 -12.32904969944877
1378.7330067205767 1.6165033602882837 3.8297641984507376
1775 -5.9415234989538277 9.4263468405748689
-1843.6384269835235 -1844.2033273809388 1630.3888394212549
1516.0855104813634 -1.2098882590443258 0
1133.4274323931879 -13.724347977904603 -13.12160163359707
401.82561295540989 18.570925883302191 0
798.13244382412495 -8.1044629273716033 0
-15000 30000 -30000
1081.7062951226435 -16.301863659135588 22.559059235883797
697.56595605578423 -26.297542083036323 0
1167.6831660866628 77.886448572297581 0
1008.4287893743476 4.5136108663955756 21.572630401254251
1413.717335933997 8.9224248967366719 0
304.19478676008941 8.298443676139307 0
1025 -6.7728082145354582 -6.7762965800485579
975 -0.24999999999999969 5.1057231915129604
1931.5860717704893 0.94290456301998038 0
1646.1487717121981 1.6756141439009746 -5.3937727526710111
1942.7197076330976 18.087395170196398 16.124410098933765
1008.536288551435 1.3799879679104978 0
1207.7312803588725 -1.2329799617404662 -45.791964043679044
1074.6614046760444 -6.7906242550654863 0
802.83075254923801 8.5009745580087532 0
498.4903796364224 -7.3570704603914976 -7.3181958239242224
282.27008515992895 -23.876622044538429 -25.114850062508257
1300.2390607120817 -0.1304696439591897 -10.856849602021107
673.18878589910537 -9.1393702670902162 0
1350 -0.25000000000000755 3.9948460210140873
228.84480989547293 -9.5413242643621388 0
1381.6662261650276 14.002359253077257 18.109829003533363
321.29879689315999 1.6006015534200067 -4.2410544619591741
805.62014359666182 -6.1120418271872294 0
375 -9.4688130052936756 11.143069566860968
232.44181802703821 -15.215424504395822 17.806061671016067
1253.8636598456987 1.6818299228494229 0
77.53445768458505 -2.7311292368015323 0
42.551550430229291 -11.3112348118973 -96.130402472364963
1825 -0.24999999999995545 8.0170420230442048
993.72818353255957 2.4365782123275936 0
746.38550145956981 1.5572492702151075 0
266.42756160262394 -1.5264124342966932 0
1568.5361073104568 -4.1296572345337035 0
1519.9804182889923 1.2456644896352831 0
247.13356713471023 1.1832164326448771 5.9962733482722825
950.00533816891004 16.215351523599566 0
183.57334492891869 -145.42116313776611 122.81356360471892
744.87026553091403 -8.432641204274768 0
1755.0631591435542 2.2815795717771103 6.6652594195758059
807.7831019495062 2.6198291899903561 0
1387.8378918174142 -21.199795630700841 0
1075.9186173712565 0.20930868562825911 5.8559396511443467
1075 -3.8188649978626632 3.6216280347530097
303.89145164034227 -9.170960610905464 0
1650.0786920902369 -0.21065395488155558 -4.3219461330699342
552.98417134655494 -11.230551505694448 0
1453.5055632758265 16.346402439255559 16.923288679841011
500 -0.24999999999999822 4.0106234502029263
517.27349457367995 2.3945019792281075 0
743.06286906959531 -3.0486424508591572 0
846.22798473444197 1.6360076327790096 -10.303855503724781
1945.4067473326447 39.276406878450487 -24.545991152638337
265.70030189735138 -5.5461809390213412 15.115068877472408
321.29879689315999 1.6006015534200058 9.2630941102932134
1575 -3.8435711242476596 -4.0518000944550181
101.32025484598847 -37.618873716884771 0
543.34005133892788 -6.0725250524114491 0
749.78877606759033 -15.145273736550919 20.809301547885923
740.46322824034337 40.73555007938409 -99.155565130521268
1004.409017776487 -3.107603675692153 57.576809120406615
1003.992995803912 35.788900054221962 42.301439962522139
989.98960411489793 6.3027240367595088 -11.348725058193311
1416.7121302986627 1.736743532934359 0
339.99564056729173 -6.2613441672379082 10.437683132468658
1355.0352135434132 -13.276489678309865 0
529.0376820053807 1.7688410026903698 0
1850 -0.24999999999999897 5.0383565701317181
1945.8166541799956 15.326481182847512 -13.604457698414402
1889.3098717304831 53.736607233648918 -43.527119309104727
556.7476488360893 8.7528188211855742 -11.219903239271508
1450.2048919344595 31.218020375659471 -24.722427412608159
891.30469387159383 -7.6450545799957084 -9.2308851478820433
-1020.9842208242671 5636.6281310704499 0
396.03173094801036 -8.4078952519137982 8.8931496577895963
584.5021588247572 -51.510085841467202 -48.357921440289495
873.63629512746832 21.349232971007002 0
222.02103155440042 6.7130971568428262 6.68958603242484
1667.2321801836538 2.3550489404281079 0
1725 -0.25000000000000444 6.1633326135316624
1650 -8.2809286937709246 0
790.37315465605514 14.27838760310123 16.457638300323236
1949.7110907683214 -7.2350745644679346 0
556.69453781286279 -5.8820245735726164 0
559.25790505549514 -8.023378337668813 11.727865101345571
1649.8886571978746 30.567589084545716 23.838109702076927
1828.7360211564505 -18.776091469442932 0
308.96498712887927 -15.229948525946973 -14.063244285919446
1477.0961062608424 -48.789533738824503 -52.152612830687232
-1760.4919098930823 9883.8272548127898 5714.8669376609178
1917.4238813582178 4.9409562074408706 0
1078.1612170543831 1.3306085271916002 0
1632.4089986692391 3.2975524007942294 0
277.97011175686293 -2537.1027975462371 0
781.71904419263058 53.484605111398039 0
301.20315214607007 -30.284151776828168 27.851783478929644
1949.3837504702713 -22.180716275731221 -20.443918954435862
1394.9238725727544 35.600521253675169 58.504578591433805
970.48092812951086 -16.556772464384789 0
1833.0406337277111 -11.758537804988986 12.073994783406805
1181.3999446927619 4.3491275409154309 0
322.86798641627524 12.270311304130704 -11.629953464948574
568.04316000069139 -4.6093474638568397 0
1928.2967368720003 1.3983684360001578 0
1084.7915595182521 -2.6757042629237864 0
632.98820655919337 2.0837341392959421 0
291.91459183495994 15.520248289303549 -13.694117326876173
1775 -0.24999999999999289 -8.9735508585241384
525 -0.25000000000000505 -3.5800770964390463
1006.2178901702866 -5.4171451394818231 0
921.74409596966063 3.8240656191466589 0
1600 -0.25000000000000289 7.4445258696838525
500.52734249523354 16.771560342257796 0
281.68222428173931 15.423627033454508 0
1756.0838062109292 17.94218122712115 19.474290363159412
1143.8100371004682 88.218660810989149 -80.60261194908496
703.84590198230921 1.6729509911545974 -4.1302991150643829
411.42349561336511 -14.24286137582456 -43.836578023724883
1689.7667346208029 14.63344080344913 -20.421067490447591
-47.113702653617224 20.614191839116998 84.108265477567258
1881.2112796124011 2.855639806200581 8.7574380836622652
1054.5615802084508 -9.3173136549025415 0
1650 -4.5717917886130852 7.7215601646214918
725.7230928619183 -8.8185487675392906 -64.57277195421112
1078.2240800675079 26.350156278990958 -17.889296768589041
321.29879689315999 1.6006015534200058 3.872641526570062
516.21885812111179 -3.3115260108415816 0
500.09409024612961 97.226815034278985 157.29495570389923
-97.900711620060122 17.262011961706545 -54.308897857980796
1500 -0.24999999999999911 -4.4672723665564114
279.46889693543051 7.6893297530170948 0
829.92699923589282 -9.5279677926273028 -10.061527706848054
925 -0.70259359866605187 3.7694249756473952
1625.5105524365845 0.0052762182922965195 7.5282598505569895
1433.6547841141603 -5.5592760769533296 0
1136.5567202368093 -88.99046528718516 0
1482.0557048928886 3.2778524464443262 -8.7866791789567404
1475 -0.25000000000000266 -7.8455092421899852
1348.6080961440155 -8.8143855972910572 0
625 -0.24999999999999303 -5.0540126280466788
868.43244180850104 1.0497812264413557 0
325 -0.24999999999999778 3.945431397568929
1556.9947799730492 24.835751416703381 -64.626597913087394
1860.8466532413693 23.184721044817426 -29.113542829257568
1687.5 0.18548946875958117 0
1200 -6.1233675385057831 12.208778502363428
1004.5106975946077 8.2812676236526173 0
792.50070835460144 -2.5831831431563552 -6.3835838580499082
1850.2459466563962 -0.12702667180192551 -7.7392742406329686
278.07575931035115 -10.202059043132245 0
753.82330934791457 -9.5723277691181536 0
1750 -3.8755710805232977 5.6847036076212802
1332.0272917703135 3.2636458851567669 0
1222.781522082126 -17.168250336033793 15.984066134842186
-531.91316944113021 -306.73836216846541 0
456.4771542510772 -140.74348503308678 171.80069600282218
1918.18742728847 -0.82393730516899422 0
1271.1363401543013 1.6818299228494165 4.3744063985171842
897.72514425821134 0.88742787089435282 -3.573057358525245
295.58149343283674 -8.5960356117763173 16.054161854210953
937.19077814032528 -5.8206098899519958 0
1557.3498972225059 3.4519048649074624 0
349.98438582525284 7.1221293829003542 -5.5634809229765612
420.95147367108041 -8.0885693976574551 0
1050.3824834628788 172.98899794015978 105.6157113187553
1698.6654676304643 19.988637022412174 0
554.35001109535938 1.9250055476796737 5.254508201196086
1628.8512282878019 1.6756141439009764 0
631.4860713962986 -9.2997112956536974 0
-30000 -30000 15000
1950 -4.0440392473368441 0
2842.578192874691 -3758.9765498914749 0
728.94895924015725 1.7244796200786447 4.3218564768841059
225.33890852415402 15.583059883003441 19.837585306802836
900 -7.749081200697729 0
999.78061343163859 6.9405139032703431 -5.5967401870776765
1850 -0.24999999999999667 -3.7735759292714044
1682.8695618332774 -11.267715372586062 -17.081456393082572
1176.5236800255386 -12.007738090190447 0
1496.3260150063495 -16.682434637535486 0
941.11987305725347 1.4291878611959152 0
679.46655947626095 -22.019122303879151 -16.011894899238815
679.46655947626095 -22.019122303879151 15.118441134943323
533.24518027641307 0.21294998602723569 6.9557289912941238
1325 -0.25000000000000133 3.7909662236571431
550 -0.78189869996966355 5.0254194467744915
900 -0.25000000000000139 4.3333376577574256
1987.5 8.2300392362899828 0
1812.5 -8.0293923622754413 0
660.83366689973695 -52.56106236072543 44.221604864116451
600 -8.691811278146389 11.782187630512906
1618.594739573409 1.8187017183937311 0
15450 30000 0
1072.625504222807 0.93724788859649044 3.4174149026910552
1076.7123751107715 7.7819164911806054 0
1245.4678550969829 -2.4293742888425243 -15.550373491958652
547.54945803815235 -9.7970349231744773 0
275.2491765086491 26.876783124902158 -15.396279389958908
1822.2113887589203 -10.995479779456874 0
536.18236480393227 -10.003065327678621 0
523.22453979958152 -13.612942608023694 0
944.17934793363099 -7.1836431043024422 -9.3457715245143973
953.85029140804818 1.6751457040240982 5.8107067146782114
801.39227815073912 -5.2892778665233928 0
1717.0395731683277 14.120942292592431 14.342547944451837
1300 -0.25000000000000189 -5.3597555956433647
967.78019062148644 3.3599046892567586 -8.267418268021224
1101.4480338049709 0.47401690248542971 4.5453727391076733
875 -3.4273083641852211 -3.344689249650747
532.21098428105824 -11.932500408553004 -15.103272755055249
861.95051795489542 -11.934881823131395 0
1605.0890715252235 -7.967326673954485 0
1631.253867453049 -5.5511728646874001 0
1876.5266640985697 175.98155058761017 112.30802630236782
291.56191788215529 15.316425560153764 13.607344959946856
1993.8994693868729 125.59221097266791 0
996.78181653921627 1.3590917303918548 3.8317694299640275
1623.4272366192411 22.768181076542948 0
-22.5 6.0877463984561562 7.554967294115321
1969.8678354518545 -12.23636755423969 0
353.87564712269972 1.6878235613498713 0
1252.0331823119325 0.76659115596627625 4.9467740558142577
399.6592862744468 -71.626177619928512 -58.200423426443905
677.67784964045165 4.6713053495875609 0
1244.7172748897081 2.3913625551459887 -7.5809727617507754
1925 -0.24999999999999734 5.3285936278125554
1376.5022139929299 -2.5625662698544383 46.554057671741845
1125 -1.9792215407240161 -8.0740039543389486
1531.2558631819295 15.229085515815036 14.956719724050329
1574.115939775023 -12.452438899524823 11.219478240011824
1857.5025263423447 3.064661254549768 0
1047.2109312253458 8.2746069576828063 0
672.04207115594591 16.634252662401984 0
1843.336465002162 -18.232475674823586 0
426.83964698571992 12.467589723230493 0
1200.7527374367908 20.376713464981773 0
522.58354944691871 9.7135355895452022 0
649.39934884906495 39.328855936198622 29.45022114188323
949.03576328379211 -116.60967574087576 -62.991335074725839
184.26466627413157 -4.6652070274272113 39.872416655770763
955.5071924693134 15.167600019692337 16.107143446215229
415.23545203190395 -10.045629656165204 -12.791950760361816
1550.4063928234141 16.726575442895985 0
342.05657747883242 18.027103715953444 -14.29215101558821
1004.167264779913 3.4562143852099032 0
1356.5960874792725 0.88256516440371091 0
930.67171161369015 -5.5545708624792542 0
300 -5.9509474483395683 8.0584687706238753
625.06872689031195 29.77899882306161 22.819531645602755
953.29678055784655 -8.4607148876877272 0
673.82547398459951 0.33726300770024098 6.8262880795406842
950 -0.25000000000000022 4.3654537153341781
703.48356756549356 -14.218984899306722 0
1063.6458413238552 -13.707038954675649 -15.961890812874747
560.99571431247648 -4.5970802860119235 -11.601947983099638
1776.2812396945817 -28.528488689017983 29.947418109995809
1828.8519563878579 8.9117903695042102 0
974.46480700111636 14.044814988298981 0
357.05641086158619 17.356869830478075 -11.37625120774482
5538.8969911487757 9067.4400075717567 6166.2021959230833
1903.2331040546142 1.3665520273070346 5.9034099581422348
2136.6623591407415 -60.084374036398032 0
862.87632601995369 95.115402773301867 70.321257626851491
552.35449691897713 -6.8324989188279375 -5.7507225069410675
946.06380958964132 8.6090576751432657 0
1494.5447837245017 -8.3095343381762756 0
1077.5032207702209 -4.3975244774369227 0
571.72471530312316 5.6746397512029816 0
756.52249069168352 3.0112453458417678 7.6783551625256399
567.45806246677512 6.6614955199749879 -10.062235227866639
579.09627690842456 7.3547883854043903 0
571.07710967958076 1.7361616881130404 0
882.03236349179156 3.336579176312521 -7.6954112546371629
1002.9267611554395 -6.2227378942612148 -5.94054504337692
587.32511681116273 32.196579416384893 51.48593474931883
1025.1439728864366 15.294574711140934 0
450 -0.249999999999996 11.028013095111456
1101.8663523923747 -8.9606211289373974 11.077540896952911
850 -0.24999999999999911 4.1621030823517353
1020.7184227648482 8.3678411137868274 0
1309.2221293662617 34.646074744699114 -26.304585919392053
300 -0.24999999999999556 5.9488485632256829
1330.7869980134012 -6.6023307110931269 0
1846.2606241678302 21.181455616097224 0
945.67450307624927 3.5850372218993591 0
522.81485847043325 -7.2574454068804233 0
856.21168200465058 4.9386185740836179 0
1350 -0.24999999999999703 -3.9294848342149251
796.40198453263656 12.941381642518891 -14.389113486004646
-79.92241972430233 -38.023228672782693 -66.912188988158064
903.25590403033937 3.8240656191466607 0
375.1009185986004 59.096590483844842 0
614.93332830985378 -0.52488088534955502 0
-119.3081551150365 -67.051616333191248 -220.00744918144892
1627.0264151168396 0.76320755841987065 3.6784441672136752
-12.790178016780562 -11.098732637660623 0
551.62286541295771 11.955735338331319 12.161100087874352
1776.9837676459088 20.699712602106992 19.768718213122838
1628.0382091320369 13.435726706188895 0
1871.8167576367659 1.3416211816170542 8.9633679884943351
64.060081042084605 1.5868868417344775 -15.989710920878771
1800 -0.25000000000000089 4.5126877700775259
1295.2356763187415 2.1321618406292382 9.5706331912825675
1446.2450445673551 1.6274777163224039 -4.4112695676217193
680.42870572980564 5.2961676537939733 -7.6877637275769173
1487.2496271199918 -14.237406583944125 16.452123377869324
464.12812428818694 -16.339357855005726 0
-76.77068586243567 -0.68466548230974489 28.801700961529718
1368.4039125207275 0.88256516440371091 0
1506.268063634594 10.371943846220212 -13.199832985785994
719.93913320123772 -3.0749710464824629 9.1910765696575716
47.5 -2.9592583040266875 -12.970106302775857
1006.7137448325815 -19.191051641019797 -22.548331893934709
-27.5 -6.8344737825785487 -10.821767999878308
1876.6866348115311 0.59331740576560965 5.6679308685040501
475 -11.022732618288755 11.45041430873818
675 -0.25000000000000067 3.4250018165869172
510.78201280025274 31.377990662822889 -36.620643755739543
450.65783566018649 -15.732553450770466 0
546.47111221598175 -5.0318527830215718 -20.70186734597057
1946.6136021064117 1.4431989467941055 -6.3840428767859185
1759.187215513746 -13.569920118166358 12.659379808877954
30000 15000 30000
1697.1618014501889 10.341744131601933 0
275 -6.0607252970200918 9.5468803243671267
1477.7931928635378 41.432188717654 31.432982236810794
1992.9693363452727 3.2653318273636316 0
1506.9700223863022 -8.0383471539427696 -21.92729826123697
722.95501883066902 7.2939461795311455 0
1622.1928970882802 4.5038299783931759 0
1452.2972418344282 10.037227498368036 0
980.64986967821483 7.765184909716778 0
1955.4800034404645 -8.2973016188682589 8.2630267557037413
1261.885477358657 -0.62208171045022309 11.744899269052723
1147.397812679236 -39.906088671774583 -30.580376818138589
1343.779028349534 -4.6551800740215361 0
1200 -0.25000000000001005 -3.8532356528740443
1450 -0.25000000000000133 5.2419364212535449
1181.618162139561 -7.1176424946587407 0
1615.7111160560119 -3.8959575640640693 -8.1377809743020766
-6042.3176667007265 -1422.6108529321332 10410.759723324585
308.34432784578036 10.839452476984283 17.019374222125901
27.499999999999996 4.1320212547682091 8.9283838336979251
1943.4139282295107 0.94290456301997994 0
956.62330872609925 -22.785159997421527 -23.369504170357352
431.20599256674183 2.8529962833709064 12.453023027040041
977.34227336483082 -9.885346113002921 26.406772282420693
394.88745002623671 -34.544778301274349 50.51405251880125
1858.3937254830469 -14.201959880564518 0
1167.92766146542 3.2861692672900435 0
620.87160944528 -8.7806357614944837 0
1181.58535443507 -12.182216944014115 13.233066035954277
991.40475475283574 -6.7024802863635067 0
1599.010969237343 15.477535455413285 0
1131.5042339193847 3.0021169596923825 0
462.5 -3.5100122712667137 0
1293.1677728407085 5.3108705328716947 0
1789.9040493692594 -7.5912322585902032 0
1118.4670301393994 3.0164849303002854 9.7816842408067561
1371.6937336054609 1.403133197269498 3.7928757738902368
927.40713412822811 12.158301870725412 0
190.09755442845378 -10.285276258262027 14.372737688150783
443.59678086120925 -9.06757123897426 0
1349.6274875800714 -25.374670144476276 -23.031089882432649
224.05723143678733 -6.6122358361753903 0
1425 -3.320219852305256 -4.2789881995701613
1727.9329872113271 4.3691992632855499 0
690.88108196300198 -42.389642101742304 37.591078351518327
516.63458828561977 15.109741852365808 -20.058084705297293
1125.2735635151578 14.68541142640742 0
1027.043366021084 0.77168301054205202 -7.5841880091999787
1675 -0.24999999999999156 -11.676455196766987
-37.5 -7.8207510952890233 10.998145655242514
1338.2144712898203 -21.322711404667466 171.09735015967431
1855.988105698515 -6.8778224665219589 0
1542.9625947550185 3.2687026224907276 11.05424718646873
779.84814607592409 37.270208489864388 -28.026780578010076
1174.9463191842874 16.667899627159787 0
280.21154748031819 2.3557737401590915 8.1043414747069491
1870.5305181241067 -8.9547433330240427 0
1343.6057930970485 -9.7393260328080444 -10.549203078885652
600 -0.24999999999999556 7.6634384874986843
481.71415593519953 3.1070779675997642 12.06653329321392
1801.0670978183953 -14.768501297862109 0
1057.7014603412724 -16.388714685917559 17.740642888255241
1192.2742409397583 2.3914458591708221 0
1445.2625716107289 7.8970136034411968 10.82921586104894
850 -11.856358731379956 0
475.30278658091436 10.038532605847422 361.28316395451645
728.69394326041345 4.3453076602026854 0
1853.8496474506776 1.6748237253388494 0
587.5 -4.1526380674519929 0
1730.9612032086845 5.8955883261248339 -7.862694146354106
1525 -0.25000000000000605 4.5374453122924425
1019.8059067199483 -7.2193588267503603 0
1876.4232164797381 21.672733664968121 0
555.33508455436902 0.92093929166831145 0
497.16262661563627 -7.987623796458327 7.5697700928731013
308.35541094501212 1.6708651450969185 0
447.18790107414225 -19.074990570111684 22.866782921334337
1148.6928806683829 0.40355966580852964 7.1448047228167582
1205.4668659314921 15.023423657594886 -14.626102684812505
1467.8226406341814 4.1573200889190121 0
1599.399092822345 28.877563626825825 -22.040326100167174
1326.8257465178294 -10.304515368183221 0
1218.7548811086481 2.4416953110997688 0
1996.3112300699311 1.5943849650344275 -10.284171979699352
700 -0.25000000000000827 -3.8239829601757256
343.43502956347749 -4.7213045182072131 0
1424.3130837119829 16.781903247026388 0
1646.1487717121981 1.6756141439009764 0
-2370.0465976126334 -3477.3132037211017 4542.1761155430204
1821.1081746414106 13.834623627634885 12.073994783406926
578.9853693240882 14.405890372101062 -12.143062030262417
1269.8169207520179 16.656323062204862 17.24999843412138
1650 -4.5717917886130861 0
1794.4431852377145 -17.236867627203935 -25.214453639193248
901.18915293777854 8.6763362520040559 7.4339726981592209
2029.5212848661265 -4.1066055055746817 35.92779273124787
1867.7598779505745 3.3700610247127667 0
283.71081442525485 4.043774515034241 0
1221.7926752652299 1.3536623673850015 -9.9057702169506197
1002.7374962250522 1.1187481125260788 4.3047032375522711
845.04895234156731 15.771651603348753 14.871368438633539
1926.7195886569634 0.60979432848173531 -3.8078324945505138
976.09251794388274 -9.7902085991677428 0
1675 -0.24999999999999156 -5.7713194497343805
224.51939776816587 -11.234006744965157 10.50479059395467
401.51503194143322 -119.29400010382435 91.342069862757654
1359.6452258409483 -6.6257042172589138 0
73.634591604600999 -26.497875872345681 39.710417861568175
1801.1170837578588 18.722922479965799 0
1937.4975523069504 -7.7921301195284078 -13.989229038136418
2272.5300524692839 -2914.2706991232135 -1297.8855720488173
948.26914027269186 -6.3885772839253203 0
1529.9232698711039 -21.244113707501818 0
2004.8005058076149 18.209389557603085 0
1296.4045497042628 -10.481010990044393 0
918.30139690318606 -14.346695517578723 -34.854183751883554
-2309.8684627406028 6751.7998600706705 -5375.3856875603506
1537.5 -3.5212450567103635 0
1095.7423717386309 10.472162315686662 0
575 -0.250000000000001 -7.4013613901668185
348.61901557520105 -9.3114340263532878 0
1508.5000467059738 -4.1745777093737573 0
672.43625996055653 5.6822559115534066 0
367.25864908617859 2.4294946950381195 0
396.42384951373748 1.5380752431312656 0
1850.1495324975156 11.464864548136818 0
251.16819511614023 -6.4661138271066374 0
733.22976265490865 16.275483619532935 13.212049299319485
1324.5117600852038 -16.829146716045081 -15.098010794823269
1333.9208763941822 -10.41304703059604 14.208645469285791
651.7336163457843 8.2691042406893516 0
1795.8796456176838 10.156374171191189 0
199.34165022576178 42.964045757465335 44.533801642070848
-164.08593487253432 -145.56202428481919 116.15328711083268
81.185648213526605 -31.2405903058091 -36.914809919793001
184.62811641319948 13.761755899499722 0
1871.2041216082328 1.6479391958836587 0
1550 -2.4596101675809052 -9.291466567635732
1897.4550974056581 -7.08273873714489 0
269.60353641756984 -13.56229585060596 0
1215.3402823101853 -6.5346480126684252 0
1829.0481349585868 1.7740674792934388 -6.7479251636456858
1425 -3.320219852305256 3.2994027296285151
1125 -0.24999999999999467 7.5379894686765656
1322.6613840185908 8.2320230972936628 0
1542.2358139801952 2.3653217830525746 0
300.6646763361536 120.21258227928787 -82.112619621495213
1356.366431162259 -3.5839675490121468 -5.9912408250104914
1129.4826023280527 21.807224815756474 -21.663609384067225
678.91663554246236 -7.7642887757633918 0
1408.4807625670728 2.5230504942714882 0
281.43834641845547 -5.3902805816171391 -6.1552098265012534
1503.6184413913863 -11.601745214416564 0
1093.2486254048417 3.1256872975791663 0
1895.9325072535828 -12.84255152582284 -11.95123788732786
-7499.9999999999955 -30000 15109.124999999998
2000 -0.25000000000000044 -5.8930594044676088
-17.5 -6.2671249870387244 -7.9425881102680531
969.02945868884717 -6.8274096214763897 0
942.19724273039378 6.3815805023553613 9.4146346537457379
1900 -2.5982674092404672 4.8674025539745003
800 -3.2540324580260607 3.4999488792684623
952.47288692988229 -120.52301656266897 0
395.37999517503607 12.097711016692283 0
908.98429622922606 -7.4672599448781671 0
605.00787782204407 2.2539389110220167 -10.862779593372954
-255.53963507442307 -312.9480015638224 460.77013201049613
928.7885736955194 1.644286847759723 0
-12.499999999999995 -5.2715960129822692 7.1044975198443385
1250 -0.25000000000000067 -4.3751144226223042
766.31599279212776 -0.39094798316504786 0
1471.0383563248583 1.7308218375708626 6.5329120072809896
796.52797158245869 -11.687035167762609 11.430310258839643
400.72547102285012 -4.3818829939986976 0
1902.9457238685168 -6.2082500058379049 0
1207.9736911901211 -4.2763261960069823 0
671.24724869495208 1.9882123092244963 0
1881.1144202532889 7.1444462860226672 0
1500 -6.6220186574802726 8.0326366347984735
1322.8728027987499 10.847040154772618 18.828344310549681
582.7943390732986 1.2331570577177926 0
700 -0.24999999999999778 7.7720134142375583
1401.5200664871488 -15.726960335180234 0
882.03236349179156 3.3365791763125205 0
707.84787952796898 -6.9170911652701212 -8.1726582611935541
422.41378203673685 1.0431089816315806 9.1931918188036104
1373.6205376341197 21.139777191217107 0
1297.4482628914434 -14.931348124333626 -26.810992527580396
1644.2392685702548 2.200068865170584 8.7252677450735732
1427.9239705550387 1.211985277519338 -4.53444643723045
225 -3.7962121123211916 -3.1254586392490507
450.93255654927782 -8.3686837401669827 0
1161.100843264808 -5.3220809326053864 0
925 -4.7944941510908592 0
927.70979217608226 -6.9401050533911368 6.6011946125556475
1721.3162983864195 -10.682328614094539 -10.79535583825302
844.94103333944054 -6.8481145182915499 0
1395.0231107831976 2.2384446084012497 12.780266996770369
1524.2688857113267 7.9179508740781079 6.890682973581935
506.69174007669466 -6.6016550911694631 0
1605.7652905036757 7.8810740390541438 0
1325 -0.25000000000000916 -3.8708395660490247
1849.9794235753111 -12.908512471547018 0
580.51923975040279 -7.0658108712104104 0
1804.1728514547247 10.970366142377756 0
619.36124239834589 -14.140876684246567 -14.571324009902076
332.18343649315926 4.1343221581327754 0
1860.5781792959531 -9.4273412411831714 -13.196096553710861
1704.3636023792517 46.370285389681854 -43.485981975720478
911.93116499509972 -12.509093110664233 -16.079209403176431
130.30013469247001 2256.7845924868966 -1249.5233139453571
1050 -6.3494267575027994 0
1461.8458943651169 -16.615309540242958 25.863588427440412
1421.256708337087 9.8302901202562971 -9.0002621015281754
473.70464335581784 -11.65619514191977 0
1814.6874398535142 1.3136086812365679 0
1275.2672864964009 -26.582124247153864 0
981.42594496251786 1.7375281358274588 0
1281.7369173461605 -0.45142669538183622 0
-7499.9999999999955 30000 -15109.124999999998
1671.0018991670463 -14.761413649306132 0
1675 -8.4251570770884534 0
1704.356212880484 -8.5307692291399473 0
22.5 -1.6361074963503643 -9.4278044967420485
2000.3218500525018 -14.881663425664911 0
2021.6539838384012 2.6771957082360163 0
600.18246266605365 15.436427334857811 0
883.29122581302306 -9.1093672295409593 0
1647.9735848831604 0.76320755841987209 5.0415391049986882
1118.2109962395082 5.4387590851435741 0
569.99973166106554 -15.585745030042402 0
1606.405260426591 1.8187017183937302 0
1169.5163469673262 -7.8211047857036649 0
1975 -0.25000000000000017 4.0529214724376343
1279.1438312079808 13.096714642515973 -15.138601032572561
820.18287885098789 2.1585605745060539 0
960.61624935985151 -10.079259506277003 -12.579683939178544
-7500 -15000 30000
2250.0577825792075 645.33737089736246 581.05373996271589
1440.1546058366969 -16.615309540242965 25.863588427440419
1647.0450847090556 -21.924940587326041 22.822326961107571
1245.9423886334278 8.4057102590846249 0
1841.8673234913365 1.223524627981746 0
443.79400743325817 2.8529962833709046 -7.7835267427858348
-62.956007264718203 49.118330974854516 36.011845773920662
1353.8121520893301 -6.1340326230770188 0
920.55248848494693 -6.7176541510471335 5.4060932884944171
819.84643035528893 10.001389711752434 -8.7162080622637372
1030.20215184823 -7.2200516442181186 0
372.30331789378403 8.0724446021971676 12.895383525612674
1675 -4.6452398957641527 9.3464009009155138
1523.5856998126492 -12.109829155824166 0
890.29313952054486 -24.831489902682002 -68.250075958679261
1323.8520977953247 -6.1262593549829898 0
400.90734218588847 -6.3109907882388256 5.8192077098435577
1127.8404723035769 1.1702361517884579 -4.6494678284052391
803.43845109386575 3.9870099258159835 0
1356.478042636855 -9.3534762831303428 10.652537434149025
984.114198913064 -5.0260190098757951 7.7339787588215074
750 -0.249999999999998 5.1180845695946244
599.2203522673102 0.13982386634487654 -7.1168323018058945
457.56113924982117 -12.303032881626416 11.998820057584627
1050.0924672817534 -11.196776704420186 -10.052632958094428
572.02940657946647 -20.44560363018239 -20.67693498742867
1112.0025483039426 -16.534114967168247 0
1764.3580048575527 32.106395397499014 54.324356068210847
951.85635579365839 -4.8202602397654815 0
1766.4018511747422 90.314531869857021 93.129077260182058
1207.7551621439077 3.5927307447749097 -121.71953594022975
668.60324535316329 -4.572240100701686 0
902.74601206090574 1.1230060304528702 -3.6153538394904148
288.84058147578662 2.8939561101234279 -10.858417570470493
1096.4542951114718 1.5228524442641485 0
602.68729764094064 12.282528465481569 13.49217141942594
1475 -15.785435675664292 0
850 -5.0821512589524582 -7.1753353560408808
1253.0887076992144 -6.1213585118532423 -11.20187298732764
1456.6822825878737 -3.9038183982784496 0
229.42679464739462 1.9633973236973081 0
1404.222474149899 1.8612370749494604 -5.2448401376209581
1093.0184723664029 -13.172299122076048 -19.322814766881478
1327.4395463943326 -4.6162849005677824 0
902.43867271986142 25.379723029315116 14.313212196360471
817.00393426697201 -3.8165785227575295 7.27442913714507
-95.159460513137446 2087.0136554025357 -4364.537473178355
1906.754549808333 -1.467738543145698 0
1564.1592549899949 -7.8080112093613341 -10.566723439241432
1014.9124050238247 -11.695847942565958 12.057114282394622
776.22060202042189 -7.8674892231944469 0
1705.9217967765035 -14.880034447338568 -15.209637594553737
1779.9500528854198 -10.628205008550381 0
42.5 -8.5015734330333927 0
1418.9493973413487 -67.716687588100712 38.163369664303787
1920.5525196156925 4.4659450862236687 -7.5355487279844322
520.89411925640309 5.3534653185532211 -5.4760894919976355
1150 -6.42756211425462 0
1725 -4.9263621929174954 0
1197.4492854319215 8.9812887151427958 0
-146.67068977706259 479.66717114127255 320.36755437719683
820.21526667386934 10.268488957249644 0
802.86019367484244 1.1800968374211944 3.4289007756290766
1857.3374469135008 -1.9967728832352392 5.6197901145566487
1828.9882794837958 3.95183741069753 0
1173.2115564572036 28.774343176337474 -23.945157995579208
378.19873186526712 -10.306988038254495 0
822.45725734737789 1.0213713263110331 3.5293873346682254
1118.896042346588 -13.724347977904602 14.60751490562301
2020.4200551426263 -16.679999843940546 0
693.0725482850537 -7.0734015795270606 0
-7.5 8.4010488321145456 0
529.34509883707085 -9.3776579164178422 0
1300 -0.24999999999999911 6.1860063221669659
1474.3621380864008 17.591904469554926 0
-877.75391372636022 -340.23983414015083 427.72005630346649
1241.8272370097145 15.592661075007971 16.168848418088778
1946.7032631279997 1.3983684360001576 0
1915.8108364996531 -38.837567749496699 -40.94180732228142
1369.9867762307845 14.363209752108922 -14.460916397590962
1161.5497795204092 1.9086869034870826 12.319346831884745
600 -8.6918112781463908 0
1108.4361206447297 -8.3106227100392704 0
255.55884443705841 54.563638828250269 -31.052810772783779
823.85882360970459 8.7532359051861555 8.3061432900114589
1904.119025190025 1.7403651197094998 0
14062.5 9375 30000
578.84016365711955 3.0222602979459801 0
358.2651584416426 44.5987337782841 0
1120.2808721588915 22.77460299465136 20.857727056670392
1533.2365456734346 -12.179573259890475 0
1966.0988331354758 92.492975655698203 0
1993.7892281142208 97.969071023284215 195.29039212376381
1791.1816159934872 -1.5615976422282136 6.8539935441172783
1829.9794055460372 -8.2240670539617575 0
1452.0863817833877 0.79319089169387513 -4.2878846489737787
1920.9544965082653 2.4755658338850592 0
375 -0.2500000000000015 -3.6314894396132145
366.37926443734784 -10.159145761877014 -11.260052709896467
656.95355886958703 -2.1616466905247829 0
1274.968147463994 -13.542873474781512 0
1394.6875912289088 6.3142510748807243 0
1500.2205017869298 -6.8167488082549053 0
1391.6103751582477 -10.791819536265164 0
1934.871946517083 -122.95415962963386 -96.467882893925037
1779.8508188487137 9.5347202462036797 0
323.63041338467229 28.402522818818923 -35.414824612447632
1377.19873737636 11.904869182868424 0
1603.2096025802211 1.3548012901105735 -4.2697537135405543
1792.4974147489991 25.331382275715249 -24.840185091936384
1598.7899395966904 -4.2933286774750083 -22.926694840882732
183.15810636211944 -443.5957628163809 354.1986528335209
1378.7330067205767 1.6165033602882852 0
1825 -0.25000000000000283 3.9110723518101569
675.69801283517472 -6.9743489718010725 6.7811922325916401
1824.9227259681661 -6.3228831741594673 0
592.04765646642329 1.8095160479736445 0
295.81610896308939 -11.259552204745161 0
1379.7398915020899 -12.376911246644191 0
1327.9619260305521 -7.5498852041691702 7.3080586588153631
1872.4292691965286 12.361540917810602 0
1528.4457818768244 -7.3487408570618635 0
1424.2171016139609 -118.14852543558531 -71.273104213860165
949.71494281088758 -10.015983805509148 9.2054701475284375
372.30331789378403 8.0724446021971694 0
1303.0195623512345 -7.8330966897132637 0
2012.6273687100359 -6.465327025808751 0
1120.7323057089152 1.8838471455423771 -4.9127826913050301
729.37738107645589 0.64936233944929844 0
591.15052068340367 -12.146549926690176 -13.313334407606375
692.84162912632371 -0.91882626228783071 0
195.55430243770678 1.9728487811465953 12.729052159142697
200 -0.24999999999999897 -6.2361517128766941
560.14444146167727 -51.95940521228934 41.682930028696369
449.53111032592267 18.08363934754788 -16.315482105811228
1372.2427933832064 -20.428486711302384 -20.522553328021417
1053.0417295118166 8.5512245332333698 7.7144805996978834
225 -3.7962121123211916 3.8522183144095221
228.34115500594882 -6.692973848681067 -11.105558334737227
600 -4.780901444102815 4.1732012152359159
953.85029140804818 1.6751457040240998 0
206.52231982537134 6.1700917880243855 0
1299.0224527198263 19.092589181060148 0
667.18229109406366 -10.584499965489151 -11.448542953554137
-30000 -15000 0
1419.9240695405679 72.699241511752632 0
1926.353096899956 -8.1640285185646473 0
1091.6741467929257 -3.6439961407150356 0
1098.1413131654388 0.67934341728066783 -6.4604168176319687
291.80458390394682 2.386725691657213 0
1775 -0.25000000000000239 -4.3997140181978107
1237.5 -3.563076903875682 0
1250.7809092301959 10.515991395543971 9.4228074063922183
1820.0364215404115 7.493513430753489 0
1522.4845750418699 1.0077124790650458 -5.002139619604808
1534.2630035344271 -13.548107695868364 -16.156564189175928
1600 -1.4802495131208584 -4.1383205367601921
3.6109720366355891 -9.0241572825211911 0
1767.9931158322306 4.9035438886086142 0
1184.7229526082881 52.827659805511018 0
1377.4770449320811 7.0220753299424494 -6.3073178046422234
1836.8664530606852 16.985805411071755 -21.199772590598208
1621.828678144185 1.3356609279074743 4.1065843112369489
1621.7704457696968 1.3165411705917114 0
703.96153671378568 24.655725099996637 23.816387857213858
574.57883268764306 -10.485380032478353 0
1344.7958119119976 -0.55118390524725536 0
1446.8850195068578 4.9406566254590629 0
1896.8166661273003 3.9467157251901002 0
-14582.015428475539 -13082.334992238064 16248.023142713308
1804.701280190566 -7.8663767524105879 0
457.040136266015 3.2700681330074866 -7.8179196127011448
1853.8167373756701 7.2566292476848995 6.4648429419110842
403.47427136695489 10.584869158534669 8.4341663472900876
-1659.6496790342162 3564.7774495020567 -2051.0353719196087
183.4753317216547 -0.5618363564920088 0
300.03879949555119 6.6438531322169672 -5.5903562750086522
15000 30000 30000
1675 -4.6452398957641527 0
967.47142470032463 2.9983211501188656 0
899.87988182076049 7.9485577450831197 -7.1454431025862188
675.29920142397418 -5.313115209423934 0
1496.249270820515 -9.6656417819387883 -13.199832985786449
1347.8029469825822 11.912914609817024 0
1416.9233754314425 -5.8942507996412061 -8.1123782588439362
450 -4.6754978019300051 5.744136248124593
957.32474936049869 -2.2092672886202536 0
199.03115763679415 20.092344860469247 0
1668.0338776447818 -8.4591233813898263 -8.7238873232506826
1404.8571353260074 29.562031680421128 29.628059414997239
508.69087941913136 -9.9259234875901399 11.817513410309219
1383.1291199436259 3.609266863092687 14.011082161381236
1653.0364365029545 10.695086344161146 10.314818349406371
400.08961019421048 -6.8683212748295226 -6.1177334551732914
362.10623051808216 -5.9196863209893582 13.315751257553892
1681.6001232717254 5.9659605845195225 0
393.01844131540042 -1.0533972956303719 -5.5752571940981497
393.01844131540042 -1.0533972956303719 5.5745025415311984
1675.1633812305879 -27.213691490870794 22.7007036568241
1254.9361582182489 9.7833886048565866 0
1846.0759725545975 6.2895710555009661 0
330.07206123529994 11.417191489700132 0
900.67264730187503 27.002808202643557 -18.584757357462834
1832.8829944220522 6.5407325826588139 9.396073375430408
272.04913180377116 -7.3677184893072951 0
744.27556381596844 10.364761562163947 0
268.14258445405738 3.2907955156172086 -6.1552098265012365
1564.8508227833458 -5.4796549307316704 10.844873069107985
1531.2968648174253 7.0241309529539508 -9.8846569314618513
1755.0631591435542 2.2815795717771059 0
-3031.4088630049337 2806.6602951763284 -8305.341292734649
878.70428951672147 1.6021447583607553 0
1875.1169895560945 6.9980757534577105 0
1314.5695355226603 -9.2049623799230815 14.804081686693815
1923.0319845045656 -11.110382596094205 18.85243599683
1384.9300954192565 -6.0049025207623625 0
1150 -3.621658665992102 4.2748602867260423
1691.5926137326135 5.9659605845195207 0
1688.5460778048205 -11.267715372586064 0
607.02821051541025 3.2641052577051131 0
750 -6.0804460641852893 -7.1321989681494786
1897.8277441478504 0.8361279260747958 3.6425818998785395
1175 -6.5414719063360405 -5.6593590153618516
564.40817435181339 -267.24916992059786 0
1174.9767241271697 8.8339620262664944 0
726.40187960209357 96.930146098504821 -58.474481976745992
1284.625384275723 -7.5451683612914033 -9.4312821466555441
1836.7184046732509 -13.14756988723116 -15.458787422108578
746.12029903664086 14.051886212939385 12.438290860570856
620.84571249197359 8.2383061445741674 0
628.64263192536555 8.5656381817187608 0
1029.2305298666715 8.1054031084246017 0
603.6875145903515 1.5937572951757655 4.0305133779300863
350 -5.2102874987667995 4.6543898604466545
1672.5732665475869 11.493409024723963 0
2017.4063267222264 -2.1563482281164177 -25.448308266134923
276.50308851081678 -5.7216653153371517 0
275 -0.24999999999999645 6.050345667765364
1231.5222711452302 -9.0172450742543511 0
351.94902143128468 24.736051830085355 -40.772782688658062
1601.2665173684625 -10.126478075085718 -8.9665814600054432
492.43607984957305 14.069779400032914 0
498.64573436458909 8.9398779810164939 0
421.51146805872082 1.4942659706395975 3.9767654394178384
1203.2656969055463 1.3828484527731613 8.4058768880924077
-47.5 -4.4414004614709146 9.3835445979330103
1497.054892798177 1.2225536009115281 7.8436907361563675
52.331326740077884 18.011072423779282 -18.532025296489689
1060.4901248169047 -3.0856187275900879 0
1952.4873669701215 13.864439403635878 0
1432.2297702812796 5.4575113677037965 -13.873996798106736
475 -6.3599076507584398 -9.1477214974329719
1808.7204335109216 -2.216928581076071 0
1065.7465713778136 66.81020197596213 0
317.22391210148135 15.548371333814348 0
604.54056331378968 62.474772810331238 172.2559143309937
1092.8422487364558 -19.143433827739713 -51.380328217043484
1194.8438149174094 13.590179506157316 15.6185634465606
1100 -0.25000000000000122 -3.4434992857059021
1553.8574946782073 1.6787473391036511 -5.0133882625318407
1146.9894135439397 -175.34243340739999 0
1206.4021826660485 1.8312737411432338 0
1482.0557048928886 3.2778524464443244 0
1475 -0.24999999999999792 -3.8231753616890192
853.908099504956 1.7040497524780198 -6.7622118528248691
617.0503420123955 -15.239132594006858 14.453216268937142
753.26326198180675 -26.353630418689328 -24.403291490346323
582.11790214106088 5.002333913126578 -7.9963283456990135
1751.3686589191932 0.43432945959663938 4.4479992364201184
1752.0383702391118 -4.6984877680694526 0
1546.1192624142923 1.6903687928538065 5.3877633618945291
37.5 -0.88680054635072203 11.080851732505817
816.89677056409323 -0.32689063325185774 -8.8929338483168454
425 -5.629875074867174 -8.0886565855031307
425 -5.6298750748671731 5.7323157525430481
676.19785867110465 -7.8817653559608702 -7.6877637275768951
1693.7210614912465 24.974462985751646 24.193496583884208
331.73358471764766 -1.6145273783631593 0
2015.7793075575521 13.212452846019769 0
-7.5000000000000018 -2.0910151588701309 -10.695648095614205
1659.1345158497907 -13.500588069769044 0
1944.8651019520062 -3.8865541743343783 0
1951.8477697938863 -5.8199284675881211 -7.3875890179830339
725 -0.24999999999999845 4.2353086518629475
605.30856597574052 -13.401209109072466 -12.352652554716649
928.29537751884652 6.9272470448294055 0
1982.0306636547273 3.2653318273636316 0
464.463454183203 1.7359854242561426 27.788712613068796
-32.5 0.89551073786672664 9.7689417585588707
1485.4823315942424 -13.903531240385934 0
1079.5231135452468 -5.0970551537563287 -6.35615136381979
1385.7241559656695 -11.951487615160332 -14.837247510144458
773.1852515022739 -33.597577501323045 -74.576749625624359
467.959863733985 3.2700681330074839 11.606134532923996
474.71159375623756 26.395795322070871 23.798916917596973
1137.6507658268958 -9.1870199642720856 0
1818.5121587911406 -5.7260083942482902 0
1826.3277830184115 -10.261129777690407 -9.8089555767742507
856.9376984894883 -0.95470098425053496 0
543.94605749849075 -1.0547477891651629 0
950.8196379889298 -7.3356550619657188 -6.6371197818496999
747.1634424739791 -9.5538057531344389 11.164917046616221
539.54207711954143 -12.410074207820207 15.510137010811791
853.94866428955368 1.6684504366989712 0
1594.5372823594485 -8.1322243761233892 0
2011.3410457992777 3.8320379240996383 0
971.14970859195182 1.6751457040240982 -4.0678783376451264
972.00921507302883 20.816232191276395 -20.506882560927707
1096.8194308664199 -6.4292405349316173 0
575 -0.25000000000000572 -3.5951257898685474
1106.7305118991276 -0.33043983209312272 0
519.60315384859632 -25.454421344428955 -37.204304275084382
527.00989371926187 -5.4534194715878863 0
865.38383996959499 -5.5385761588128046 0
273.5932360722511 24.844907552474076 16.337980567113679
1874.8070438538589 -9.5138470511172191 10.516342677572835
1875.7206058124611 -6.6656064703474298 0
1317.8261921529722 -2.366182314175965 -5.9046720902561169
1327.3471444603172 5.7531251597610558 0
1241.8534830485187 2.3280045591322116 0
1250 -12.326821122437625 0
204.51259656215134 2.0062982810756678 8.0278126798060399
678.18071258249074 1.4922529225711696 0
770.37653875121248 2.061730624393777 -8.6735945497892875
279.53215047270191 2.0160752363509626 0
1379.5384740061577 -6.9130527796584316 -6.3073178046421923
382.90383721026132 1.6729531454108906 0
369.60443274488927 -8.5836023233469607 0
1801.9840787275837 41.092202141200467 43.638760612799061
1029.1759871282422 13.829781121120932 -14.120110646241658
1025.004097085955 -6.2022874451778058 0
1532.7641860198048 2.3653217830525737 0
1829.5227001274529 0.25174576124136094 0
1154.9041715896149 -4.5252266927374309 -12.102574097926531
494.65973536006777 20.877102182607096 16.641363149125237
521.69213681839949 4.7744931113432889 0
1797.2906995364447 -8.3722935572739008 -13.232192843628965
1689.1731570487816 201.42761584753259 138.22214465349151
393.61046320742611 20.305375592667762 -14.511905224100271
1175.0224703206377 -6.5628305816715438 0
-51.632649310994005 1.2843621170289445 34.17991512984397
1209.3594400662239 -236.58973379052736 -157.43747623988421
1549.5024823195206 31.69847853525879 -21.048073845489593
1705.1185270275146 10.13225063551263 8.9308873853437998
1353.3464834973101 3.6620500399077609 0
1404.222474149899 1.8612370749494604 7.1416429674575284
1500 -3.8265951324653704 0
676.23100835030027 8.9265110818132776 7.7611624524918321
47.5 5.7425485532659843 -7.8919259187760398
452.2917944039944 0.89589720199720713 5.5730490511219539
428.67538749499113 1.5876937474955715 5.991672766734613
1109.6107134056333 2.5252547992365586 -9.6814758909245562
1102.3280797140676 -6.3467947139541749 0
550 -5.6829971726766413 0
-50.859446676462227 -24.678353697387223 23.14556931602883
206.67157955834418 0.34347513250333994 0
995.98852781596565 -5.6156946669642904 -5.5967401870777191
1293.2630826538395 -0.45142669538183622 0
1143.4957660806153 3.0021169596923825 0
425.38574620481376 -0.057126897593121839 4.0189945094651005
445.9239636288284 10.728780018223118 0
1043.3830790332138 13.406977170410979 -12.762083841381589
1781.4461207456739 4.6665597408722785 -6.6866324383609648
1770.7145738075535 -9.1072655693716058 0
298.91834138511132 -6.5984699439230186 0
250 -3.7664151494873579 3.7252102263231723
247.77619432024957 -4.6485125163897916 0
-190.91549645407707 -29.237342401292203 -123.40028259815617
194.7407317187394 10.303872483225115 0
597.97897255522946 34.596539549037942 -26.644449787575191
1477.2513864925747 46.754927094649318 0
1476.8837696114701 30.41753953565572 -23.313773789601235
1775.8567671456058 -6.6831363731181712 0
656.87014282444864 -4.9638005336414457 -11.405065974745733
1924.4739614155176 8.4886543661971938 0
1307.652213490569 34.574469181935626 26.355182553211179
1424.0820191629832 31.13416140708939 -18.710639870643114
1499.6262118951249 19.24051211453687 14.860670285428402
1624.4109791737169 9.4308735208305272 -8.4252997886062158
1038.9407783057159 40.13440984767459 -33.026478666306978
456.49440633052438 13.851170128615351 13.389406868283974
457.76063144937831 2.3753543613635228 0
1550 -11.110413815455487 0
328.20108085412642 -7.5183999934125767 0
1695.1427470261056 -9.8686124336430403 8.9308873853438637
1351.4517990204552 8.3767715954024595 7.1897462183547169
1400 -8.4079768626148912 8.2901782166368996
1836.1670705215881 -46.048329415590203 -38.149570787105993
1278.8433148652575 2.4783710392025537 0
1956.3517538882793 -4.4443844201797766 0
1395.6240492590282 1.9379753704859528 5.6242131199873295
1819.8613241519499 2.2402251534275206 0
1641.7973243334959 -9.6142191664596055 0
1656.4473415983994 -6.4263602411920058 0
825.67265620371995 29.279431547590775 -17.645901861135457
626.21910085728734 -8.2168966772928407 6.3909895055323247
618.28534000093293 -4.3773629897071915 6.3909895055323247
609.83925188257001 -1.0901024283071954 13.068384768352299
485.0650330190478 14.069779400032912 -19.336738126517865
1318.5212093519599 13.475870129837087 -12.90417871398745
1342.0821842861155 -2.056824862097038 -7.5236866886607885
1867.4048014767184 -1.6453964950723479 -6.7199149318956692
-27.5 -6.8344737825785478 0
351.56253092024031 -5.657907220292917 0
1100 -4.0867249103538601 3.6333335399274151
481.71415593519953 3.1070779675997691 0
689.10416967598553 -1.2443733665428813 10.662140126828305
1421.414265510195 1.5428672449025203 -4.8685167308578627
600 -0.87682948436443509 3.7911202505905646
450 -4.6754978019300051 0
1728.9638660866672 0.96551746078025968 0
1996.4871392313512 12.635677993922419 0
948.90566920861613 -19.958254192524425 -12.151359530617956
1817.8265549027944 -10.140497109780302 12.07399478340681
522.6106836293269 2.6729111764335993 -20.657252720924689
596.05611625191864 1.7219418740406742 0
1825 -3.5680684384044294 -6.140060041148617
1468.2651745209812 -1.5908530427811614 0
1470.412215706591 -52.063979004632088 0
1479.1269127999878 -8.638020910365718 0
1498.0266109906736 11.967512613774883 0
1365.0585925822147 81.141867920939433 151.45361775726207
572.19789780689496 -6.5608992249924469 -5.4982435900176903
449.2687349923408 -2.9006696317399578 -7.7070357875125559
474.56864603081385 15.488584948036852 0
475 -2.2415276702853379 8.9813412719725996
1858.9125361210254 -10.333771148685354 19.761625337527335
1150.7079154198457 15.618021026719154 0
1000 -1.0657071342107054 3.4603875341726984
1629.3840363814711 35.820227399873765 -27.840650199551625
1222.6073064254438 4.8824721019844706 0
848.63252162773074 0.43373918613464579 -5.3963313481288004
1400 -0.25000000000000133 -4.5980865704978484
1422.7691023806583 10.503668797553233 9.5105190562338144
1783.2600307406669 -3.6458846009316046 0
1623.679349933999 10.615523493702566 9.6736928222210938
1225 -3.8554527300246395 -6.3797404230954449
1008.8584314664591 -1.7528877083226191 12.757448085287461
1675 -2.6854547641637128 -3.066786602737539
450 -2.7017129061298411 -3.6380333276810664
1925.9086513776269 -12.875775985457587 -13.220861051032042
572.11758529465999 -6.6502275747768227 5.7265270831279
457.41259726106239 -15.600476749852497 -15.658532815602442
1522.872402817924 -6.5205898915625173 0
1844.8218657459688 11.467529748980848 -12.141315970496349
909.28310219800414 -13.83813598518698 15.18022101698363
401.87432777273466 8.6619245465205346 0
274.82098082158069 7.1825303251785382 -6.1552098265012267
1330.5209957074746 -10.28803025200402 -9.7096204583658334
137.34328742555525 -42.231017017778171 -59.089145075705382
556.64177105762678 -161.37897022049276 85.176127733204325
1478.7015829974423 1.6007914987211729 6.5202147601856604
806.85703550880066 -6.6869942044413602 9.8849061839488463
731.80762398931654 -0.818064966755917 -6.3412434939053695
750.55167437112095 7.7692048197558501 0
700.08405156045194 -8.0148846793239397 0
1128.4188423893286 1.4594211946643121 3.9488207342236836
1133.1461033988735 12.994848316657162 0
1129.8176272977869 6.1611872999356079 25.242385068217878
1135.4470585448605 -5.2268649794660496 11.288974992078328
160.14679384204538 -154.15245992657901 -123.85067040904423
1245.9452250160298 1.7773874919851003 0
1928.6443242171058 19.351760491347854 0
1111.4581221471719 -13.172299122076042 -19.322814766881475
1996.3112300699311 1.5943849650344275 0
932.38883098582812 -1.2596598891337356 -5.3137161320993087
1987.5 -1.9567642668668404 0
1978.6887699300689 1.5943849650344284 -10.284171979699352
1767.4226906054187 -1.6846551529442491 0
-22.5 -4.06342823901619 9.0908684931682977
1373.3644316575535 -8.4570613652033231 0
1196.1347605230008 1.6826197384996622 6.3165829255667685
730.83047156619898 -6.1470331827937557 0
1120.7323057089152 1.8838471455423793 0
1086.4629896631743 102.90533025905434 -51.295700536002997
1848.9266627028019 -40.043946522206724 54.231310306516711
440.25014505058027 -9.8887477628538463 14.605701394970673
955.52581575050112 -5.4735538553738801 6.3489584345434267
1681.6916974563085 0.15831639918229809 0
426.01024540718367 -6.3493785812477883 0
856.00074547427425 -8.0168015611282382 0
843.70090041736148 -13.160030760342977 11.194736113976612
1504.2083113690178 -5.0194702256396555 0
1818.5943845818772 -28.640686528550848 -27.75849949513109
1492.991053683056 -3.0261373099283357 0
1922.0779578997044 28.709647740475106 20.720865392276632
585.62974702449651 -9.4914930352402358 13.06415950893807
1808.5887716406301 4.8133204709925437 0
1800.2898775675228 7.8774347928789625 6.8539935441172188
1553.8574946782073 1.6787473391036505 0
694.34962705334362 8.1083777754825483 0
696.93189701268352 -4.9108009539204147 0
-30.732030942511319 -3.4866346562653909 27.57396172485829
1996.97825687873 7.1058057384553113 7.816236034687595
1768.3493042250545 24.935011185094311 127.98448410643215
998.37050378465369 -12.715068747342443 -15.708757132123145
200 -3.9667867755018786 6.8938595039119797
1496.8562206470137 -5.5616327087916764 -5.0544947042988415
1324.5142023369774 -16.831222179163689 7.0809911774552017
1601.680531619206 11.143708181059225 -10.595802101680501
418.86818797749368 11.675799567117897 0
-57.492748772360443 -387.41203952207815 216.72551132448663
234.09547412787788 -2.988441236306298 0
233.86980616933295 -11.24766877585207 -27.283640145523449
219.61385598643062 -5.8300784527325016 -9.8575279281542656
600 -4.780901444102815 0
456.33826146324429 -5.039371928466398 0
1303.4041483926026 10.719128216661396 0
1925.1132657506769 14.267141889356273 11.851435332695361
1444.7580808821178 99.216186944003709 -65.129959496258564
1375.2373368730994 -4.1362729979967598 -23.898299029195378
1550 -1.1444876471553058 -4.6838688439251674
296.24197988492909 3.7008860136248183 0
30000 30000 15000
299.96897101109346 -10.660630436047949 -9.7948002835645198
291.83631759644607 -4.8371307029970572 0
300 -3.81441638410318 3.2924794931328756
1825.0710370706881 14.347509424224627 -13.01146998398074
1616.5945487113117 -6.8286555040308219 10.514765695766862
1620.3319698572029 -7.864618006373413 0
1619.5615087312462 -3.0406369262806727 0
706.73701854345074 11.910033785317509 15.074387777921014
1899.9059550949621 9.7206064650935424 -7.139275468422789
1816.7016028824571 4.975104070054611 8.9169215068436607
1346.8635131579547 6.7641743298191548 -5.9912408250104026
430.34859717449513 6.0233247148370372 0
1683.3739501804218 -5.7878625302321716 -8.3093713634959698
775 -0.25000000000000222 -5.7870606146429306
187.87292488997679 28.783644898782857 -27.145624970943523
1938.8396631857242 -4.9620622060187429 7.0848609733853651
1667.8297044486985 -8.3302925778982235 0
1151.0390022772667 0.26950113863330749 3.8459650496420004
1376.2994181275587 9.2654779843853827 9.6181906475763306
1552.2231747088492 9.2235844987286768 0
435.26232677414856 -4.7399795303328736 0
1997.5796186566038 -3.5543099391794417 -29.965009677295669
386.84860861632831 -9.1232933686992848 -16.360045489267939
388.28343914034946 10.065617055523091 16.972009514440817
1663.2692017355714 -13.020421949140914 21.084284623586917
1845.9609314645597 2.1039384523875939 0
323.43149444920095 8.2070670995775679 0
883.62525390306325 57.547172856320429 -40.02711221171154
907.0831742014999 12.960557066047873 -19.914129140543199
269.50073112296906 3.8528254724463786 0
1553.479455120035 -16.396600002882707 26.146879311006821
324.13771079742185 -5.5242352791884297 0
1143.9791048880413 11.09524723056586 0
453.43592735739264 1.467963678696325 -4.1784250682175248
750 -0.51027680216452698 -5.6543023602201909
1175 -0.25000000000000178 -6.1887276476746269
975 -0.25000000000000067 -4.1196001080377469
398.29808592891936 -33.982040872727445 -26.692928064606033
2005.7506351749087 19.034914133483298 -24.185436808204372
1546.9201715712932 6.2449051352074409 0
271.32317264106308 9.8616446084013631 11.842905553794921
275 -3.4941833917050373 3.2981964980643181
1603.6725777339761 -30.31588948502289 -19.481798297659694
2005.6329514713598 2.5664757356798593 6.7935699767764772
493.61806030895048 4.7008456849199582 0
502.48020981750756 6.6020477782337057 6.1110758097744071
519.21445356741197 7.7716361289658344 9.6606662542468182
1500 -0.24999999999999667 4.5133762462024389
1066.0789913568719 -1.6916589936847672 -8.2752260627858156
1435.0217129958589 -3.9183605975099098 -10.22158979609447
475 -0.25000000000000266 -6.5289088724942932
487.39754468190262 -3.4582651317122677 -14.755680225766266
1800.9471139106656 26.134749988215408 23.765317722980864
1103.1000098478357 11.98118252342484 0
1476.1984569678693 9.3542869465688447 0
1546.228595265253 2.3121127681354121 0
1751.8776980657292 -8.225573971874983 -8.5105210565151861
431.87818400285846 0.21834597138368306 0
329.1653673975382 1.478462934754198 0
2013.0434577390738 21.760765917166811 25.296935924597335
-8.2213656722789263 -21.013196141758581 -19.31338491652523
1155.4890055655878 -1.4120624439274736 9.5655450904176753
1843.4904293959457 3.633775397565485 7.3833079428009416
1843.3535968345248 4.2699976477192436 -7.4454441599649996
1947.3880537662842 -5.4161557095360955 5.0010621195089975
1960.1824538607734 -8.1242429345169089 -18.76722917014736
1400 -2.0620752823068909 5.7477480001874603
1950 -1.917920425534525 -4.830656753422522
598.34351406423866 -29.016534057586448 -35.725690394047867
923.56442070870946 8.448046819049793 -6.7118759805611408
1980.2095345008586 10.766548849884519 0
749.69705279415939 -6.2509024593688416 0
1143.1712350830944 -4.8798229712832208 -9.6706967959713417
467.23936855062169 2.3753543613635233 0
475 -0.25000000000000022 4.6244859754063228
428.65078249664384 2.4719487463691374 0
1317.8121376384593 -44.790143050811814 0
1277.2534179974439 0.87670899872194097 -3.8522068100463986
1103.8098791052232 2.5840674005290527 0
599.28516560099467 8.228401569121587 0
525 -3.5679837592854349 3.4668181151660544
532.05389683779663 -5.1088005707239246 -6.9283198832792996
862.7012617230464 -8.2182570642443054 13.082355664236566
1875 -3.7903781862788404 4.0050553713653141
1875 -3.7903781862788404 -5.1907027160571868
1885.8828847223888 -5.4328088420302549 -10.107413086529622
1328.4794828746756 2.2378790372959756 0
1237.4301809486792 3.6133469985784723 12.463844357918642
1255.771988236615 -7.1288534405251234 0
1244.3283765360025 -7.1199926338140083 0
1250.0128952351693 -6.6204060183232096 0
1250 -3.721256257837025 4.0773989479246424
1250 -3.721256257837025 0
170.89867934255267 49.986319965962345 -84.031852024436375
1381.8666806602284 -0.42068264724315263 -5.8173408358897518
380.01567158280204 10.682636842440008 0
383.93379888287944 -6.8806082176115551 0
378.92011112363838 1.7100555618191813 9.0994351828212601
368.13007564136211 -3.1412657531431014 0
374.3213231275742 -7.3521026062307886 -5.5517899076404396
1831.1616652299329 -3.910152086763941 5.9640571874272243
1832.526603910165 -3.8366045810687748 0
520.8308193392935 1.0818218992537081 0
444.17988169723094 4.2798154161846513 0
450 -1.479998544292505 3.6538059271977148
478.52661651712862 1.5133082585643127 0
758.64334138815752 -0.32694061633905847 0
452.78220804379669 7.8839050347814181 0
440.75574786606575 -1.2529979276014518 0
302.9441147260892 -4.9091158009387961 0
1818.6457667787467 40.56866343855495 -26.83361943386285
251.88858379582143 0.69429189791072066 4.5207705207245166
646.23254441811616 -21.959039027301976 -20.586377136521271
1225.5328030288499 9.7639538657615859 8.3774261064657409
453.54658680777231 3.5707897812949119 0
757.61804043390623 8.1828150665638191 -12.222611115201147
443.17123986670964 -1.3018624725731391 7.4137771548679465
1542.3135122930778 -9.6818456504193726 10.367575707945033
293.20997206217407 5.7900292172131245 8.7762900414522367
325.13961993471332 -8.6196199936766007 9.5111567614396506
1466.1492150085837 -11.289809804991929 0
1244.3081918511293 5.0908489654644358 7.3097216300290437
1428.7701864566141 272.26235839930297 0
352.08803016362498 -9.0937887965354065 -8.4989644442196273
423.34306206722277 7.1471625791566318 0
696.44175085667837 -8.5610644360743287 -8.267210418512434
482.45926233235065 -2.3675590992910696 -5.5311284780045407
1732.1973721781185 -1.1949929747862817 6.1296772906786163
2003.9710106293787 10.459927779789314 -8.862748561114195
1825 -3.5680684384044294 0
1825.9100540280817 0.2050270140408772 -4.1778585396512771
1506.6428201506665 442.50201499824402 0
1470.8446951239712 1.4988574040145108 0
1484.6152556997035 -35.617038223387127 0
1481.5445000861728 -3.1892196224909282 0
1504.6685319239004 7.5013035003470758 0
1518.1740125727115 -9.9603320122498271 10.408355485570642
2002.075843227261 -12.302978585286418 -16.831737088584788
1127.6590458066689 11.16235943202274 11.676279016490525
1125 -0.25000000000000089 3.6265623615987059
1131.2508314768879 -5.9111413390985188 0
1117.9344222425484 -6.0074097905849593 0
1124.634862396616 7.8527387929871795 0
1378.9354049980336 -6.2317462496930718 0
1368.1513101227861 -5.2900280908786463 -6.307317804642202
1904.5963588788582 -106.91813201531885 95.56390903616429
1860.6452976232861 -39.696896244877479 26.440108949022761
2017.7369070162392 -29.531262415302187 -64.417423497152058
1507.1422170734243 -8.5999599866432117 -10.325882050658718
850.77153784990799 -6.453191237223213 0
1805.3084996733601 1.2355304315380162 0
1108.2629701199915 17.152058369798894 11.811495433902737
702.00945424072256 8.9921903358668622 0
693.93976679305456 3.5372872530814217 -5.8355337102013252
1626.2940842928531 -9.0739250746962785 0
780.72111045305974 9.8898390181835438 -12.901836271258034
969.57818164287812 -6.12941470875273 -9.7274542170275176
984.30159867707334 -3.2164714350116155 -9.6464823837190217
2014.4371148491543 12.279535222267807 -62.873349374726949
1826.476729143767 -4.9879826403508947 4.5676488296022777
282.95222034412802 -6.6559844444431082 0
2004.1277120538377 8.5942866727182796 0
2000 -0.24999999999999689 6.2009202205718656
2017.8155182426256 -6.4778684283017434 19.857857078617972
494.68421766428668 0.31650255856412191 0
491.87287476600039 9.2396997814021056 -10.858577799195228
1496.9430359857674 6.1112518712512021 0
473.8905150934678 1.4184873588596492 -18.858496298594986
756.33201163341687 5.4546764069770077 0
475 -6.3599076507584398 0
472.26838581261563 8.1693880232014955 0
1729.52345629158 6.2659213471694324 7.6888930156500095
1759.0604096270979 -1.6619046443817798 -7.9650228802860283
-4.0004925060795964 -3.9709154852199973 -31.973851286325651
1844.7275025614824 -7.3459273196156154 0
1404.222474149899 1.8612370749494591 0
621.82550178707845 -20.500001895025235 -82.478368462618391
1972.7270761232105 8.7299041972399269 0
1978.4731631407601 6.3733229888152332 6.1735742293585929
750 -3.538968668115134 -2.979832484646646
1146.5811576106714 1.4594211946643192 -6.8990071996465447
1890.6613717279515 4.3873615774696688 -10.06352709897908
1332.6700061047793 -1.8281020515050397 0
1247.0224525789633 -5.1841037596919293 -4.7252573664094557
1255.2200844501244 -2.6363851504563129 0
1238.2726052465573 -10.412704538121972 12.24633789643986
379.49202286791365 5.5470142966079141 -5.5517899076404396
380.58321933532756 -4.1074008677483498 -5.5517899076404387
378.61729687436156 5.2666100523550998 0
375 -0.24999999999999933 5.5193705793458863
375 -6.1494592824288379 0
1834.7586300917844 -5.6018986419294539 -9.2214212433472653
1818.8054605051336 1.4573585017756956 -8.1106572159748094
1126.8185320349951 -5.3874315487328346 0
203.5825755363407 3.1795646027118782 0
1916.7227660829335 -7.898827448416248 8.8518907279169614
606.3541936967747 -6.7363563611246038 0
912.53416103633663 -223.91234972020158 0
1128.6788186757324 -8.6610531911050614 7.5678443369558011
252.66970005668813 6.6627378144377998 -6.1552098265012285
769.41072514324276 -6.5900526690905048 0
1484.3334955993296 -7.6874056783690818 -9.9365624895317222
346.31907737939588 1.590461310302052 0
1866.8145803865179 -91.14044884046713 44.767525863109682
852.71274372837377 -9.4870521418322582 9.2261888069609448
1843.4719666676312 -3.233671198071165 -6.2633385940498298
1472.5668481122993 -9.6153894896318093 0
777.24573909512833 -12.669085144852822 11.757100318713618
-67.834637642417789 8.0085324280743162 0
1277.2534179974439 0.87670899872194097 4.2539934824906469
1527.436870732743 67.626030045971035 -47.533299840343162
1596.1192624142923 1.6903687928538083 0
1232.6917774657911 48.344830443959822 0
773.22565621077649 -5.0431443373757574 0
772.52313749146163 -8.7881960717091196 -6.4584766425232347
1071.1087943081075 -76.108767910010386 -51.502985206445906
1318.3972095467391 -4.520857646444802 5.7868322580460561
796.72432772175637 4.8027710870944276 0
253.43624450660457 -25.976631069184741 -50.485964309433626
1797.2906995364447 -8.3722935572739026 0
1281.7055229178202 -8.73077216522924 0
1138.0532433157648 -22.59170924646881 12.973971814630893
1275 -7.231613908197807 0
1347.1639561446068 560.31577252442651 317.50917148024553
1399.9244298369847 18.484436637252433 0
440.95835065773298 -14.038441390827311 -16.717668796687455
-93.865939476727348 0.056472377691989095 550.00581878401692
1383.7491301665964 -2.5750356898079292 -57.185412340911363
300.13910278558785 -3.8661384643991044 0
1774.5816395603881 20.036031261150566 -14.208275127123613
1775.6879333456229 0.093966672811518492 6.601829005833892
1397.5318390689065 31.098934435336488 -23.787302551090807
832.86808567592345 -3.8165785227575304 7.2744291371450691
1273.614297164982 15.751541538972631 0
1247.8632683870101 0.81836580649502078 3.7663761199057144
2058.2069726446707 -25.467782703591947 -155.4103949974496
1470.3455559721062 -5.6408899145211793 -5.8343423019394978
1594.4750002083592 -6.0411970751110742 -7.7419435513406984
778.00713267780247 6.2060762968797398 0
1393.1589270502072 14.183836523168639 -12.76577323443764
1284.8813080559537 -4.7831017597310748 9.7138033451878485
1603.2096025802211 1.3548012901105735 3.8867800087399096
1781.5152496991698 -13.463381011284497 -15.995812131463584
727.12818480380929 -4.7814091654127626 0
1993.6043675887738 -5.7377670331676782 0
202.24915188244759 12.847339082063762 0
425 -3.6766143537338323 0
1157.07233853458 3.2861692672900435 0
616.67977584112066 4.672908218648816 0
1597.9575279271146 0.77123603644273364 3.7887943774379411
197.33441174856389 15.001539210363575 -14.670424554193247
1716.9746813816564 3.7019784389041033 8.363257786739748
1146.5811576106714 1.4594211946643132 0
1600.6106483119056 10.248964337888664 9.1426359625678906
1205.7759393862923 -12.944952389692968 0
1046.4787402814191 3.8219215278753693 0
846.22798473444197 1.6360076327790103 0
2005.5489410459534 2.9028999318539599 0
1232.0272917703135 3.2636458851567669 0
1094.735660772091 17.237499447182728 -17.578010623767128
1041.2486199618961 -3.5326191729787357 7.7144805996978789
721.70436860744621 3.4084014504835123 0
1384.1262924741966 -45.047813546327625 -113.37145720516622
967.92119883013788 -105.38139132435042 70.843895999746664
1321.7173678667862 3.9326268930558639 0
408.60710553021693 -33.809114816729647 21.836207252076832
1315.1563633427834 -32.401242870054688 15.506102232697232
1505.4849425950647 -17.555298213663029 23.758161439019148
719.64008807321272 6.216884065673197 8.6363690910516322
1008.2875394294455 -263.90890104615062 148.28967622566711
782.58399459956979 7.1489408959033423 10.100570639190732
1050 -11.338896986276463 9.9120562486958619
189.41915720905305 -3.4965779838101581 -9.4162495174267011
1227.5159578538567 5.2290586620287982 0
1298.4234802921678 -5.9379372746705403 0
1272.8415327966347 0.82923360168267823 -3.8443341538374645
1320.7336083224468 -71.94164264924126 35.123241965158662
1850.8004395107716 6.7616944879011625 -5.4988889210789376
-42.5 4.9445036357715155 -7.3755288061250095
1409.034923060605 -12.305098422708014 0
1196.6087633382172 4.3144372253989136 0
1283.2617576568985 4.5019085435644044 -11.337701474188222
772.14091626098923 -7.8455754801037809 7.5922031644834966
274.29161813674881 -45.420714261401933 0
273.45201250117844 -4.3148154069819471 0
1276.018876796333 8.5650285594806412 -8.1516252876077111
1902.1568863488592 0.82844317442957915 -3.4904011201279292
1858.2282953749539 17.265042355989436 -12.421959740735971
357.03300069731745 -3.0092663317867849 0
1900 -2.5172887329271583 -3.5421166145535152
648.23789814453414 -7.8308362765416355 0
1375.1745143007859 -4.9025249954172265 0
839.63041309866969 -3.3233602519581016 0
1978.8028185835835 -11.649014518473741 0
1772.6015576703248 10.59992012636698 0
1953.8500272431611 1.6750136215805389 0
1044.2319736145628 6.4779182181005748 8.3817263147932159
1473.6940894374479 13.5856168179597 13.299688695398846
900 -4.3004564420565758 -3.8051791990768362
1981.6565443319978 -2.6016893254398825 0
1653.8815945482283 1.6907972741141468 4.5262110805031277
1557.65047723058 -1.4660044744667493 6.1252445155555479
1402.2269178077456 0.86345890387277535 3.5708214837287642
1033.3652649333358 3.9179461033583669 0
1920.9404024336866 -5.9734188346361297 0
1599.828399691859 -9.0238779011022245 0
548.79663254595187 7.1329253577066822 -5.7507225069410879
1299.7479231896837 -9.2466570909284354 -8.6818692352854097
1275 -3.4094072025495148 -3.9797162953986818
675 -3.0510099363002268 -2.7973282272820574
628.67553024888059 3.8900695311865756 0
1375 -0.27889537993796409 3.5100717709480431
1367.8928030592911 -6.0886834027302736 7.5520855825917073
1984.9599811053081 -5.7377670331676773 10.691974931333331
1978.6887699300689 1.5943849650344284 -4.4633576920734219
1922.6760426078451 0.91197869607746607 -3.3526478220824218
191.33210385421341 2.5651342428392421 0
1020.8144900377041 3.495698359023232 0
876.65002202231403 12.337533780769906 0
1716.9746813816564 3.7019784389041033 -8.0690630500384959
728.08165331213138 -7.8978703751039596 8.8898969719849816
517.73162899050374 -5.3961219989071978 8.8778984384083195
1650.1484748017758 -1.2703050759627008 -12.533961266762221
1581.5427785088793 -7.6007415577171873 -11.450950828331022
1873.0037654304913 0.74811728475438999 -4.5733587070939885
881.85600827802693 -3.3860869408641303 0
421.51146805872082 1.4942659706395995 -4.0479773475284473
-7141.4743505401357 -2590.0966479901958 -15759.649931626871
332.04097482839359 1.2534445027649093 7.4874384414804789
1865.0242047346057 2.7905718865941984 -21.052466604069274
872.42588868275084 1.0370556586245709 4.4644091311153877
1979.4749199125699 0.48286391145114216 0
1349.9167214489426 -4.9629951367107603 0
1650 -2.645910130972295 3.7128084553344243
1849.8854946568192 -7.8074685090579363 -6.0074112372206248
1550 -6.0057529477685909 0
78.79340444005652 22.510543664989786 31.525362227234442
576.05031039180938 20.937712250085553 -36.426392869350366
222.53504957904545 0.98247521047726893 3.6963878281096618
1044.6096481464431 6.4158141516099754 -7.9544153717516339
1910.5811341212634 191.56594871913694 -287.36886593262358
1228.6567977305162 1.6874204892630811 0
1231.7180679323244 -3.2289790626687096 0
1047.2205911077931 1.139704446103504 -4.0613072366020102
1924.5729211318956 -4.7802816959944847 0
420.6718837762084 -3.7685155363384304 0
1850.3649558852103 -7.283915572927337 0
1296.1566851347425 2.4783710392025537 0
1125 -1.7535092716697975 -3.9430690163566675
1398.8863784753573 -8.5985389487309138 0
591.93698905644351 -11.41490411958959 0
195.68831166816227 1.9058441659188607 5.6029312023911313
1000 1406.640943992174 -759.95922471985682
1678.6522213470125 3.0149343894853113 0
1929.7968463355351 -6.7145468837092857 11.913044736757556
1580.1018395574206 -55.230797911855362 147.66044075497223
778.75400745617719 2.3031388313117791 0
1275 -4.0355709177581023 4.3594514841235208
2010.3231791020387 48.166137945180751 -130.19123598304341
1500.2121570465169 -1.7398693299342884 -13.199832985786273
1708.4409113351455 0.69258790782126267 0
4256.898872536095 -1366.746595656097 5444.1947461043555
1394.9243582575752 1.5254446026974056 0
1202.6577987851413 -7.5415015287670553 0
1550 -0.25000000000000044 4.2959059442526382
430.43704517862966 -4.3992868494621797 0
-2.5000000000000009 5.3164565082696571 8.0971546265492282
1151.5619123630768 8.2505121896891609 0
615.14291393138524 2.2969948563885252 -9.7909508603805477
1674.3741582300088 -6.248175751917481 -8.7238873232506844
9.8305183609844455 -8.1801823504775406 -70.843753174202519
199.66938401923704 -0.084692009618522635 4.4546456045697802
1192.6647397227184 -16.949813040915892 -16.469166556530983
645.34466247291755 -12.549086429244587 -11.718957772380541
643.97446751017765 -3.9401361095284395 0
639.68159580045392 -4.6594924405746738 10.300097347192519
830.06772393366066 6.7794855721159193 0
1150 -0.24999999999999956 -4.3951544540872014
1955.9880930864158 31.70356789770625 47.539493077468265
1327.0510162152266 10.861466549183588 -8.5215688915898422
379.03547733531269 1.4120819342860522 0
1580.6528097491705 11.889205227656344 0
200 -3.8532351178134889 -3.4261466710712223
1700 -0.2500000000000025 -5.0287185818834157
1975 -6.9565577253290876 -7.5849207000658501
303.99941080275545 3.5560356936960655 0
1950.3281475546621 7.6092405390095861 0
1989.343818219894 68.86291996748156 0
1200 -0.24999999999999756 4.5128684128403229
243.62083239223196 -86.065793379126504 57.863818517841693
1776.6479519132561 2524.6056942523551 -1404.2576394780795
211.5863910569422 -8.1539011211922201 0
825 -0.25000000000000711 -6.7427434952104779
1706.5752701583815 6.3703233572618663 -7.6195924969832909
1652.6352727034468 8.8353388730168234 0
1478.7015829974423 1.6007914987211715 0
1318.7369216122638 6.1518325066153565 -7.9973301018012641
1800.8190996525034 -5.528278358640871 0
47.5 1.9481072112553708 9.8961894043707641
425 -1.9552995997959466 -4.7607579911885471
1496.2211392164963 2.2097077318089831 0
1671.1184054517717 1.6907972741141477 6.1154278022901547
1163.9042296850519 -13.140745278781099 15.236663335070958
1137.5 -1.6187425439359373 0
856.91489852252471 2.033870117357802 7.3788308548244714
1982.1698036273765 0.075105421649029724 6.8045710501197529
1156.4368277427309 -2.257996858874483 0
2443.4963129373346 -11.966068046320402 286.37474385107294
3025.3687471581206 -648.72449876161158 1286.0897451558064
1541.5710593184451 -10.904728218713275 0
1802.4449470795125 5.8351327797044998 -7.9719975709718458
1224.7676567946755 9.2192923717522781 -7.3375319184323029
1881.5400351757944 1.199115959583684 0
754.6378017343651 1.4245671873223724 0
1267.9274673449424 -7.0281403538243765 -10.374543929217229
546.30394795517384 1.9439515778340306 0
1609.2486531585123 0.52676015335919113 12.54994983471841
484.40997631067415 -32.56229557498353 27.973639434560859
98.366308466765247 46.62480439954426 101.46134651980992
1671.546665919755 -8.3362528274288188 -20.347819175794793
-232.34913896393576 -677.15176778610407 -553.04786444875958
527.17589619298042 6.8503185485234512 0
266.33321408855227 60.904798847875533 33.296221753622149
1446.0734545496091 1.3049110792634591 0
650 -0.25000000000000089 -3.5276195824139411
1050 -3.5812454199091315 -4.1579192911067926
1613.5847627486289 -106.32209001589956 306.73697967945537
1103.8342611164026 4.4710407603598528 -6.575608821119423
1978.6059320375207 -6.8553692997359743 6.1735742293586195
642.87407530506914 13.133488849909781 11.894069998680049
1709.0610033296196 -11.893455454996452 13.668064265255783
1781.0571003441694 3.2032415277249164 0
603.72685328564842 -46.655141425392728 -176.51804947197417
1572.9701732245671 0.76491338771648321 -3.5377114542912835
1507.596957470882 1.9956764004928029 0
401.70303932921826 52.731691160247692 -34.948348918134386
1676.6296430264542 7.983274971985006 -6.4955207206397576
1050 -3.5812454199091315 2.883491414830559
652.06976543433007 -5.4064248242761099 0
1441.4813412122444 -5.3166683314400007 0
1056.1927000252779 -0.00593809858294847 0
2003.0128206626466 1.2564103313233017 -3.1334891130483067
507.39124880575713 47.645569185013969 -300.10879808189122
1923.2671740495823 -6.9311102868374679 6.5404491586410973
1057.0190598055169 -4.3867992929859918 7.7144805996978825
1581.3746562135179 19.00688603959124 -14.795983362978561
1589.4993990170135 -2.5788743921839492 -57.539874853368481
954.91735249064959 10.261650604870932 0
356.00878383064509 126.3454771419017 0
1227.0210027948601 -6.2072244182551817 0
131.86747716926675 11.01955534211249 251.86089970250251
850 -3.6894862152775825 -3.1490944360746504
1878.2614571518218 1.3807285759109234 -4.1738549925129922
1053.2379913892512 1.3689956946256141 -4.0976795545855715
876.94610392703419 0.72305196351712109 3.685264815440644
1150 -3.6216586659921024 0
653.07010003269238 4.1090867182525725 0
555.18342825645129 -15.901782593567454 61.289044670340218
505.90022743247152 -0.5190138719046129 0
1108.5891656280526 16.733844398002713 -12.948791839466173
508.63826094444181 1.6847830468903779 -8.2695001755398696
2010.9925044313206 -3.2266138857384767 -12.833867660811524
881.12159954683796 18.842716461254078 -15.475243862571812
680.7402705637046 -3.0299478315800235 0
371.4987459781326 3.7153290731346376 0
1693.3326947315243 0.39493609717992012 0
1867.9737476652879 9.8031515261925239 -11.259866850551319
1671.834397989707 5.7952254306154014 0
1572.9701732245671 0.76491338771648254 3.6615050114260077
1404.8755420553114 10.897336806279196 0
1405.4642346731489 -6.3350121414329408 0
1143.262796820417 -5.2895836550652797 0
1452.151383313771 -5.7584804207106712 0
1040.5149413400809 -5.882632778628075 -9.2009171231473417
1273.4427930100383 67.714332416307727 -119.35940159550761
1053.5904156184181 3.5385700809069891 0
1155.7937800460131 -8.3185389303752277 0
1907.7045605185401 2.8369754204918642 -10.278521786928017
1376.296828642387 -7.712186976823693 6.9491875632696729
-17.708317856809291 21.56404250165437 15.873575605968632
-55.672250412451085 11.230886036686609 0
1698.6189374472726 -9.3630239623927842 -7.6195924969832616
-316.46886094816858 -1741.4698784676079 -1197.4073310342133
1625 -4.17552491850563 4.2061845009724088
594.84825512124382 -6.7363563611246029 -6.0899363005238296
1225.5986954585842 28.84702949365894 15.18091941252694
541.53459011184191 -3.3089933208366205 8.5256173832613769
1277.8238608075842 11.216541328606475 10.231250417752623
1005.0199089548319 8.3451805288128789 12.037303811307487
1775 -3.8181700098526008 3.8186485658101796
1242.0779389890874 80.345813623003892 42.549299963870951
-4602.8325741554791 -13015.944075786683 -9291.8560116106328
1671.1557157374491 1.9046785353677416 0
700.44591289718312 -4.4948926757304992 0
307.54997552047195 5.7849893553497873 8.7624534205612061
884.00122240687119 -0.30593224789042339 6.82791983220479
527.550304632902 12.565303957021602 -8.5372725076349028
1503.5523256205754 3.3759732489771221 0
1852.5874998308373 -10.261769012040379 9.6664541129778669
503.45358879085518 2.1961153936254139 0
1408.1177227293356 -20.253541665280686 12.721251023093993
527.550304632902 12.565303957021602 7.9183408670817785
880.70964074017957 6.734806363313373 6.8636904142181656
1180.9105925891467 -0.55705754653788242 0
1461.2863324045732 -7.0339030248653067 10.140038113849148
769.74587336512911 5.9991192433706413 0
1298.3865530829223 7.8246049219498222 -5.8747928637519333
1504.5644117236372 5.3158024800605226 -7.4968876760898082
1770.8871653851604 -38.556475511042478 -35.075387728809268
649.33628913221355 -6.1752419116981807 -8.9057392981413983
481.41232543852016 -92.686207845343432 87.019123944370463
877.0948816881164 37.096981521565269 19.611801471412285
581.2303341995148 -2.7994174340094857 -5.4982435900176858
1427.9239705550387 1.2119852775193385 3.2215035636857237
1472.6238157744142 -13.157703013647568 12.638443520608268
1371.6535165026899 3.6620500399077609 0
2004.7419666016403 -8.140199616031417 0
626.28978747241013 -6.7714415608568466 0
1898.1880624376042 13.791346504686523 0
844.77099768900632 10.586656396065498 0
1998.7253367723888 -9.0151100791773189 0
-82.157102832077399 -22.447261829555927 -29.903546687518432
700 -2.632827412126951 4.0154288408032839
905.33365477896064 -7.0257486073585458 -11.478735953680449
1151.0986966018302 104.11830397585175 389.88056219097734
972.67939908030417 7.4381783507401993 0
1175 -3.176867942578379 -3.3228277404010105
294.98312402038823 -0.19719870431612607 0
1308.3682654003921 -199.337428409457 138.04903200212968
1550 -3.4029914006061817 0
1525.9991982194576 -4.6457844525404717 0
1578.0233579465419 -13.571649121927454 -31.367661926732048
1594.8532435006348 9.3193685196944269 0
342.91929364742134 1645.2431799898936 -933.76355950883362
319.99802186441411 22.519516831562189 14.853631672747285
1168.5379003160081 -2.2938003405367393 0
1153.6600815000718 -5.0246103901233612 -4.567076530744048
1556.4064695600009 -4.7043721741873821 0
200 -3.96678677550188 0
1508.4362794238546 5.9737327463791452 10.730258594640416
622.5237082614658 -4.9256615993094268 0
667.96361554765076 8.8375471997988626 -8.1031864188521077
1554.0296928305436 5.6654750850335764 6.1408683072940251
1525 -2.8226723945366885 -3.9257642986296477
1653.4434074719475 4.2027052597586039 0
1867.4719099201809 -34.937804071499158 -28.293790229447339
227.11351126394976 8.5199932894164441 0
600 -0.24999999999999983 -3.5020226086569175
625.34916224470396 -3.9256749262354576 0
14996.573604060912 30000 14996.573604060915
1623.9396233522571 -5.3800324153782171 0
1906.6095329096108 -4.3526519588371375 -7.235408066154033
632.36483102770762 -2.898468041413965 6.3909895055323265
-2483.399984741734 -5403.4707116925347 0
624.4260700163378 -5.8091271921921175 -5.1817087296839119
397.08429917240824 6.6797764511322066 -5.449507837433111
2017.2611647305073 -41.108096548791963 37.844976692646185
1808.6043097720672 1.5064321294902008 8.1964149766912033
550.69651244173633 -8.8847335260872402 8.0251666565248172
333.84948098152591 192.87316934000273 114.78307286466084
602.61965014845782 4.9086102924067063 0
1543.7219320233157 -4.9047139727439273 0
775 -3.2872435995216356 3.5711225907511168
319.71063502301689 -39.567878204983913 -27.94042794095855
1770.42860594835 1.373878098235747 0
707.53165205071662 -7.9674236855766143 0
350 -1.645020651437187 3.5405737393206871
1549.487790024908 18.377438862928795 17.616725827182254
605.99358342590608 11.235687874922448 0
1227.8846131976661 25.201699798088637 -14.994512616007587
382.3030588183081 35.529906237933233 39.476375184420121
220.62634292323256 16.979820352572997 54.538488003309695
977.87153122444897 4.3436779967661003 0
1192.0410263751735 -5.2412313760076836 0
-15000 11250 -30000
205.96558272666493 -5.7348986426555726 0
706.25348352040908 -7.7022094515205914 9.8649868962994791
1780.1618933976238 -0.86352459681624971 0
1443.1860183485817 -1.5957526320487965 5.6246538508918977
1033.3652649333358 8.0530130663006396 10.363070329852871
1421.4387867838423 7.9235986033304666 0
871.71899220481134 1.3905038975943254 -5.1194244541585174
847.70618758003798 -4.4346600677575694 0
1152.879960888677 4.1730864664839178 0
695.55587881033716 3.2673151153411908 0
1628.9467445635346 -13.420796906044639 9.8823192997103444
1157.2663921118708 -17.110557017451676 -9.5423814291425746
1401.3964913658031 -5.2035222761920359 0
-1362.6088021553624 -3939.2277080581384 -2176.9468106065979
653.41115452645352 5.0542712687023492 -7.2578229617934991
302.73984703450782 1.119923517253913 3.1309511097327491
1685.6707611662659 -8.3524877298754205 -46.749652933695231
633.4923725603719 -3.8776222991097669 -7.6571618575596085
272.61687989426804 -5.7798322142623313 -6.1552098265012569
793.59974684573331 6.2621169384288979 -8.4830612751992884
68.403526883497577 0.70086971988395974 22.296212718419042
603.82278969721801 1.4025174517848191 0
1516.0907133033204 3.3043784074086604 7.1638208890427526
795.82630354486594 1.102982364447282 0
1576.3566294505213 -27.149716768517038 -15.28595649236116
1202.7986495618418 4.5151041146762827 0
1421.0309915060368 3.3361757401654693 0
1817.4646514500027 -49.385101367436675 237.49679425751702
1899.8513378863588 -4.4537816438162121 0
-548.58236034416132 3909.2306337589685 0
602.99358124803223 -6.3549574913659548 -6.7185482707450266
1303.2478855886047 5.3181398932086346 0
1767.0740838248671 1.6643222744157162 8.2485770164093655
1221.8864030554023 1.7596713129247217 0
973.64310920396053 -5.7291255044655029 0
845.76073249562751 -4.9964841381056697 6.4538479562599509
1725 -2.8358367569829053 3.2695723699879409
1771.8489965043361 -4.8476508074825473 0
444.84195053988896 0.044109481069432022 0
1675 -2.6854547641637128 4.6732004504577569
2082.9693008029253 -40.535576272212829 71.866493450129866
1267.0047955625341 271.54933920548518 0
766.41729350564481 13.096121808438998 12.836219511401053
475.98132796254174 9.7998553129430359 -46.413423257124876
1496.7673362811058 -33.628455841056493 -28.131560516887589
1402.6082303703024 -8.7248611422273363 -8.2599880830432948
904.40888254698802 -4.9537131470629205 0
208.17200088476713 -10.883744646897441 114.88003262327328
980.88903428597553 4.7321887620943066 -8.1582881382627637
900.99781983162211 -4.4483017267627361 0
1525.5770789130763 -7.4866081677234284 7.0264083601752709
1144.2074211738416 18.022387825175773 -15.057967394112666
875.76044604180845 -21.696886403378429 35.895842080632818
-63.741562621456026 17.123624424978086 -23.350983410300156
1219.0594304223373 -2.8117831076724431 0
1155.7420608053637 7.3500205608647047 -8.2497242528225154
1025 -3.5050337686095627 -3.6392556321668867
1238.7648269680933 -13.735110722589964 -9.4093591067369537
848.13235629761539 16.017450852010239 -13.384781946046008
1149.6647789526201 435.4751484909566 0
877.99153915144427 7.0299980175087411 0
570.57284605481641 8.7562997469635278 9.7370234134353826
891.27138651984296 2.08050578561393 -10.954355301155717
1025 -3.5050337686095623 0
1528.8807375857077 1.6903687928538083 0
1592.3933266547533 48.302417698262964 0
1192.6280777240572 7.4404943428191812 -9.5106007808525757
904.22132650159426 -9.5324487960044806 8.3529623119303889
1900.0740486131824 -7.2766662069653023 -9.2613591215023732
1527.0424720728854 0.77123603644273364 -3.6012694645865126
1529.6925818498673 9.6847574999084785 0
202.46495042095455 0.98247521047726893 -3.2398406960474695
1154.5119726688999 6.9523883378183715 7.9467662458556445
1774.6997479827864 -3.9162669134569108 0
1223.2580507327223 0.62097463363881467 -4.7490826868537948
978.83692169570429 -5.3657322574576813 0
1971.1499727568389 1.6750136215805396 -6.8875470851838463
879.99120146485734 -7.8149572575369115 11.763242237663082
227.33606700854276 0.91803350427137387 3.685170895025299
1897.1886116892083 1.155694155395806 -3.5504300009154783
428.70068995290075 26.648513202958096 24.535185002495961
1170.697473826754 0.76572919032856301 0
1847.5165020267871 -4.6124385781307105 0
1178.4670689874642 2.1641610731366585 0
1876.1064018806037 33.489740124263982 23.275038722897371
703.84590198230921 1.6729509911545988 4.0947606879046452
616.43542229002639 -191.76159584466177 -320.46750134763874
725 -3.3573521213336326 -2.8426039153646192
1003.9335897050119 24.408114161440356 25.027032367807202
1674.9754990948218 -18.169034083783412 -10.956887895141161
1332.1641434600615 18.682464007326296 -25.079450400300054
1198.1515379334719 -5.7678458043233034 0
770.3372587665408 1.5661609899463826 0
-132.75500472898494 41.067479454331369 1313.1187112103585
1873.0037654304913 0.7481172847543891 3.6754623352289091
-74.164629465282616 -118.90960078667666 86.361834200884132
669.47746911525894 -4.6153136299819542 -7.5826186805768403
267.28883550194217 12.431953527728286 -17.884136504473069
291.50676834749726 -1.2265804816935102 6.6094161255032171
876.94610392703419 0.72305196351712164 -4.235929662903942
792.06545380958619 -4.5873212885470647 7.8172774359163517
775 -3.2872435995216356 -3.1521560241239097
793.21079735200146 6.1076575971963587 8.8065290762543142
1778.1723295091288 1.7063459558420306 0
896.48128384521635 -15.702735746760407 -24.130472900335153
519.29676728477125 21.836302224492151 21.344368632528649
1968.8085936753844 -5.4688485332538708 0
780.05321637207192 -6.0831653295581027 -9.4429647619227666
1422.3670744183589 1.066462790820518 3.1916832803268043
922.79127893968121 -16.821259968819579 -10.096689442693801
652.18102130823968 -9.8226746494734751 8.9385109080046909
1959.6214438051386 -16.001416673056262 -43.649828033506566
1696.9677341715364 -8.1156076595001547 0
1824.6369552897754 7.004480926132314 5.9640571874270982
230.17419617216706 6.3062715459132477 10.105392897122687
1979.1458087932024 -18.980576002675956 15.278613258438563
475 -3.5866686360477864 0
1167.8971543024034 0.45040506185349144 6.9763491580519768
922.86347307269102 -19.829525831568453 11.175652326997739
560.43244682472175 -10.817549028678151 -44.839425711433606
1307.7358728864094 7.1865484369542401 8.9273370558130569
1772.8745868683095 5.6667034260125302 0
1667.8298542502587 -2.9709066642947923 0
1676.6814032014588 7.9315695958090302 6.4783051150323292
980.88903428597553 4.7321887620943066 7.4734832644908051
1275.6184791176754 8.8745156084118246 0
491.81833214436051 1.9413966295902596 7.813254717178177
-5485.7177002111503 -5798.7002974498 -3962.1791581223561
1329.7247894099726 4.5790184437355919 -6.4011544025546705
737.35436188508356 -2.2764302598834023 -17.599331519611663
1794.0630007647212 3.8336230911259075 0
1597.5326158039609 34.052735455643237 0
1146.7722627020009 -5.0246103901233612 -4.567076530744048
617.34454378657563 8.1126825106277316 11.064855959498139
4132.2725819626776 641.78898175031804 0
2022.2674427574734 -34.261490302747085 -30.685215592065951
1057.5949244506833 -5.5916203100950934 -9.3089588336769467
-26.961400546321386 -50.257234674419955 -38.748636136687431
368.32268731034799 6.5546532486285489 -8.6035385195245038
1696.331354156978 4.3888169712731928 0
1099.543564824655 -4.3708301975622117 0
679.5135125333876 3.3323730762501871 5.8063373292837523
1596.6913484209147 41.800932943436976 27.221027397197631
1800 -2.1883763818654156 -8.2473038384273174
234.1145153986977 -2.6196138986898418 9.7561825658227246
-4.3483764522792523 -7.9986432671857646 0
403.72681414683348 4.9569517983229421 5.3843745992312222
1623.2777424187088 -8.2804467189030078 -8.1377809743020855
199.62491367136718 8.2398813886955669 -6.6541895683856866
1531.988712961682 -3.1068487764215185 0
971.6118013926681 3.4160572914451044 0
1850.6388603678395 -4.1375498526149528 0
1551.8260013859785 -8.5580833816120396 9.133680335175649
787.24729912163366 -10.502497920766826 -23.631599548548962
546.89372845132971 6.6062024229756791 6.7062439752721748
5753.0447569986054 178.89849306336043 -2080.8571800902309
1530.4680239968966 4.0671590803775741 6.7171000971424624
683.9854402631837 -3.1138760441772213 -8.5813469967329432
1770.0121573297947 7.9824458372054083 -8.89392564405955
1209.3815643598678 5.214612500738939 -10.123012630901146
1591.774826010758 -4.6726444888783671 8.2634126693736274
1177.8306638786953 6.0792858095603908 -5.707122498165158
307.88862444226845 -6.0462448719739923 6.293823314760421
534.36091110890982 -36.329732890986982 34.520290708422493
970.21282834556428 5.9401363929000688 7.7339787588214888
1801.0884138773254 -9.4731459043698294 8.4374678418956996
619.5494010601152 0.81642332615660917 0
829.89590761337695 1.9161195854218191 0
1175 -3.6915783750771305 0
471.48819397495066 3.7670452655660487 0
1575.7680589424845 95.162545083808624 51.297874121850072
1998.4389783536137 7.0825336190538204 0
263.49022739048218 527.94071409633625 0
1696.5179732890481 1.1260434877086019 0
1546.9926510370301 -4.7043721741873874 4.2601779351294669
1903.1172347938509 18.243420691705523 15.334356184651156
1194.9181208215082 -7.5718136682282857 -8.1097114436595685
1201.2891350894122 -4.4075420808884269 0
575.8516485939216 -5.8269276633402081 0
502.4658193933596 6.5776230693253037 -5.7826603141673223
1792.9576935844766 -2.23342784951517 0
903.06475421570406 -48.047277401177908 74.564636661508587
1628.6721635087945 -10.113543485918541 -23.703361226805423
976.13301824182736 -4.0181670135655025 0
1232.7015360675396 370.95424839011343 193.4645844629483
1602.8577278266982 -10.482223541527365 10.543476787653042
1474.8355646952884 -0.16778234764418887 4.5394514657818599
480.03165720704584 -4.9732881434031118 0
750 -3.538968668115134 2.8883601141859447
972.08804724207516 -9.4362601648825351 8.8823353159927052
1475.3406635871902 -5.7289947796096579 0
755.52374985759695 -5.8836457717937947 9.8874592703330038
1658.8721110045915 -35.479928480687668 -96.623276617707859
-63.741562621456026 17.123624424978086 21.120159821702611
822.45725734737789 1.0213713263110291 -3.4911989601430902
1843.595781741315 -3.4016608013963183 5.9041061336217249
1178.4666866154375 -5.1001622345874011 4.6413458159097392
396.73798332198891 6.0210911904228235 5.4576001031017611
1625 -3.2042168600223877 -2.955446740481082
189.64386143896766 -9.1235873649505947 0
300.98552307367919 -5.88317926381478 -5.6170919464318354
1478.7083554801829 -6.8820800901199375 8.5283876739129596
1682.3214860464345 -7.2328371663584026 0
1800 -3.2278035421084605 -3.827633978294001
496.94018742726769 -8.1315831539568055 -92.434543671130655
1561.8957253324918 -28.95273478536053 67.584474816522743
270.13116767881445 -0.07481715152288293 0
1435.5831085190616 -17.080901971413269 -28.720602772016232
1472.1412391455838 6.5451732881136211 -5.8343423019395084
-79.764132102480616 63.875128762910833 -39.787567866853422
479.31581246940129 9.9755978170438766 0
1320.7336083224468 -71.941642649241246 -36.562035316679207
1546.9926510370301 -4.7043721741873874 -3.5139554897808338
1173.2830000466881 -5.1407295867056124 4.671728500973134
1694.7813977011292 7.6394277823378127 -8.8517831646176557
1677.4074589035479 0.95372945177397783 3.7533510081532269
759.37124475983626 -2.208918574488731 -10.48803685147762
1147.8877587799188 45.128143659211631 -28.529985849073711
1017.5030357489674 -3.5012693639522188 -6.9136754644441805
1767.6709573848987 -6.0158207618934387 -8.283428719614129
-112.85028680361083 163.00788534801387 -81.960033781911378
-42.466136270607223 373.78407243512657 0
1447.3540272232365 596.63864828656097 -299.38148003965375
1704.4612285081291 7.4574268623259776 0
1253.021247609722 -5.1574214979791675 -4.7040874131244035
1418.0830474172487 -0.045804301156566751 9.5105190562338109
491.99049474001282 1.386185790169125 -7.8831623278468026
1303.8192245437158 -302.37433386131738 0
1971.1499727568389 1.6750136215805389 0
974.43166297983987 -17.156324474121668 -24.013348887397989
208.00889847335492 19.742796554569804 14.013179620433801
1307.2126938320268 -207.71184457061543 0
1280.1430363504735 -138.29247192309134 -65.122242923149344
1975 -0.24999999999999933 -3.9620218480839338
477.32476693347451 -4.9732881434031126 4.5164595574855841
1413.1083651459865 -8.5643952929551084 21.118090007550755
1694.7813977011292 7.6394277823378127 9.1765051799518229
375 -3.4776320679398585 3.0567253284574374
1296.0678323041057 12.213319010608792 0
1600 -4.9514598813149897 4.0909694124651654
1177.8306638786953 6.0792858095603908 5.8164029499881682
1718.1921386036065 -3.511993844594735 6.4759996860663191
477.32476693347456 -4.9732881434031126 -4.5738607487164851
1069.7605143804446 -199.13794831208804 -110.95241462439898
1349.5212445859181 -109.27939680381482 105.97697642988848
1685.5982242260309 -35.319449449227321 -28.62856660077988
1992.7897124029323 -1.2712832131401024 -5.1420859898496758
1992.7897124029323 -1.2712832131401024 5.7144371245309076
483.18318653113795 -11.48303599799404 -8.6659497691531868
2003.0128206626466 1.2564103313233024 3.2781374347738317
1301.702082401843 -4.5074905467972446 0
1016.9426599602281 5.8563734037158275 9.0487286764265384
1613.4950061308245 -16.44183546927658 -19.392436207281996
1318.5111265880309 6.889956261569548 8.6492538381034034
1240.8977841524436 -35.167845254393242 -18.871629366752103
1704.2917801825508 2.8047201911009014 0
359.79601139304037 -2.8628947536580287 -9.5784468893657344
1534.5398341347368 -6.0341035597979689 -9.3613473876258855
1775.8829656791575 25.334831545577735 0
468.74126149520805 -4.9732881434031135 0
1600 -4.9514598813149906 0
1028.8027734869329 3.5479654080263696 0
1027.6910025226555 1.0955012613277009 -3.3486501077725324
11875.29775971346 -3304.5559188829616 0
631.76390030029199 5.2121540765914789 -8.2635662541567267
196.25041808958017 5.0188551463006359 0
1653.1857855464634 4.2039671171830166 -27.919298578388236
1303.9571180286225 1.5068577037185993 0
217.95333673858528 -4.271046743828613 7.9113163119104843
523.17365328589131 39.786819481599842 0
414.12735351100457 -5.4555748728118445 0
420.04121799068321 39.396328900263207 72.217590785089953
1928.675370916817 1643.8351381432933 -933.80055199525293
777.16187237530369 0.83093618765187127 3.4326996459986572
780.63779311447536 4.6865547777536447 -6.9478307043564591
786.27067193900132 -3.2104663380730711 -59.315914330934973
1391.7859247569434 3.7705312468921877 -8.4569492324705617
1146.7192182334866 6.8706037410504415 0
1022.2405422632073 1.1297288683963203 -4.7686093237812308
1204.6405958843225 -4.8097324633061973 -5.9087846130561346
974.85315859643538 23.180285377060201 19.069239927322752
642.07415065757289 3.5479614047452745 8.0798138141740328
3400.8672733190747 448.34998319547515 0
1974.7178947625448 -7.0837901818747939 0
1994.3244550540512 97.010515952796226 53.822715288679412
913.20228420086403 -39.653046219615945 -23.549314511553746
825 -3.7396352972631735 -3.6436609833223463
1645.2262896549282 10.395637950680207 0
2035.5713812156662 -123.37861091876968 84.334573750377629
2967.2909720836433 165.54366946981384 0
1773.7790392673207 -5.9266283284902741 -5.4757059180901377
300.37866285633999 7.2368449248297093 6.882837163947114
1675.3056355031022 24.081311585942256 0
1575 -4.0317304302738979 4.1435445407134761
93.313057711927001 1028.5103622485167 0
1579.1548044813944 25.557179029415639 -44.163905441724253
1222.741423032865 -5.2101097991316916 0
1227.6158669901274 -10.264551550469294 9.5078842063820748
1054.3854384503343 8.7645731164567202 -11.869271722878889
2005.9419969931198 2.7494987704852694 -10.582141970222752
1400.56098177985 6.8731963934195894 0
1448.2304573403637 -4.9324108948038319 0
1993.4860100645087 -11.562227999508551 -9.6158513781992738
447.31528684592757 1.0923565770362231 -3.7962433973488086
1229.6027800553493 190.82407810220644 100.83528364539842
1669.4326881338948 4.2097196691637873 -6.5764987576001595
1686.298921552547 57.228158388546269 0
301.94702834982979 0.58065524008119151 16.951384187452263
869.20202147983173 18.439771868675205 21.022130791610376
1300 -3.0241785756915971 -2.9223112275894292
1667.0096848052542 17.746519429254647 -14.262514433042632
1214.588395852548 -2.0643622476309424 9.5500744286449795
2001.2726938308626 -5.4077158605005922 0
695.35867153262154 -7.7022094515205861 9.8649868962994773
1653.8846230744966 -75.554785910215401 -45.379502626149659
468.20143537868569 6.6198360295361951 -8.9678523718146916
297.32821928521508 1.0858903573924557 3.1237999023394725
1203.2242607104722 1.3254486229144447 0
472.25177448707871 1.1241127564606535 -3.4078767084618433
193.76237944001991 -4.4173444918067712 0
1553.3394483257409 -3.3831263649091445 0
1204.5666018638256 3.1277871130626771 -5.4578052505066434
827.53078543084291 1.0153927154214757 -3.490090618469222
205.06203447500684 4.0805745599010876 -9.4162495174266851
631.26896180650431 -3.4802299851285681 0
1772.6911953001099 0.90440234994504443 3.6263945209140651
611.89207344982378 15.440060985749646 -10.69610004976272
978.29587021585235 1.1954857757998765 0
772.62657270715613 0.93671364642194965 3.4524485405147134
697.26062827576061 1.1196858621197237 3.7593369401263432
607.4777332811351 -1.200376887859135 -5.3346747754663451
1220.6659203358422 3.686032848770318 5.4265742762508573
624.9555356667455 50.684005297017151 0
620.22200735671822 25.951719508868948 -30.884790944221407
1796.5758272159192 1.4620863920404372 -4.7591182750382881
694.98318162497537 9.3356294520719612 11.293689529471649
1022.0425114030036 -4.8581560973085347 4.4133647996906218
1027.96770140729 -4.8491558267896551 4.4071112200967573
1852.153947655388 -5.8545497616014721 5.5764143031254614
471.75713453786909 -37.611118224127118 -181.91909532972039
1200.2899724751896 -6.4015830020744477 5.9072754595130146
1167.8860229006805 0.45826217846429901 -6.5774313996240288
721.73519727691723 -9.6372296840657121 -7.4902508333988216
1802.6560138542845 1.0780069271422863 -4.3348842622366579
782.65806384608493 -5.4766705779445326 8.7381770539744537
1777.8418905079652 5.8713261136670774 4.8449272083252577
1700.815237632454 -5.5956031615887438 0
475 -2.100035496121464 -3.3573147646620951
1233.3233299599003 -81.207063679000754 -48.007996224845883
1299.6792633824914 19.050233984999103 20.479069573050467
1793.3797020454026 4.4980095672061591 -16.408655474851848
1795.5617897385257 0.42636181110931526 0
6078.7478963895137 354.05415791542418 0
827.53078543084291 1.0153927154214757 3.5282918535780694
1641.8633617816436 17.476786213177149 -11.750261387660835
1978.0340711950385 -4.6056538909513751 0
2076.7292870550814 -52.507138270006379 -58.060498515206632
1300 -3.0241785756915971 3.3030553117113417
1182.9025994316501 17.641000737656146 -12.766966074325403
1650.9411582513253 41.442795986021054 0
207.14108916466506 -3.5824163171883399 -7.9745835697318297
1570.5089332176933 47.186991050975585 72.793403913808731
976.28419113603343 -6.9053906189625351 -6.6214634178980285
975.75699255862821 -6.1381735826561155 5.5502628999217105
1475 -3.2710369017351346 2.6551929214112819
1551.6775246385189 -4.7043721741873856 4.1769940612966971
1554.0501718031842 -5.9536933624448976 -5.8026855421738128
272.44036620457109 1.0298168977144546 3.1604578518121413
478.37792246577879 5.7951206338525472 5.5123625990470213
478.37792246577885 5.7951206338525454 -5.5311284780045513
1694.5397918651042 2.4402144730846924 -5.6375087723917865
-118.81221131054451 479.1798539119041 -341.20902870809402
368.65468056888119 -4.8990831462418383 8.2661789749237364
1694.5102034913066 2.5691246904216598 5.6598967747336442
1291.3654826373624 18.307094546101972 -11.442532576612759
1280.866437498064 -139.36381280597564 66.904671736638704
1307.2221833076403 -3.3008763215918808 0
472.02423307950414 -4.9732881434031126 4.175412529232351
30000 -30000 -15000
9142.3452186751565 -2900.7931665843489 -4245.7913881143813
195.22712046371183 0.91391342272756826 0
775.6636782768868 7.2556081092882367 7.0951628726365499
1780.8147301119207 16.167494643659033 9.6388816813846141
2049.8018755784587 321.39702776763602 0
1640.2201480045489 16.542826515068171 11.730667661548141
304.01145332068995 -9.67392025245341 37.22902369752866
1225.3171605533564 -3.8375956596484793 0
1056.6466754105616 26.861021516649171 -25.946575221913697
2018.8005106174874 11.599095474366164 -16.249445252059246
1400.029981197704 11.767558968724941 9.9751926065459919
1450 -3.2371945786609131 2.8993283082577817
1675.9179494265591 42.274642524440864 0
1224.8141073245249 -5.9966818630039906 5.3298379973559946
1305.0118461219051 -4.6777600729886757 -7.6017744477736784
1293.051746598552 -4.4418131936652365 -7.3332313843096397
1982.1240701054999 -7.722883849474373 -5.4335069660192996
2000 -3.2741607363669121 -3.198838469246736
2000 -3.2741607363669121 3.3402423521768094
1215.883551958083 -110.84110720490321 -164.67786423794905
466.65608922712181 -2.4491772758898538 -9.8349130466327832
1689.9568312499071 -0.11849801756797973 -15.941992511796174
774.56682878169181 25.019317997177172 0
627.21474363722916 19.215922862251333 -16.10687120038212
766.29396835203977 -0.95959742366595835 10.10057063919071
980.44906687678281 -1.929874339981454 4.3263788069837421
718.43865478714167 -3.2935959776445634 -6.0328405595927963
727.78933680618479 -23.190434321687281 -17.352875346794974
1700 -3.2613115281464351 -2.8081187491527397
1700 -3.2613115281464351 3.2051131870465288
831.71906530762431 4.6107873145342477 10.990076143399349
1974.9744756447685 -3.9692619948982526 0
1471.7103541765632 -4.979516944249097 8.6866070405437341
268.02506098469291 -2.9248306026920194 8.1817232815254162
480.71464309078664 17.570652758627855 13.829795889742837
1284.5786800804451 30.593698641646888 -32.048431253983608
1306.2086774192635 -4.4360338271693003 7.4378724475737616
30000 -11250.37499916675 -14999.999993333111
18468.224084267749 -6071.6929825155166 -12359.550010532432
2031.8235326688011 224.80217216883648 0
1991.3039083240481 494.97659886589526 249.53329349550515
283.79617815825407 -37.310633263709931 76.267078566385891
2032.6735164564313 29.134550467848015 -40.812959273624735
1671.4166463974932 56.479596910755689 -32.846081983441749
1671.4166463974932 56.479596910755681 31.065791356076161
2006.2660086091776 -6.4118240291617479 9.6860498782960711
1996.9437480621507 -6.4118240291617479 9.6860498782960711
1979.9759883995539 -19.473218059857604 -15.513208926645849
2003.5492705765264 -6.8486236267301486 -10.25540067677829
783.37848568776337 37.936472427934568 19.291530241870575
1708.025098460256 -4.6736508247966793 7.8058761437073088
1707.7874700211978 -4.4849735095931367 -7.6195924969832696
1972.0315231091574 -5.2946487573711511 4.9678841763051498
2060.3612748881565 269.46119804279527 177.09753209562606
1797.7183947323783 1128.3069825063503 0
2035.6544739338915 95.73251210813261 -67.947295333093138
2048.505305280542 5.3480691479807234 -26.393724598539098
1655.0584794547799 136.86018324150524 0
1970.461966310105 -42.957974911187947 -33.173324211500386
2077.1272115942052 294.93083642781318 533.97296124108823
2162.8789523457349 88.962512048371849 -102.79521336021587
1669.8766558748134 288.81319641013573 0
1966.091650189283 -95.156791227800468 -56.949054077158522
2621.3847923932653 114.6532030961302 0
2403.958912834858 99.582703591732596 -376.86742978908205
1684.877812093634 450.9949767049701 182.43590661881197
1684.877812093634 450.9949767049701 -184.06548001267274
2632.6084308103009 -668.60576377432415 -865.60227222082949
1677.8794125363418 872.09627786857448 358.07873312487533

CELLS 26277 131385
4   364  795 1738 3998
4  2081 2043 1579 1979
4   370  330  459  598
4  1282 1409 3709 4396
4   506  868  900 1841
4   379  344  438  827
4   700  270 1001 1233
4  1294 1930 3699 4308
4  2301 2581 2804 3103
4   282  283  429  532
4   460  879 1220 2547
4   296  285  297  299
4   172 2043 2064 3829
4  1851 1005 1954 2144
4  1578  760 3128 3259
4   179  181 2780 4065
4  3863 3749 4094 4186
4   392 1254 3659 4152
4   333  580  957 1046
4  2234   40 2900 3613
4  1457  744 2414 3878
4   813 1249 1393 1591
4   604  603 1090 1207
4   940 1129 4106 4327
4   287 1334 3518 4012
4   402  400  621  646
4   467  516  580  793
4   333  327  580  633
4  1667 1265 1674 1787
4  1618 1764 2242 2411
4   319  307 1082 1655
4  2052 2395 3492 1540
4   617  703 1143 1679
4   464  448  656  710
4  1438 2331 3344 3390
4  1362 1275 1432 1456
4   508  817 1078 1165
4  2620 2635 3479 4065
4  1305  378  837 2988
4   913  867 1350 1431
4   607  534  729  892
4   586  611  941  952
4  1999 1788 3378 4170
4   797  470 1119 2965
4   640    9 4349 4387
4  1015  995 1938 3167
4  1067 1512 1942 2733
4  2844 1808 2875 2990
4  3349 3168 4217 1490
4   150 3093 3721 4070
4   307  531  969 1082
4  1189 1169 2457 2458
4   273  488 1246 2799
4   527  310  838 1782
4  1222 1464 1510 1826
4   284   18  297  301
4   324  739  870 1228
4  3192 2006 3233 3823
4   806 1692 1983 1996
4  2008 2632 3129 3230
4   368  325  918 1724
4   520  813 1249 1393
4   835 1351 1985 2416
4   584 1010 1541 3027
4   196 2072 2487 2717
4  2706 1013 2941 4037
4   786  597  928  948
4   344  359  551  761
4  1236 3225 3647 4400
4  2308 3175 3231 3263
4   368   14  445  843
4  3047 2847 3304 4149
4   479  499  563 2559
4   679  968 1393 2349
4  3243 2109 3735 4269
4   403  461  956 1899
4  2211  774 2881 3051
4  3277 3944 3948 4295
4  1188 1437 1666 1993
4   435  389  540 2358
4  1875  872 2087 3037
4   883  773 1273 2733
4  1480 1631 2449 4180
4   837  353 1305 2790
4  1005 1851 1877 3614
4   309  303  357  438
4  1586  980 2623 3636
4   601 1211 3608 3965
4   470 1305 2518 2965
4   459  595  598  616
4   404  373  623  649
4  1859 1755 3734 4239
4   399  526  802 1097
4  3117 3543 3554 4406
4  2260 1776 2467 2496
4  1524 2479 3062 4033
4  2171 2100 2175 2334
4   227 2330 2366 2736
4   941  851 2720 3661
4   343   15  479  563
4  1786 1875 3037 3805
4  1284  745 1805 2422
4   298  291  446 2137
4  1196 2471 3183 4162
4  1438 1661 2331 3131
4   249  250 2283 3039
4   822  699 1018 1021
4  3466 2232 3573 3574
4   841  669  890 2394
4   916 1231 1298 1636
4   264  267  266  296
4  2055 2789 3393 3451
4    16  265  267  880
4   363  478  636  729
4   294  293  299  888
4  1238 1703 2417 3164
4  1369 2484 2562 4241
4   501  290  620  663
4  1056 2486 3789 4194
4   833 1101 1178 1413
4   400 1254 1613 1813
4   950 1451 2291 4015
4  2090 1238 2138 3411
4  1616 1623 1750 2132
4  1067 1170 1798 2604
4   755  612  876 4104
4  2764 1978 3285 3519
4   720  466  788 1810
4   499  563 1379 2896
4   269  268  290  393
4   889  647  971 1947
4  3916 3912 4368 4395
4    18   19  301  302
4  2866 3877 4378 4401
4   715 2292 3046 4306
4   441  934 2735 4320
4  2859 3178 3405 3953
4   441  515  934 4320
4  1541 1024 2368 2646
4   105  106 2675 2899
4   778 1236 3647 4400
4  1845 1863 2430 2594
4  2631 1396 3165 3664
4  2352 2050 2371 2903
4   345  339  346  365
4  1100  458 4193 4416
4  2099 3143 3996 4292
4   724 1575 3252 3253
4   309  325  637 1724
4  1476  574 2380 2697
4  2948 3492 3586 4208
4  1833 1068 1974 2214
4   768 1691 1772 4178
4   570  584 1057 1137
4   825 1813 3327 4089
4   609  648  874 2315
4  2159 2532 3122 3701
4   744 1615 2005 3984
4   325  368 1334 1724
4   617 2960 4408 4412
4   557  674  856 1675
4   540  830  859  912
4  1206  925 2961 3392
4  2933 1390 2866 1290
4   950  688 1360 1451
4  1769 1635 3323 3368
4   142  140  141 2280
4   745  619 1284 1468
4   321   14  390  391
4   654 2510  434 2688
4  1818 2879 2891 2943
4   265   17  297  458
4   309  322  476  638
4  1284 1418 1518 2850
4   833  613 1101 1158
4  2743 1850 3319 3884
4  1719 1769 2280 2847
4   808  587  938 4075
4   903 1123 1799 1812
4  2166 2976 3496 3497
4    71   72 2804 3999
4  2251 2787 3537 3594
4   169 3333 3450 4157
4  1505 1529 3038 3633
4  2369   31 3441 3895
4  1488 1499 1707 1745
4   504    9  640 1114
4   346  376  902 1072
4   279  277  870 1324
4  2994 2206 3097 3490
4   668  927 1091 1237
4   339  318  345  770
4   112 2505 3200 3660
4  1268  808 1504 2012
4   314  311  933 1109
4   351  364  742 3219
4  2489 1011 2849 3988
4   384  457  809 4275
4    18  298  302  535
4  1428 3205 4078 4245
4   434  490  654 1146
4  1263  737 2030 4373
4   358  398  534  729
4   979 1015 2007 2681
4   462  559 3015 3332
4  3013 3378 3747 3767
4  1236 3266 4379 4400
4  2939 3098 3802 3851
4   717 2331 3367 3774
4  1834 1336 2516 2545
4   883 2733 3085 4084
4  1740 1910 2981 3852
4  1063 2638 3280 4014
4  1164  489 1312 2958
4   107 2035 4025 4267
4   671 1223 1336 2920
4   399  320  434  756
4  2532 1808 2660 2875
4   156 1903 2412 2587
4  2696 2179 3938 3963
4   457 1334 1729 3870
4   620  442 1693 2583
4   368   14  390  918
4  1069  765 1096 1195
4   279  336  429  870
4   971 1776 3884 4059
4    15  321  390  479
4  3683 1781 3725 3862
4  1547 1585 1573 1535
4   428  498  588 1664
4  1525 1225 1813 3005
4   608  524  844  964
4   336  331  338  429
4  2151 1266 2745 2937
4   835 1322 1351 1375
4  3780 3349 4047 4204
4  2091 1780 2147 2883
4    35 3373 3889 3918
4   179 2700 3479 4065
4   458  781  824 1100
4  1665  901 3748 4243
4   608  887 1898 2390
4   541 1222 2286 3220
4   412  295  446  582
4   436  421  645 2912
4   876 1161 3771 4252
4  1189 1264 1314 4179
4   719  604 3261 4358
4  2186  912  600  540
4  1807 3419 3491 3493
4   454 1378 1906 3189
4  1272  629 2281 3547
4  1508 2062 2980 3519
4  3017 3207 3392 3540
4   346  352  376  620
4  1061 1360 1451 1786
4  1086  763 1217 2576
4  1700 1740 1911 2774
4  3543  500 3554 3754
4   403  410  572 1561
4  2258 2636 2703 3307
4  1692  738 1793 1996
4  1270  457 1729 3870
4   407  434  462  493
4   871 1197 1269 1549
4  3208 3582 3583 3776
4   399  320  756 3174
4   746 1039 1321 1387
4    19  294  296  299
4   520  428  588 1046
4  2823  664 4091 4320
4   333  353  377  837
4  1786 2550 3089 4123
4  3363 1766 3600 4006
4   116  118 2355 2714
4   390  321  391  479
4  1284  619 1374 1468
4  2055 2781 3141 3393
4  2784 4025 4282 4363
4  1177 2143 2992 3927
4  2943 1818 2949 2966
4  3120 3033 3485 4028
4   280 1340 2854 3929
4  1029  671 1847 4225
4  2051  565 2106 4061
4  2164 1048 3807 3965
4  2322 2275 2573 3521
4   965  480 1161 1866
4  1940 1957 2021 2132
4    88 2387 2429 3817
4  1017  690 1368 1443
4  1873 2234 2361 2900
4  3647 1577 4212 4400
4  1119 1267 1299 1498
4   905  830 1535 1741
4  1653 1974 3260 4325
4   921 3259 3531 3935
4   297  284  300  458
4  1080 1189 1264 1314
4  2641  238 2959 3463
4   570  584 1137 3027
4  1758  806 3625 4129
4  1763 1513 2136 2673
4  1277 2827 3898 4031
4  1326 1439 2253 2449
4  2235 3714 3898 4031
4  1121  834 2092 3017
4   486 2882 4404 4418
4  1002  377 1419 3433
4   794 1048 1482 2009
4  1762 1163 1878 1957
4   246  247 2243 2812
4  1190  607 1338 3139
4  2022 3155 3361 3761
4   274 1777 1782 3949
4  1361 1203 1600 1746
4   803  541 1222 1548
4   378  660  745 2988
4  2422 2306 3136 3422
4  1806 1702 3014 4331
4   705  601 3608 3965
4  1330 1247 1972 2713
4   616  807 2771 3046
4  1791 1801 2843 3072
4   346  352  354 1072
4  2690  702 2971 3534
4  1863 2268 2430 2594
4   336  277  739  870
4  2098 1149 2951 4106
4  2375 2719 4133 3890
4  1591 2348 2377 2751
4  3773 3643 3802 3932
4   524  417  608  844
4  3313  203 3652 3978
4   336  331  770  870
4   873 2250 3020 3385
4   603  604  897 2445
4  1238 1703 2138 3460
4   655  677  967 1032
4  2251 1394 2317 3177
4  1290 1104 2233 3826
4   281  901 3786 4243
4  1950 1474 2352 3336
4  1631 2226 3604 4024
4    16   18  296  297
4  1617  674 3138 3611
4   502  787 2048 2146
4  2213 3071 3315 4360
4   443  407  482  496
4  1872 1035 2907 3011
4  1257  517 3311 4393
4   502  789 1252 1655
4    12   13  561 1724
4  2936 1220 3672 4215
4   639  812 2887 3016
4   462  410  463  559
4  2894 2865 4010 4173
4  1466 1385 1621 1944
4  1076 1298 3308 3542
4  1193  813 1591 1920
4  1333 3348 4217 4366
4   304  269  643 1723
4   269  304  643 1323
4   338  340  356  379
4   758  657 1410 1443
4   795  472 1086 1738
4  1168  839 3034 3517
4   162  163 3270 3473
4   797 1299 1556 2494
4  1292 2061 3634 3666
4   547  916 1231 1298
4   360  392  911 2381
4   126 2995 3525 3555
4   729  534 1018 1536
4   796  485 1152 4329
4   731 1796 1943 3193
4  2384  113 3997 4079
4  1699 1202 2195 3628
4  1811  509 1698  467
4  1082  564 1809 1952
4  2526   53 3239 4280
4  2669 2695 2851 3730
4  1625 1500 1654 2466
4  2435  748 2618 2909
4   670 1626 2390 2464
4  1843 1555 1931 2738
4  2375 1587 3515 3724
4   650  390  918 1724
4   761  827  853 2111
4   329 3527 3619 4415
4  2761 2789 3213 4127
4  1231  740 1679 3541
4   437  313  661  824
4  1309 1012 3199 3792
4  2017 1692 2021 3452
4  1966 1752 2767 4343
4   283  292  429  560
4  1906  971 3211 3261
4   410  365  462  493
4  2141 2425 1657 1159
4  1583 3481 4039 4050
4  2027   71 2782 4050
4  2591 2255 2734 3149
4  2353 3680 3989 4177
4  1946  726 3027 3258
4  1123 1799 1812 2183
4   281  412  419 1195
4   428  498  520  588
4  2384  113 3289 3997
4   833 1178 2582 4011
4  2303  524 2737 4321
4   149  150 1990 2529
4   804  847 1140 1403
4  3266 1236 3826 4400
4  1716 2620 3479 4065
4  3557 3524 3837 4142
4  2392  584 3252 3253
4   338  340  350  505
4   435  389 2358 3383
4  1530 1117 2199 2495
4   379  340  401  472
4   663  598  798 3137
4  1982 2312 2876 3104
4   726  811 1627 1800
4   155 2171 2334 2364
4  2249 2570 2880 3182
4   316  468  528 1663
4  1199  670 1995 3725
4  3067 2835 3291 3388
4  1168 2542 3487 3630
4   299  293  501  888
4   708  603 3655 3855
4  1594 3018 3836 3840
4   900  583 4113 4141
4  2078 1383 1546 4377
4  2369 1768 2718 2843
4  1514 1502 3754 4405
4  3619  328 4415 4418
4   624  928 1533 3076
4  2850 1805 3159 3454
4  1513 1763 1845 1863
4  1773 1076 2669 2851
4   216  215 3487 3630
4  2159 2532 3701 4156
4  1080 1010 1541 3252
4   293  289  294  296
4  1521 2725 2897 3001
4   489  441  892  839
4   359  433  853 1129
4  3890 2602 3986 4133
4  2497 3601 3730 4053
4   431  355  676 1144
4  2043 1979 2081 3777
4   294  293  296  299
4   242  241 1628 3674
4  1129 3543 4106 4327
4  1491 1954 2041 3668
4  2626 2918 3529 3910
4   404  398  523  636
4  2526 2338 3703 4365
4   321   14  560  918
4   330  467  580  969
4  1026 1654 2474 3650
4   175  174 2747 3749
4  2724  848 3841 4266
4  2251 1394 3177 3594
4  2593 3714 3977 4031
4   382  887  907 1659
4   329  351  413  742
4  1360  950 1451 2087
4  1980 2441 2620 3002
4  1546 3148 4100 4377
4  1573  937 1640 2778
4  3030   49 3140 3823
4   562  265  561 1318
4   293  285  296  299
4  1261 1098 1986 3574
4   327  333  377  633
4  1157 1068 1833 4153
4   784 1484 1798 3210
4   510  723 1141 2759
4   764  668 1001 1237
4   985  440 1871 1873
4  2923   57 3314 3983
4   328  329 3619 4415
4   973  613 4410 4414
4   662 1237 4126 4350
4    43   42 2479 2914
4  2372 2131 3146 4029
4  1033  862 1202 1265
4  2070   45 2268 3310
4  2622   70 3370 3546
4  1521 2772 3199 3330
4   541  803 1222 3220
4  3435 3152 3760 3938
4   960  855 1146 2048
4  1133  588 1134 1250
4  2714 1658 2842 3993
4   850  451  952 2668
4  3417 3117 3533 4106
4   543  361 1811 3955
4  1364 2073 2473 3282
4  3077 2465 3360 3408
4   456  683  895 2583
4   468  528  578  678
4  1674 1871 2319 2524
4  2623 4091 4209 4320
4    39 2234 2344 2524
4  1170 1067 2464 3683
4  3187 3008 3653 3837
4   821  690  981 1275
4   399  374  563  632
4   557  533 1251 2321
4  1420 1559 2378 2584
4   655  513  714  844
4  2839 1234 1290 2933
4  1976  854 2007 2926
4  2371 3102 3430 3575
4  3499 3500 3512 4009
4   293  290  330 1194
4  1159 1122 1173 2515
4  2982 1574 3616 3636
4  1677 1686 2303 3179
4  1721 1014 4095 4251
4   617 1055 1149 4408
4   572  521 1300 2173
4  3205 3409 3901 4063
4   360  352  392  752
4   469  417  714  844
4   697  615 1167 4417
4  1601 1861 3039 4116
4  3082  235 3421 3673
4   544  565  606  801
4  1562 1596 2549 4041
4  1085  416 1097 1352
4   322  309  325  637
4  1730 2302 3255 3905
4   376  365  410  493
4  1268 1441 1857 2531
4   819 1364 2051 3065
4  1824  943 2400 4212
4  2224 2009 2885 3081
4   835  597 1533 2416
4   794  944 3034 3081
4   169  168 3791 4157
4   344  336  739 1228
4   320  283  691 3593
4   688 1061 1451 1483
4  1259 1389 1411 1494
4   357  309  379  382
4  2179 1643 2696 4123
4   612  876 3825 4252
4   927  317 4234 4350
4  1528 1506 2142 4118
4   897  708 2924 3138
4   493  365  818 1072
4  2050 2903 3183 4159
4    13  309  561 1724
4   276 1064 1096 1329
4  2636 3307 4205 4348
4   473  873 1597 1620
4  3610 2814 4072 3205
4   416  542  621  736
4  2501  206 2572 2755
4  2400  943 3567 3647
4  1445  599 1473 2005
4   688  842 1061 1516
4  1610 2939 3872 3932
4   599 1329 1445 2928
4  2015 1470 2483 2579
4   176  178 3032 3960
4   231 3091 3150 3151
4  1356 2791 3017 3540
4   391  390  479 1187
4  3372 1941 3548 3549
4   948 1508 2980 3519
4   497  504  838 1296
4   332  341 1046 1467
4  2004 1951 2258 4097
4   971 1260 1947 3884
4   321  560  650  918
4   345  282  694  770
4  1579 1604 1717 2482
4   676  810 1169 1332
4   926 1597 2337 3614
4  1440 1239 1639 1694
4  1872 3011 3304 3908
4   465 1254 1525 2667
4  2081 1639 2179 2272
4   480  521  725  775
4  2904 2809 3475 3956
4   997 1204 2744 4380
4   436  645  671 2333
4   539  374  621  632
4    98  100 1949 2453
4   387  768 1332 2392
4   333  353  710 1002
4  2723 2815 3299 3528
4  2696 3152 4123 4145
4    18  284  419  535
4  3171 2031 3301 4172
4   302  298  888  947
4   284   18  302  535
4   387  682  768 2392
4   665 1106 1697 2665
4   435  893 2810 2993
4   375  317  640 1130
4  1479 2049 2656 3048
4  1577 1590 2076 3715
4  2692 2498 3815 4371
4  1643 2549 2696 4127
4   958  914  994 1077
4   702  550 1278 3309
4   960  855 1200 2503
4   981 1275 1362 1456
4  2846 2669 2851 3730
4  2719 3890 3986 4133
4   426  466  515 1164
4   200 2352 3430 3575
4  3205  766 3511 3901
4   283  320  691  694
4  3749 3077 4094 4186
4   356  338  379  438
4    36   37 2209 2437
4   684  653  961 1028
4  1110 1380 1725 3072
4   284  412  419  535
4   412  295  419  535
4   340  401  472  505
4  1035  746 1291 1646
4  3709 1261 3824 4086
4  1839 2276 3811 4125
4  1417 1181 2960 4082
4  2027 1602 2782 3103
4  1678 2138 2753 3163
4  1578  760 3259 3693
4  1633 2763 3304 3908
4   895  646  956 2744
4   467  509  529  651
4    16   18   19  296
4    16   19  291  294
4   390  650 1723 1724
4   831  807 2292 3403
4  1692 1937 3452 3568
4  1312 1164 2958 3881
4  1439 1480 1517 1914
4  1154  185 2250 3248
4  1070 1209 2276 3181
4  2353 3086 3680 4383
4   762 1374 2980 4227
4  1896 1778 2336 4197
4  1900 1791 1960 2843
4   468  578  712  759
4   324  739 1228 3804
4  1455  802 1822 4124
4   136  134 3585 3860
4   320  399  434  493
4  2310 1261 2877 3574
4  2457 2031 3530 3597
4  1048  794 1482 3608
4   766  689 3110 4013
4  3221 2499 4167 4184
4  1973 1665 2854 3929
4   820  651 1123 1821
4  1007 1478 2184 2560
4  2555  812 2666 3407
4   795 1516 1532 3751
4  2571 2117 2820 2913
4   434  407  462  490
4  2747 2692 3408 3765
4  3712 3014 4236 4351
4   944 1336 1435 1834
4   189 1978 2541 3684
4   265  562  267 1318
4  1248 1691 1772 1855
4  1622 1447 2831 3108
4   379  309  476  638
4  1031  789 1252 2849
4   393  290  620 2485
4  1580 1278 1592 2962
4   374  320  399  563
4  3890 3781 3986 4262
4   632  701  808 1054
4   380  443  692 1382
4   729  514  822  892
4  1749 1728 1929 2343
4    40   39 2234 2900
4  2251 3177 3536 3594
4   970  919 1098 1986
4   765 1069 1096 1279
4   365  462  493  818
4  1714 1102 3411 3460
4   239 1648 3604 3876
4   876  612 1230 3771
4  1052  893 2170 2810
4    15  304  390  650
4   804  860 1059 1527
4  1911 2774 3825 4252
4   408  680  834 1121
4  2923   58 3314 3571
4   537 1852 1941 3549
4   771 1380 3216 4076
4   914  999 3062 3424
4  1313 1302 1845 4189
4  1238 1679 2653 3411
4   443  482  692 1382
4  1744  704 3224 4266
4  1683  239 2095 3604
4  3250 3641 3747 4236
4   247 1861 2243 2812
4   273  274  640 1130
4  1500 1026 1654 2672
4   727  450 1239 1440
4  2031 2305 3379 3597
4   649  623 1669 1893
4  1132  658 1324 1344
4  3240 2721 3648 4248
4   308  310 1185 2120
4   270  913 3723 3970
4   103  101 3713 4249
4  1192  600 2186 2377
4   299  301  302  888
4  3670 3239 4280 4365
4   374  399  542  621
4   322  382 1100 1144
4  1063 2217 3016 3280
4  1469 2704 3218 3615
4    19   18  298  302
4   371  946 1729 1800
4  1680 1714 2331 3131
4  1942 1512 2116 2733
4  2192 3155 3761 3795
4  1415 1443 1648 1927
4  2062 2764 3285 3519
4  1859 3019 3734 4049
4  1008 1292 2402 3666
4  1125 1804 1832 3974
4  1014  886 2578 4251
4   457  601 1270 3608
4   512  666 1107 2274
4   355  431 1332 1453
4  2480 2240 3514 4069
4  1666 1638 1993 2374
4    17   16  265  297
4   451  386  776 1664
4   331  336  338  505
4  1136 2534 2974 4255
4   170 2125 2354 3864
4  1641 3116 3797 3863
4   401  472  655  714
4   873 1075 1620 1743
4   987 1814 2538 3317
4   438  697 1167 4417
4  1000  885 1954 3410
4  1849 3069 3410 3646
4  4281 3311 4325 4330
4   467  509  651  820
4  1903 1173 2094 2515
4    72 2581 2929 2967
4   599  930 1445 1558
4   172  171 1887 1925
4  2549 1596 2696 4127
4   376  365  493 1072
4   309  357  379  438
4   377  991 1002 1419
4  1574 2831 3108 3703
4  1576  750 1827 1911
4    19  299  301  302
4   352  360  392  620
4  2835 2683 3067 3291
4  2275 2952 3337 3521
4   269  264  266  290
4   371  421  436 2912
4   220 3065 3226 3406
4   579  661  685 4260
4  3535 2251 3589 3594
4   647  455 3135 3261
4   257  258 1933 3794
4   681  804  860 1059
4   679 1017 1368 1410
4  1239  842 1509 1516
4   418 1220 2694 4215
4  2415  689 2697 4372
4  1563 1384 1883 3441
4  1843   41 2112 2265
4  1267 2215 3088 4068
4   803  541 2108 3220
4  3569 1017 1172 3766
4  1838 2404 2487 2717
4   336  344  356  505
4   724  704 1183 1562
4   703 3952 4011 4259
4  2208  872 2463 3224
4  1292 3551 3990 4245
4   399  434  493  542
4   540  439  859 4066
4   331  336  505 1228
4   327  315 4175 4310
4  1882 2530 2954 3477
4  2329  129 2745 3028
4  2721  212 3098 3648
4  2712 1719 2824 2847
4   407  320  434  493
4   348  380  389 2358
4  1078  508 1165 3816
4   282  283  560  694
4   460  395  686  924
4   694 2476  348  818
4  1897  934 3605 3883
4  1458  835 2337 2408
4   386  451  641  850
4   507  896 2028 3147
4   379  357  382  469
4   765  858 1096 1195
4   467  516 1698 1811
4   750 1576 1790 1911
4   348  345  694  818
4   268  368 1334 2436
4   358  354 1126 2210
4   564 1402 1809 1952
4  2897 1521 3001 3612
4  2873 1272 3009 3233
4  1742  575 2705 3667
4  3301 2458 3597 3632
4   333  377  633  837
4   506  450 1440 1509
4   595  370  683  910
4   626  976 1637 1939
4   350  331  505 3822
4   426  418  441  466
4  2594 1513 3238 3377
4   648  609  681  713
4  1609 1154 1645 1743
4  1808 2844 2875 3637
4  1286 1547 1601 1734
4   491  327 1063 4014
4   252  253 1734 1867
4   534  607 1190 1312
4  1520 1462 4118 4153
4  3994 2212 4071 4073
4   517  553 3311 4266
4  2561 1392 4135 4251
4   318  339  349  494
4  1476  595 2697 3107
4  1781 1716 2551 2695
4   357  309  382 1100
4   860  804 1140 1403
4   307  306  343  756
4  1343 1876 3671 3810
4   366  506  900 2406
4   456  525  683 1034
4  2046 1953 2104 4002
4   195 1559 2404 2584
4   855  490  960 1146
4   311  324  933 1069
4  2855 2442 2906 3821
4  1322  835 1351 3959
4   339  346  365  663
4   294   19  298  299
4  2043 2002 2125 2272
4   326  533  752 1251
4  2601  606 4345 4385
4   639  491 2286 3016
4  1301 1142 1594 3018
4    54 2526 4238 4280
4  1280 1111 2218 2386
4  1332 1189 1691 2086
4  2540 3689 3780 4254
4   637 1334 3391 3518
4   467  516  529 1698
4   518  389  592  600
4  2622 3134 3546 3953
4   423  688  950 1191
4   280  278 2854 4000
4   458   17  659  880
4   488  316  527  528
4  1250  797 1849 1939
4    56   58 3462 3698
4  2624 3819 3835 4272
4  3014 3668 4290 4351
4  2508 2647 2727 3293
4  1500 2300 3969 4147
4   639  777 3324 3621
4  1865 1179 1888 1890
4  4110 2256 4194 4207
4  1149 1287 2951 4106
4   279  282 2222 2993
4   643  269 1323 1378
4    12   13 1891 2023
4   298  412  446  888
4   899 2240 2535 4278
4  1131  954 2435 2618
4  4030 3619  287  300
4  3225 1127 3756 4194
4   327  491  541 2438
4  2227 1730 2302 3255
4     9  317  640 1114
4   132 2795 3206 3556
4  1579 2002 2043 2272
4   278  280  858 4000
4   391  445 1090 3611
4   678  765 2394 2410
4   412  281  858 1195
4   478  363  514  729
4   394  335  653  887
4   192  193 3231 3510
4   377  353  378  837
4   596  746 1039 4134
4  1395 2293 2343 3422
4   629  550  702 2792
4  1838 2575 2584 2717
4    15  304  306  343
4  1337 1460 2235 3714
4   322  309  382  638
4  3178 2509 3295 3953
4   335  286 4411 4415
4   343  304  396  479
4  1691 1332 2086 2409
4  2910 2570 3068 3359
4   605  442  854 2135
4   699 1018 1289 3617
4   332  562  792 1318
4  2608 2656 3048 3282
4  2153 1720 3699 3735
4     2  936  558  963
4  2879   97 2943 2949
4   556  540  859  912
4  2194 1414 2523 3068
4  2404 2487 2506 3954
4  2142 2159 2532 3122
4  1233 1237 1253 1473
4   424  372  907 1144
4  1201 1513 2633 3377
4  3647 3225 3756 4400
4   384  585 1627 1729
4   903 1799 1839 2183
4  2407 1571 3179 3365
4   925 1670 3173 4247
4   339  331  770 1072
4  1169 1608 2457 3597
4  1368 1410 1416 1427
4  1721 1176 2260 2351
4  2606 2216 3476 3717
4  3785 2416  850  656
4  3494  134 3585 4208
4  1108 1081 1818 2245
4  2689 2433 3561 4150
4   471  554  569  593
4   141  142 2280 2969
4   453  603  843 1090
4  2527 3188 3432 4019
4   513  655  677  844
4  1857 1268 2393 2871
4   336  279  429  438
4   528  468  578  712
4   804 1962 2475 2957
4   899 1153 4356 4391
4   389  518  540  600
4  1186 2018 2933 4401
4   578  609  759  841
4  1406 1366 2725 2772
4   690 1361 1416 1858
4  1158  833 1363 1413
4  2477 3591 3700 3839
4   300  947 3619 4418
4   338  336  429  438
4   381  385 2936 4215
4  1053 1681 1790 2774
4     0  696  867  913
4   710  656 1002 1877
4  1966 2767 2893 4343
4   453  483  603  708
4  2338 2046 2526 4364
4  1588 2721 3240 4248
4   309   13  918 1724
4   857  525 1965 2158
4   604  719 1391 1928
4  1365 2077 2085 2898
4  1420 2575 2584 2640
4  1348 1694 1803 2056
4  3268 2826 3675 3896
4   421 4203 4319 4369
4   865 1617 2317 2655
4   662 1445 1473 2005
4  3028 3750 2123 2090
4  2870 1263 2917 3964
4  3493 2893 3585 4343
4  2249 2570 3005 3359
4  1668 1198 2566 2791
4   670  608  863 2464
4  2089 1526 3068 3182
4   676  387 1332 2392
4   744  599 1347 1848
4   538  411  869 2323
4   524 1659 1758 1898
4   272  700 1001 1253
4   439  556 1517 2047
4   346  339  501  663
4   316  263  774 1835
4  2119 1854 2786 4079
4  1035 1889 3011 3746
4  1235  747 2573 3972
4   402  410  798 1071
4  3070 2692 3765 3815
4   328  331 1228 1712
4  1422 1397 1919 3374
4   406  858  933 1195
4   539  563  632  808
4   375  274  492 1130
4   459  595  616 3107
4  1477 2671 2849 3950
4  1127 1590 2525 3647
4  1712  501 3619 4155
4   421  436  645  671
4   832 1201 1342 1513
4   751 1936 1994 2970
4  3219  394 4407 4411
4  1692 1079 2017 2021
4  1240  387 1332 3658
4   220  218  219 2340
4   472  655  714  964
4  2003 1521 2897 3612
4  2099 1304 3126 3143
4   133  132  131 2024
4   613  833 1101 4410
4   322  355  877 1453
4  1392 1433 2523 3359
4    97 3772 4138 4293
4  2761 2696 2789 4127
4   589  326 1617 3611
4   585  809 1627 1810
4  3280  731 3447 3563
4  2052 2241 2768 3078
4  2660 2532 2990 3122
4   290  285  293  501
4   419   17   18 2137
4   706 1056 1213 2525
4  2082 3128 3259 3935
4   332  341  580 1046
4  1295 1040 1770 3853
4   291  294  298  888
4    12  561 1723 1724
4  2262 3352 3708 3874
4  2152 1687 2953 3762
4  1209  939 1839 2183
4  1400 2607 3146 3180
4   416  399  542  802
4   640  273 1130 1452
4  3053 2676 3388 4370
4   454  442 1378 2135
4  1345 1894 3158 4094
4   373  404  752 1251
4   264  265  267  296
4   362  477 2311 4192
4  2987 3690 4092 4316
4  1881 1343 2478 2654
4  2230 1900 2259 2718
4  1320 1269 2417 2753
4   979  854 1116 2007
4   847  804  894 1403
4   970  919  996 1098
4   509  805 1948 2595
4  1010 1080 1495 2392
4   761  827  833 4410
4  3432 2266 3553 4333
4  4141  875 4394 4407
4  1156 1577 1673 2076
4   787  503 3025 3255
4  1595 2961 3627 3635
4   136 2979 3584 3776
4   434  526  756 1383
4  3417 1502 3434 3554
4  1357 3403 3972 4056
4    94   93   92 1047
4   455  393 1207 1378
4  1521 1497 3095 3612
4   991  597 1002 1419
4  1838 2102 2423 2575
4  1750  230 1937 2029
4  1173  897 2094 2445
4  2784 2139 4267 4363
4   251  250 2133 3039
4   648  874 1109 1754
4  2302 3686 3834 3905
4   187  186 1645 3507
4   236  237 2084 2491
4   598  370  663  798
4   764  571 2513 2580
4   721 1976 2007 2926
4   441  426  466  515
4   672  422 1503 1546
4  2354  170 2376 3829
4   669  759 2760 3056
4   509  529  651 2126
4  1348 1505 3841 3928
4   658  275 1344 1775
4   364  795 1086 1738
4   308  838 1049 1296
4   416  802 1085 1097
4    31 2369 3124 3440
4  1266 1197 2753 3322
4  1092 3123 3561 4181
4   444  492  615  930
4  1029  671 1288 2516
4   295  281  419  901
4  2393 1268 2593 4033
4   390  321  650  918
4  2257  734 2306 3930
4  1907 1917 2290 4264
4  3299 3602 4335 4382
4  1495 1564 2651 2707
4   570  384  585 1137
4   641 3785 4018 4391
4  1826 2192 2286 2555
4  2647 2727 3293 4142
4  1133  353 1305 2965
4  1003 1906 2383 2496
4   536  735  899 1739
4   356  344  359  551
4   399  416  542  621
4   865 1394 2908 2950
4  1147  735 1375 1533
4   948  928 1552 3076
4   417  714  844  964
4   652  690  821 1368
4   842  904 1506 1515
4   580  516  633  793
4  1442 1526 2089 2522
4  1988 2234 2335 3990
4  1064 1253 1279 1329
4   823 2383 3189 4019
4   987  782 2724 3381
4  2769 3082 3326 3673
4   314  648 1754 4064
4  1504 2708 3363 3600
4  1263 2030 2569 4104
4  2789 2055 3393 4183
4   924 1125 2856 2883
4   471  596 3813 4134
4  1235 1357 3972 4284
4  2761 3213 4120 4127
4   677  844 3269 3941
4  1570 1838 2404 2405
4  2601  664 3281 4061
4   623 1893 2074 2971
4  2284  945 2557 3442
4   892  514 1341 1408
4   358  418  426  466
4  1353 1781 2551 3673
4   354  352  523 1072
4   503  502 2048 3508
4  2226 3604 3876 4164
4   338  336  356  505
4   784  961 1028 1798
4  2055 2781 4183 4228
4   352  376  392  902
4   470 1119 1398 1739
4   580  341  957 1046
4  2493   93 3010 3639
4   284  302  412  535
4   778  568 2525 3158
4  2277 2455 3445 3835
4    40  929 2805 2944
4   713  609  874 2315
4  1119 1556 3196 3818
4   513  401  714 2986
4   659  458  781  824
4   460  395 1137 3303
4  1347 1457 1848 2023
4  1321 1570 2575 2584
4  1902 1946 2730 3315
4   909 2666 3232 3512
4  1249  981 3732 3814
4  2967   73 3050 3682
4  2586 2031 3379 3597
4   789  487 1031 1252
4  3095 3001 3380 3612
4   345  318  893 2993
4  1220  920 1280 2547
4  1342 2324 2931 3319
4  1842 2014 3900 4361
4  2378 1459 2517 3954
4   593  471  596  791
4  2568 2365 2999 3246
4   393  411  455 3356
4  1293 1840 1851 2144
4  2872 3074 3696 3790
4  2453 1853 2567 2811
4   471  443  482  496
4   339  349  494  543
4   298  299  302  888
4  2117 2156 2766 2820
4  2054 2006 3192 3474
4  1073 1562 2563 3963
4  1071  627 1300 4013
4  2288 2220 2360 3091
4  1596 1562 2055 3090
4   883 2350 3085 3496
4   526  434  654 1383
4  1436 3461 3780 4077
4   724  577 1057 1183
4   625 1040 3853 4134
4  2086 2918 3597 3632
4  2692 2498 3765 3815
4   230  232 1937 2029
4   695  602  954 2294
4  1426 1368 2226 2888
4   285  266  290  293
4  3409  146 4063 4072
4  1312 1190 3041 3139
4   675  508  692  817
4   972  719 1928 3869
4  3011 2712 3880 3908
4   539  701 1044 4256
4   518  859 1335 1534
4   341 1403 1485 4191
4  2827 3093 3898 4031
4   289  293  294  888
4  2086 2648 3064 4015
4  2463 1744 3224 4266
4  1778  840 1960 2336
4   685  579  697 4417
4   282  283  532  560
4   284   18  419  458
4  1483  423 1191  688
4   273  488 1777 3887
4  2573 2275 3337 3521
4  2483 1374 2564 2579
4  3692  986 3699 3975
4   534  869 1190 1278
4  1447 1574 1622 2860
4   770  279  870 1324
4  1826 2192 3520 3722
4   591  712 3887 4098
4   794 1223 1336 1482
4  2399 1641 3863 4276
4  2499 1500 2659 2672
4   607  534 1190 1592
4  1289 1610 2317 3177
4   577  704  724 3224
4   437 2882 4403 4409
4  1678 2138 3163 3411
4   781  303  824 1100
4  1917 1907 2550 4264
4  1179  644 1240 1691
4   631  545  794 2735
4  2622   69 3134 3793
4   526  654  898 1383
4   331  318  339  770
4  3447 3280 3563 4340
4  1921 1475 2171 2514
4    16 2137 3748 3929
4  2487 1767 2617 4125
4  1284 1120 1518 2564
4  2540 1703 2653 3271
4  2068 1206 2961 3392
4  1258  831 2209 3664
4   281  858 1256 1359
4   309  561  637  781
4   996  970 1098 2232
4  3432 3188 3968 4019
4   809  358 1126 1164
4  1843  984 2199 2507
4   179  180 3198 3480
4   255  254 1584 1589
4   307  315  319 1082
4  1855 1316 3516 3632
4   320  374  493  902
4  1255 1490 1502 3434
4    17   18  297  458
4   835 1322 1375 1533
4  2627 2858 3133 4230
4  2161 2162 3036 3090
4   609  578  759 1615
4  1440  868 1509 2128
4    25   24 3781 3986
4   313  281 1195 1256
4   310  678  765 1109
4  1815 1910 2117 2156
4  3076 1552 3209 4343
4   114 2069 2455 2786
4   365  346  376  620
4   422  574 1476 1546
4  1982 1021 2312 2499
4  1843   43 2265 2611
4   904 1462 1506 1520
4   753  684  799 2373
4  3349 3466 3573 3710
4   372  637 1144 3518
4   269  442 1323 1378
4  3162 2864 3412 3420
4  1942 1067 2604 3043
4   669  468  759  841
4   397 2476 2749 3906
4   429  438  532 1317
4   348  443 2476 3105
4   582  858  890  933
4   210 2060 3833 3836
4   608 1677 3043 3506
4  1303  470 1398 1739
4   629  538  845 1893
4  1727 1801 2216 2521
4   336  279  438 1457
4  1543  989 1548 3075
4   522  599 1329 3786
4   597  630  786  928
4  1578 2040 3128 3333
4   512  666 1104 4216
4  1413  511 1868 2974
4  1321  746 1770 4134
4   814  744 1347 3878
4   965  732 1053 1790
4  2125  170 2354 3829
4  3289 2833 3976 3997
4  2886 2166 3570 4166
4   304  396  479 1323
4  2673 2136 2902 4046
4  1655 1809 4303 4304
4   344  356  505  551
4    18   19  296  301
4   742  570 1057 1137
4   588  797 1134 1250
4  2441 2263 3197 3479
4  3012 1182 3288 4300
4  2375 2719 2446 4133
4  1580 1536 3341 3617
4   915 1582 1860 3966
4   382  379  469  714
4   676 1169 1189 1332
4  1543 1649 2244 2898
4  1539 1549 2200 2242
4  1263 4297 4304 4373
4   196  195  194 1559
4   405  427 2170 2222
4  1410 1415 1443 1648
4  1349  518 1534 4066
4  1336  794 1482 2224
4  2294  602 4277 4394
4  1153 2240 2480 2645
4   615  530  930 4417
4  1624 2105 2406 4330
4  2887 2309 3053 3429
4  3101 2613 3114 3592
4  1774 1389 2784 3650
4  3713 2600 4233 4249
4    69   70 3546 4314
4   303  781 1848 2023
4  2620 2740 3094 4065
4    71 2027 3050 4050
4  2353 4338 3437 4177
4   547  772  916 1298
4  3320 2747 3408 3765
4   670  769 1181 1245
4   681  648 1052 1059
4   364  366 1086 1107
4   947  328 1712 3619
4  1788 1806 1999 3971
4  1128  441 1408 2219
4   414  795 1107 1532
4  2590 2588 2763 3149
4   431  810 1332 2087
4  2639 3305 3324 3621
4  1080 1541 2646 3252
4  3461 1436 3780 4047
4  1310 1696 2250 3020
4  2972 2756 3037 3805
4   479  391  499 2559
4  1200  960 2227 3025
4   147 1405 2932 4072
4  1530 2808 2853 3919
4  2269 1605 2477 2937
4   850  536 4356 4391
4    15  560 2559 3593
4  1001 1233 1237 1253
4   984 2273 2507 2611
4   340  356  379  401
4  2351 1227 2383 2496
4  2178 1493 2649 2710
4  1089 1629 3380 3662
4   280  295  446  901
4   681  847  866 1140
4   466  788 1810 2547
4   457  288 1334 2436
4  2542 1168 3034 3517
4   331  336  739  870
4  3714 2235 3977 4031
4  3028 2546 3740 3839
4  1112 2050 3087 3110
4   419  281 1195 1572
4   344  359  761  827
4   349  386  498  543
4  1302 1970 2633 4189
4   466  460 1220 2547
4  1227 1003 2594 3238
4   897  972 2574 4107
4  2020  110 2505 3612
4   407  462  496 3332
4  1934 1405 4072 4078
4  2469 1781 2497 2695
4   913  696 2264 3970
4  1179 1240 1581 2092
4  1896 3854 3856 3895
4  1520 1542 2097 2884
4   345  770  818 1072
4  1944 1385 2739 2869
4  1290 1104 2172 2933
4   741  525  956  997
4   686  395 1532 1963
4  1544 1160 1626 3914
4   668  764  927 1237
4   787  502 1402 2146
4  2108  762 2579 3121
4  1582  915 2318 3220
4   826 1539 1544 1626
4   954 1131 1758 3625
4   239  240 1628 1684
4   340  414  472  638
4  1208  602 4393 4407
4   531  269  910 1323
4  2201 1418 2385 3724
4  2728 1852 2828 3889
4   646 1221 2744 4279
4   317  375  640  838
4   485  796 1152 2312
4  2725 1406 3001 3380
4  1337 1460 3714 4279
4  2142 2532 2660 3122
4   177  176 3885 4296
4  2353 1620 3088 3989
4   616  564  715  775
4   560  532  650  918
4   544  565  801 2772
4  1428 3205 3511 4187
4  1203 1017 1276 1858
4   190  189 1978 2541
4  2436  411 3356 4188
4  2571 2117 2913 2996
4   605 2135 3084 3423
4   939  903 1839 2183
4   379  340  472  638
4  1806 1491 1954 2144
4   371  544  565  606
4   919  780 1143 1282
4   300  284  301  947
4   415  511  547 1028
4   462  434  490 2510
4   398  534  869 1126
4  2711  235 3082 3673
4  2043  172 2125 3829
4   526  493  542  572
4   648 1059 4064 1052
4   576 2266 2880 4200
4  1032  622 1738 3357
4   782 2674 2724 3381
4   484  592  957 2349
4   822 1026 1774 3768
4  1875 1786 3264 3805
4  1722 1715 2130 3621
4  1482  794 2009 2224
4    67   65   66 4379
4   278 1096 1256 1329
4  1129  853 2111 4327
4   240  241 1628 1684
4   421  371  436  544
4  2009 1048 2224 2885
4  1014  886 1906 2383
4  1236  778 3266 3826
4  1915 1925 2016 4264
4  2071 1888 2119 3675
4   861  796 1690 4037
4   318  331  339  870
4   825  994 1015 1853
4    38 2234 2319 2468
4   636  418 2694 4215
4   371  387  946 3623
4   860  475  894 1403
4    72   73 2967 3682
4  1285 3009 3355 3537
4  1779 1748 1803 1917
4   406  314  933 4064
4  1597  473 2337 3614
4  1494 1389 2139 2784
4  2638  731 4014 4175
4  3288 2825 4284 4300
4  2194 1414 2527 3061
4  2616 1569 3161 4116
4  3003 2895 3325 3939
4   598  459  616  775
4  3341 2950 3594 3617
4   295  281  412  419
4  1439 1480 2449 4180
4   479  576 1207 1378
4   664 1425 1953 3281
4  1794 1954 2041 2184
4   338  379  438  476
4    15  304  343  479
4  1678 2059 2329 3411
4  3109 1148 3587 3601
4  1637 1554 1939 2228
4  1148 3326 3459 3673
4  2363  156 2364 2514
4  2020 2845 3792 3660
4  2020  110 2845 3660
4  1572  419 4243 4404
4  1975 2063 2932 3603
4  3239 1586 3670 4328
4   476 1317 3223 4369
4  2406 1624 4330 4362
4   830 1286 1335 1397
4  2833  115 3976 3997
4   295  280  446  582
4  1036 1231 1298 3542
4   782  583  900 1841
4   685  344  761  827
4   459  564  616  775
4   265   16  296  297
4   320  374  399  493
4  1224 1440 1694 3649
4  2002 2043 2125 3829
4   560  283  691  694
4  2787 2251 3535 3594
4  2370 2938 3217 3498
4  2136 2419 2746 4333
4  1101 1155 1178 1413
4   613  761 4410 4414
4  1818 1081 1873 2361
4  1774 2784 2819 3650
4   813 1193 1792 1920
4   420  322  431 1144
4  1379 1044 3294 4080
4    48 3140 3234 4111
4   309   13  561  781
4  2877  183 4326 4381
4  1993 1761 2356 3247
4   511  547  687 1231
4   997  953 2196 3276
4  2227 1815 3025 3255
4   110  112 2845 3660
4   548  776 1739 1994
4  1162 1869 2987 3244
4   671 1029 1288 2333
4  1969 2267 2481 3005
4   606 1472 1622 2831
4  2391 1420 2575 2717
4   749  936  963 1001
4   293  290  501  663
4  1371 1351 1985 2408
4   467  509  546  805
4  2597 3242 3499 3512
4  2143 1708 2159 3186
4  1986  799 3774 3783
4  3756 3225 4194 4226
4   817  592 1956 3342
4  1817 2720 2905 3169
4  1179  644 1691 3300
4   444  530  635 4323
4   284  297  300  301
4   518  449 1349 1864
4   606  436 1482 4385
4  1247 1243 1793 2713
4  2026 1149 2098 4106
4   268  643 1723 1724
4   823  576 1187 1697
4   353 1133 1305 2790
4   613  437 4413 4414
4  3260 1068 3311 4325
4   337  428  520 1046
4   477  341 4191 4192
4  1915 1639 2081 2272
4   395  385 1532 3751
4   450 1239 1516 4176
4  2196 1081 2891 2943
4  1028  753 1136 1599
4  1191 2409 3300 4015
4  1356 3017 3392 3540
4  2727 2800 3346 4217
4   624  735 1147 1533
4   585  570 1137 3027
4  2324 1947 3884 4059
4  1810  819 2823 3257
4  1582 2318 2807 3220
4   581  489  607  892
4   820 1212 1263 2917
4  1282  780 2739 3455
4  1058  708 3655 3855
4   340  338  356  505
4  1882 2520 2530 3477
4    18  296  297  301
4   358  354  636 2694
4  2019 2025 2560 2682
4  1654 2466 2474 3650
4  1156 1590 2687 2713
4  1692 1750 2021 2132
4   554  952 2668 2749
4   286  300 3619 4418
4   499  479  510  576
4  3304 2592  140 3191
4   713  681  804  814
4   475  477 4191 4192
4   337  361  428 1046
4  2076  122 2400 4007
4   669  678  841  890
4   940 1149 2026 4106
4   517 1744 3842 4266
4  2206 2313 2994 3097
4   594 1074 1140 1340
4  1099 1123 1812 2391
4    22   20   21 3767
4  1470 1856 1966 2015
4   483  603  708 3855
4  2560 1471 2776 3967
4   302  298  412  535
4   871  500 1245 1514
4   306  614  691  756
4  1053 2553 2766 3937
4  2253 1631 3604 4024
4  1617  865 2456 2655
4   854 1050 1218 2926
4   244  243 1644 1816
4   284  412  947 4418
4  1648 1443 1816 1927
4   455  454  647  911
4   112  111  110 2845
4   272  262  552 1185
4   511  703  780 1413
4   329  328  342  698
4   973  452 1514 4389
4   370  595  683  798
4   812  639 2286 3016
4  3519 1926 3684 4227
4  2457 1189 2458 4179
4  1596 2563 2696 3435
4  1397 1401 1671 2221
4  1354 1171 2493 3354
4   429  336  770  870
4   688  414 1516 1532
4  2191 2782 2804 3999
4   530  444  615  930
4   898  572 2038 2379
4   917  475 1376 1403
4   764  571  963 1001
4   280  291  582  594
4   858 1096 1195 1256
4   373  404 1251 2321
4   784 1656 2534 2911
4  2328 3968 4095 4298
4  1575  724 3252 3259
4   283  694  770 1072
4    79 2157 3734 4049
4   336  338  356  438
4  1471 2019 2025 2560
4   914  994 1077 1116
4  2156 2154 2820 4067
4   755  628  935 2511
4   398  352  523  636
4   325  309  918 1724
4   365  346  620  663
4   879  920  998 3268
4   492  444  615  635
4   128 2546 3700 3740
4   318  770  870 1324
4  1660 1390 1673 2839
4   484  520  679 1046
4  4012  413 4155 4275
4   610  707 1257 3987
4   539  665 1254 2806
4  2398 3734 3942 4049
4    56   57 3462 3983
4  1547 1601 1734 2307
4  1012 3281 3775 4061
4   493  402  542  572
4   268  393  643 3356
4  2462   81 3159 3265
4   318  339  345  349
4  2669 2700 2945 3197
4   272  262 1185 3945
4  2624 1785 2651 2977
4  3198  180 3479 3808
4   281  313 1572 1598
4    15  321 2559 4214
4   306  307  614  756
4    18  284  297  458
4   289  330  969 1194
4  1491 1735 1788 2019
4   265  264 1723 1724
4  1024 1264 2368 3693
4  3053 2308 3469 4286
4   838  497 1296 2881
4  3389 3902 4002 4209
4   427  447 2810 3383
4  2814 3596 4063 4299
4  1498  473 2518 4068
4  1026 2466 3650 4311
4  1722  851 1964 2022
4   356  359  379  401
4   994  958 1077 1214
4   282  283  694  770
4   851  989 1369 2562
4   768 1189 1332 2392
4  1036  740 1037 1231
4   485  453 1030 2655
4  1261 1551 3824 4086
4  1227 2205 2332 2565
4   603  604  708  897
4   494  501  663  888
4   647  454  886 2382
4  2913  143 3063 3705
4  1123 1212 2255 2734
4   401  513  655 3599
4  2647 3293 3375 4142
4   354  358  636 2210
4   653  784 1028 2534
4   520  813 1134 1274
4  2788 2020 3660 4224
4   580  332 1046 1467
4   398  358  636  729
4    16   19  294  296
4   468  578  759  841
4   402  376  410  493
4  1653 1974 2057 2413
4   452 3736 4354 4389
4  1559  194 2378 3235
4   853  359 1129 2111
4   283  493  818 1072
4   324  339  406 1712
4   652  679  690 1368
4  2932 1975 3596 3610
4   253  252 1746 1829
4  1297  828 1402 2553
4  1561  462 2163 2510
4    98  100   99 2169
4  1286  830 1601 1741
4   815 1871 1988 3990
4    76   75 2800 3837
4  1010 1902 1946 2730
4  1861  249 3039 4116
4  1762 1692 2017 3452
4   642 1063 2217 3016
4   635 1069 1132 3757
4   477  362 1517 2047
4  2143 3122 3438 4223
4   401  472  505  779
4   264  266  285  296
4  2380 2444 3174 4246
4   462  407  493 3332
4  2874 2423 3047 3304
4   295  412  446  535
4  1163 1217 1878 1957
4   571  261  764  963
4  2598 2679 2950 2964
4  2036   92 3165 3639
4   358  398  636 2210
4  3743 2623 4002 4209
4  1547  937 1573 2751
4   376  493  621  902
4  2280 1719 2824 2969
4   376  352  392  620
4  3091 2181 3150 3151
4   454  442  854 1693
4   912  556  981 1286
4   852 1217 1895 2642
4   331  318  770  870
4  2154 3157 3705 4067
4   653  452  684  887
4  2975 1869 3370 4101
4  1284 1418 2850 3159
4  1603 1605 2818 3591
4    27   28   26 1365
4  3386 2144 3787 4331
4  3850 3726 3898 4031
4  2079 2113 2246 2867
4   725 1695 2298 3229
4   965 1695 1866 2117
4   562   12  792 2023
4   384  570  585 3391
4   182  184  183 4204
4  1575 1169 1608 2457
4   954 1659 1758 2852
4  1361 1589 1829 1858
4  3017 2262 3352 3540
4   600  592 2778 3331
4   713  347  814  906
4  2454 1632 3044 3400
4  1661 1438 2389 3131
4  2528   49 2762 3474
4   454  647  911 2382
4  1353 1980 2620 3002
4   663  543 1811 2448
4  2765 2796 3364 3544
4  2664 2641 2959 3163
4  1017 1368 1410 1443
4   646  721  923 1976
4  1153 1105 2124 3679
4  1808 1157 1814 2512
4   322  382  420  638
4  1925 1915 2272 3864
4   527  528 2661 2732
4  3014 4042 4119 4236
4  1924 2163 2510 2688
4    70 4174 4305 4314
4   370  290  910 1194
4  1331 1196 1975 3678
4  2714 1658 4120 4127
4   284   18  301  302
4  1633 2575 2907 3304
4   297  296  299  301
4  1061 1239 2550 3426
4   457  601  800 1270
4  2979  135 3583 3776
4  2465 1894 3077 3360
4    91   90 2460 3706
4    48   49 2528 3474
4   977 1346 1481 2359
4   276  522 1253 1329
4  1792 2779 3410 3646
4   340  356  401  505
4   345  282  348  694
4  1444 1213 1630 2039
4   469  887 1245 1514
4   607 1190 1338 1592
4    45   44 2205 2268
4  2125 2043 2272 3864
4   951  623 1124 1669
4  1505 2143 2992 3633
4  1173 1765 1903 2425
4  2593 1519 3714 3858
4  1321 1387 2575 2907
4  1567 1437 1732 2356
4  1787 1873 2344 3154
4  2082 2822 3532 3663
4   524  738  806 1758
4    19  298  299  302
4  1370 1112 2771 3110
4   289  293  543  663
4   464  597  835  850
4   809  545 1627 3257
4   524  610  738 1758
4   269  393  442 1378
4   310  308  527  838
4  3861 3877 4378 4083
4   657  758 1410 1415
4  3668 3057 4170 4290
4   860  475 1140 4342
4  1260 1901 2332 4189
4  2122 1759 2134 3347
4   396  343  479 2896
4   564  715  732 1402
4  1448 1147 1533 3076
4  2223  238 3463 3691
4   485 1030 1701 2655
4  1677 3109 3179 3365
4   562  332  267 1318
4   467  459  546 1082
4  1394 2251 2950 3594
4   664 3024 3389 4091
4   549 1219 2274 3080
4   519  559  625 1557
4  1201 1106 1525 2419
4  1003 1227 2594 4189
4   659  303  661  781
4   600  389 1192 2186
4   454 1306 1862 3189
4  1638 1566 2114 2374
4   915 1582 2108 3220
4  1240 2409 3004 3658
4  3750 3028 2123 3839
4  3175 2676 3469 4348
4   450  366  506  900
4   659  781  880 1318
4  1128 1897 3636 3753
4   830  912  937 1535
4  2098 2951 3117 4106
4   559  818 2476 3332
4  1839  939 2276 4125
4  2950 2251 3537 3594
4  1050  854 1218 3084
4  2866 3756 4379 4400
4   814  804  847  866
4   809  466 1810 2418
4  1043  506 1515 2884
4   237 2084 2491 3271
4   390  304  479  643
4   407  482  614  691
4  2251 3536 3589 3594
4   256  255 2008 2246
4  1541 1137 3027 3071
4   709  324 1069 1195
4  1510 2077 2562 4241
4  2134 1379 2665 3294
4  1760 1885 3070 3815
4   407  462  490  496
4  2870  922 3251 4297
4  2457 2458 3145 4179
4   360  373  911 1113
4   281  858 1195 1256
4  2148 1528 3550 4118
4  1071  616 2771 3046
4  1517  439 1914 2440
4  2635 2620 3094 4065
4   759 1232  841  866
4  1596 2696 3152 3435
4   804  681  860 1140
4   539  665 1044 1254
4   801  544 2772 2831
4  1270 1482 3608 3965
4   632  808 1454 2012
4  2143 3719 3927 3995
4  2835 2639 3305 3324
4   527  273  838 2799
4  1081 1818 2891 2943
4   784 2294  695 3210
4  2789 3393 3451 4183
4   912  937 1535 1547
4  1052  894 2475 2957
4  1741 1867 2079 2133
4   397 2448 2709 3137
4   296   19  299  301
4   533  832 1094 1391
4   615  739 1167 1344
4   678  578  841  890
4  2398 1471 2494 4201
4   406  412  858 1195
4   487  789 3166 3464
4  1364 1479 1672 2073
4   646  895  956 1899
4   687  547 1028 1599
4  1071 1300 3110 4013
4   463  598  775  805
4  1223  671 1336 1482
4  2308 3306 3566 4286
4     5  504  785 1114
4    45   44 2268 3310
4  3038 1529 3122 3633
4   472  512  566 1107
4  2437   36 2728 3889
4  1633  922 3149 3908
4  1226 1166 2169 3347
4  1989 2151 3256 3344
4  1678 1438 1714 1718
4  1203 1361 1589 1746
4   122  124  123 1156
4   256  255 2113 2307
4  1211  436 1270 1482
4   304   15  390  479
4  2345 1552 3076 4343
4  1087 2035 3738 4363
4  2050 3087 3110 3336
4   687  547  916 1231
4  2192 3471 3722 3795
4  2229 1098 2310 3573
4  1179 1501 1772 1865
4  2945 2695 3894 4309
4   462  493  818 3332
4   344  356  359  379
4   357  824 1100 3736
4   489  426  534  892
4   402  403  542  572
4  1044 1613 1813 4089
4   843  391 1090 1187
4  1854 3315 3909 4079
4   573 1483 3426 4176
4  1650   87 2387 3476
4   343 2380 2444 3174
4  2090 1678 2329 3411
4   412  298  446  535
4  1126  555 2074 2210
4   640  504 1114 1296
4  1651  353 1877 3614
4  1895 1660 1940 1957
4  2845  112 3200 3660
4  1545 1369 2085 2165
4   552  468  669  678
4  2981  198 3820 3834
4   312  814  847  866
4  3203 3013 3641 3747
4   414  423  688  950
4  2344   39 2524 2805
4  1799 1839 2183 3702
4    19  291  294  298
4  2266 2527 3432 4019
4   823 2266 2383 4019
4   414  340  472  795
4   595  598  616  775
4  1039  596 1725 1727
4  2062 1508 2764 3519
4   905  830 1335 4108
4   958 1077 1214 1226
4   265  267  880 1318
4    32 2998 3021 3297
4  1225 2249 2267 3005
4  1825 1796 2938 3296
4   306  304  531 1323
4   285  266  293  296
4  1477 2613 2671 3950
4  3140 2155 3192 3234
4  1867  251 2133 3039
4   442  456  605 2583
4   370  456  683  910
4   462  490  496  896
4  1408 1168 3487 3581
4  1027  627 2038 3603
4  1303 1398 1424 1739
4   909 3232 3407 3453
4  1670  925 3173 3392
4  2695 3730 3742 4122
4  3360  174 4010 4186
4    47 3029 3140 3190
4   671  606 1223 1447
4   285  264  297  300
4   500  469 1245 1514
4  2951 1287 3533 4106
4  1102  919 1551 2653
4  2168 1827 2180 3770
4     7 1025 1062 1103
4  2511 1819 2702 3021
4   414  423  950 1453
4   525  456  683  895
4   386  451  850 4391
4  2305 1608 3379 3597
4   360  352  398 2210
4   792  312 1347 2023
4  1081  741 2196 2891
4  1189 1314 1691 3632
4  1256  281 3786 4243
4   566  904 1462 3438
4   358  426 1126 1164
4   188 1978 2729 3598
4  2375 2662 3136 3890
4  1099 1123 2391 2734
4  2762 3030 3655 3823
4  1508 1322 2101 3519
4  1003 1227 2383 3238
4   656 1002 1651 3959
4  2759  587 2896 4075
4   346  501  555  620
4  1639 1440 1694 2081
4  2715 2042 3212 4307
4   347  713  743  874
4  1830   77 2685 2834
4   404  557  865 2456
4   454  455 1207 1378
4   835  597 1322 1533
4   205  204  203 3313
4   102 1720 2892 4233
4  1096 1069 1195 1279
4  3832 2439 4185 4371
4   324  318  339  870
4   900  583 1208 2406
4  1261 2310 2877 4402
4  1127 1056 3789 4194
4   577  570  584 1057
4  1913 1048 2164 3509
4   282  279  429  770
4  2090 1678 2138 2753
4  1252 1307 3988 4235
4   726  585 2418 3027
4  1762  806 1983 3904
4   983  967 1469 1647
4  2780  181 3094 4065
4   564  459  805 2558
4  2995 2350 3178 3555
4    16   17   18  297
4   916  687 1041 1599
4   713  681  814  866
4   565 1729 2601 4061
4   832 1251 1342 1550
4  1716 2700 2780 4065
4   619  378  762  991
4  1742 1713 3656 3667
4   285  297  299  301
4   437  661 4413 4414
4   438  338  476 1317
4   562  792 1318 2023
4   297  285  300  301
4   283  282  429  770
4   328  324  709 2882
4  2678 2934 2975 3316
4    45 2205 2430 2594
4   403  572 1071 1300
4   889 2109 2160 3692
4  1512 2116 2733 2752
4   285  264  296  297
4   595  459  598  798
4   587  510 1141 2759
4  2873 2679 3355 3538
4   347  658 2170 2315
4   265   17  458  880
4   676  724 3252 3253
4    30   31 2369 3895
4  1130  591 1452 3887
4   572  654  747  898
4   903  651 1123 1812
4  2588 2591 2763 3149
4   609  648  681 1754
4   942  925 1568 4247
4  2761 2972 4120 4228
4  2564  734 2579 2970
4  2091 1912 2119 2786
4  1015 1938 2567 2811
4   338  340  379  476
4   527  528  743 1777
4   862  416 1097 1454
4  1011 1730 1756 4081
4   184 3573 3710 4204
4   404  557 1251 2321
4  1590 2400 2687 3567
4   789  487 1252 1655
4   344  356  379  438
4   272  552  700 2760
4  3060 3320 3412 4093
4   485 2792 4022 4188
4   106  105 3338 3535
4   327  491  593 4175
4   735  899 1739 2662
4  1132  658 1344 1782
4   443  471  482 1382
4  2099  978 2556 3139
4  1950 3336 3430 3511
4   677  975 1032 3542
4  1380 1725 3072 3717
4  1021 1026 1500 2672
4   266  289  293  296
4   285  299  501  888
4   687 1028 1136 1599
4  3558 1922 4218 4396
4   614  434  691  756
4   293  289  494  888
4  1210 3016 3053 4286
4  3375 1986 3574 3801
4  1983 4129  806 3568
4   578  609  841  890
4   528  578  678  874
4   287 1334  268  637
4  1504  862 1837 2012
4   463  628  755  896
4  1221 1766 3478 3600
4   264  265  296  297
4  1459 2520 3184 3882
4   793 1184 1812 2638
4  1456 1584 1933 2663
4   314  324  406  933
4   167  169 3145 3528
4  1336 1834 2224 2545
4   265   16  267  296
4   269  268  264  290
4   222  223  221 2658
4  1703 2540 3164 3271
4   742 1057 4141 4332
4   549  959 1894 3420
4  3468 3215 3576 4103
4   344  336  356  438
4   723 1141 1166 3465
4   823  962 1187 1906
4  3320  173 3888 4093
4   482  691 3105 4057
4   353  473  660 1305
4   847  312 1140 1403
4  2836 2670 3931 4312
4   336  344  505 1228
4  1931 1843 2199 3891
4   945 3216 3441 4076
4  1510 1430 1538 3951
4   434  399  526  542
4   358  418  636  892
4   622  369  748  852
4   356  505  551  779
4   481    1  567 1452
4   794 2878 3629 3681
4   627  403 1071 1300
4  2566  219 2791 2889
4   503  502 1809 2000
4   501  293  663  888
4  2733 1009 3370 3405
4   351  329 1656 3219
4   490  654  855 2510
4  1620 1743 3088 4068
4  1160 1311 1446 1537
4   644  686 2147 2936
4   221 2658 3819 4361
4   485  453  800 2333
4   366 1086 1107 1219
4   734  548 1994 2970
4   627  403 2402 4399
4   310  765  933 1109
4  1476  672 1503 2178
4   810  872 1327 2087
4   417  608  887 1898
4   713  609  866 1615
4   510 1379 2759 2896
4  2113  256 2307 2935
4   817 1078 1165 2614
4   834  680  920 1111
4  2107  258 3153 3794
4  2858 3565 4158 4213
4   214  212 3648 3773
4  1682 1398 2434 2535
4  1890 2069 3066 1912
4  1102 1714 2084 3460
4  1414 1526 2527 2880
4  1029 1259 1389 1774
4  2355  116 2714 3325
4  2087  431 2463 3842
4   245  244 2801 3284
4   740 1115 1373 1679
4   811 1676 1800 2051
4  1390 2866 3826 4400
4   610  382  907 1659
4  1125 2014 2658 2707
4   523  404  636 2456
4  2869 2098 4359 4406
4   249  250 2133 2287
4   375  444  492 1662
4   934 1377 2204 3883
4  1663 4098  528  316
4   212 2721 3413 3648
4   728  536  899 1664
4  1197 1269 2417 4082
4  1336 1343 1435 1834
4   524  417  844  964
4   862 1085 1265 1352
4   228  229 2045 2366
4   776  590 2612 3844
4  1054 1117 1268 2871
4   414  340  476  638
4  1454  862 1504 2012
4  1113  845 1893 1968
4  2581 1764 2929 2967
4  2003  110 2020 3612
4   205 2131 3313 3652
4   610  524  738 1762
4   330  361  467 1811
4  1269  871 1549 2389
4  2148 1757 2214 2533
4  1180 1242 1551 4086
4  3421 2497 3459 3673
4  1600 1601 1612 2283
4   709 1228 1886 3804
4  1569 1601 1861 2812
4  1503  993 1950 4100
4   741 1008 2176 2402
4  1946 2730 2857 3258
4    27 1365 2817 2898
4   380  448  464  710
4   992  788 2150 3708
4   541  762  803 2108
4  2116 2303 3399 3588
4   319 1082 1184 1655
4  1589  253 1746 1829
4  1394 3177 3594 3617
4   997  525 2066 3276
4  1916 1731 2155 3190
4   609  759  841  866
4  2762 3449 3474 3823
4   811  819 1627 1800
4   215  217 2813 3343
4   489  534  607  892
4  1676 1020 2051 2961
4   703  511  780 1679
4   398  352  636 2210
4   717  919 1143 1679
4  2352 2050 2903 3336
4   221  222 2658 4361
4  1119 2215 2434 3196
4   864 1199 3481 3577
4   327  777 2438 2543
4   293  494  663  888
4    12  561  562 1723
4   882  705 2556 2722
4  1927 1648 2095 2634
4  2628 1683 3127 3236
4   283  429  532  560
4   547  511  687 1028
4  1273  883 3085 3496
4  2001 1395 2293 2343
4  3237 3378 3767 3971
4  3912 2868 3916 4398
4   650   12 1723 1724
4  3554 1355 3754 4405
4  1410 1415 1648 4024
4  2789 3451 3957 4183
4   513  401  655  714
4  2020 2003 2046 3199
4   622  369  852 2576
4   270  591 1001 1233
4  1300  572 2173 2379
4  1760 1542 3070 3162
4   830 1286 1535 1741
4   171  172 1887 2064
4  2112 2199 2495 2507
4  3916 2868 4395 4396
4   339  494  501  663
4   494  339  543  663
4  1354 1112 1493 2493
4   795  364 1086 1107
4  2213 2119 3227 4196
4   359  761  827  853
4   827  973 4410 4414
4  2236 1674 2319 2816
4   881  367 1146 2048
4  1788 1735 1806 3787
4   109  107 4004 4045
4  1986  780 3455 3774
4  3000 3097 3539 3874
4   920  834 1111 2362
4  2019 3013 3203 3378
4  1344  492 1662 1775
4  1340 1074 1973 3929
4   680 1089 1111 2684
4   956 1004 1108 2966
4  2338 1472 3703 4365
4  1173 2053 2094 2515
4   333  580 1046 2790
4   417  382  469  714
4  3745 3268 3866 3983
4   442  454  455  911
4   404  398  729 1536
4  1459 2378 2517 2584
4  3209 2345 4208 4343
4   983 1983 2185 3638
4   234 2497 2695 4122
4  1217 1660 1895 1957
4  1145  871 3417 3554
4   399  416  563 1097
4  1171 1474 2050 2371
4   806 2737 3638 3904
4   665  832 1201 1550
4  1176 1014 2260 2383
4   336  331  739 1228
4  1632 2454 3044 3317
4   496  628  896 1035
4  1056 1127 3225 4194
4   732  965 2558 3825
4   374  399  493  542
4   765  276 2394 2410
4  1201 1342 1513 1763
4  1401 1927 2801 3456
4  2394  841 3056 4000
4  3205 3409 3610 4078
4  2214 1520 4118 4153
4  3040 2220 3350 4003
4   768 1507 3132 3445
4  1803 1887 1917 1925
4  2648 2291 3064 4015
4   632 1454 1504 2012
4  2864 1542 3080 3420
4  1274 1920 2776 3967
4   499  391 1187 1391
4   459  330  467  598
4  1022 1504 3363 3600
4   344  336  438  697
4   472  505  779  795
4   484  520  652  679
4    12  332  562  792
4  2285 2212 3613 4073
4  1340  759 1232 3056
4   279  282  429  532
4   821  690 1203 1612
4   225 3760 3925 4336
4   530  444  930 4126
4   612  463  755  896
4   392  376  400  902
4  1664 1274 2776 3967
4  2695 2846 3894 4309
4  1020 1676 2051 3065
4   539  374 2559 2806
4  1278  534 1580 1592
4   631 2735 3883 4320
4   647  971 1906 3261
4   681  804  814  866
4   444  530  615  635
4   399  434  526  756
4   925  682  942 2092
4   607  534 1592 1654
4   256 1933 2663 3153
4   566  688  842 1177
4  2478  944 3629 4096
4  1314 1785 1958 2977
4  1591 1393 2621 3129
4   590  529  642 1063
4   378  377  762  991
4   707 1186 1553 2439
4   241  242 1685 2095
4  1253  662 1445 1473
4  3413 2721 4043 4248
4  1176 2902 4095 4375
4  2841 2295 3073 3272
4  2477 2546 3591 3839
4  2574 1987 3444 4107
4   631 1164 2735 4320
4   406  339  430  494
4  2355 2316 2714 3993
4   356  359  401  779
4   553  848 2724 4266
4  1115 1238 1373 1679
4   942 2923 3066 3289
4   225  226  224 3760
4   304  643 1323 1378
4  3077 1345 3116 4094
4  1441 1990 2188 2871
4  2556  882 2941 3139
4  1328 1525 1813 3005
4   378 1305  837  353
4   688 1061 1239 1516
4  3375 3558 4142 4220
4  1190 1844 2698 2962
4   206 2501 2572 2605
4  2767 1470 2893 3006
4   565  371 1800 3623
4  1600 1361 1746 1955
4  1268  938 1487 1519
4  1497 1531 2772 3703
4  1471 2560 2776 4201
4  2050 1474 3087 3336
4  1888 2092 2826 3675
4  1031 1252 4304 4373
4   509  467  598  805
4  1510 1709 2065 2077
4  2216 2521 2606 2954
4  1018 1289 3617 3798
4   917 1326 1439 1918
4   353  377  378 1002
4   410  365  798 3137
4  2006 1272 3233 3823
4  3212 2892 4034 4308
4  1060 1205 2915 3396
4  2233 2013 3080 3266
4  2758 1586 3239 3636
4  1606 1595 2342 4360
4  2058 3283 3480 3720
4   417  382  610 1659
4   304  269  531 1323
4  1247 1243 1330 3567
4  1570 1321 2575 2874
4  2535 1424 2662 4262
4   809  466 1164 3257
4   353  333  377 1002
4   293  285  299  501
4   777 2438 2543 3433
4   980  934 2623 3636
4   921 2161 2208 2162
4  2020 1953 2788 3792
4  2091 2119 2147 4206
4  2172 3100 3266 4083
4   333  692  710  817
4   371  436  544  606
4   999  878 1141 3919
4  1254 1106 1525 1550
4   934  515 1523 4320
4   519  625  771 1557
4   274  273  838 1782
4  1720 2691 3699 3869
4   412  295  582  858
4  3533 2951 3857 4398
4   656  464  835  850
4    82 1805 1929 2343
4   346  501  620  663
4    15  320  563  691
4   557  674 1617 3611
4   268  264  637 1724
4   819  811 1676 1800
4  1631 2226 2888 4164
4  1371 1351 3515 4133
4   175 3749 3863 4186
4  1031 1252 1307 2849
4  1202 1108 1699 2927
4   649  623  951 1669
4  3779   67 4110 4144
4    60   59 3228 3443
4  3524 3187 3557 3653
4  1867 1601 2283 3039
4    12  918   13 1724
4   440  815 1871 1873
4   479  304 1323 1378
4  2919 3146 3313 3847
4  1437 1666 1993 2356
4  2191 1789 2581 2804
4   631  545  664 2601
4  1377  934 2623 4209
4  1491 1007 2025 2682
4   674  604  897 3138
4  3098  213 3802 3851
4  1839 2276 3702 3811
4   783  474 1478 1851
4   399  416  621  632
4   608  670 1245 2464
4  1807 3079 3419 3493
4   279  282  532 1325
4  1298 1138 1773 3197
4   517  553 1068 3311
4  2189  128 3711 3740
4   947  412 1195 4418
4   830  859  912 1286
4   529  590  642 1698
4  1910 1053 2117 2156
4   380  348  641 2358
4   253  254 1589 1746
4  3010 3335 3354 3639
4  1361 1829 2152 2287
4   729  607  892 1654
4   765  678  890  933
4  1852  537 3521 3549
4   407  482  496  614
4  3316 2428 3638 4261
4   195 1559 2584 3235
4   515 1164 3257 4320
4  3511 4372 3205 3551
4  2399 1935 1997 3797
4   671  436 1211 1482
4   173  175 2747 3888
4   352  360  398  523
4   609  681  713  866
4   852  943 1444 1895
4  1794 1792 1920 2560
4  1721 1342 1763 2324
4  1719 2280 2824 2847
4  1055 1115 2417 4408
4   425  808  938 2012
4   640  317  838 1114
4  2146  790 3025 3157
4   632  416  736 1504
4  1148  863 2464 3725
4  2862 3108 3616 3704
4  1276 1172 1640 2079
4  2401 2097 2443 3274
4   550  538  869 2323
4  1885 1760 1870 3815
4   340  350  505  795
4   472  655 1086 1738
4  1730 2227 2302 4081
4   341  337  477  484
4   463  462  559  628
4   525  683  741  895
4   498  520  588 1274
4  2451 2215 3425 4338
4  4042 3014 4294 4331
4   307  306  531 2380
4  1123  820 1821 2129
4  1677  524 2303 2991
4   637  309  781 1100
4  2034 1903 2587 3172
4   280  291  446  582
4   232 1750 1937 2029
4  2407 2519 2976 3179
4   553 1157 2724 3381
4   352  392  752  902
4   382  420  610  907
4  1303  470 1305 1398
4   583  424  907 1744
4  2127 1983 3452 4190
4  1368 1410 1427 2226
4   331  338  350  505
4  4005 3432 4154 4333
4   903  939 1839 1977
4   915 2286 2318 3220
4  1739  899 2535 2662
4  1808 2142 2660 3402
4   859 1286 1397 1919
4   493  434  526  542
4  1520  904 1542 2884
4   833  853 1363 2582
4  3986 2602 4262 4287
4  2113  254 2246 2867
4   726 1946 3027 3071
4   973 1514 3736 3754
4  2482 3371 3697 3938
4   576 1207 1378 1906
4  1203  690 1275 1362
4   317  261  764 1114
4  2058 1995 3283 3725
4    67 3779 4110 4194
4  1010 1080 1541 2368
4  2327 1970 2691 3869
4  2264  488 3887 4098
4  1604 2055 3141 3415
4  2177 1386 3817 3892
4  2358 1065 2993 3383
4   993  574 1503 3511
4   473  660 1118 2337
4  1912 2069 2119 2786
4  3468 3576 3867 4103
4   547  687  916 1599
4   694  283  818 1072
4  1451 1191 2291 4015
4  1411 1494 2139 3120
4  1479 2073 2340 3048
4   428  498 1664 3955
4   600  634  830  905
4  1935 2399 1997 2037
4   404  398  636  729
4   585 1137 2418 3027
4  2921  222 3868 4361
4   357  973 3736 3754
4   804  814  847  906
4  1495 1450 1507 1564
4   610  524 1659 1758
4   509  651  820 1821
4  1633 2907 3011 3304
4   536  899 1664 1739
4   490  407  496  614
4   444 1091 4126 4323
4  2352  200 2371 3575
4   603  843 1090 1207
4   683  798  895 2583
4  1183  724 2549 3259
4   971  962 1906 3211
4   701  808 1054 1117
4  3699 1930 3975 4232
4  1161  612 1230 1866
4  2525  778 3225 3647
4  1739  776  536 1994
4  1190  882 3041 3139
4   955 1019 2930 3927
4   805  463 1948 2595
4  1368  988 1631 2888
4   567 1130 1452 4388
4  1002  378 1651 3959
4   484  679  957 1046
4  2420 2166 2554 2976
4   207  206 2089 2910
4   372  413  570  742
4   646  956 1004 1899
4  1189 1314 2458 4179
4   675  508 1078 1325
4   653  784  961 1028
4  1981 2741 2915 3329
4  2154 1399 2625 3204
4  1833 2214 4118 4153
4  1014  886 1776 1906
4  1401 1422 1569 2616
4  2477 2411 2978 3711
4  3925 3731 3957 4183
4   480  463  612  896
4   462  496  628  896
4   370  459  595  798
4   373  575 1251 2381
4  1917  171 2290 4264
4  2123 3028 3322 3700
4   458  486 1572 4404
4   638  414  932 1453
4   458  286  486 4404
4   657  484  679 2349
4  1746 1584 1955 2663
4  2206 1606 2313 3073
4  1209 1839 2276 3702
4  1415 1683 2095 3604
4  2813 2516 2920 3579
4   870 1132 1324 1344
4   967 1032 1571 1647
4   591 1001 1233 1237
4  2919 2840 3545 3847
4   588  520 1046 1133
4   923 1976 2926 3907
4   472  655  964 2088
4   398  360  404  523
4    81   82 2462 3454
4  1911 1827 2168 4252
4   423  688 1483 1532
4  2316 2161 2355 3036
4   746  596 1039 1387
4   869 1126 1312 2323
4  1578 1575 2956 3693
4  2869 2098 3117 4359
4  2031 2586 3171 3597
4   644 1179 1581 2147
4  3290   34 3475 3956
4  2498 2933 3987 4371
4  1266 1549 2242 2937
4  3369 2848 3806 4314
4  1683 1652 2253 3917
4   337  477  484  520
4   955  848 3927 4266
4   273  488  527 1777
4  1268 1117 2393 2871
4    54 4238 4328 4347
4   324  328 1228 1712
4   393  269  643 1378
4  1456 1432 1991 2247
4   298  302  412  947
4   194 2378 2506 3181
4  3099 2644 4110 4185
4   246  247 2616 2801
4   168 3333 3791 4157
4  2484 2022 3155 3361
4  1474 1950 3087 3336
4   169 2815 3450 3528
4   345  318  349  893
4  3918 2825 3972 4056
4   586 1698 3176 4051
4  1067 2464 3043 3506
4  2499 1982 2876 3104
4  1123  820 1212 2734
4   686  460  924 1780
4   317  927 1237 4350
4  1829 1361 1858 2287
4  2403 1703 3164 3271
4   344  551 1228 1886
4   791  829 1802 3813
4  1705 1766 3363 4006
4  1085 1674 2236 2816
4   715  828 2298 2553
4  1681 1700 1740 2981
4   466  441  515  980
4   271  308 1103 1185
4   938 1268 1487 2012
4   999  958 2010 2273
4   492  375 1130 1784
4  2549 1658 2842 4127
4   414  423 1453 3004
4  1515  868 1632 3400
4  2151 2937 3256 3344
4  3387 2963 3746 3880
4  3527  286 3619 4415
4  1004  646 1022 1705
4  2460 3111 3644 4137
4   848 3842 3927 4266
4   130  128 2546 2978
4   766  689 2697 3511
4   374  539  563  632
4  1692  806 1758 1996
4   647  889  971 3211
4  2679 1272 2690 2873
4   819  720 1676 1810
4  3393 3731 3925 4183
4   803 1807 3220 3582
4  1248 2856 3529 3910
4   660  473 1651 2337
4  2677 2623 3239 3743
4  1033  862 1265 1787
4  1272 2006 3449 3823
4   517  610 3987 4163
4  1172 1276 1589 2079
4  1239 1639 2016 2550
4  1142 1301 1429 1475
4  1262 2555 2666 2829
4  1936  734 1994 2970
4  2484 3156 3361 3642
4  2050 1300 2589 3110
4   391  409  499 2559
4   756  654  881 1146
4  3591 2123 3700 3839
4   685  344  697 1886
4  1610 2317 3468 3982
4   255  254 2113 2307
4   882 2722 4037 4329
4  1212 1315 2591 2734
4  2155 1058 3030 3140
4  3109 2407 3179 3365
4  1766 1221 3478 3800
4   642  915 1244 4051
4   415  547  784 1028
4   513  433  617 3541
4   237  238 2084 3691
4   637  325 1334 1724
4    23   24 3398 3624
4   657  758 1415 2610
4  1324  405 2170 2222
4   948  786 1419 1552
4   582  280  594  890
4  1834 2545 2813 2885
4  1483 1191 1963 3663
4    95   97   96 4293
4   414  688  932  950
4  1479 2073 3065 3267
4  2316 1006 3830 3993
4  1645 1609 1666 3507
4  1865 1890 2455 3445
4  1040  625 1725 4134
4  1098 1261 2310 3574
4  2136 1763 2673 2902
4     5    9  504 1114
4  2647 2727 3346 4217
4   593  569  791 1715
4   932  431  950 3842
4   603  453  708 3138
4   509  546  805  820
4   905  758 3456 3569
4   438 1167 1457 4417
4   442  454  911 1693
4   185  187 2145 2356
4  2506  194 3181 3811
4   303  661  781  824
4    94 1047 2649 2710
4   623  398  869 2074
4   146  148 3409 4063
4    83   84 3241 3642
4  2100 2171 2198 2334
4  2051 2106 3775 4061
4   446  295  535  901
4  2788 1932 3200 4224
4  4025 3318 4045 4267
4   332  341  817  957
4  2987 3625 3690 4229
4  3763 3576 3979 4248
4  2367 1570 2404 2405
4   247  248 2953 3762
4   467  330  509  598
4   762  991 1419 2980
4   667 1721 2667 2902
4   400  721 1976 2007
4  3215 2836 3932 3982
4  1660 1824 1895 1940
4   489  581  607 1312
4    32 3021 3290 3297
4   303  661 4414 4417
4  1212  935 1315 1819
4  2672 1496 4167 4184
4   827  359  853 2111
4   480  612  965 1161
4   981  912 2751 3814
4   459  467  546  598
4   330  467  969 1082
4  2460 3112 3706 4235
4  1935 2103 3074 3696
4    17 1665 3748 4243
4   311  314  658 1109
4    87   88 2387 2429
4   413  570  742 1137
4   362  349  498  543
4  1691 1314 1772 3632
4   390  368  643  843
4   425  938 1487 2012
4  1351 1371 1728 2408
4  1188 1437 1642 1666
4   783  448 1192 3331
4  1726  985 1787 3788
4  3112 2426 3706 4235
4  1747 1767 3882 4125
4  1094 1742 2705 3667
4   871  970 2075 2232
4   171  170 2290 4264
4   972 1711 2906 4107
4   973 1101 4354 4389
4   163  161 1881 3671
4   847  312  866 1140
4  2216 1882 2521 2954
4   435  362 3622 3846
4   674  856 1675 1998
4  1653 1820 2832 4355
4   415  511 1028 1136
4  1156  122 1673 2940
4  1193 2184 2186 2377
4   332   12  562  675
4  1539  753 1549 1626
4   904  891 1462 1760
4  1971 1759 2567 2838
4  2236 1405 2319 2468
4   306 3828 3838 4057
4   344  336  697  739
4  3731 3925 3957 4145
4    65   67 3779 4144
4   684  887 1514 2390
4  1606 2206 2989 3042
4   666  512 1219 2274
4  1175  552 1185 1835
4   289  293  494  543
4  3678 1229 3958 4299
4   960  855 2048 2502
4   907  372 4407 4411
4   656  464  710 1002
4    28   27 1538 2065
4   506 1043 1515 1632
4  2176 1081 2245 2335
4  2712 3021 3368 3746
4   479  390  643  843
4  2403 2491 3163 3460
4  1808 2532 3400 3812
4  1624 1641 2105 4281
4   491  327  777 2438
4  2078 1546 4100 4377
4  2256   67 4110 4194
4  1284 1120 2564 3083
4   842  688 1061 1177
4  1842 1125 2658 3974
4   757 2192 3722 3795
4  2639 2683 2835 3305
4  3756 2256 4379 4400
4  1151 2078 4313 4377
4    34 3297 3475 3943
4   549  366  959 2274
4  2477 2269 2937 3711
4   922 2734 3251 3733
4   654  434  756 1383
4   331  324  339  870
4   875  602 4394 4407
4  1967 2604 2769 3326
4  1702 1000 1806 3668
4    80 1728 2293 2343
4   314  318  324  870
4   264  265  637 1724
4   268  637 1334 1724
4  1464 1244 3055 3382
4   386  397  451  776
4   305  326  409  752
4  2750 2566 2791 2889
4   496  490  507  896
4  3173 3017 3207 3392
4  1569 1422 1601 2812
4   333  675  692  817
4   292  363  523 3924
4  2089  206 2501 2755
4  2702 3021 3114 3279
4  2328 4005 4154 4334
4   492  635 1344 1662
4   862  736 1202 1265
4  1771 1751 2796 3544
4  2979  134 3495 3586
4  1342  667 1721 2667
4  1663  700 2760 3092
4  1609 1645 3247 3507
4  2325  942 2857 2923
4  3969 2657 4062 4147
4  2328  152 3061 4121
4   327  377  541  633
4  2577 1942 3035 4084
4   804  847  894 2475
4   580  361 2790 3844
4  1203 1584 1600 1746
4  1252 1576 1809 4373
4  2241 2768 3328 4168
4   549  568 1219 2233
4   679  520  957 1046
4   699  729 1018 1536
4   340  379  476  638
4   383  381  408 3672
4   313 1195 1572 2882
4   679  520 1249 1393
4  2386 2750 2791 2889
4   457  384  809 1627
4   161 1343 3671 3704
4   830  859 1286 1397
4  3040 3350 3568 4129
4   265  458  781  880
4  3602 3910 4172 4382
4   566  512  666 1107
4  2130  757 2562 3155
4   317  375 4234 4350
4   494  293  663  543
4  1105  926 1310 1597
4  1526 1367 2527 3843
4   619  991 1374 1468
4   767 1481 2078 4100
4   650  306 3838 4057
4  3440 2369 3441 4097
4  3837 3912 4283 4367
4    98  100 2169 2431
4   521 1066 1235 1357
4   821 1203 1275 1600
4   430  291  582  888
4  1740  199 1911 2774
4   404  649  951 2321
4   433  940 1129 1149
4   488  316 2264 3026
4   662 1253 1445 4126
4  1105 1310 1638 1733
4   739  324 1132 3804
4   376  402  410  798
4   695  961 1484 1898
4   324  406  933 1195
4  3916 2868 4273 4398
4   584  577 3252 3606
4   365  376  410  798
4  2318 2807 3220 3951
4   886  647  971 1906
4   119 3044 3402 3879
4  2696 2761 3513 4127
4   736 1022 1504 3363
4   431  932  950 1453
4   317  764  927 1049
4  2339 1200 3025 3157
4   290  393  456  910
4  1794 1920 2184 2560
4  2041 1794 2184 2560
4  3646 1488 4119 4294
4    39   40 2805 2944
4   303  357  824 1100
4   354  555 3303 4275
4  1205 1060 2001 4171
4   627 2038 2379 4162
4  2857 2325 2923 3289
4  1471 1188 2494 3967
4  1135 1093 2209 2437
4    14  445  843 1090
4  1171 1354 1370 1474
4   726 1595 2342 2830
4  2644 2486 3225 4194
4  1122 1657 2053 2515
4  1675 1998 2100 2254
4    25 2115 3058 3781
4  2015  190 2080 2483
4   269  268  393  643
4  3835 3819 3974 4272
4   539  632  701  808
4   989 1369 1545 2165
4  1938 2567 2811 3347
4   759 1340 1973 3056
4   459  370  598  798
4   397  519  952 4242
4  1433 2481 2572 3005
4  2010 1218 2611 2738
4  2728 3548 3549 3980
4  1222  803 1430 3220
4  2141 2425 1159 3029
4   128 3700 3711 3740
4  2196 2744  956 2966
4   659  303  781 1848
4   466  720 1280 1629
4   848  955 3841 4266
4  3140 3192 3233 3823
4  1391 1094 1928 1970
4   374  399  621  632
4  3428 3576 4026 4248
4  1884 1616 2039 2288
4   402  376  493  621
4  1151 1522 3961 3972
4  1833 1068 2214 4153
4   914  958  994 2010
4  1107  795 1516 1532
4   393  442  455  911
4   279  277  336  870
4   302  284  412  947
4   277  336  438 1457
4  4221   54 4328 4347
4   309  379  382  638
4   301  284  302  947
4   495  731 3193 3296
4   228 2736 3275 3729
4  2473 2106 3578 4099
4  3348 2647 3640 4217
4  1976  605 2926 3907
4  1233  662 1237 1473
4  1512 1942 2116 3399
4  2641 1678 2753 3163
4  2255 2588 2590 3149
4  1781 1716 2851 3283
4  1905 1842 3868 4361
4   495  673 1812 2689
4   973  613 1101 4410
4   314  318  870 1324
4   184  182 4199 4204
4   873 1498 2202 3595
4  3666 1229 4244 4315
4   667 1342 1721 2324
4   429  338  438 1317
4   620  365  663  798
4  1993 1609 2114 3247
4  1408 2654 3484 3487
4  1274  498 2047 3814
4   327  580  633  793
4  1055 1143 1551 1679
4  1247 1444 1884 2039
4   320  407  434  691
4   382  907 1100 1144
4  1463 1849 3069 4201
4  1576 3769 3905 3988
4    15  321  560  650
4   265  561  637 1724
4  1535 1585 1640 2246
4   634  592 1864 2614
4   321   15  390  650
4   304   15  306  650
4  1593 1567 1732 2202
4    96 2195 3628 4324
4   213  214 3413 3979
4   656  783  926 1877
4   705 1048 2164 3965
4  2698 1013 3106 4132
4  1049  838 1114 1296
4   382  638 1892 4163
4  1567 1732 2145 2356
4    93   92 1047 4058
4   471  443  554 1382
4  1198 1020 1668 2150
4  1913 2958 3483 3517
4   361  467  516  580
4   293  289  330  663
4  1964  941 2085 2165
4  1182 1297 1399 4112
4   361  330  467  580
4   185  187  186 1154
4   423 1483 1191 1963
4   274  375  492 1662
4   814  713  866 1615
4  2997 2519 3178 3298
4  3703 3670 4280 4365
4  1918 1052 2475 2810
4  1791 1796 1943 1960
4  1411 2474 3581 4268
4   390  304  643 1723
4   449  447 1065 3383
4   468  552  669 1663
4   565 1206 1356 2684
4   339  331  346 1712
4  2043 2081 1579 2272
4  1442 2089 2585 2605
4  3214 2296 3496 3497
4   736  461 1828 1899
4  2428 3032 4190 4261
4  1986 2232 3466 3574
4   395  385  460  686
4   927  668 1091 2110
4   917 1051 1326 1918
4  1291 1035 1646 1872
4  2679 2971 3340 3534
4  2373 1502 2973 3783
4  1322  948 1508 1533
4   255  254 2307 2663
4   493  374  542  621
4   392  465  911 2382
4  1793 1630 2039 2288
4   416  621  632  736
4  1412  807 1476 2178
4   286  335  486 4415
4   528  874 2661 2732
4  2482 1604 3141 3415
4   935 2511 2702 3279
4   751 1936 2015 2044
4  1856 1752 1966 3684
4  1699 2195 2927 2949
4   404  326  752 1251
4   434  320  691  756
4  1623 1884 1895 2132
4  3877 3408 4341 4371
4  1039 1727 1882 2530
4  1620 1118 1981 3989
4   684 1514 2536 2973
4   298  412  888  947
4   406  339  888  947
4   496  628 1035 3015
4  2181 2127 3452 3568
4  1945 2218 2656 2773
4   371  946 1334 3870
4   624  928 2345 2893
4   825 1853 2838 2890
4   411  455  538 1113
4  1825 2429 2606 3194
4   329  328 4390 4415
4   653  887  961 1898
4   961  784 1484 1798
4  1121 1240 3004 3658
4  2335 2234 3613 3990
4   112  110 2505 3660
4  1502 3554 3754 4405
4  3014   22 4042 4236
4  3154 1787 3788 4257
4  1825 2429 2447 2606
4   394  907 4407 4411
4   546  459  598  805
4   123  122 1156 2940
4  1660 1673 1824 2193
4   401  379  472  714
4  1651  835 2337 3679
4  1749 1805 1929 3159
4  1781 1148 3683 3725
4  3432 2861 3553 4019
4  3455 1986 3774 3783
4  1926 1518 1978 2483
4  2267 2249 2570 3005
4     9  260  504  640
4  3770 1827 3771 4252
4  2809 3011 3166 4001
4  1278 1190 1592 2962
4   413  384  570 1137
4   370  330  598  663
4   328 4390 4415 4418
4   542  736 1828 1899
4   479  390  843 1187
4   472  379  638  714
4   410  463  775 2163
4   459  546  564  805
4   143 2637 2820 2913
4   290  370  620  663
4  2253 3604 3917 4024
4   614 2396 3464 3572
4  3355 2679 3535 3538
4   975 2407 2554 3109
4  3369 2859 3405 3953
4  2570 1414 2880 3068
4   561  265  637  781
4  2527 1414 2880 3552
4   290  330  370  663
4  3635 2983 4247 4271
4  1907 1748 2016 3186
4  3626 3316 3885 3973
4  2557 1384 3217 3442
4   270  481  567  591
4   729  404 1536 2456
4  1094  832 1251 1742
4  1783 1717 2376 3829
4   352  346  376  902
4  3104 2876 3922 3931
4   391   14  843 1090
4   431  810 2087 2463
4   811  726 1627 1810
4   976  626 1000 1939
4  1756 1730 3686 4081
4   291   16  294 1074
4  2261 2401 3162 3275
4   591  662 1473 1784
4   375  317 1130 4350
4  3596 3678 4299 4374
4  1917  171 2064 2376
4   765  310 2120 2410
4    65 3861 4144 4378
4   311  310  765  933
4   103  101 1930 3713
4   277  438 1167 1457
4   394  907 1659 4407
4   412  406  582  888
4   343  306  691  756
4  1879 1614 2442 3667
4   736  862 1202 3363
4   575 1016 1251 2381
4   416  399  563  632
4   720  788 1280 1479
4  1748 2016 3186 4131
4   801 1531 2104 2338
4   590  516  776 1698
4   222 1958 3868 4272
4  2101 1688 2385 3265
4   312  332  792 1074
4   306   15  343  691
4   473 1498 2518 2965
4    63 2532 2875 3637
4  1460 1400 2461 3195
4  2216 1801 3072 3717
4  2266  823 3189 4019
4  1775 1662  274  492
4  1640 1393 2621 2778
4  2078 2828 4313 4376
4   598  595  798 1071
4  2230 2004 2258 2718
4  1170 1353 1980 3054
4   932  414  950 1453
4   609  578  743  874
4   451  536  624  735
4  3159 2850 3454 3724
4  1338 2300 3899 4211
4  1399 2544 3204 4112
4  1253 1279 1329 4126
4   602  706  954 2294
4   780  511 1136 3774
4  2782 2187 2798 4039
4   706  954 1213 2852
4  1926 1374 2483 4227
4   578  712  759 1615
4   274  273  640  838
4  1920 1591 2186 3732
4   306  304  650 1723
4  1064  276 1253 1329
4   370  620  663  798
4   222  223 2203 2977
4  2548 3009 3233 3537
4  1091 1064 1253 1279
4   472  655  763 1086
4  1427 1628 1684 2226
4  1035 3011 3166 3464
4   722 1968 2160 3018
4   336  331  429  770
4  1327  810 2087 2648
4  3225 2256 4194 4226
4  1073  955 2563 3224
4  1639 2179 2272 3089
4  3097 3173 3207 3490
4  2645 3119 3437 4383
4  1611 2124 2470 2795
4   525  456  895 2158
4   673 1099 2391 2640
4   345  339  770 1072
4  3101 2809 3956 3964
4   425  396  440 1034
4  2841 3268 3272 3462
4   406  412  582  858
4   405  814 3816 3878
4   402  493  542  621
4   306  307  531  969
4   406  339  947 1712
4  1481  977 4313 4377
4  2933 2018 3877 4401
4   881  537 2502 3521
4  2645 2470 3437 3556
4   918   12  650 1724
4   937  905 1640 2778
4   616  689 1038 1476
4  2331  799 3367 3774
4  1110 2258 2718 3072
4   687  511 1231 1679
4   622  415 1738 3357
4   667  465 1392 2667
4   290  293  330  663
4   616  595  689 1476
4  1251  832 1342 1742
4   919 1102 1551 1679
4   511  687  717 1679
4   683  741 2697 3276
4  1131 1630 1793 1996
4  2201 1518 2483 3598
4   495 1387 3193 4090
4  1511 2589 3110 3336
4   490  407  614 1146
4  2278 1907 2290 2550
4   572  521 1071 1300
4  2627  791 2636 2905
4   491 1063 2286 3016
4   466  441  980 2219
4  1692 1079 2021 2713
4  2806  374 3593 3659
4   229  228 2045 3940
4   659  599 1445 1558
4   621  402  646 1899
4   621  632  736 1022
4   300  286 4404 4418
4   754 1574 1586 2758
4  1961 4157 4172 4382
4   337 1046 1467 4143
4   278  765  858 1096
4   561  265 1723 1724
4   282  508 1325 2222
4  3003 3325 3926 3939
4  1460 1400 2235 2461
4  1696 1732 3384 4115
4  2123 3096 3750 3839
4    76 2800 3346 4142
4   658  311 1109 1132
4  3145 3301 3530 4161
4  1571  967 2704 2737
4   475 1376 1403 1485
4  2251 3537 3589 3744
4   806  738 1762 1983
4   439  540  556 3814
4   567  270  591  936
4    75 3837 4283 4367
4  1539  826 1544 1599
4  2217 1210 3016 3280
4  1721 1176 2351 2537
4  1218 1050 1277 1931
4  1336 1223 1876 3810
4  1465 1427 1628 1684
4   642  812 2286 3016
4  2131 2372 3146 3313
4   573  716 1183 1643
4   376  392  400  620
4   540  600  830  912
4  1035  746 1646 2907
4   904  842 1506 3438
4  1510 1538 1548 3075
4  1056  706 2439 2486
4  1189 1314 1507 1785
4   800  485 2333 2947
4  2034 2171 2175 2334
4   681  804  847 1140
4  1163 1290 1660 2017
4  1226 1214 1308 2122
4   658 1324 1344 2414
4   770  694  818 1072
4    14  321  390  918
4  1922 1282 3375 4218
4   477 1376 1517 2311
4   699  478  729 2456
4   421  544 1447 4182
4   721  825  931  994
4  1090  604 1187 3138
4   656  464 1002 3959
4  1361 1689 1858 2287
4   801 1012 1531 2772
4    12  918  532   13
4   325  322  637 1144
4   820 1123 1212 2129
4   313 1096 1279 1598
4   569  471  593  791
4   113  115 3997 4079
4   809 1126 3303 3886
4  2393 1407 2593 3721
4  1275 1203 1362 1432
4   822  729  892 2474
4   533  557  674  856
4  1895 1444 3523 3567
4   271  308 1185 2968
4   436  800 1211 1270
4   477  484  520  652
4   434  407  614  691
4   465  400 1693 2007
4  1853 1015 1969 2838
4  2645 2240 2699 3119
4  3418 1634 3495 3583
4  1299 1267 1421 1498
4   261  317  764 4388
4  3244 2987 3625 4129
4   561  309  637 1724
4  1912 2069 2071 2119
4   646  923 1095 4279
4  2190 1913 2224 3807
4   473  873 1620 4068
4  1333 3348 3640 4217
4  1618 2967 3050 3404
4   532   13 1317 1891
4  3201 3343 3517 3630
4   154  153 3432 4298
4   477  362 2047 4192
4   971  889 1947 2596
4   600  830  912  937
4  1539 2200 3344 3390
4  1478 1007 1491 2682
4  1474 2050 2352 3336
4   378  377  991 1002
4  1025  388 1062 1175
4  2886 1967 3082 3459
4   765  678  933 1109
4  2279 2068 2961 3042
4   591  712 1784 2005
4    22   20 3767 4351
4  1609 1565 1645 1666
4   305  326  523 3142
4  1042 2665 2880 3294
4   814  312 1078 1347
4   528  468  712 1663
4  1212  922 1339 2734
4   451  624  928 1533
4  1943 1791 1960 2336
4  1504 1022 3478 3600
4   511 1231 1679 3541
4  1190 1496 1592 2962
4   592  968 2349 3331
4   750 1827 2426 4235
4  3338 1088 3341 3799
4  1115 1055 1180 1551
4  1338 1013 2300 2421
4   266  290  293 1194
4   487  319 1184 1655
4  1643 2179 2696 3963
4   925 2092 3392 3623
4  1068 1833 1974 3260
4   885  474 1005 1954
4   576  723 1379 2665
4   858  765  890  933
4   988 1439 1480 1517
4  1992 1574 2758 3636
4   666 1542 2013 4060
4   819  664 2823 3257
4  1354 1112 1370 1474
4  1437 1554 1567 4085
4   763  512 1104 1234
4   592  518  600  634
4  2269 1037 2798 2960
4   480  521  775 2163
4  2031 3301 3530 3597
4  3942 2398 4049 4085
4  1228  739 1886 3804
4  3749 3077 3832 3863
4   458  659  781  880
4  1714 1718 2331 3131
4  1035 1291 2511 3368
4  1843  984 1931 2199
4   155 2171 2364 2514
4   207  208  206 2572
4  2342 1606 3073 3414
4    13  309  918 1317
4   572  521 1561 2163
4  1174  978 2099 3139
4   758  634 3766 4108
4  1757 1820 2057 2413
4   301  302  888  947
4   788  811 1676 1810
4   339  501  888  947
4  1369  941 1964 2165
4   912  937 1547 2751
4  1123 1212 2129 2255
4   378  837 2988 3121
4   449  447 1165 1956
4  1483  423 1532 1963
4   305  409 2559 2806
4  1334  287  268 4012
4   199 1740 1911 2168
4   792  599  880 1848
4   825 1015 1328 1969
4   397  386  451  641
4  1802  791 1923 4219
4  1991 1456 2247 3794
4   578  468  678  841
4   430  406  582  933
4   406  339  494  888
4  1266 2242 2269 2937
4  1670 2068 2961 3392
4  1403  475 1485 4191
4  1752 2062 3209 4343
4  2280  142 2588 2969
4  1094  832 1302 1970
4   544  371  565 3623
4   382  417  469  887
4   492  930 1784 2754
4   783 1293 1491 2025
4  2593  938 3858 4033
4  2368 1080 2646 3693
4  1846 1900 2230 2718
4  1234  610 1762 2088
4  1176 2383 3553 4019
4  1672 1364 2473 3200
4   370  290  456  910
4  2409 1453 3004 3658
4   376  493  902 1072
4    39   38 2234 2524
4  2403 1703 2653 3460
4    94   92 3165 3657
4  2019 1471 2025 2748
4  2100 1998 2171 2175
4  1611 2999 3397 4069
4  3140   48 3192 3474
4  2104 2338 2526 3902
4  1937 2181 3091 3151
4   393  643 1207 1378
4  2765 3364 3443 3830
4  2242 2269 2937 3873
4  2421 3899 4054 4132
4  2031 2305 3366 3379
4   341  484  592  957
4   341  592  817  957
4   619  378 2988 3121
4   278  276  765 1096
4  3231  192 3388 3500
4  2650 1814 3044 3317
4   467  546  598  805
4   116  117 2714 3926
4   154  152  153 2328
4     9  261  317 1114
4    28   26 1365 2768
4   989 1545 1649 2165
4  3494 3209 3495 3586
4   264  268 1723 1724
4  3318  107 4045 4267
4   781  265  880 1318
4  4106  617 4408 4412
4  1600 1734 1955 2663
4  2508 1490 2727 4217
4  2261 2045 2366 3275
4   709 2882 3803 4409
4   456  525  605 3907
4  1191  950 2409 4015
4  2236 1455 2816 3603
4   264  268 4012 4030
4  1385 1178 2026 4406
4  2392 1010 3027 3258
4   857  525 2158 3907
4  1732 1696 1761 1993
4  1329  599 1445 1598
4   679  657 1017 1410
4  1767 2487 2506 4125
4  1207  455 1906 3261
4   857 1965 2066 4029
4   767  672 1503 1546
4  3302 2630 3531 3903
4   950 2087 2409 4015
4   714  638  382  379
4  2358  990 3846 4018
4  1200  960 1866 2227
4  3188 2802 3432 4005
4  2044 1966 2893 3076
4  3375 3293 3557 4142
4   816 1860 3055 3419
4  1755 1437 2346 4115
4  2613 1477 3764 3950
4   869  398 1126 2074
4   773  772  883 1273
4  2043 1783 2064 3829
4  1401 1335 1671 1927
4   170  171 2376 3829
4   704  577  724 1183
4   494  339  501  888
4   995 1015 2681 3167
4   504  497  838 2799
4  2234 1988 2319 2468
4  1584 1203 1589 1746
4  1502 1355 3554 4405
4    98   99 2453 2837
4   615  635 1344 2492
4  3409 1934 4078 4245
4   139 3501 3566 4339
4   177 3626 3973 4074
4  1351 1375 1688 3515
4  2548 2251 3589 3744
4   216  217 2347 2813
4   386  349  641 2476
4   841  609  866 1232
4  1529 2992 3122 3633
4  1975 2932 3596 3678
4  2134 1042 2522 3294
4   269  442  910 1323
4  2270 1682 2427 2915
4   427 1065 2222 3816
4    40   38   39 2805
4   802  542 1828 2038
4  1125  924 1780 2883
4   865  699 1289 3617
4  1513 1863 2594 3238
4   838 1662 1782 3757
4   701  632 1613 4023
4  1245  670 2390 2464
4   854 1693 1976 2007
4  1619 2105 4325 4330
4  1315 1212 1819 2870
4  2434 1682 2451 3329
4  1203 1361 1600 1612
4  2313 2197 2680 3707
4  1698  397 2448 4242
4  1496 1338 1592 2672
4   578  609  743 1615
4   417  610 1892 2088
4   864  769 2798 3481
4   232 1750 2029 2288
4  1086  512 1107 1219
4   454  854  979 2007
4   745  378 1468 2408
4  3861 3266 4083 4379
4  2530 2584 1387 2640
4   586  519 2118 3169
4  3175 2308 3262 3306
4   127  126  125 3526
4  1506  842 1509 1708
4  1244 1262 3055 3382
4   599 1445 1473 2928
4   495  673 1099 1812
4  1359  901 2854 3786
4    42 3694 4017 4020
4  2502 2146 3025 3157
4  1920 1007 4018  990
4   966  748 1009 2011
4   359  344  379  827
4  2510  654  434  490
4   873 1075 1597 1620
4   368  268  643  843
4   356  401  505  779
4   359  356  551  779
4  2622   68 4151 4322
4   486  458  824 4416
4   750 2426 3112 4235
4  1638 1310 1696 1761
4  2446   80 2462 3427
4   414  472  566 1107
4  1211  800 2947 3041
4   512  763 1104 1219
4   747  977 1151 2173
4  2802 3552 4005 4333
4  2486 2644 3789 4194
4  2293 1395 2375 2446
4   843  479 1207 1378
4   763  512 1086 1219
4  2646 1575 3252 3259
4   346  365  376 1072
4  2533 3550 3879 3946
4   528  712 1615 4098
4  2809 2904 3011 4001
4    13   12  561 2023
4  1570 2423 2874 3304
4  1132  310 1782 3757
4   109 2035 3312 4004
4  2280 1769 2588 2592
4  1396 1066 2771 3664
4   320   15  563 2559
4  3025 3255 3508 3769
4  1131 1213 1758 1793
4   792 1347 1848 2023
4   559  625 1557 1948
4   794 1876 2878 3681
4  2155 3140 3233 3823
4  1267 1119 1299 1556
4   472  340  505  795
4   716 1023 2096 3663
4   970  996 2075 2232
4  3040 3350 3960 4003
4  2083   78 2834 2922
4   868  506  900 1440
4  2747 2692 3765 4276
4  1067  961 1170 2464
4   643  843 1207 1378
4  1674 1085 1828 2816
4   289  294  296 1467
4   392  400  465 1254
4  2507   42 4017 4020
4  2726 1304 4025 4282
4   937  905 1535 1640
4   616  595  775 1071
4  1143 1055 1551 4086
4  1174  978 1304 2099
4   962  823 1187 1697
4  2141 2797 2916 3029
4   654  756  881 1383
4   225  224 3393 3925
4  3576 3763 4026 4248
4   348  380  443  692
4    77 1830 2083 2834
4  3096 2123 3591 3839
4  2546 2477 3700 3839
4   925  942 3627 3635
4   855 2275 2299 2503
4  1766 1705 2067 4006
4   270  591 1233 3723
4  2049 1479 2656 2773
4   352  346  902 1072
4  1059  430 1754 4064
4   606  671 1223 1482
4   552  262 1062 1185
4  3125 2829 3232 3520
4  2671 2028 2849 3950
4  2440 2628 2888 3222
4  2240  899 2535 3196
4  3482 2473 3578 4099
4   491  757 2130  639
4   747  898  977 2173
4  1751 2626 3529 3663
4  1328 1813 1969 3005
4   314  311  658 1132
4  1356  565 2684 2701
4  1108 1004 1202 1699
4  2789 1596 3213 4127
4   159 2238 3899 4054
4  2171 1475 3130 3840
4  1905 1855 1958 3868
4  1407 1555 1843 2112
4   261  571  764 1114
4   352  354  523 2210
4  1644 1465 2539 3875
4   663  365 2709 3137
4  1311  916 1636 1789
4  1119 1398 1739 3196
4  1457 2222 3816 3878
4   831  807 1135 2292
4  1499 3787 3971 4331
4   366  364  369  875
4  3168  184 3710 3727
4   845  538 1113 1893
4   979  454 2007 2561
4  1973  522 2928 3056
4   388   11 1025 1062
4   412  406  888  947
4  1621 1466 1944 3455
4   719  604  972 1928
4  1320 2223 3164 3461
4   820 1184 3251 3733
4  2191 2187 2782 2818
4  2769 2711 3054 3082
4  3246 3398 3505 3624
4  1289 1018 1021 3798
4   970 1661 2373 2389
4  2218 1945 2656 2701
4  3366 3128 3443 3796
4   973 1514 3754 4405
4   386  641 4018 4391
4  1387 1321 2575 2584
4   886 1014 1776 4059
4  2371 2359 3467 4159
4   124 1590 2076 2400
4   381  383 4202 4346
4   343   15  563  691
4  2550 1786 3426 4123
4  1150 1539 1549 3344
4   472  964 1892 2088
4  2715  101 4027 4249
4  3333  169 3450 3791
4   797 1463 1849 1939
4  2117 2156 2820 2913
4   541 1222 1548 2438
4    91 1319 3111 4137
4  1380  771 1557 4076
4  1280  720 1479 2773
4   399  526  542  802
4   795 1107 1516 3751
4  1521 1531 2003 3199
4  2802 2419 3552 4333
4   671 1336 1482 2224
4   971  889 2596 3211
4  2683 2639 2835 3067
4  1369  989 1545 2562
4  2225  230 2472 3151
4  1806 1788 3787 3971
4   872  810 2208 2463
4   593  791 1923 3324
4  1236  778 1894 3266
4   440  396 1097 4246
4  3044 3400 3402 3879
4   516  467  529  793
4  3912 3916 4367 4398
4    79   78 2083 2922
4  1077  994 1214 1949
4  2314 2185 2576 2642
4  3011 1633 3304 3908
4  1896 1778 1960 2336
4  2067 1766 2599 3800
4  1051  449 1326 2777
4   772 4055 1980 1798
4    16   17  265  880
4  2733 2752 3370 3448
4  2995 2946 3085 3214
4  1416 1644 1816 2252
4  1271 1710 2059 2546
4  1569 1867 2133 3039
4  1932 2505 3001 3612
4   373  360  911 2382
4    14  368  390  843
4   525  605  857 2066
4  1596 2055 2563 3435
4  1151  747 2078 4377
4  1832 1854 3315 3909
4   415  547  622  784
4  1617 1394 2317 3345
4   416  632 1097 1454
4   314  648 1109 1754
4   274  375  640 1130
4  1747 1977 2617 4125
4   380  448 2358 3785
4   506 1509 1515 1516
4  2248 2699 2741 3206
4  1205 2915 3396 4171
4  2119 2213 3227 3268
4   514  478  729  822
4  1011  507 1230 2028
4   574  993 1503 1546
4  1501 1842 1905 3835
4   478  699  729  822
4  1681 1053 1910 2774
4   276  278  765 2394
4   512  472  763 1086
4  3187 3439 3557 3653
4  1514  469 3736 3754
4   397  386 2448 3955
4  1128 1283 2654 3753
4  2404 2367 2405 3954
4   954 2435 2618 2909
4  1912 1888 2071 3066
4   615  492 2492 2754
4    68   70 4305 4322
4   643  479  843 1378
4   686  924 2856 2883
4   491  327  593  777
4  2177 1386 2387 3817
4  2124 1611 2470 2645
4   441  426 1164 2735
4  1698  776 2448 3955
4  1850 2070 2537 3310
4   108 3318 3738 4357
4  1212  820 1263 3251
4   208 2523 2572 3022
4   542  526  572  802
4   313  661  824 1572
4  1163  763 1762 1878
4  2622 3052 3134 3953
4   719 3243 4269 4358
4  2822 2765 3364 3443
4   275  347  658 2414
4   328  324  406 1712
4   568  369 1086 1217
4   451  536  850 4391
4   728 3785 4018 1007
4  1603 1037 1636 2187
4  2703 3169 3175 3307
4  1172 1829 1858 2133
4  1221 1022 1705 1766
4  2057 1757 2330 2731
4   158  160 3431 4052
4    17   16   18 2137
4  1018 1592 2672 3798
4   545  631  794 4385
4   417  524 2088 3904
4  3032 3350 3960 4190
4  2772 1531 2831 3703
4  1038 2771 3087 3110
4  3264 3731 4145 4336
4   822 1026 1654 2474
4  1860 1582 2807 3419
4  2062 3076 3209 4343
4   669  678 2394 2410
4   470  548  776 1664
4  1270 1211 1482 3965
4  2979 2767 3860 4109
4  2087 2291 2648 4015
4   276  668 1064 1253
4  1438 1150 2389 3344
4  1068  553 3260 3311
4  2593 2827 4031 4070
4  2189 1266 2269 2937
4  1824 1660 3826 4212
4  2344   39 2805 2944
4   762  541  803 1634
4   804  681  847  866
4  1172  905 2079 2133
4   607  581 1174 1312
4  1475 1142 1968 2053
4  3409 3634 3752 4245
4   527 2881 2799  838
4  1969 1225 2267 3005
4  1521 2725 2772 3330
4   601 1312 3608 3886
4  2006 3192 3474 3823
4  2109  986 2552 3692
4  1557 1040 1821 1948
4  1381 1356 1668 2791
4  1263 2870 3251 4297
4  3543 1129 4106 4408
4  2994 2989 3042 3911
4   358  636  729  892
4  1447 1574 2831 3108
4  1934 3409 3752 4245
4  1508 1322 1533 2101
4  1291 1646 2405 2874
4   536  386 1664 4018
4  2136 2673 3238 3553
4  1618 1764 2967 3404
4   418  358  426  892
4   660  378 1305 2988
4   733  550 3041 4188
4   441  489  892  426
4   534  358  729  892
4   846  461 1108 2245
4   426  358  534  892
4  2231 1876 3671 3681
4   624  611  928 3419
4    24   23 2115 3624
4  1197  871 1269 4082
4   998  920 2841 3268
4   548  470 1303 1739
4  3125 2239 3382 3520
4  3574 2877 3727 3801
4   242 1628 1816 3674
4  2167 2161 2316 3036
4   389  449 1864 1956
4   420  431  932 3842
4   739  635 1132 1344
4  3251  546 4303 4304
4  1312 1164 3881 3886
4   492  444  662  930
4  1218  914 3062 3424
4   804  860  894 1403
4   507  960 1011 1230
4  1939 1849 3410 3646
4  2508 2647 3348 4217
4  2477  128 3700 3711
4  1872 2847 3011 3908
4  1876 1223 2231 3810
4  1126  426 1312 3886
4  1122 1173 2053 2445
4  2847 1872 3304 3908
4   944 1435 1881 2654
4  2278 1907 2930 3719
4   562  267  969 1194
4  3299 3516 3602 4382
4   573  716  760 2646
4   647  886  971 4059
4   309  322  382 1100
4   585 1627 1729 1800
4  1078  847 1165 1403
4  2260 1721 2537 3884
4  3781 2719 3890 3986
4  2260 2467 2537 2565
4  2275  855 2299 2502
4  2882 4390 4403 4409
4  1446 2027 3481 3577
4   858  765  933 1195
4  1276 1432 1584 2008
4  1650 3217 3442 3817
4  1710 1605 1764 2411
4  3293 3524 3557 4142
4   468  669  678  841
4  1016  575 1947 2324
4   290  269  910 1194
4   933  765 1069 1195
4   324  933 1069 1195
4   913  591 3723 3887
4   839  441  892 1408
4   536  735 1739 1994
4  2951 3008 3912 4395
4  1966  190 2015 2541
4   887  382  907 1100
4  1097  526 3148 3174
4   391  479  499 1187
4  2938 1386 3296 3892
4   573  716 1643 2096
4  1542 1760 2097 3162
4   398  358  534 1126
4   257  256 1933 2008
4  2978 2937 3256 3711
4  1239 1639 2550 3089
4  1806 1000 1954 3668
4   615  492  635 2492
4   595  598  775 1071
4   396  343  563 1097
4  3228 2586 3366 3379
4  2682 1794 3013 3057
4  1344  658 1775 1782
4  2359 2371 3467 3575
4   291  280  446 3929
4  1668 1381 2791 3226
4  3326 2769 3673 3683
4  1543 2244 3075 3078
4  1157  987 1808 1814
4   573  395  760  924
4  2609  440 2697 3276
4  1055  617 1115 4408
4  2418  726 3027 3071
4  1396 1370 2173 3716
4   617  740 1115 2960
4  1366  754 3472 3662
4   268  288 4012 4030
4  1976 2158 2583 3907
4  1907 1708 2016 2550
4   298  294  299  888
4   737  750 1576 1790
4   673 1099 2183 2391
4   668  927 1049 2110
4   369  568  852 1217
4  1442 2357 2585 3843
4   543 1811 2448 3955
4  1834 2224 2545 2885
4   413  372  570 3518
4   396  425  440 1097
4  1805 1284 2850 3159
4  1314 1495 1507 2651
4  1021  822 1026 1654
4  2877 3801 3824 4326
4   726  585 1810 2418
4  1836 2487 2617 4125
4   275  274 1782 3949
4  1377  631 3629 3883
4  1710 1618 2200 2411
4   608  670  844 1181
4  2623 1992 3239 3636
4   501  285  888  947
4   738 1692 1793 2713
4   773  748 1009 1032
4   912  600  937 2751
4   304  343  396 1323
4  2326 2270 3394 4262
4  1623 1940 2021 2132
4   303  309  357 1100
4   210  209 2855 3833
4   309  303  781 1100
4  2789 2055 3435 3451
4   871 1145 1269 4082
4   652  477 1517 2047
4  1829  250 2133  251
4  2192  812 2286 2555
4  1153 1105 1638 2374
4  1064  765 1096 1279
4  1110  771 1380 3216
4    11    7 1025 1062
4  1917 1907 2376 3719
4   715  732 1402 2553
4  3218 2737 3638 4321
4  2195 1699 3628 4324
4   311  310  933 1109
4   176 3885 4008 4044
4   734 1120 2257 3083
4   398 1126 2074 2210
4  2062 1508 3076 3115
4   376  365  620  798
4   401  472  779 1738
4  1535 1547 1585 2113
4   456  370  683  798
4  2317 1289 2655 3982
4  2771 1066 3403 3664
4   392  400 1254 4152
4  1609 1566 1993 2114
4  3738 3318 3845 4357
4  1434 1380 3442 3717
4  3552 2419 4200 4333
4  1053  965 1681 2117
4  1353 2551 2769 3673
4   959 2274 2884 3420
4   369  622 1086 2576
4   518  540  600  830
4   252  251 1746 1829
4   859  830 1335 1397
4   666 1104 2013 3080
4  2761 2789 3957 4183
4  2459 2386 2791 2889
4   505  344  551 1228
4   954  706 1659 2852
4   861 1288 1774 2333
4   278  276 1096 1329
4  2111 1355 3631 4327
4   308  310 2120 3757
4   366  364  875  900
4  3553 2136 4046 4333
4   327 1063 4014 4175
4   153 2328 4154 4375
4   184  182  183 2877
4  3432 4046 4154 4333
4   364  366  450  900
4   396  440 1034 4246
4  2635  180 3479 4065
4  1894  959 3158 4094
4   240  239 1628 3674
4  2678 1469 3615 4136
4  2829 2085 3125 3156
4  2298 2117 2553 3229
4   569  630  851 2130
4  1376  917 1403 1485
4   461 2816 3603 4315
4  1497 1521 1531 2003
4   129  130 2424 2745
4   714  655  844  964
4  1818 4165 1667 3154
4   600  592 2349 2778
4   314  311  324  933
4  1687 1689 2152 2953
4   278  522 1359 2854
4  1035 1646 1872 2907
4   518  600  634  830
4  1885 2105 4281 4325
4  1397 1286 1422 1919
4  1559  196 3702 3811
4  1191 1483 1751 3663
4   532   12   13 1891
4  1047 1481 3335 4058
4   434  654  756 1146
4    27   28 1365 2065
4   405  427 2222 3816
4   681  609  890 1232
4  3321 3305 3504 4009
4  1098  919 1261 1986
4   671 1447 1622 1847
4  2746 4005 4154 4333
4  1575 2956 3252 3253
4   327  793 1063 4175
4   649  711 1301 1968
4  3270 2204 3473 4096
4  2747  174 3360 3749
4   950  688 1177 1360
4  1694 1440 2128 3649
4  1327 2087 2291 2648
4   627 2402 3666 4013
4   360  392  620  911
4  2520 2504 3184 3882
4   678  528  874 2661
4  1185  308 1835 2661
4   264  265  297 4193
4   460  686  998 1780
4  1575 1578 3259 3693
4  3246 2115 3624 4171
4   961 1067 1484 3506
4   807  616 1038 1476
4   926 1310 1597 1851
4  1430 1222 3220 3951
4   935 1212 1719 2129
4  1641 1624 1935 3116
4   529  467  651  793
4  1000  976 1707 2144
4  1045  706 2852 4277
4   734  548 1303 3930
4  3570 2846 3730 3742
4   372 3219 4407 4411
4  2115   25 3058 3394
4   623  404  951 2950
4   804  681 1052 1059
4   360  373 1113 2074
4  1573  259 2621 2632
4  2692 2747 3408 3832
4  1123 1404 2391 2590
4  3232 2666 3358 3416
4   830  600  905  937
4  1444  568 2294 2525
4   591  712 3723 3887
4   228 2037 2045 3940
4  3612 4091 3095 4224
4  1884  949 2472 3150
4   360  373  404  752
4   409  326  533  752
4  1292 1934 2212 4073
4   360  404  523  752
4   352  360  523  752
4   404  326  523  752
4   936  567 4387 4388
4   329  698 3219 4415
4  2734  820 3251 3733
4   780  717 1143 1679
4  1929   80 2343 3427
4  1096  313 1195 1256
4  1366 1497 1521 1531
4   206 2572 2755 2910
4  2747 3360 3408 3832
4   726  585 1627 1810
4   449 1326 1349 1864
4  2487  196 2506 4125
4   576 1042 2665 2880
4  1818 1108 2245 2361
4   816 1215 2085 2165
4   263  867 2264 3026
4  1796  840 1960 3856
4  2070 1850 2743 3310
4  2767 3494 3585 4343
4    25 3058 3394 3781
4  1070 1209 2177 2276
4   610  517 1257 4393
4   896  507 1866 2510
4  1584  255 1589 2008
4  1799  903 1812 2183
4   322  325  476  877
4   325  371  421  877
4  2534  394 2911 3219
4   305  409 2806 3659
4   325  322  355  877
4   901  280 2854 3929
4  2179 3697 3760 3938
4  2542 2654 3484 3580
4    46   45 2205 2565
4  2269 2189 2937 3711
4   453  603 1090 3138
4   205 2131 2607 3146
4  1328 2007 2561 2803
4   689 1503 2697 3511
4   637  322 1100 1144
4  1840 1310 2341 2346
4  1450 1492 1507 1564
4   688  932  950 1177
4   919  717 1102 1679
4  3145 2458 3301 4161
4  1586 1523 3095 4386
4   773  883 2420 3295
4   371  325  421 2912
4  1135  807 1941 2292
4   804  713  814  906
4  1950 1511 3087 3336
4  3000 2985 3097 3874
4  1053  732 2553 3937
4  3008 2869 3187 3439
4    65   67   66 3779
4   921 1006 2161 2162
4  1077 2681 3167 3465
4  2578 3921 4095 4135
4   368  325 2912 4369
4   199  197  198 1740
4   395  385  686 1532
4  2337  926 3614 3679
4  2273 2010 2611 2738
4  2849 1011 3769 3988
4  2052 1540 2244 2395
4   967  983 1469 2737
4  1594 1429 3130 3444
4  1342 1513 1763 2931
4   701 1054 4023 4048
4   348  508 1065 1956
4   339  345  349 2709
4  1112 1493 1503 3335
4  2090 2329 2745 3028
4  3462 3758   58   56
4   828 1941 3372 3549
4   973 1101 4405 4410
4  1458 1611 2999 3396
4  1402  537 1941 2625
4   373  360  404 2074
4   777  327 1382 2543
4  1508  948 1552 3076
4   658  314 1324 2170
4   868 1509 2128 3812
4  1795 2939 3098 3872
4  1997 2894 3412 4093
4  1192  600 2377 2778
4  1719 1819 2712 2998
4  1728 1929 2343 3427
4  2192  812 2555 3407
4   572  526  654  898
4  1406 1945 2603 2773
4  1283 1139 1341 1847
4   494  334 2942 4265
4  2187 2782 2818 4039
4  2497 2469 3459 3673
4   588  520 1134 1274
4  1900 1791 2843 3072
4   954  706 1213 2294
4  1394 1617 2908 3345
4  1890 1888 1912 3066
4   410  521  775 1071
4   454  442  455 1378
4  1635 1295 2174 2405
4    70   69 4174 4314
4   518  540  830  859
4  2608 2791 2889 3728
4  2624  223 3049 3819
4  1638  926 2025 2346
4   670  608  844 3941
4   587  878 3424 4033
4   457  384 1334 4012
4   509  467  546  820
4   648  609  874 1754
4  2560 1471 3013 4201
4   895  403  956 1899
4  1693  400 1976 2007
4  2308 3231 3262 3503
4   272 1185 2410 2580
4  1997 2037 2045 3275
4  1554 1463 1939 2228
4  1799  903 1839 1977
4  1763 1845 1863 2070
4   265  264  637 4193
4   484  592  657 2614
4    24 2719 3781 3986
4   146  147 3609 4072
4  2031 2586 2626 3171
4   292  532  429  560
4   101 2715 4034 4307
4  2474  581 4268 4282
4  1189  676 1332 2392
4  2584 2530 1387 1459
4   330  467  509 1811
4  4077 3780 4204 4381
4  2067 1705 3688 4006
4   364  366  369 1086
4  3668 3712 4290 4351
4   642  812 2217 3262
4    41 2112 2265 2479
4    90   91   89 1319
4   797  588 2776 3818
4   592  484  657 2349
4  2847 1769 3323 3368
4  1355 3754 4405 4410
4   834 1581 2092 2362
4   782  987 2674 3381
4  1147  624 1533 3076
4  2918 2086 3516 3632
4  2499 1982 3798 4184
4  2787 3338 3535 3538
4    60   61 3443 3893
4   442  393  620 1693
4   546  459  564 1082
4  1499 1755 3203 4239
4  1614 2574 1928 2906
4   915 2286 3220 3831
4  2540 1436 3164 3271
4  2712 1339 3880 3908
4  1405  147 1934 4072
4   400  392  465 1693
4   775  463  805 2558
4  2012 1837 2708 2840
4   410  463  598  775
4  1636 1603 2187 2191
4  1507 1495 1564 2651
4  2249 2267 2570 3182
4  1326 1914 1918 2777
4   286 3619 4415 4418
4  1363 1158 1413 1868
4  1910 1681 2774 3852
4   198  199 1740 3852
4  2406 3158 4362 4394
4  1481 1171 3335 3354
4   273  260  640 2799
4  3527  286 4411 4416
4  1637 1554 2228 3942
4   716 1183 1643 2549
4   419  284 4404 4418
4   328  406 1195 4418
4  2428 3032 3316 3973
4  2106 3330 3578 4099
4   130  129  128 2745
4   971  962 1776 1906
4  1093 1522 2631 3972
4    52   51 2657 4288
4  2263 2700 3197 3198
4    52 3353 3996 3676
4   676  584 2392 3253
4  1298 1231 3357 3542
4  1766 1022 3363 3600
4   741 1081 2609 2891
4   626  976 1000 1005
4  2934 2314 3316 3885
4  1262 1464 2085 4117
4  3298 2976 3497 3525
4   757 1222 2286 2438
4  1923 1210 3563 4014
4  2538  987 2724 3260
4   698  342 1158 4409
4  3128 3443 3531 3935
4  2613 1880 3644 3764
4  1735 2019 2025 2748
4  2205   45 2332 2565
4  2180 3820 3905 3985
4  1249  981 1362 3732
4   614  434  756 1146
4  1837 1504 2012 2708
4   856 1614 1987 2574
4   490  507  960 1146
4  3695 3689 3824 4326
4    57   56 3462 3698
4   975 2407 3109 3365
4  3205 3409 4078 4245
4   377  541  762  991
4  3865 3620 4271 4360
4  3141  226 3415 3435
4  1242 2540 3780 4397
4   928  786  948 1552
4   578  528  743  874
4  1383 2078 1546  881
4   985 1454 1726 2452
4  1542 2013 2864 3080
4  1742 1713 2042 4308
4  2882  486 4390 4418
4  1505 1748 1779 3633
4  1722 1715 2639 2720
4    33 3021 3114 3290
4   579  661 1558 4417
4  2519 2509 3178 3179
4   719 2140 2691 3211
4   393  442  456  910
4   412  284  419 4418
4   357  379  438  827
4   874  890 1109 1754
4   593  491 3324 4014
4   872  810 1327 2208
4  1240 1121 3623 3658
4   281  901 1359 3786
4  1587  735 2662 4278
4   425  396  587 2896
4  3350 2314 3885 4003
4   165 2237 3539 3687
4   954 1131 1213 1758
4  1360  950 2087 3842
4   759 1340 1232  866
4   365  339  663 2709
4  3180 2919 3362 3847
4  2779 3013 3069 4201
4   343 2380 3174 4246
4  1039 1321 1387 1459
4   113 2686 3066 3289
4  1119 1398 2434 2518
4   882  705 3041 3139
4  1435 1343 1876 1881
4   967  677  975 1032
4   413  555 3920 4155
4  1605 2818 2929 3947
4   606  801 1472 2831
4  2069 1912 2091 2786
4   523  326 2456 3142
4  1998  856 2100 2574
4  1342 1550 2381 2667
4   534 1018 1592 1654
4   462  490  896 2510
4  3686 3820 3834 3905
4   678  874  890 1109
4  1555 1218 1931 2738
4   867    0  913 1350
4  1428 1822 3205 3610
4  3308 1298 3357 3542
4   254  255 2246 2867
4   320  407 3105 3332
4  1907 1748 1917 2016
4  2144  976 3020 3385
4   897  604 2094 2445
4   884  642 1063 2217
4   545  631 1164 2735
4   349  318  494 3622
4   561  265  781 1318
4  2533 2214 3550 4169
4   746 1035 1291 3015
4   821 1368 1426 2888
4  3321 3305 4009 4274
4   540  439  556  859
4  1137  584 1541 3027
4  2708 2531 3362 3600
4  2411 2477 2937 3711
4  1462 1506 1520 1528
4   966 2011 3626 4316
4  3629  944 3681 4096
4  1369 1964 2085 2165
4  1045 1345 2439 2486
4  1233  712 1473 3092
4  1356 1381 2701 2791
4  1334  384 3518 4012
4  2987 3244 3690 4129
4  1432 2008 3129 3230
4  1578 1608 2040 2457
4   838 1049 1662 3757
4   727 1639 1643 2179
4   832  665 1201 1697
4   403  402  542 1899
4   868  506 1515 1632
4   461  403 1828 1899
4  2068 2237 3207 3490
4   631  545 2601 4385
4  1820 1653 2413 2619
4   646 1004 1022 1899
4  3205 1428 3551 4245
4  1936  751 1994 2044
4  3117 2951 3533 4106
4  2080 1966  190 2015
4   331  354  523 1072
4  1739 1424 2662 2535
4   279 1325 1457 2222
4  1681 1815 1910 2117
4    41 1843 2112 2507
4   764  668  927 1049
4  1707 1745 1830 2157
4   911  465 1693 2382
4  1462  904 1506 3438
4  3857 3837 4270 4398
4  1456  981 1547 3991
4  2054 2528 3449 3474
4  1404 1836 2072 2174
4  2606 1825 3194 3477
4   969  562 1723 3838
4   414  340  795 1532
4  2138 2403 3163 3460
4  1914 2628 3222 3236
4  1178  833 2111 4410
4   575  373 2160 2382
4   211  209 2060 3651
4   822  699 1021 1030
4   975  967 1032 1571
4  2273   42 2611 2914
4  1062  693 1103 1185
4  1817 2597 2720 3358
4   486  335 4390 4415
4  1040 1747 1770 3184
4   362 2311 2942 4192
4  3114 3290 3475 3956
4  1126  601 2323 3886
4  3785  728 4018 4391
4   918  532   13 1317
4   391  305  409 2559
4   374  320  563 2559
4   357  469 3631 3754
4   499  409  665 2559
4   519  771 3169 3176
4  2108  837 2612 3831
4   111  112 2505 3482
4   393  269  442  910
4   538  603  629  845
4  1658 1023 2842 3993
4   677  740 1036 3542
4  1322 1375 1533 2385
4  1171 1354 3335 3354
4   970  871 1255 2232
4  3764 2613 3950 4137
4   458  486  824 1572
4   504  785 1114 1296
4   872 1360 2087 2463
4  1217 1163 1219 2233
4   463  628 1948 2595
4  1719 2280 2591 2969
4   276  700 1253 2760
4   646  400  721 1976
4   473 1597 3385 3614
4   472  795 1086 1107
4   307  306  614 3828
4  1068 1157 1833 3260
4  1384  945 2557 2938
4    27 1538 2077 2817
4    52   50 3353 3676
4  1152  733 4022 4026
4  1637  976 1707 1939
4   289  330  663 1811
4  3443   61 3562 3893
4  1436 1098 1486 1680
4   163 1881 2478 4096
4  1048  705 3608 3965
4   330  289  361 1811
4  2016 1694 2128 4131
4  1016 1294 3319 4222
4  2419 2249 2802 2880
4   864  769 2242 3873
4   577  424  704 3606
4  1952 1476 2380 3107
4  2639 2905 3067 3358
4  1718 1438 2389 2641
4  1017  690 1203 1362
4  1014 2578 3189 4019
4   563 1379 2896 4256
4  1444 1213 2294 2435
4   590  642  915 3831
4   659  599  880 1665
4  1206  925 3392 3623
4   503 1252 1576 1809
4   941  816 2085 2165
4  1757 1974 2214 2413
4   248  247 1861 3762
4  2577 2946 3085 4084
4   864  769 1626 2242
4   566  842  904 3438
4  1477 3147 3278 3279
4  2602 3890 3986 4262
4   841  890 1232 4000
4  3164 2491 3271 3463
4   522  278 2394 4000
4   532  279 1325 1891
4   595  910 2697 3107
4  1524  878 2393 4033
4   802 1455 2038 2816
4  3450 2457 3791 4179
4   468  528  678 2661
4   125 3178 3273 3588
4   619  378  745 2988
4  2620 1716 2700 3197
4   174 3060 3320 4173
4  2780  179 3283 3720
4  1374  762 2483 4227
4  1298 1076 1773 3542
4  1930 2600 3113 4232
4   359  827 1129 2111
4  1439 1480 1914 2253
4  2500 1751 3064 3544
4  1415 1671 1927 2095
4  2222  405 3816 3878
4   331  338  429 2182
4   984 2199 2495 4038
4   965  480 2558 3825
4  2493   94 2649 2710
4  1238 2417 2753 3164
4  2307 2107 2935 3153
4  1645  186 3247 3507
4   969  315 1082 1184
4  1710 1605 2411 2477
4  1378  576 1906 3189
4  2076 2400 3647 4212
4    41 2112 2479 3694
4   283  320  694  818
4   320  283  493  818
4   694  345  770  818
4  1871 2236 2319 2468
4   373  623  649 1893
4   925 1670 2961 3392
4   690  981 1275 1362
4   331  350 1712 3822
4   212  214  213 3773
4   622  748  773 1032
4   566  414  688  932
4  1161  612 3825 4252
4  2032 1540 2345 2395
4  1421 1463 1498 1554
4    87   88 1650 2387
4  2443 2401 3274 3729
4  1933 1456 3153 3794
4  1783 1779 2043 2064
4   925  682 3623 3627
4  1040 1295 1948 3853
4   219 2608 2791 2889
4    43   41 1843 2265
4  1923  791 2627 3324
4   874  609  890 1754
4  1756 1827 3770 3988
4  1750  232 1937 2288
4  1360 1177 3927 3995
4   585  726  946 3027
4   772  773  883 2420
4   867 1246 1431 2264
4  1578 1575 1608 2457
4   991 1374 3519 4227
4  1136 3774 3783 4255
4   182 4077 4204 4381
4   925 2092 3173 3392
4  1306  886 2578 3189
4   480  775 2298 2558
4   935 1212 2129 2917
4   290  501  620 2485
4   324  328 1195 2882
4  1301  711 1475 1968
4  2807 3055 3419 4168
4   335  452  653  887
4  2441 2635 2821 3808
4   339  543  663 2709
4  1501 1842 1855 1905
4  1942 1967 2604 3085
4   973  613 2271 4354
4   661  659  781  824
4  2690 2873 3009 3538
4  1579 2081 2179 2272
4   406  430  582  888
4  1678 1438 1718 2151
4   242  243 1644 3170
4  2084 1680 2653 3271
4  1834 2224 2885 3081
4  2243  245 1908  246
4   291  298  446  888
4   427 1962 2170 2810
4  2262 1111 2386 3540
4   670 1199 1626 2464
4    39 2344 2361 2944
4   118  116 2355 3036
4  3409 3205 3634 4245
4   289  294  494  888
4   475  894  917 1527
4   714  472  964 1892
4  1171  977 1481 2359
4   277  336  739 1167
4   174 3320 3360 4173
4  1843  984 2507 2738
4  1225 1759 2522 3294
4  2619 1841 3317 4355
4    89 2460 3936 4137
4  1274  588 1664 2776
4  1655 1082 1809 1952
4  1514  452 2536 4389
4  3760 4123 4145 4336
4  1703 1180 2417 3461
4   445  453  843 1090
4   272  276  552 2760
4  1151  747 1235 3972
4   420  517  610  907
4   839  489 2735 2958
4   402  403  798  895
4  1106 1201 1525 1550
4   277  739  870 1344
4   253 1867 2113 2307
4  2899 2548 3536 3744
4  3145 2458 3528 4179
4  2616  247 2812 4116
4  1462 1177 3438 4223
4  1612 1601 1861 2283
4  1085 1265 1352 1674
4  1260  962 2140 2332
4   996 1486 1680 3131
4  1076  975 3109 3269
4  1689 1361 2152 2287
4   736  416  862 3363
4  1266 2189 2745 2937
4  2319   38 2468 3994
4  1493 1396 2771 3664
4  1144  637 1334 3391
4   760  573  924 1963
4   644 1179 2147 2883
4  1293  783 1491 1851
4   851 1369 2022 2130
4   723  979 1166 1862
4  1900 1846 2230 2336
4  2457 3145 3791 4179
4   915  642 1244 2286
4  3424 3062 3858 4033
4  2407 1032 2420 3295
4  1009 3370 3405 3953
4  2280 2588 2591 2969
4  1240 1332 1691 2409
4   145  144  143 2154
4  1053  732 2298 2553
4  1997 3070 3162 3275
4  1706   96 2282 4257
4  1684 2693 3170 3374
4  1649 2077 2817 2898
4   363  523 3924 4346
4   468  316 1175 1663
4   450 1516 3751 4176
4  3032 2428 3244 3973
4   965  725 1695 2298
4  3494 3209 4208 4343
4  1243 1247 1330 2713
4   254 1584 1589 1746
4   475  860 1140 1403
4  1178 1155 1355 1385
4  2011 2987 4316 4353
4  1224 1348 3841 3928
4   373  575 2381 2382
4  1348 1694 2056 2128
4   244 2539 3170 3351
4  1338 2466 2672 3353
4  1917 1907 2290 2376
4  2677 3743 3902 4209
4   437 2882 4390 4403
4  1056 2525 3158 3225
4  1156 1083 1590 2713
4  1042 2880 3182 3294
4  1235  521 1357 1924
4  1601 1547 1741 2307
4   699  729  822 1018
4  1088 1588 3341 3799
4   362  494 2942 3622
4  1075 1154 1609 1743
4  1121  565 1206 3623
4   816 1215 3079 3419
4  1418 2149 2385 2729
4    14  390  391  843
4   432  892 1139  514
4  2335 1873 2361 2900
4   514  822  892 1259
4  1376 1439 1517 2311
4  1001  764 1237 4388
4  1401 1335 1569 1601
4  2190 3654 3669 3737
4  1125 1024 2856 3900
4  1250  626 1498 1939
4  2041 1794 2560 2682
4  1803 1694 1925 4131
4   234  233 2497 4122
4  1415  758 1443 1927
4   631 1377 3024 4320
4  3029 1159 2141 2797
4   478  699  822 1030
4  1022  646 1221 1705
4   425  953 1454 2012
4  2069 2091 2455 2786
4  1291 1295 1635 2405
4  3277 3913 3936 3944
4  1045  706 2439 2852
4  1594 1301 3018 3840
4   330  459  467 1082
4  3312 2304 3509 3669
4  1665  522 2854 3786
4  1256  281 1359 3786
4   599  522 1665 3786
4   791  593 1715 3324
4   788  811 2342 2830
4  2328 1423 4160 4334
4   647  455  911 1113
4   276  522 2394 2760
4  3095 1932 3612 4224
4    21 3237 3767 3971
4  2596 2600 3113 3975
4  1366 1089 1406 3380
4   619  745 2422 2988
4  2273  984 4017 4038
4   290  269  393  910
4  1975 1196 3603 3678
4  1716 2669 2700 2945
4  2190 3033 3654 3738
4  1120 1284 1518 2850
4   283  292 3593 3665
4   661  579 4253 4260
4  1603 2187 2191 2818
4   281  295  412  858
4   435  439 2311 3622
4  1244 1464 1826 3382
4   479  499  510 1379
4   333  474  710 1877
4  1161 1700 3771 4252
4  2402 3666 4013 4372
4  1440  868 2128 3649
4  1596 2549 4041 4127
4   573  716 1057 1183
4  1289 1580 1795 3617
4   976 1000 1707 1939
4   580  467  793  969
4  2105 1624 4281 4325
4   294  289  494 4143
4  2183 1209 2391 3702
4   332  562  267  969
4   591  567 1130 1452
4  1334  946 1729 3870
4  1483 1451 1786 3426
4  3931 2876 4139 4184
4   597  948  991 1322
4   423  408  644 3004
4  3133 2858 3565 4230
4  1628 1427 1644 1816
4  1529 2660 2990 3122
4  1686 2785 3399 3588
4  1447 1139 1622 1847
4  2747 3320 3888 4093
4   738 1079 1692 2713
4  1791 1727 1796 1801
4  2369 1768 2843 3854
4  1295 1291 1770 2405
4  1152  796 1690 2312
4  1314 1388 2651 2977
4  1291 1035 1872 3368
4   956  646 1004 2744
4  1279 1091 2110 4323
4   655  472  763 2088
4  2215 2518 3329 4068
4  2497  233 4053 4122
4   471  482 1382 1904
4  1920 1274 3732 3814
4  2788 1425 3200 3775
4  1704  861 4130 4250
4   348  380  641 2476
4   750  876 2426 4252
4  3012   35 3980 4300
4   386  451  536 1664
4  1336 2224 2516 2545
4  2721 1588 4043 4248
4  2787 2679 2950 3340
4   494  362  543 3622
4  2369 3441 3854 3895
4   820  651 1184 1812
4  3128 2082 3443 3935
4   536  451  776 1664
4  3378   21 3767 3971
4   270  481  591  913
4   665 1106 1254 1550
4  2362 2826 3268 3896
4   281  419  901 4243
4  1310 1851 3020 3385
4  1287 1358 3533 4106
4  2972 2761 3513 3805
4  1789 2191 2301 2804
4   943  568 1444 2525
4  1104 1163 1234 1290
4  1303 2662 3136 3930
4  1105 1566 1638 2374
4  1215  816 3055 3419
4  1214   98 2169 2431
4  1144  570 3518 3391
4  1291  746 1321 1646
4  1017 1393 1640 2349
4   583 1208 3311 4393
4  1325   12 1891 2023
4  1708 2143 2159 3438
4  1143 1409 3559 3952
4  2196 1081 2943 2966
4   512 1104 1234 4216
4   754  980 1574 2860
4  2904 3475 3943 3956
4   705  978 2556 2722
4   383  381 4215 4346
4  1389 1259 1411 2474
4  1032  975 1571 2407
4   914  999 2010 3062
4   675  333  692 4310
4   823  576 2266 3189
4  3053 3263 3503 3510
4  1306 1367 2527 2578
4   538  411 1113 2074
4   662  591 1233 1237
4   721  400  825 1328
4  1541  584 2646 3252
4  1386  673 2530 3296
4  1424 1395 2326 3058
4   482  614 1904 2396
4   838  317 1049 1114
4   317  764 1049 1114
4  3747 3767 4290 4351
4  1075 1154 2202 2250
4  1933 1456 2663 3153
4   682  946 3623 3627
4   135 3492 3776 4208
4   279  429  770  870
4  1514 1245 2373 2390
4   654  747 1383 2322
4  1026 1021 1654 2672
4  1397 1335 1534 3236
4  2937 2745 3256 3711
4  1309 1012 2106 3330
4   273  640  838 2799
4   430  406  494  888
4  3306 3175 4339 4384
4   524  417 1659 1898
4  2937 2411 2978 3256
4  1744 2463 3842 4266
4  3346 3375 3558 4142
4   515  441  934 1523
4   587 2135 3084 3424
4  2630  921 3302 3531
4   326  589 1617 2456
4  1849 1939 3069 3646
4   286 3527 4411 4415
4  1163 1660 1957 2017
4   834 1111 2362 3017
4   865 1394 1617 2908
4   709  313 4105 4253
4  1061  688 1239 1483
4  1555 1277 3062 4033
4  1337  857 3858 4029
4  1977 1839 2617 4125
4  1142  722 2109 3018
4   713  609  743  874
4  1287 1055 1358 4408
4   938  587 3858 4033
4  1387 2640 2907 4090
4   366  369  549  875
4  4023 2199  701 4048
4  2780 2740 3094 3720
4  1592 1580 2962 3798
4  1367 1526 2194 3843
4  2865 3060 3320 3412
4  1700 2168 3770 4252
4   484  337  520 1046
4   295  419  535  901
4  2932  147 3609 3958
4   126  127  125 2995
4  3357 1231 3541 3599
4  1820 1653 2057 2413
4  3077 3116 3863 4094
4  1379  665 1697 2665
4   734 1303 2306 3930
4  1295 1767 2174 2405
4   673 1099 1812 2183
4  1360 2087 2463 3842
4  1932 1672 3200 4224
4  1147 1994 2044 2257
4  2995  125 3178 3273
4   595  689 1476 2697
4  1433 1328 1969 3005
4  2835 2639 2905 3067
4  1862 1306 2357 3843
4  2910 2089 3068 3182
4  1562 1073 2563 3224
4  2055 1562 2563 3224
4   623  404  649  951
4    29 2230 2259 2369
4    72   73   71 3103
4   369  852 1086 1217
4   700  552 1663 2760
4  1316 1388 2014 2815
4  2731 2330 3790 3940
4   223  221 2658 3819
4  1650 2387 2504 3476
4  2013 2498 3100 3877
4  2963 3387 3592 4001
4  2417 1269 3461 4082
4   675  508  817 1078
4   753  799 1150 2373
4  4091 3612 3095 4386
4  1206  565 2051 4061
4   814  312  847 1078
4  1993 1638 2114 2374
4  2106 1364 3775 4099
4  1920 2560 2776 3967
4   898 1196 1346 2379
4   917 1376 1439 1485
4   695  653  784  961
4   367  307 1082 2380
4   569  554  952 2668
4   367  307  756  881
4  1830   77 2157 3734
4   465  392 1254 2381
4   304  306  343 1323
4  1647  966 2314 2576
4  1367 2194 3061 4135
4  1681  965 1866 2117
4   392  752 1254 2381
4  3749 3077 3863 4094
4   422  537  881 2078
4    99 2453 2567 2811
4   443  380 2476 2749
4  1197 1266 2269 3322
4  1004 1108 1202 2927
4  1763 1845 2070 2430
4   235  233  234 2388
4   269  304  531 1723
4   355  371  387  946
4   200  202  201 3430
4   582  406  858  933
4   486  286 4415 4418
4  1915 2016 2550 4264
4  2723 2815 3450 3693
4  1269 1320 2075 2389
4  2388 3054 3082 3458
4  1125 1780 2091 2883
4    53 3239 3670 4328
4  2100 2198 2254 2334
4  1549  753 2373 2390
4  2893 2767 3006 3860
4  1475 2363 2364 2514
4   523  363  636 4346
4  2162 2161 2208 3090
4  3318 2139 3845 4267
4   660 1060 2337 2408
4  1355 2111 3631 4410
4  2232 2075 3349 3573
4  1812 1123 2183 2391
4   827  973 3631 4410
4  2010  999 2273 2914
4   700  270 3723 3970
4  1272  629 2690 3855
4   621  646 1022 1899
4  1294 2931 3319 4307
4   384  585  809 1627
4   959  549 2274 3420
4  2102 2423 2575 3304
4  2117 1053 2553 2766
4  1910 2981 3820 3985
4  1337 1400 1519 2235
4   389  348 1065 1956
4   502 1402 1809 2000
4  1117 1407 2112 2393
4  2103 1935 2443 3696
4    79   78   77 2083
4   328  342  698 4409
4  3175 2308 3306 3566
4   739  331  870 1228
4  1816  242 2095 2634
4  2841 3227 3268 3462
4  3120 1411 3581 4268
4   145 2154 2544 3204
4   883 2350 3405 4084
4   322  309  637 1100
4   712  759 1615 2005
4   374  539  621 4152
4   446  412  582  888
4   291  446  582  888
4  1540 1543 2244 2395
4   522 2394 3056 4000
4  1889 2963 3592 4001
4  1543 1540 2032 2395
4   667 1342 2324 2381
4   465  667 2381 2667
4  2521 2606 2954 3477
4   578  678  874  890
4   609  578  874  890
4  3166 1889 3592 4001
4    44   46   45 2205
4    67 3779 4194 4226
4   824  458 1100 4416
4   700  552 1175 1663
4  2429 1825 2447 3498
4  2240 2480 2645 4069
4   687  717 1679 3096
4   837  548 1305 2988
4   957  333 1046 1133
4   765  311  933 1069
4  2756 2972 3513 3805
4   194 1559 2378 3181
4  1203 1276 1589 1858
4   396  479 1323 3423
4   390  391  843 1187
4  1853 2453 2567 2838
4   803 1430 1807 3582
4  2726 4004 4025 4045
4  1302  832 1342 1513
4  3389 2623 4002 4091
4  1369 2130 2562 3155
4  1671 1927 2095 2221
4  1683 1671 1685 3236
4   769 1181 1197 2960
4   616 1476 1952 3107
4   325   14  368  918
4   267  792  880 1318
4  2545 2813 2885 3343
4  2706   50 3353 3969
4  2985 3097 3173 3207
4  2909  784 2294 2911
4   571  963 1001 2513
4  2904 1339 2998 3297
4   333  580  817  957
4   341  332  580  957
4  1755 2346 2748 4115
4   664 2104 3024 4345
4   339  345  346 1072
4   331  339  346 1072
4  1652 1415 1671 1927
4   611  586  816 1262
4  2024  133 3329 3425
4   122  124 2076 2400
4   750  737 1576 4235
4  1316 3299 3516 3632
4   753  684  961 1028
4  1963 1751 3529 3663
4  3031 3514 4069 4287
4  1066  521 1235 2173
4   828 1297 1402 2625
4  1526 2089 2522 3182
4  1741 1535 2079 2113
4  1647 1009 3295 4136
4   654  747  898 1383
4  3499  909 3504 3512
4  1010 1450 1541 1902
4   422  367 1952 2444
4   808 1054 1117 1268
4   905 2079 2133 3456
4  2244 2052 2395 3079
4   896 1230 2028 3147
4  1493 1412 1503 2178
4   926 1153 1638 2025
4  2800 2727 4270 4398
4  1021 1500 2499 2672
4  1542 2864 3070 3162
4   331  324  870 1228
4   540  912  990 2186
4  2815 2723 3450 3528
4  2177 2387 2504 3817
4  1624 1935 3116 4094
4  1942 2577 3035 3399
4  3778 3014 4042 4331
4   905  758 3569 3766
4   332  312  675 1078
4  2804   72 2818 3999
4   914  958  999 1077
4   332  675  817 1078
4  2350  883 3295 3555
4  2239 1464 3125 3382
4  2462 3159 3454 3724
4  2276  939 2504 4125
4  1188 1437 1556 1642
4   809  457 3886 4275
4  2431 1077 3167 3465
4   121  119 3044 3045
4  2135 1141 3465 3424
4  1286 1600 1612 1919
4  3013 3203 3378 3767
4   643  390 1723 1724
4   662  591 1237 4350
4  1283 1408 2654 3484
4   378 1468 2408 3959
4   431 1332 1453 2409
4   637 1100 4193 4416
4  1536 2950 3340 3341
4  1889 3166 3880 4001
4  1857 2529 3721 4070
4  1084  876 3112 4104
4   542  621  736 1899
4  1025  263 1175 1835
4  1954 1000 3646 3668
4   849  483 1701 2317
4   272  276  700 1253
4  1773 1138 1995 2263
4  3830 1006 3935 3993
4   263  316 1175 1835
4  1398 2427 2434 2518
4   308  271 1103 1835
4  4042 3590 4119 4236
4  1264 1080 1314 1495
4   588  428 1664 3818
4  1415  239 1648 3604
4   500  871 1502 1514
4  1152  733 1844 2698
4  2525 1590 3567 3647
4  1432 1456 1584 1933
4   916 1041 1636 1789
4   417  887 1659 1898
4  3645 2432 4131 4210
4   477  475 1376 2311
4  1580 1588 2962 3457
4   491 1063 3016 4014
4   879  998 1780 4206
4  1380 1040 1434 1747
4  1554 1421 1567 2202
4   194  196 1559 3811
4  2586 2031 3366 3379
4  1129  500 1417 3543
4   673  495 1099 2640
4  1441 2188 3478 4048
4  1339 3011 3880 3908
4  1324  277 1344 2414
4   510  587 2135 2896
4  1343 3484 3580 4195
4  3499 3242 3503 4274
4   538  869 1893 2971
4   543  386 2448 2709
4  1688 1322 2101 2385
4   742  413 1137 3303
4  2602 3398 4069 4287
4  1750 1692 2021 2713
4  1815 1866 2227 2913
4   662 1473 1784 2005
4   930  744 1784 2754
4   468  759 1663 2760
4  3743   55 3902 4002
4  3837 2800 4270 4398
4  2657   50 4062 4148
4   844  608  964 3269
4   435  439 1918 2311
4   613  437 1158 3803
4  2176 2245 2285 2335
4  2656 1945 3048 3282
4   924 1541 1780 2418
4  1794 2779 3013 3057
4   727  573 3426 4176
4   741 2196 2891 3276
4   721  923 1613 4023
4   839  441 2654 2735
4   542  402  621 1899
4   500  469 1181 1245
4   442  393  455 1378
4  1750 1937 1996 2288
4   354  331 1712 3920
4   765 1069 1279 2110
4   698 1158 2974 4403
4  1038 1112 1493 1503
4   313  709 1195 2882
4   625 1110 1380 1725
4   395  742 1057 1137
4   918   12  532  650
4  3398 3923 4069 4287
4   594  334  860 1140
4  1731 1916 2598 3190
4  1797 2979 3494 3495
4    83 2239 3722 3741
4  1540  989 1543 2032
4  1272 2690 3009 3855
4  3212 4034 4307 4308
4  1543 2244 2395 2898
4  1922 3375 3439 3558
4  3287 3501 4181 4340
4   453  445  589 1090
4   939 1839 1977 4125
4  1748 1803 1917 1925
4  1712  413 3920 4155
4  3208 3493 3584 3776
4  1016  575 1251 1742
4  1032  748 1647 2576
4   672  537 1135 1941
4  3634  148 3752 4244
4   732  965 2298 2558
4   934 1992 2623 3636
4   336  277  438 1167
4   280  291  594 1074
4  1722  941 2720 3358
4   463  805 2569 2595
4  1419  541 1634 3418
4  3119  132 3206 3437
4  3239 2526 4280 4365
4  2013 1104 2233 3080
4   831 1135 1258 2209
4  3158 1045 4094 4263
4   433 1129 2986 4412
4  1744 2463 3224 3606
4  2131 2599 2607 3800
4   226 3371 3415 3938
4  2542 1168 3517 3630
4  3333 1961 4157 4172
4   602  394  695 1659
4   390  368  918 1724
4  1887  172 1925 2043
4  1825 2429 3194 3477
4   410  463  559 1948
4   407  320  493 3332
4  1110 1725 2258 3072
4  1737 1996 2220 2288
4  2847 1872 3047 3304
4  3832 2747 3863 4276
4  1120  734 1936 2564
4  1901 1313 2332 4189
4  2675 3338 3536 3799
4   824  335 3736 4354
4  2255 1212 2591 2734
4  1490 2232 3349 3466
4  1060  745 2427 3058
4  1033 1706 1837 2452
4   648  609  713 2315
4  3070 2747 3765 4276
4   852  748  966 2435
4   440  985 1352 1454
4   460  924 1780 2418
4   842  566 1177 3438
4   342  328 1228 4409
4   859 1534 1914 3236
4  3596 2814 3610 4187
4   405  658 2170  347
4   556  821 1919 2440
4  3690 3244 4092 4129
4  3097 2313 3539 3874
4   958  999 1077 1226
4  1189  676 2392 3253
4   381  414  423 1532
4  2299 1200 2503 2996
4   952  850 2668 2749
4  1437 1188 1471 2346
4   553  517 3842 4266
4  2987 3244 4074 4092
4   651  903 1123 1821
4  1006  921 2630 3531
4    22   21 3590 3767
4   380  464  641 2749
4  3360 3320 3408 4173
4   259 2247 2348 2621
4  1372 1267 3088 3595
4  2158  456 2583 3907
4   746 1321 1646 2907
4   947  328 3619 4418
4   821 1368 1416 3875
4  1846 1791 1900 2718
4  2274 1515  904 1516
4   307  343 2380 2444
4   722  845 2053 2445
4  1075 1597 1620 1743
4  1458 2124 2337 3679
4  1370 1300 2173 2379
4   679  657 2349 3766
4   632  808 1097 1454
4   808  425 1097 1454
4   862 1097 1352 1454
4   264  266  290 4030
4  2069  113 2071 2119
4   929   38 2805 3994
4   153  152 3432 4154
4  1441 1857 1990 2871
4  3114   34 3290 3956
4  1480 1631 2253 2449
4  3924  636 4215 4346
4   253  254 1746 1955
4   674 1187 3138 3611
4   699 1021 1030 3982
4  1380 1434 2216 3717
4  1890 2069 2455 2686
4   995 1015 1938 2501
4  3620 3635 3865 4271
4  1430  803 1807 3951
4  1460 3195 3478 3800
4   838  640 1114 1296
4   646 1022 3478 4023
4   206 2089 2501 2605
4  1878 1762 1983 3904
4   113 2119 2786 4079
4  1289 1580 3617 3798
4   744  930 1347 1457
4    16  294 1074 1467
4  1440 1224 2081 4113
4  1840 1735 2207 3386
4   715  828 1941 2292
4    18   19  298 2137
4   115  114 1959 3909
4  1153 2416 4356 4391
4  1412 1493 2771 3664
4  3820 3255 3834 3905
4  1247 1330 1972 3567
4   404  865 1536 2456
4  2204 3605 3883 4096
4   324  328  406 1195
4   368  390  643 1724
4   912  990 2186 2751
4  1657 1159 1765 2515
4  3502 2903 3809 4159
4   839 2958 3034 3517
4  1450 1495 2368 2707
4  1108  846 2245 3334
4   432 1139 1447 4225
4  1127 1553 1590 3715
4  2741 2451 2915 3329
4   647 1947 2160 4059
4  3348 1333 3640 4218
4  1093 1258 1522 4376
4   912 2186  600 2751
4  1798 1273 2604 3054
4   586  611  816  941
4   796  861 2722 4037
4  1472  801 2104 2338
4  1879 3656 3667 3833
4   422  672 1476 1941
4   597  630  928 2668
4   970  799 1661 2331
4  1288 1029 1494 1774
4  1259 1026 1389 1774
4  1074  594 1140 4265
4   780 1621 2739 3455
4  1536 2950 3341 3617
4  1945 1672 2073 2473
4  3030 1159 3029 2797
4  3656 1560 3667 3833
4   528  743 1777 4098
4   304  306  531 1723
4   684  653 1028 2534
4   315  307  969 1082
4  2566 1198 2750 2791
4   645  421  671 4225
4   339  501 1712 3920
4   321  391  479 2559
4  2657   51 4250 4288
4   722  845 2445 3135
4  1254  400 1328 1813
4  1087 2035 4282 4302
4   304  390  650 1723
4   487 1031 1252 4304
4  3316 3254 3885 3973
4  1579 1717 2002 2482
4   312  847 1078 1403
4   629  538 1893 2971
4   623 1124 1669 1893
4  1295 1040 1821 1977
4   763 1104 1163 1234
4  1798 1942 2604 3085
4  1258 2178 2649 3657
4  1007  783 1478 1491
4  1276 1172 1589 1858
4  1239 1639 1694 2016
4  1289  865 1394 2317
4  1961  760 2626 4172
4   162 3616 3618 3704
4   272 1001 1237 1253
4  2012 1504 2531 2708
4    45 2332 2565 2743
4  1672 1932 2823 4224
4  1154  186 1609 1645
4   688 1483 1532 4176
4  3352 3000 3539 3874
4  3781 3394 3986 4262
4  2205 1227 2332 2594
4    13  561  781 2023
4   299  301  888  947
4   285  299  888  947
4   299  285  301  947
4   763  655  964  967
4    80   82 2293 2446
4  1315  935 1719 1819
4  1097  440 1352 1454
4   717  780  919 3774
4   932  566 1462 3438
4   531  370  910 1194
4   274  838 1662 1782
4   269  531  910 1194
4   732  737 1790 3825
4   142 2280 2588 2592
4  3283 2058 3725 3862
4  3373 3012 4284 4300
4   619  378  991 1468
4   315  319 1904 3572
4  1630 1884 2039 2288
4   426  489 1164 2735
4  2214 1757 2413 2533
4   822  892 1259 2474
4  1385 2869 4359 4406
4  1752 1966 3076 4343
4  1581 1179 1888 2147
4  1658 1643 2696 4127
4   381  408  423 3004
4  1159 1173 2762 3030
4  1209  673 2183 2391
4  1710 2477 2546 3591
4   552  669 1663 2760
4   762 1419 1634 2980
4  2465 3360 3408 4173
4  1792 1134 1849 3410
4   909 2887 3242 3499
4   478  589 2456 2655
4   772 2121 3308 3894
4   783 1007 1192 3785
4   676 1144 3391 3606
4  2718 1900 2843 3072
4   380  389  448 3342
4   950  423 1191 2409
4   900  506 1841 2406
4  1971 2838 2890 4089
4  1916 2425 3029 3172
4  3524 2800 3837 4142
4   499  665 1379 2559
4    21   22 3590 4042
4   596  471 3015 4134
4  3035 2785 3526 3588
4  1371 2001 2293 2343
4  1606 2313 3073 3414
4  2746 2419 2802 4333
4   349  386  543 2709
4  1954 1478 2041 2184
4   157  156 2363 2514
4   659  599 1329 1598
4   460  686  879  998
4   686  460  879 1220
4  1227 2332 2496 2565
4   555  346  620 2210
4  1355 3543 3631 4327
4   501  555  620 2485
4  1304 1774 2742 2784
4   847  894 1165 1403
4  1048 1913 2958 3509
4   503  502  789 1252
4  1838 2404 2405 2487
4  2204 3270 3605 4096
4  1121 3017 3173 3392
4   341  337  484 1046
4    20 3778 4290 4351
4   943  568 1217 1895
4  1126 3303 3886 4275
4  2184 2041 2560 2682
4  2296 1967 3085 3458
4  3470  139 4140 4339
4   811 1676 2051 2961
4  1160  826 1544 1626
4   450 1239 1509 1516
4   341  484  957 1046
4   556  540  912 3814
4  1470  751 1823 4109
4  3352 3539 3687 3874
4   455 1207 3135 3261
4  1821  903 1977 2126
4   938  808 1268 2012
4   322  355  431 1144
4  1924 1866 2503 2510
4   364  875 1656 2911
4   776 1739  536 1664
4  4154 2328 4334 4375
4   534  607  729 1654
4   380  348  443 2476
4   434  462  493 1561
4  1003  962 1906 2496
4  1975 1331 3596 3610
4    65   66 4317 4378
4   936    2  749  963
4   157  155  156 2514
4  3668 2779 3712 4119
4  3086 2470 3118 3437
4  1073 2563 3938 3963
4   412  406  947 1195
4   466  358  809 1164
4   597  464  835 3959
4   457  545  809 1164
4   923  721  931 1931
4  2520 1882 2954 3477
4  3379 2450 3544 3755
4   966 2011 2314 3626
4  1010  584 1541 3252
4  1349 1534 1652 3236
4   330  290  370 1194
4   813 1591 1920 3732
4  1766 3478 3600 3800
4  1776 1721 2260 3884
4  1836 1799 1839 2617
4   751 1470 1823 2044
4  3064 2291 1751 4015
4  2260 2351 2383 2496
4  3088 2024 3425 4177
4  1056 1127 2525 3225
4  3672  383 4215 4346
4   314  648 2170 2315
4   322  325  355 1144
4  1758 1131 1793 1996
4  1819  935 2702 2917
4  1314 1264 1495 2651
4  2011 3316 3626 3973
4  1408 1128 2219 2860
4   521  775 1071 3046
4  2469 1781 2695 3730
4   330  580  289  969
4   580  330  289  361
4   121  120 2093 2488
4  1118 1981 2795 2915
4  2237 3207 3539 3687
4  1436 2223 3164 3271
4   970 1255 1986 2232
4  2112 2393 2479 3694
4  1564 2277 2624 3049
4   681  866 1232 1340
4  1616 1884 2029 2288
4   714  469  844 1181
4  1387  495 2530 2640
4  2962 1844 3643 4043
4   780  717  919 1143
4   331  324 1228 1712
4  1970  719 2140 2691
4  1854 2091 2119 2786
4  1098 1436 1486 2229
4   697  615  739 1167
4   933  314 1109 1754
4   327  593  777 1382
4  2261 2366 2736 3275
4  2395 2052 3492 3079
4  1417 1129 4408 4412
4  2552 3651 3735 3739
4  1436 2540 2653 3271
4  1086  763 1163 1217
4   658 1782 2732 3949
4  1657 1475 2053 2515
4  2784 3318 4025 4267
4  2537   46 2565 2743
4  1490 2727 3434 3524
4  1717 1979 2043 3841
4   609  681  866 1232
4   425  440 1097 1454
4  1215 1365 2085 2898
4  1118 2337 2795 3989
4   127  125 2995 3273
4  1883 1831 3854 3856
4   977 1151 2173 3716
4  1921 1429 2094 3444
4  1388 1314 2921 2977
4   378  353  660 1305
4  2361 2245 2900 2944
4  2380 1034 2697 4246
4  3956 3101 3992 4301
4  1412  831 2178 2649
4  1016 1294 1947 3975
4   431  420 1144 1744
4  1115 2653 1238 1679
4  1240  408 1581 2092
4   688  566  842 1516
4  3237 3203 3378 3971
4  1414 2328 2802 3061
4  3502 3430 3575 3809
4  1299 1421 1463 1498
4   853  433  940 1129
4  1118 1620 2337 3989
4   705  882 2556 3139
4  2457 3145 3530 3791
4  4025 2784 4267 4363
4   137  138 4087 4318
4   705 1312 3041 3139
4    14  391  445 1090
4  1214  958 1226 1308
4  2878  631 4345 4385
4   690  652  821  981
4   684  799 2373 2973
4  1397 1422 2693 3374
4  3021 2963 3387 3592
4  2013 2172 3100 3266
4   359  551  761 1363
4  1474 1112 2050 3087
4   534  729 1018 1654
4  1457  303 1848 2023
4  1099 1633 2575 2907
4  2150 1198 2279 2629
4  1146  881 2048 2502
4  1235  747 2322 2573
4  2335 2900 2944 3613
4   426  358  466 1164
4  3585 3494 4208 4343
4  2139 1494 3318 3845
4   960 1200 2502 3025
4  1238 1180 1703 2653
4  1472 1622 2831 3108
4   552 1062 1175 1185
4  1617 1701 2317 2655
4   171 1917 1925 4264
4  1420 1559 2584 2717
4   543  289  663 1811
4   244  243 1816 2634
4  1773 1138 2263 3197
4  1953 3389 4002 4091
4  1827 1576 1911 2168
4  2242 2200 2411 2937
4   764  668 1049 2580
4   400  465 1328 2007
4  1507 1564 2277 2624
4  2512 2093 3045 3402
4   516  633 3831 3844
4   587  878 1141 3424
4   477  484  652  988
4  1653 2413 2619 3260
4  2255 2590 2734 3149
4  1890  982 2092 3066
4   442  454  854 2135
4  1220  466 1280 1629
4   599  744 1347 2005
4   583  900 1841 2406
4   217 1834 2813 2885
4  1587 2257 3083 3930
4  2112 1843 2199 2507
4  1610 1795 3798 3872
4   365  345  818 1072
4  1531 2338 3703 4364
4   254 1955 1734 2663
4   266  269  290 1194
4   469  357 3736 3754
4   368  268 1334 1724
4   346  345  365 1072
4  2660 2532 2875 2990
4  3318  107 4267 4357
4   342  698 1158 2974
4   460  395  924 1137
4   738 1213 1553 1793
4  1404 1123 1836 2617
4   510 1141 2135 3424
4   510  499  576 1379
4   854  454 1693 2007
4   995  979 1166 2681
4   573 1532 1963 4176
4  1112 1370 2050 3110
4  1287 2868 2951 3533
4  1102 1680 2653 3460
4  1116  979 2681 3465
4  1869 2987 3244 3827
4  1063  642 2286 3016
4  1204  997 2196 4380
4  1111 1089 1280 2218
4   324  331  339 1712
4   453  485 1701 2655
4  1513 1201 2136 3377
4   963  764 1001 4388
4  2726 2304 2742 4130
4    49 2916 3030 3140
4   474  353  885 1005
4  1046  341 4192 4342
4   560 2559 3593 4214
4   383  432 3472 4182
4  1002  710 1382 2543
4  1415 1652 1671 1683
4  1173  897 1998 2175
4  1991 2247 3129 3230
4  1555 1843 2112 2265
4   326  589 3142 3611
4  1021 1018 2672 3798
4  1810 2342 2418 2547
4  2234   39 2361 2900
4  1334  457 2436 3870
4  1989 1678 2059 2329
4   826  961 1170 4055
4  1562  921 2162 2549
4  1523  980 1586 3095
4  1917 1907 2016 2550
4   887  394  907 1659
4  2552 1594 3018 3871
4  1578 2956 3450 3693
4   146  148  147 3409
4  1271 1438 1714 2059
4   275  274 1775 1782
4   840  731 1796 1943
4   809  457 1164 3886
4  2563 2696 3435 3938
4  3213 3090 4040 4041
4   156  155 2364 2514
4   671 1029 1847 2516
4   270  591  936 1001
4   419  535  901 2137
4   270  618  700 1001
4   700  618  749 1001
4   640  317 4387 4388
4   567  591 1130 4388
4  1237  317 4350 4388
4   251 1955 2152 2283
4   427 1324 2170 2222
4  3924  381 4202 4346
4  2536  452 4255 4389
4   591  567  936 4388
4   963  936 4388 1001
4  1855 1772 1958 2921
4   756  343 2444 3174
4  2363  157 2514 2515
4   749  270  936 1001
4   618  270  749 1001
4   317  261 4387 4388
4    73 2581 3050 3103
4  2526 2104 3902 4002
4   601 1126 1312 3886
4   411 1126 2323 3886
4   377  541 1419 3433
4  2078  881 2502 3521
4  1080 1010 1495 2368
4   908 1512 2752 2991
4  1133  588 1250 2965
4  1295 1821 1948 2595
4  1914  439 1918 2777
4   491  327  541 3831
4  1667 1787 3154 4257
4  1069  635 4105 4323
4    73 3682 3685 4050
4   456  683  910 1034
4  1559 2378 2584 3235
4  3191  140 3304 4149
4   531  269  969 1194
4   596  496  746 3015
4  1092 3287 4181 4340
4   545  457  809 1627
4   378  619  745 1468
4  1159 1122 1657 1669
4  2060 1560 3018 3692
4  1735 1788 2019 3787
4   522 1359 2854 3786
4   614  789 1146 3572
4   189  188 1978 3285
4    58 2983 3314 3758
4   771 1110 2258 2703
4  3609  146 4063 4299
4   674  897 2924 3138
4  1494 3120 3318 3845
4  2069 1890 3066 2686
4  2425 1173 3029 3172
4   755  935 2917 3279
4  1898  608 2390 2464
4  1398 1305 2427 2518
4   381 3924 4215 4346
4  2254 2334 2587 3172
4  1390 1290 1660 3826
4  1448 1147 2149 2385
4   316  263 1175 2264
4   479  343  563 2896
4   986 2153 2552 3692
4  2606 2954 3194 3476
4  1160 1446 2441 2821
4  1427 1465 1628 1644
4  1024 2368 2646 3693
4  1354 2493 2710 3010
4   692  710  817 3342
4   362  349  543 3622
4   551  344  761 1886
4  2055 2761 2789 3213
4  2102 1404 2588 2590
4  2794 2071 3227 3866
4   941  586  952 2118
4   607 1190 1312 3139
4   131  133 2024 4177
4  1364 3200 3775 4099
4  2671 2613 3936 3950
4  1023 1643 1658 2549
4   919 1098 1261 1551
4  2049  788 2150 3267
4   657 1017 1410 1443
4   748  852  966 2576
4  2591 2824 2969 3149
4  1838 1404 2072 2174
4  1275 1432 1456 1584
4   794 1223 1482 2878
4  3028 2189 3322 3700
4   509 1557 1821 1948
4    30   29 1896 2259
4   825  721 1328 2007
4  2098 2869 3117 3857
4   628  463  755 2595
4  1309 2845 2897 2925
4   355  322  431 1453
4  1730 1756 3686 3769
4   569  554 2668 3661
4   910 2380 2697 3107
4  1102 1551 1679 2653
4  1000 1939 3410 3646
4   919 1986 2331 3774
4  1526 1042 1862 2527
4  1283 1341 1408 3202
4  2885 3034 3517 3630
4   690  679 1249 1362
4  1331 1196 2471 4187
4  2945  234 4122 4309
4   273  274 1777 1782
4  1056 1213 1243 1553
4   753 1150 1539 1549
4  1728   80 2293 2446
4   663  543 2448 2709
4  1451 1360 2087 2291
4   608  670 1181 1245
4  1521 1366 1531 2772
4   596  829 1725 1727
4   668  764 2513 2580
4  2220 3040 3568 4129
4  1469 1647 2314 2576
4   198 1740 2981 3852
4   456  370  798 2583
4  2678 2975 3615 4151
4  3772 2966 4324 4380
4   765  276 1064 1096
4  1083 1079 2839 3715
4  1629 2773 3001 3095
4  1116  979 2007 2681
4  1315 1719 2591 2824
4   112 2845 3200 3482
4  2451 2215 3329 3425
4   306  343  531 2380
4   709  313 4253 4260
4  1570 1321 2367 2584
4  3306 3566 4286 4340
4  1590 2400 3567 3647
4  1564 1492 2277 2707
4   467  546  820 1184
4   536  451  624 1994
4   152  154  153 3432
4    66   67 2256 4226
4  3052 2509 3134 3953
4   336  438  697 1167
4   462  559  628 3015
4  2469 1148 3459 3673
4  2861 1176 3553 4019
4  2113 1585 2246 2935
4  4244 3634 4299 4352
4   506 1043 1841 2406
4   642  529  884 1063
4  1879  209 2855 3821
4   769 2269 2798 2960
4  1576  737 1809 4373
4  2207 1830 3787 4239
4  1310 1293 1840 1851
4  2814 3610 4072 3596
4  1368  690 1416 1443
4  1275 1203 1584 1600
4  1667 1873 2361 3154
4  1398 1682 2270 2535
4    60 3443 3830 3893
4  1768 2718 2843 3072
4   766  689 1511 3110
4    98 1214 2122 2837
4  2420 2166 2976 3496
4  2160 2109 3018 3692
4   539 1044 1613 1813
4   617 1055 1115 1679
4  1099 2391 2575 2590
4   634  600 2349 2778
4   645  822 1029 1030
4  1707 1488 1745 2228
4  1248 1179 1501 1691
4   678  552 1835 2410
4   719  962 1187 1391
4   475  917 1376 2311
4   941  816 1262 2085
4    40  929 2944 3613
4   445  589  645 1030
4   453  445  645 1030
4   445  453  589 1030
4  2512 2650 3044 3045
4  2588 2102 2590 2592
4   280  594 1232 1340
4  2309 1210 3016 3053
4  1091  668 1237 1253
4    17  659  880 1665
4  1818 1108 2927 2949
4  2604 1942 3043 3326
4  1064  668 1091 1253
4  1001  700 1233 1253
4   316  468 1175 1835
4   613  437  973 2271
4  1147 1448 1533 2385
4   762  619 1374 2564
4   925  946 1206 3627
4  2536 1514 4389 4405
4  1290 1163 1660 2233
4   486  437  824 1572
4   799 2373 2973 3783
4  1076 1298 1773 3308
4  1832 1804 1902 3315
4  1444  943 2525 3567
4  3086 3437 3680 4383
4  3700 2189 3711 3740
4   989  851 1369 2165
4  1016 1294 3656 4308
4  3122 1506 3438 4223
4   425  440  953 1034
4   464  597  850 2668
4  3770 1576 3905 3988
4   835  656  850 2416
4  2042 1713 2327 2892
4  1458  835 1985 2416
4   597  850 1533 2416
4  1213  738 1758 1793
4  2996 2793 3063 3859
4  1239 1440 1509 2016
4   601  705 1312 3041
4  1251 1342 1550 2381
4   110 2020 2845 3199
4  1117 1407 2393 2871
4   107  108 2035 4357
4   522  278 1359 3786
4  2055 2789 3090 3213
4  1230 1011 2028 3277
4  1069  635 3804 4105
4  2033 2225 2472 3151
4   980  441 1128 2219
4   410  598  798 1071
4   595  616  689 1071
4  2052 1807 2241 3078
4   896  496 1035 1281
4  1450 1492 1564 2707
4  1634 1797 3582 4109
4  1576 2180 3770 3905
4   404  398  623 2074
4   459  370  595 3107
4    36   35 3889 3918
4   598  410  775 1071
4  2405 1291 2874 3323
4  1060  660 2337 2915
4  1373 1115 2960 3322
4  1722  851 2022 2130
4  1545  989 1649 3075
4  1794 2779 3057 3668
4   161  162 3618 3704
4  1142  722 2053 2094
4  2195   95 2927 2949
4   845  629 1893 2281
4   990  435 2358 3846
4   187  185  186 3507
4   441  426  892 2219
4  1007 1478 2560 2682
4   472  414  795 1107
4   725 3046 3403 4306
4  1764 1710 1789 2581
4  2282 1837 2452 3688
4  2070 1863 2268 2430
4   375  444 4234 4350
4  1223  671 1847 2920
4  1195  419 4404 4418
4   855  960 1200 2502
4  1946  942 3627 2857
4  1123 1799 1836 2617
4   617  703 1055 1143
4   494 1059 2942 3622
4   878 1524 3062 4033
4   619 2422 2564 2988
4  1604 1607 1717 2482
4   894  475  917 1403
4  1805 1749 1929 2343
4  1317 1457  532 1891
4  1471 1755 2346 2748
4  1212 1819 2870 2917
4   979 2357 2561 2803
4  1741 1547 2113 2307
4  1720  102 2892 4308
4  2205   45 2268 2594
4   664 3024 4091 4320
4  1094  856 1614 2705
4  3203 3237 3378 3767
4   495  731 2638 4175
4   570  424  577 3606
4  1618 1764 1789 2581
4  1174  581 2474 4282
4   569 1715 2118 3813
4   802  416 1085 1828
4  3311 1068 4237 4325
4  1185 1049 2580 2968
4   956  997 2158 2744
4  1614 1094 1713 1928
4   552  468 1175 1663
4   404  373  649 2321
4  2102 2174 2423 3323
4   599  659 1329 3786
4  1213 1243 1793 2039
4   828 1182 1297 2625
4  1328  465 1392 2561
4   884  945 2638 4240
4   374  902 3593 3659
4   682 1240 2092 3623
4   682  387 1240 3623
4  2223 1486 3131 3782
4   181  180 2635 4065
4   389  449 3383 4066
4  1499 1488 1707 3023
4   726 3027 3258 3627
4  2030 3111 3112 4104
4   930 1347 1457 1848
4   786  989 1540 2032
4   131 2024 3680 4177
4   395  573 1532 1963
4   550  733 4022 4188
4  1286 1275 1600 1919
4   981  821 1275 1919
4  1466 1385 1944 4392
4  1828 1004 2927 3334
4  4013 2402 4372 4399
4   693    7 1062 1103
4   385  460  686 1220
4  3690 4003 4092 4316
4   711 1657 1669 2198
4   905  830  937 1535
4  2071 2119 3268 3866
4  1137  924 1541 2646
4   271  308 1296 2881
4   495  315  793 1184
4   467  793  969 1184
4   651  467  820 1184
4   593  731 3193 4175
4   319  315  495 1184
4   467  651  793 1184
4   604  972 1928 2574
4  1418 2101 2385 3265
4   208  207  206 2089
4  1335 1397 1401 1671
4  2893 1582 3419 3491
4  1717 1783 2043 3829
4  1867 1741 2113 2307
4  1138 1602 2187 2798
4  1225 1525 2249 3005
4  1865 1912 2091 2455
4  1475 1657 2363 2515
4   440  953  985 1454
4  1368 1416 1426 1427
4   268  368  643 1724
4   289  266  293 1194
4  1413 1363 1868 4011
4   392  752  902 3659
4  3797 2399 3863 3888
4  1124 1272 2054 3547
4  1436 1486 2223 3271
4  2409 1691 3300 4015
4   400  465 1254 1328
4  1203 1017 1362 3129
4  1345 3077 3116 3832
4   633  327  793 1063
4  1044  539 1254 1813
4  1254  539 1613 1813
4   400  825 1328 1813
4   529  516  793 1063
4   516  529  590 1063
4   516  633  793 1063
4  4010  175  174  173
4  2712   32 3387 3880
4  2517 2367 2584 3235
4    31   29 2369 3560
4  2998 1819 3290 3297
4   923 1095 3891 4048
4   868  506 1440 1509
4  1887  172 2043 2064
4  1182  828 3372 3549
4  2785 2296 3497 3587
4   403  402  798 1071
4  3845 3318 4267 4357
4   402  403  410 1071
4  1152 1701 3215 4026
4   259 1573 1585 2632
4  2951 3008 3857 4398
4  1399 3204 3859 4112
4  2375 2446 2462 3515
4   395  924 1137 2646
4   418  636  892 4346
4   734 1936 1994 2257
4   942 2092 3066 4016
4   859  556 1286 1919
4  1148 2464 3683 3725
4   862  416 1085 1352
4  1125 1024 2014 2368
4   809  585 1137 2418
4   790  787 1402 2146
4  1342 1763 2324 3319
4   953  425 1487 2012
4   355  325  877 3658
4  2719 2326 3058 3781
4  2697 3511 3551 4372
4  1033 1265 1667 1787
4   215  216 3487 3488
4   354  555 1126 2210
4   638  472  714 1892
4    43 1843 2507 2611
4  2056 2128 3645 3928
4  1355 1385 4392 4406
4   410  403  572 1071
4  1910 1053 2156 3937
4  1321 1570 2367 2405
4  1758  524 1898 2991
4   668 1064 1091 2110
4  1847  671 2516 2920
4  1122 1173 2445 3655
4   440 1034 2697 3276
4  3255  503 3769 3905
4   801  565 1012 2772
4   474  885  968 3331
4  1366 1521 2725 2772
4  1101  833 1158 1413
4  1364 2106 2473 4099
4   494  543 2942 4143
4   243  242 1644 1816
4  1662 1344 1775 1782
4    58   56   57 3698
4   793  315  969 1184
4   546  467 1082 1184
4  1058 3030 3140 3823
4   315  319 1082 1184
4  1534 1864 2610 4108
4   811  726 2342 2830
4  2006 2054 3449 3474
4   985 1726 1787 2452
4   772 1980 2121 3054
4  2109 2552 3018 3692
4  2025 1471 2346 2748
4   796  861 2333 2722
4   267   16  880 1074
4   332  267  792 1074
4   792  267  880 1074
4  1335 1401 1569 3456
4  1774 1304 2742 4130
4  3842  955 3927 4266
4   484  657 1485 2614
4  1225 1759 1969 2267
4  3764 3101 2613 1880
4    54 4221 4280 4347
4   866  759 1340 1973
4   333 1046 1133 2790
4  3885 3350 4003 4296
4   735 1147 1587 2257
4  1874 2678 3244 3316
4  2454 1820 2533 2615
4   312  332  341 1078
4   341  332  817 1078
4  1129  469 1181 1417
4  1239  727 1440 1639
4   363  292  523 3142
4   142  140 2280 2592
4   275  277 1344 2492
4  2884 2274 3080 3420
4   457  384 1627 1729
4   470  548 1664 1739
4  2345  624 2893 3076
4   150  149 2188 3850
4  1054 1268 1504 2531
4  1310 1638 1733 1761
4  3830 2450 3893 3903
4  1157 2093 2512 2660
4   521  725 1357 1924
4  1177 2992 3438 4223
4  1094 1713 1970 2042
4  1619 1841 2538 2619
4  2265   43 2479 2611
4   678 1185 1835 2661
4  1932 2505 2788 3200
4  2341 2685 2748 3019
4  1013 1690 2300 2421
4   812 1244 2286 2555
4  1050 1931 3907 4279
4   678  890  933 1109
4  2297 2793 2996 3859
4   731 1923 3563 4014
4   435 2358 2993 3383
4   744  277 1457 2414
4  1252 1031 1307 4373
4   342  329  698 1656
4   300  286 3527 4193
4   206  207 2572 2910
4   757 1826 3155 3795
4  2586 2822 3228 3366
4  2131 2067 2599 3800
4  2089  206 2755 2910
4   668  272 1237 1253
4   755 1084 3147 3279
4   300  297  458 4193
4   944 1435 1876 1881
4   264  297  300 4193
4  1983 2428 4129 4190
4   483  453  485 1701
4   556  821 1517 2047
4    72   71 3685 3999
4   667 1721 4095 4251
4  3758 3462   58 3272
4   579  685 1886 4260
4  1150  799 1661 2373
4  1338 1190 1496 1592
4    72   73 2581 2967
4   756  881 1383 2444
4  1392 1328 1525 2667
4  1267 1299 1421 1556
4  1644 1416 1908 2252
4   451  611  952 2668
4   199  198 3820 3852
4  1173  897 2445 3655
4  1434 2216 2504 3184
4  2622 2975 3615 4136
4   441  426  515 1164
4  2063 1975 2932 3610
4  4330 2406 4362 4394
4   633  333  837 2790
4   699  478 2456 2655
4   369  622  748 2909
4   854  605 2135 3084
4   690  652  981 1249
4  3173 1670 3207 3490
4  1549 2200 2242 2937
4  1784 1777 3984 4098
4  1238 2138 3411 3460
4  1498 1119 2518 2965
4   386  498  543 3955
4  1279 1096 1329 1598
4  3608 1312 3881 3886
4  1402 1297 2553 2625
4  1023 3532 3935 3993
4  2018 1186 3789 4401
4  1263  820 2569 4303
4   467  361  516 1811
4  3272 3227 3462 3698
4  2400  943 3523 3567
4   416  399  802 1097
4   765  278  858 4000
4  1089  680 1111 1280
4  2489 2028 3277 3913
4   737 1263 2030 2569
4  3254 2934 3316 3885
4   687  511  717 3774
4  2263 1602 2441 3197
4  1804 1832 1902 2707
4  2733 1512 2752 3448
4   796 1690 4037 4329
4   609  759  866 1615
4  3044 2454 3400 3879
4  2443 2103 2884 3420
4   688 1061 1360 1451
4   502  367 1402 2146
4   924  460 1137 2418
4   703  780 1143 1679
4   728  899 1153 1188
4  1565 1372 1609 1743
4  3682 1583 3873 3947
4  1798 1170 1980 3054
4  2104  801 2601 3281
4  1077  994 1949 2681
4   522  599 1973 2928
4   919  996 1680 3131
4  1405  147 3958 4244
4  1003 2594 3238 3377
4  2499 2659 3104 3221
4  1695  725 3288 4112
4  2068 2237 3042 3911
4   448  656  710 1877
4  1291 1321 1770 2405
4   677 1032 3357 3542
4  1773 1298 3197 3308
4  1694 2056 2128 4131
4   783  926 1293 2025
4    59 2305 2450 3379
4  1664  470 1739 3818
4   563  416  632 1097
4   563  632  808 1097
4   551 1158 1363 1868
4  1271 1041 1710 3096
4   711  649 1669 1968
4  2980 1752 3209 3494
4  3177 3468 3536 3799
4  1475 2363 2514 2515
4   798  402  895 2583
4   426  418  892 2219
4  2291 3064 1751 3544
4   361  428 2790 3844
4  2069  114 2455 2686
4  1193 1794 1920 2184
4  2522 1042 3182 3294
4  1021 1289 3982  699
4    41   43 1843 2507
4  1129 1417 2986 4412
4   513  433 2986 4412
4   868  506 1509 1515
4   108  109 2035 3737
4  2035  109 3669 3737
4  2559  305 3593 4214
4    14  560 3223 4214
4   988 1376 1439 1517
4  3155 2484 3741 4241
4   368  325 1334 3870
4  1687 1361 1689 1858
4  1550 1254 2381 2667
4   201  202 2903 3809
4   601  800 1211 3041
4   890  933 1109 1754
4  2135  587 3084 3858
4     7  836 1025 1103
4   836  730 1025 1103
4   342 1158 1868 2974
4  3263 3053 3429 3510
4  2869 3008 3559 4395
4  4035 3213 4041 4127
4  1977  939 2504 3897
4   667 2324 3884 4059
4   251  252 1746 1955
4  2586 2500 2626 3171
4   499  479  576 1187
4   385  351  395 2694
4  1176 2260 2351 2383
4   410  462  463 2163
4  1553  707 2439 2852
4  1463  797 1849 4201
4   461  956 1004 1108
4  1209  939 1386 2177
4  1585 1535 2113 2246
4  1822 1975 2063 3610
4   506  366  959 2406
4  3426 1786 3513 4123
4  2172 2013 3100 3877
4   688  566  932 1177
4  1537 3050 3404 3914
4   616  595 1476 3107
4  3641 3069 3646 4119
4  3457 3413 3643 3802
4  1512 2116 2303 3399
4  1631 2253 2449 4024
4   512  472 1086 1107
4  2551 1781 2711 3673
4  1909  849 2317 2548
4   706 1553 2439 2852
4   779  472  795 1738
4   235 2497 3421 3673
4   507  496  896 1281
4  3111 1084 3112 4104
4  2386 2218 2459 2701
4  1156  123 2021 3292
4    93   94 2493 3010
4   892  432 1139 2219
4  1465 1644 2539 3170
4   890  582  933 1754
4  1966 2080  190 2149
4   580  333  633 2790
4  2507  984 2611 2738
4  3283  179 3480 3720
4   915 2108 2612 3831
4  1377 2677 3677 3902
4  1347 1325 1457 1891
4  3531 3443 3562 3893
4   526  802 1097 3148
4  1964 1369 2085 2484
4   664  819 1425 3281
4    83   85 2239 3125
4   396 1034 2066 3423
4  2194 1526 3022 3843
4  1309 3775 3792 4099
4   473 1133 1250 2965
4   495 1099 2640 4090
4  1290 1390 1660 2839
4  1034  525 2066 3423
4  1836  196 2072 2487
4  2618  908 3210 3448
4   977 1151 1461 4313
4  1767 2174 2405 2487
4   753  684 2373 2390
4  2266 3432 3553 4019
4   609  841  890 1232
4  2419 2880 3552 4200
4   654  490  855 1146
4   280  594  890 1232
4   229  228 3696 3729
4  1049  838 2120 3757
4   496  462 3015 3332
4   881  654 1383 2322
4  3178  125 3298 3588
4  1079 1234 1762 2017
4   627  572 1300 2379
4  1504 1268 2012 2531
4   498  386 1664 3955
4  1468 1351 1688 1728
4  1012 2106 3775 4099
4  1216 1530 2808 2853
4   675  332  817 3838
4  1131 1737 1996 3625
4   418  441  466 2219
4   569  593  777 1715
4    53 3670 4221 4328
4  2121 2945 3894 4309
4  1974 1757 2057 2413
4   600  634  905 2778
4  1172  905 1640 2079
4  1608 1578 2040 2305
4   110 2505 2897 2925
4  1490  871 2075 2232
4   409  533  832 1251
4   781 1318 1848 2023
4  2623 1992 2677 3239
4  2893 3006 3491 3584
4  3178 2350 3295 3555
4   954  908 1131 3625
4  2207 1830 2685 2834
4   611 1860 3419 3966
4  3231 3499 3500 3512
4   480  463  775 2558
4   268  288  393 3356
4  1649 2244 2817 3075
4  1967 2577 2785 2946
4   346  352  620 2210
4   510  576  723 1379
4  2929   72 3682 3685
4  2185 2314 2934 3245
4  2999 2568 3246 3397
4   944  794 2735 3629
4  3689 2540 3824 4254
4  1277 2827 3891 3898
4  2112 1117 2393 2495
4   745  660 1060 2427
4  2486 2439 3789 4185
4   364  366 1107 3751
4  2417 1320 3164 3461
4  1324  427 2170 2993
4   885 1000 1939 3410
4  2209 1093 3664 4056
4  1286  830 1335 1601
4   859  556  912 1286
4   340  350  795 1532
4   372  413  742 3219
4  1123 1404 1836 2391
4   738 1758 1793 1996
4  1725  829 2258 2718
4  1067 3043 3399 3506
4  1431  913 2264 3887
4  1246 1431 2264 3887
4   113 2071 2119 2384
4  1614 1987 2574 2906
4   816 1215 1262 2085
4  2907 1872 3011 3304
4  2575 1633 2763 3304
4  2874 1872 2907 3304
4  2091 1832 2455 3909
4  1130  591 4350 4388
4  1201 1525 1550 2667
4   495 1387 2530 3193
4   382  417  887 1659
4   148  147 3409 3752
4  2728 3373 3521 3889
4  2332   45 2430 2743
4  1327 2161 2630 2648
4   473  660 1305 2518
4  1792 2560 2779 3013
4  1705 3628 3688 4006
4  3021 2998 3290 3297
4   935 1819 2511 3368
4  1098  996 2232 3573
4  1113  373 1893 2074
4   731  593 4014 4175
4  1921 2034 2171 3444
4   799  970 1255 1986
4  1708 1239 2016 2550
4  2141 1159 2762 2797
4   366  549  959 2406
4   434  407  490 1146
4   407  434  614 1146
4  3305 2835 3324 3388
4  1807 3078 3208 3582
4    41   43   42 2479
4   777  639 2130 3621
4  2949 2943 2966 3772
4   258 1933 2247 3230
4  3017 3000 3173 3207
4  2958 1048 3509 3881
4   351  350  354 2694
4  1879 1614 1928 2906
4  2273   42 2914 4017
4  3787 1806 3971 4331
4  1099 2391 2590 2734
4   311  314  324 1132
4   324  314  870 1132
4  1786 2756 3513 3805
4   739  324  870 1132
4  1382  464  554 2543
4   556  821  981 1919
4  2295 2983 3272 3758
4  3264 1786 3513 3805
4   311  324 1069 1132
4   840  731 2689 3296
4  2994 2237 3042 3490
4  1670 1606 2206 3490
4   276  278  522 1329
4   469  500 1181 1417
4  1609 1075 1743 2114
4   353  885 1005 1133
4   832  533 1094 1251
4  1112 1354 1370 2493
4  1169 1189 2086 2458
4   856 1987 2100 2574
4   941 2032 2165 3661
4   533  409  752 1251
4  1893  869 2074 2971
4  2366  228 2736 3275
4  3877 4083 4317 4378
4   753  684 1028 1136
4   684  753  799 1136
4  1324  405 2222 2414
4   408  834 1581 2092
4   825 1328 1813 1969
4  1377 2204 3883 4096
4   511  687 1028 1136
4  1364  819 2051 3775
4   984 1843 1931 2738
4  2769 1967 3082 3458
4  2345 2948 3586 4208
4  3031 3394 3514 4287
4   337  334 1467 4342
4  2859 2509 3178 3953
4   949  852 1444 1895
4  1212 1315 1339 2870
4   735  624 1147 1994
4  1716 1781 2551 2740
4  1272 3233 3823 3855
4   463  410  598 3137
4  2001 1371 2293 2719
4  1717 1019 1779 1783
4   602 1659 2852 4393
4   469 1129 2986 3631
4   599  659  880 1848
4  1512 2303 2752 2991
4    37   36   35 2728
4  1004  646 1705 2744
4  1694 1509 2016 2128
4  1989 2151 2424 2745
4  1040 1380 1557 4076
4  2149 1418 2201 2729
4   725  480  775 2298
4  1318  792 1848 2023
4   280  278  858 1359
4   995 1015 2501 2803
4  1523 2823 3095 4224
4   406  328  947 4418
4  1255 1490 2508 3466
4   548  776 2612 3844
4   466 1810 2418 2547
4  2508 1986 3466 3574
4  4390  486 4415 4418
4   336  697  739 1167
4  1680 1486 3271 3691
4  2108 2579 2970 3121
4   375  274  640 1662
4  1214 1077 1949 2431
4  1106  665 1201 1550
4  3933 3264 4123 4336
4    24 2115 3505 3624
4   679 1249 1362 3129
4   382  420  907 1144
4   382  322  420 1144
4   830  518  859 1335
4   513  617  740 3541
4  2692 2439 3832 4371
4  3006 3582 3860 4109
4  3040 1737 3690 4129
4  1094 1713 1742 3667
4  2151 2090 2189 2753
4  3280 3306 4286 4340
4  3909 3315 3976 4079
4  1448 1966 3115 3962
4  2501 2481 2522 2755
4   163 2478 3605 4096
4   907  610 1659 2852
4   901 1665 2854 3786
4  1016 1342 2324 2931
4   858  278 1096 1256
4   418  466  980 2219
4  1342 1201 1550 2667
4  3007 1497 4347 4386
4  1937  230 2132 2225
4  2053 1173 2094 2445
4   471  593  596 3193
4  2540 1180 3461 4397
4  2362 2092 3017 3173
4   118 2289 2714 2842
4  1628 1684 2226 3876
4   584  577 1057 2646
4   193  191 4009 4274
4  1230 1011 3771 4081
4  2090 1678 2151 2329
4   922 1339 2734 3149
4  2271  437 4390 4403
4  2314 2934 3254 3885
4  1855 1842 2921 3868
4  1056  706 1213 1553
4    28   27   26 1538
4  3070 3320 3412 3765
4  3011 2712 3746 3880
4  1820 1757 2057 2832
4  1601 1286 1612 1919
4   493  374  621 4152
4  2628 2888 3222 4164
4  2701 1012 2772 3330
4  3116 3797 3863 4094
4  3141 2055 3393 3435
4   470 1119 1739 3818
4   665 1044 1379 4256
4  1097  802 1352 4124
4    74   76 3346 3558
4   212 3773 3851 4103
4  1300 1066 1370 2173
4    37 2437 2728 3548
4   126  127 2995 3214
4   861 1288 2333 2722
4  1878 1983 2127 2185
4  1531 1521 2772 3199
4   945  884 2638 2689
4  1781 1353 2551 2740
4  1667 1706 1787 4257
4  1932 3001 3095 3612
4   238 2223 2641 3782
4  1438 2151 2389 2641
4  1084 1230 3277 3948
4    43   41 2265 2479
4  1007  783 1491 2025
4   821 1203 1600 1612
4   613  761  833 4410
4  3127  239 3604 3876
4   919  780 1282 1986
4   799 1150 1661 2331
4  1980 2121 2945 3308
4   416  862 1097 1352
4   935 1291 1295 1635
4   872 1360 1875 2087
4  2002 1607 2354 3864
4  3378 1999 3934 3971
4  2893 2345 3076 4343
4  3513 2696 4123 4145
4   679  652  690 1249
4   287  413 3527 4155
4  1935 1641 3116 3797
4  1033 1667 1706 1787
4   392  360  752 2381
4   670  769 1199 2798
4  1864  634 2610 4108
4   554  569  630 3661
4   209  211  210 3739
4   464  656  835 3959
4  2623 2955 3239 3743
4  2400  124 2687 3292
4  3358 2683 3416 3512
4  3259 3128 3302 3935
4  1694 1915 2081 2272
4  1915 1694 1925 2272
4   496  490  614 2396
4   604  897 2094 4269
4   443  380  554 1382
4   210  211 2060 3871
4  1500 1026 1625 1654
4   605 1050 2926 3907
4   878  587 1141 2853
4  2138 2641 2753 3163
4  1056  706 1553 2439
4  1630 1131 1737 1996
4   755  935 2595 2917
4  1614  856 1987 2705
4  2696 2179 3152 3938
4   860  804  894 1527
4  2056 1748 3186 4131
4   372  329  413 3219
4   829 1725 1727 1791
4  1222 1244 2286 2318
4  1108 2245 2361 2944
4  1628 1427 1816 3674
4  2203 2014 2658 2921
4  1219  666 2274 3080
4  1244 1262 1860 3055
4  1719 2712 2824 2998
4   992  998 2841 3073
4  2165 1543 2395 2898
4   957  474  968 3342
4   264  287  300 4030
4  1178 1355 4327 4406
4  2251 2787 3535 3537
4  2497  234 2695 2711
4  1089 1366 1406 2772
4   644 1179 1240 1581
4   792  880 1973 3929
4   273 1130 1452 3887
4  3431 2670 4132 4312
4   728 1007 2025 3785
4   634  657  758 3766
4  2505 2788 3200 3660
4  1814  987 2538 3260
4  2161 1006 2316 2355
4  1573  259 2107 2348
4  2136 3238 3377 3553
4  3788 2891 4165 4293
4   706 1045 2439 2486
4   908  695  954 2618
4  1048  705 2164 3881
4  2523 2194 3022 3843
4  2042 2892 3212 4308
4   596  593 1943 3193
4   708 2924 3138 3345
4   244 1816 2252 2634
4  1298  916 1311 2441
4   772 4055 1798  547
4  1037 1036 1138 2798
4  1995  670 2798 3941
4   600  905  937 2778
4  1986 1255 2757 3375
4  1714 1271 2059 3411
4   556  981 1286 1919
4  1657 2198 2363 2364
4   981 1275 1286 1919
4  3178 3295 3405 3953
4   512 1107 1219 2274
4   538  550  869 2971
4  1112 1503 1950 3335
4  4372 3511 3205  766
4   981 1456 3732 3991
4  2552 3651 3849 3871
4   563  539 2559 4256
4  2128 2432 3812 4156
4  2194 2523 3022 3068
4   398  358 1126 2210
4   763 1234 1762 2088
4   292  305  523 3142
4  3350 3885 4008 4296
4   529  509 1557 2126
4  1223  671 1622 1847
4   313  437  709 2882
4   373  623 1893 2074
4  2137  901 3748 3929
4   514 1259 1341 4225
4   289  293  330 1194
4  1651  660 2337 2408
4  1650   86 3476 3498
4   600  592  634 2349
4   995 1442 2585 2605
4   514 1139 1341 1408
4  1225 1044 1759 4080
4  1565 1372 1743 3595
4  1009  883 3295 3953
4   503 1576 3769 3905
4  2006 1272 2679 2873
4  1339 2809 2870 3475
4   514  892 1139 1408
4   948  991 1322 1508
4  2873 1285 3009 3355
4  1037 1373 2960 3322
4  3413 3457 3643 4043
4  1756 3686 3769 3905
4  2294  369 2435 2909
4  1302 2042 2715 2931
4   788  811 1020 1676
4   310  678 1109 2661
4  1845 1513 1863 2594
4  1178 1155 1385 1621
4  3924  381 4198 4202
4   475 1376 1485 4191
4  3452 1983 3568 4190
4  2387 1650 2504 3817
4  2907  487 3464 4090
4    86 2606 3194 3476
4  1309 2603 3330 3578
4  2855  210 3833 3836
4  1525 1392 2667 4160
4   588  498 1274 1664
4   263  388 1025 1175
4   388  263  696 1175
4   364  351  742 4332
4  1887 1803 1917 2064
4  2426 2460 3988 4295
4   956  741  997 2196
4  1105 1597 1733 2114
4   913  867 1431 2264
4  3043 2604 3326 3683
4   972 1711 3735 3869
4   608 1245 2390 2464
4   101 1901 2715 4307
4  1306 1367 2561 3843
4  2585 2523 3022 3843
4  1683  239 1685 2095
4  2093 2214 2413 2488
4  1903 1173 2425 3172
4  2599 3180 3362 3545
4  1888 1865 1890 1912
4  3115 2062 3285 3684
4  2568 2365 3246 3398
4   132 2024 3118 3680
4  1284  745 1468 1749
4   834  408 1121 2092
4  1714 1438 1989 2059
4  2385 1508 2764 3115
4   359  761  853 1363
4   244 1644 1908 2252
4  2205 1227 2496 2565
4  1004 1705 3363 3628
4  2082 2626 2822 3663
4  1874  806 2991 4321
4  1324  279 2222 2993
4   345  365  818 2709
4  2352 2371 3430 3575
4  1814 2512 2650 3044
4   260  273 1246 2799
4  1853  994 2681 3167
4  2134 2481 2522 3347
4   417  608  844 1181
4   469  417  844 1181
4   886  454 1906 3189
4   295  582  858 1359
4  2006 1272 2873 3233
4   762 2108 2579 4109
4   281  295  858 1359
4   738 1692 1758 1996
4  2388 2121 3054 3458
4   955 1579 1604 1717
4   467  969 1082 1184
4  1303  745 1424 2427
4  1595  726 2342 3071
4   195  196  194 2506
4   617  433 1149 3952
4   210  209 3739 3821
4  1812  651 2638 4240
4    77   79 2157 3734
4   400  721  825 1813
4  1829  250 2152 2287
4  1044 1106 1225 1813
4  1044  665 1106 1813
4   665 1044 1254 1813
4   319 2396 3464 4090
4  1094 1713 1928 1970
4  2396 1904 3193 4090
4  1053 2000 3937 3985
4   285  264  300 4030
4  1618 1710 1764 2411
4   155  157 1921 2514
4  3268 2985 3462 3745
4   997 1965 2744 3915
4  1661 1150 2373 2389
4   203 2067 2599 3652
4   699  865 1289 2655
4   734 1936 2579 2970
4   262  693 1062 1185
4   155 1921 2171 2514
4  2340 2049 3226 3267
4  1173 1122 2053 2515
4  1020  788 1676 3267
4  2171 1475 2364 2514
4  1619 1653 4258 4355
4   832  409 1251 1550
4   713  347  743 1615
4  2588  142 2592 3191
4  2623 1523 4091 4320
4  2161 2316 2765 3544
4  1981 1118 3088 3329
4  1055  617 1143 1679
4   635 1132 1344 1662
4  1201  832 1342 1550
4   573 1483 1963 3663
4  4087 3565 4205 4348
4  1584 1275 1600 2663
4    58 2923 3314 4271
4  1275  821 1600 1919
4   447 1051 2475 2810
4   597  991 1002 3959
4  1268 1519 2012 2531
4   511  717  780 1679
4  1314 1189 2458 3632
4  1796 1791 1801 1960
4  3362 2531 3478 3600
4  1657 1669 1916 2425
4   827  761  833 2111
4   313 1096 1195 1279
4   520  652  679 1249
4   439  435 1918 2777
4  1981 2024 2795 3206
4   690  821 1203 1275
4    94 1047 2710 3010
4  1575 2457 2956 3253
4  2108 1823 2579 4109
4   788  811 1810 2342
4  3101 2809 3764 4301
4  1605 2477 3591 3700
4  1388 1316 2723 2815
4   149 1990 2188 3195
4  1125 1842 2856 2883
4   686  644 2147 2883
4   644  686 2856 2883
4  1179  644 2856 2883
4   937 1535 1547 1573
4  1190  534 1278 1592
4  2335 2234 2900 3613
4   478  699 1030 2655
4  1159 1173 1765 2515
4  1728 1688 1749 3265
4  1405 1934 2212 2468
4  1509  842 1515 1516
4   762  619  991 1374
4  2060  209 2153 3651
4  1665  522 1973 2854
4  3429  193 3510 4274
4  3779 3756 3789 4226
4  1275 1547 1734 2663
4  2832 2103 2872 3074
4  1029 1389 1494 1774
4  2097 2261 2401 3162
4  3133 3565 4213 4318
4  1404 2255 2588 2590
4  2700  179 3198 3480
4  2345 2395 3079 3493
4  2218 2386 2684 2701
4    88 2429 3217 3817
4    39 2361 2900 2944
4   518  540  859 4066
4  2789 1596 3152 3435
4  2921  222 2977 3868
4  2157 1745 2398 3942
4  1361 1687 1689 2152
4  1608 1169 2630 3755
4   651  793 1184 1812
4   509  467  529 1698
4   661  659  824 4243
4   880   16 1665 3929
4   634  758 2610 4108
4   509  529 1557 1698
4   529  516  590 1698
4   975 3109 3269 3365
4   819  811 1627 1810
4  1275 1203 1432 1584
4  2268   45 2430 2594
4  1648 1628 2226 3674
4  3178 2859 3273 3588
4  1271  717 2331 3390
4  1390 3826 4212 4400
4   502  503  789 3508
4  1702 1806 3014 3668
4   761  833  853 1363
4    96   95 1706 2195
4   679  690 1017 1362
4  2432 2128 4131 4156
4  1586 1497 2758 3007
4  1052  804 1059 1527
4   745 1468 2001 2408
4  2093  121 2488 2650
4  1175  696 1663 2264
4   441  515  980 1523
4  2847  141 3908 4149
4   806 1874 2991 3625
4  1758  806 2991 3625
4  2975 2622 4151 4322
4  1593 1554 1637 3942
4   360  398 2074 2210
4  2670 2836 3643 4312
4  2690 1909 3339 3538
4  1758 1131 1996 3625
4  2987 1162 3244 3625
4   939  903 2183 3892
4  3730 2497 4053 4122
4  3806   70 4305 4314
4  2597 1817 3169 3262
4   642 2217 3176 3262
4  1640  905 2349 2778
4   421  436 1447 2831
4   903  939 2284 3892
4   843  479 1187 1207
4   479  576 1187 1207
4   975  677 1076 3542
4  1738 3357 3541 3599
4  1090  843 1187 1207
4   604 1090 1187 1207
4   716  573  760 1963
4  1472  801 2338 2831
4   719  962 1970 2140
4   363  523  636 3142
4  3208 3492 3493 4208
4  2697  766 3511 4372
4  2203 1388 2921 2977
4  3913 2671 3936 3950
4  2809 2904 3943 3956
4   821  690 1612 3875
4   196 1836 3702 3811
4   794 1336 2009 2224
4  1630 1793 1996 2288
4   187  186 1154 1645
4   394  875 3219 4407
4  2031 2040 3128 3366
4  1863 2070 2268 2673
4  3095 1523 4091 4386
4  2234   40 3613 3994
4  2793 3157 3859 4128
4  1358 3417 3543 4082
4  2295 2206 2313 3073
4   823 1003 1906 2383
4  1128 1283 1408 2654
4   987 1157 1808 2844
4   771  625 1110 1380
4   303  659  661 1558
4  3079 1807 3419 4168
4  2289  118 2355 3036
4  2002 1607 3089 3697
4   941  816 2032 3661
4   904 1506 1515 1520
4  1919  859 2440 3222
4   604  897  972 2574
4   314  658 1109 2315
4   171 2064 2376 3829
4   816  586  941 1262
4   960 2227 3025 3769
4  1540  786 2032 2345
4  2172 1290 2866 3826
4   996 1098 1486 2229
4   904 1520 1542 1760
4  1603 1605 3591 3700
4   689 1038 1511 3110
4   720 1280 1629 2773
4  1363  551 1868 4259
4  2118  941 2720 3661
4  1207  455 3135 3356
4  2955 4002 4091 4238
4  1104  763 1163 1219
4   763 1086 1163 1219
4   369  549  568 1219
4   369  366  549 1219
4   369  568 1086 1219
4   366  369 1086 1219
4   504  640  838 1296
4  2013 2894 3080 3266
4  1751 1771 2291 3544
4  1163 1086 1217 1219
4  1995 1773 2700 2851
4  1730 2302 3686 4081
4  2161 1006 2630 3903
4  1047   94 2649 3657
4  2073  220 2340 3048
4   883 2350 3496 3555
4   834  879  920 1220
4   834  408  879 1220
4  1327 2055 3090 4228
4   680  834  920 1220
4   435  389 3383 4066
4   389  435  540 4066
4  1021 1982 2312 3982
4  1509 1506 1708 2159
4  1966 1448 2080 2149
4   687 1231 1636 1679
4  1565 1609 1645 1743
4   606  544  801 2831
4  2690  629 2792 3855
4   833  761  853 2111
4   137  138 3470 4087
4  3626 3827 3973 4074
4  1056  706 2486 3158
4  1680 1714 3131 3782
4   856 1675 1998 2100
4  1308 1216 2853 4080
4  2703 3307 3470 4205
4   883 2420 3295 3555
4   274 1775 1784 3984
4   916  772 4055 1980
4  1371 1985 2365 2408
4   624 1448 2044 3076
4  1423 2902 4160 4334
4  1410 1368 1416 1443
4   579  685  697 1886
4   381  340  414 1532
4  1401 1397 1422 2221
4   507  896 1230 2028
4  1239 1509 1708 2016
4    81   80 1929 3427
4  1266 2151 2189 2753
4  1447 1139 1847 4225
4  2055  872 3037 4228
4  1258 1047 2178 3657
4   551  342 1158 1868
4   342  505  551 1228
4  3192 3140 3474 3823
4   328  331  342 1228
4   926  783 1293 1851
4  1012 1531 2772 3199
4  2434 2215 2518 3329
4   587  808  938 2896
4   616  689 1071 2771
4  2117 1866 2913 2996
4  3155 2192 3416 3621
4   222  221 4272 4361
4   298  446  535 2137
4  3530  168 4161 4335
4  1121  371 3623 3658
4  1686 1677 3109 3179
4   755  612  896 1230
4   612  755  876 1230
4   876  755 1084 1230
4  2822 2796 2984 3364
4  1007  783 1192 1478
4  1780 2091 2147 4206
4  1838 1570 2404 2575
4   324  709 1228 4409
4  1383  747 2078 2322
4  1386 1825 2429 3817
4  2720 2597 2905 3358
4  2078 2573 2828 3521
4   377  541  991 1419
4    99   98 2169 2837
4   548  776 1664 1739
4   355  676 1144 3391
4   640  504  838 2799
4   192 3263 3388 3429
4  1759 2122 2134 4080
4  3338 3341 3536 3799
4  1042  723 1442 1862
4  1404 1836 2174 2617
4  3034 2542 3517 3630
4   305 2806 3593 3659
4  2220 1737 3040 4129
4   482  614  691 3828
4  1841 1619 2406 4355
4  2093 2660 4118 4169
4   534  489  607 1312
4   962 1003 1227 2496
4  1476  574 1503 1546
4  1110 1380 1563 3216
4   253  252 1734 1955
4   783 1478 1491 1851
4   753 1136 1599 3367
4   926 1293 1310 1851
4   718  557 1675 2924
4   250  251 1829 2152
4   570  577 3391 3606
4  1098  970 1986 2232
4   262  552 1062 2863
4  1564 2651 2707 3049
4   593  731 1943 3193
4    58 2983 3272 4271
4  2623 2955 3743 4002
4   906  713 2170 2957
4   536  624  735 1994
4   138 3501 4213 4318
4  1488 1745 2228 2398
4  3097 2994 3490 3539
4  2342 2841 3073 4360
4  2906 1711 3821 4107
4  1047  767 4058 4376
4  1168  839 1408 2654
4  2574  972 2906 4107
4  1600 1275 1734 2663
4   668  272 1001 1237
4  1205 2115 2719 3781
4   627 2589 4162 1300
4  1111  920 2262 3708
4  2186 1591 2377 2751
4  2757 1255 3434 3524
4  1607 2002 2482 3697
4  1748 1505 1779 2056
4  1335 1569 1601 1741
4  1473  591 1784 2005
4   455  647 1906 3261
4  2413 2488 2533 2615
4   971  647 3211 3261
4     9  260  640 1452
4    56 2295 3314 3745
4   143  144 2637 3063
4   273  527  838 1782
4   232  231 1937 3091
4  1088 1588 3240 3428
4   375 1130 1784 4350
4   784  695  961 1484
4  1156  124 1590 2076
4   295  280  582 1359
4  1511 2589 3336 3564
4  1118 3088 3329 4068
4  1322  991 2101 3519
4   431  420 1744 2463
4   172  170  171 3864
4  1264 2956 3450 4179
4  1505 1348 2056 3928
4  2956 2457 3450 4179
4  2662 1424 3890 4262
4  1013 2421 3106 4132
4  2244 2052 2768 3078
4  2008 2079 2246 2867
4    12  532 1325 1891
4   732  715 2298 2553
4   667  465 2381 2382
4   850  597 1533 2668
4  1048 1913 2224 2885
4  1909 2690 3009 3538
4  1574 1622 2982 3108
4  1181  769 1197 1245
4  3100 2172 3877 4083
4   646  402  895 1899
4   465  392  911 1693
4   128  129 2546 3740
4   417  608 1181 1245
4   469  417 1181 1245
4   417  469  887 1245
4   608  417  887 1245
4  1036 1298 1773 3542
4    13 1317 1891 2023
4  1286 1275 1547 1734
4  2103 2443 2832 2872
4   628 1035 2511 3147
4  2523  208 2572 2605
4   115 2833 3289 3997
4   375  640  838 1662
4   923  931 1613 2199
4  1953 2020 2046 3792
4   541  762 1419 1634
4   594  681 1232 1340
4  1383  881 1546 2444
4   626  473 1005 1250
4   885 1005 1133 1250
4   521 1066 1071 1300
4   642  590 1063 3831
4   572  403  627 1300
4   353  473 1133 1250
4   473  353 1005 1250
4  1005  353 1133 1250
4   674  604 1928 2574
4  1700 2168 1911 1740
4  3245 2314 3254 3885
4   443  554 2749 3906
4   501 2485 4030 4155
4   871  799  970 1255
4  2846 2695 3742 4309
4   533  326  557 1251
4   326  404  557 1251
4  1796 1960 2447 3856
4   276  272  668 1253
4   560  532  918 3223
4  1630 1213 1793 2039
4  1161  965 1681 3825
4   347  275 3949 3984
4   920  788  992 1280
4  1329 1253 1473 2928
4   147  146 3609 3958
4  1088 1909 3576 3799
4   718  865 1617 2908
4   920  680 1220 1280
4   680  920 1111 1280
4  2115 2719 3505 4171
4   200  201 2903 4159
4  1678 1714 1989 2059
4  2190 3654 3737 3738
4   277  870 1324 1344
4   712  468  759 1663
4    67   66 3779 4226
4   866  744  814 1615
4   870  739 1132 1344
4   333  353  474 1877
4   741 2609 2697 3276
4  2318 1464 3055 3328
4    97   95 4165 4293
4   744  866  814 1347
4   339  501  947 1712
4   269  268  643 1723
4   139 3470 3501 4339
4   928  786 1552 2345
4  1996 1758 3625 4129
4  1766 2599 3600 4006
4   786  630  851 3661
4  1620 1609 2353 1743
4   360  620 2210 2485
4  3033 3483 3654 3738
4   755 1084 1230 3147
4   739  277 1167 1344
4   898  977 1346 4377
4  1824 2400 3523 4007
4   242 1685 2095 2221
4   808  563 2896 4256
4  1370 1300 2379 3183
4  1678 1989 2151 2329
4  4157 2815 4335 4382
4   433  853  940 4259
4  1421 1267 1489 1498
4  2370 3217 3442 3498
4  1145 1490 2075 3349
4  1961 2815 3333 4157
4  1750 1623 2021 2132
4  2249 1414 2802 2880
4  2776 2560 3013 4201
4  1830   77 2083 2157
4   728  899 1188 1556
4  1605 2411 2477 2937
4  3360 3077 3408 3832
4  3077 3360 3749 3832
4  2441 2716 2821 3002
4  1257  707 2439 3987
4   778  568  943 2525
4   698  329 4390 4415
4  3207 2068 3392 3540
4   985 1352 1787 1871
4  2423 3047 3304 4149
4   417  524  610 2088
4  2149 1448 3115 3962
4  1361 1589 1746 1829
4  2809 2870 3475 3964
4  1355 1502 4392 4405
4   536  728  899 4391
4   575 1560 2705 3667
4  1842 1125 2091 2883
4   649  373 1968 2160
4   457  411 2323 3886
4   401  655 1738 3599
4  1633 1099 2575 2590
4   633  580 2790 3844
4   592 2349 2778 3331
4  1515  904 1520 2884
4   740 1036 1037 2960
4   585  809 1810 2418
4  3089 2179 3697 4123
4   734 2257 2306 3083
4  1226 1214 2122 2169
4  2143 1177 3438 3995
4  1588 3338 3341 3534
4  3772   97 4165 4293
4   122 1156 1673 2076
4   972 1928 2574 2906
4  2999 2365 3396 4171
4  1116  914 3424 3465
4   533  409  832 1391
4  1634 1797 2980 3495
4  2312 2499 2659 3104
4  3176 3175 3262 4384
4  1214   98 2122 2169
4   385 3924 2694 4215
4   881  367 2048 2146
4   858  278 1256 1359
4   295  281  901 1359
4  2417 1417 2960 4082
4   280  295  901 1359
4   501  285  947 3619
4  2872  229 3696 3729
4  2102 2575 2590 3304
4  1191  688 1451 1483
4  3275 2443 3696 3729
4  1682 2434 2451 2699
4   606  436  671 1482
4  2306 1303 3136 3930
4  1235 1066 2173 3972
4   347  405  906 2170
4  1967 2785 3326 3459
4   510  723 1378 2135
4  3082 1967 3326 3459
4   723  510 1141 2135
4   128 2477 2978 3711
4   646 1221 1705 2744
4  3093  151 3850 4031
4  2516 1847 2920 4028
4  1536 1018 1580 1592
4   534 1018 1536 1592
4   640  274  838 1662
4   740  617 1115 1679
4  1115 1055 1551 1679
4  2627 2636 2858 4348
4  1834 1336 2224 3081
4  1006  921 3531 3935
4   546 1655 4303 4304
4  1515 2274  904 2884
4  1865 1179 2091 2147
4   716 1183 2549 3259
4   303  438 1317 1457
4   277  279  336 1457
4   579  709 1886 3804
4  3111 1319 3644 4137
4   502  503  787 2000
4  1767 1295 1770 2405
4  3369 2303 3588 4314
4  2028 2671 3277 3913
4   549 1894 3080 3420
4  1971 1759 2122 2567
4   981  690 1249 1362
4  1946 3620 3635 3865
4   855 1200 2299 2502
4  1139 1283 1341 1408
4  1081 1818 2245 2361
4  2711  235 3054 3082
4  2040 3128 3366 3796
4   604  719 1187 1391
4  1139 1283 1622 1847
4  1584 1600 1955 2663
4  2862  162 3473 3704
4   585  726 1627 1800
4   841  669 2394 3056
4  3070 2747 3320 3765
4   869  733 1190 1278
4  2540 1242 3689 4086
4  2329  129 2424 2745
4   773  772 1273 1798
4   550  733  869 1278
4  1682 2535 2699 3514
4  1850 2537 2743 3310
4  1426 1919 3222 3374
4   729  822 1018 1654
4   800  601 2323 3041
4  2924 1617 3138 3345
4  1185  693 2968 3945
4  1987 1614 2442 2906
4  2006 1272 2054 2679
4   743  528 1615 4098
4  2800 2727 3524 4270
4   732  564 1402 1809
4  1081 2245 2335 2361
4  2063 1405 2236 2468
4   452  684  887 1514
4  1510 1538 2065 3951
4   160  158 3431 3922
4   911  360 2381 2382
4  2144 1707 4294 4331
4   174 3360 4010 4173
4  1058  708 1173 3655
4  2275 2297 2952 4128
4  3747 3203 3767 4236
4  2033 1957 2132 3452
4  2350 2995 3085 3496
4   954 2294 2435 2909
4   559  410 1948 3137
4   751 1470 2015 2579
4   926  783 1851 1877
4   439 1517 1914 1918
4  1297 2625 2766 3937
4  1732  185 2145 2356
4  1987 2100 2171 2198
4  1863 2268 2594 3238
4  1909 2548 2899 3009
4   370  620  798 2583
4   651  529  884 2126
4   803 1222 1430 1548
4  1075 1154 1743 3595
4   519  397  559 1557
4  1410  657 1415 2449
4   350  351  354 3822
4   545  457 1627 1729
4  1582 1807 2807 3419
4  1111 2262 2901 3708
4   406  947 1195 4418
4  1416 1443 1689 2252
4   530  444 4126 4323
4   689  766 1511 3511
4  1470 1823 2893 3006
4  2494 1471 3967 4201
4   469  500 3631 3754
4   398  534  729 1536
4  3018 1594 3836 3871
4  1827 1756 3948 4295
4  1008 2415 2697 4372
4  2653 1551 4077 4402
4  1741 1569 2133 3456
4  2203  222 2921 4361
4   994 1853 1949 3167
4   483 1617 2317 3345
4  1866 1924 2503 2996
4   190  189 2541 3962
4  2358  641 3785 4018
4  2130  757 2438 2562
4    49 2141 2762 2916
4   815 2468 4078 4124
4  1344  492 1775 2492
4  2700 1716 2780 3283
4  2980 1752 3494 4227
4  1289  699 2655 3982
4  2121 2945 3308 3894
4   423  644 2409 3004
4  1328 1433 1969 2803
4  2198 1475 2363 2364
4   491  639 1210 3016
4  1469 1647 2678 2975
4  2202  873 3020 3385
4  2383 1014 3189 4019
4  1263 1212 2870 2917
4   916 1298 1311 1636
4  1896   30 2843 3854
4   811  726 1810 2342
4  1075 1597 2114 2770
4  1047  767 2178 3335
4  2815 3299 3528 4157
4   930  662 1445 1558
4  3213 1596 4041 4127
4   235 2388 3054 3082
4  1652 1349 1914 2253
4  1903 2034 2094 2175
4   541  762  991 1419
4   124 1156 2687 3292
4   687  916 1041 1636
4   785  323 1114 1296
4   873  473 1597 3385
4   489  426 1164 1312
4   426  489  534 1312
4  1110  771 3216 4384
4  2250 1310 3020 3385
4  2034  155 2171 2334
4  1112 1396 1493 2493
4   586  941 1262 2666
4  2115 1205 3397 3923
4  2845 3482 3578 4099
4   392  911 2381 2382
4  1148 1781 3326 3673
4    84   83   85 3795
4  2420 2166 3496 4166
4  1478 2184 2560 2682
4   457  800 2323 2436
4  1022  632 1504 3478
4   826  753 1539 1626
4  2325 2384 2794 2923
4  1625 3650 3759 4311
4   387 1240 3623 3658
4   307  367 1082 1655
4   346  331 1072 3920
4   437 1158 4409 4403
4   950 1191 1451 4015
4  2797 2916 3029 3030
4  2276 2504 3882 4125
4  2106 1364 2473 3282
4  1360 1786 1875 3037
4  1557  509 1821 2126
4  1066  521 3046 3403
4   676  431  810 1332
4  1483  573 1963 4176
4   355  431  676 1332
4   908  954 1758 3625
4  1508 2101 2385 2764
4  1585 1547 1573 2107
4   462  410  493 1561
4   493  402  572 1561
4   402  403  572 1561
4  1830 3019 3734 4239
4    34   32 3290 3297
4   403  402  410 1561
4   410  402  493 1561
4   353  378  660 1651
4   869  623 2074 2971
4  3694 2495 4017 4020
4  1982 1610 3872 3982
4  1096 1064 1279 1329
4  1776 1014 1906 2383
4  2845  110 2897 2925
4  1310 1105 1597 1733
4  2832 1043 3074 4355
4  2215 2434 3196 3436
4   470  548 1303 1305
4   603  604 2445 4358
4  1565  187 1645 3507
4  1624 1641 1935 3074
4   253 1734 1867 2307
4  2406  549 3158 4394
4  1151  977 1461 3716
4  1570 1838 2405 2423
4   635 1069 2110 4323
4   592  518  634 1864
4   605  854 1976 2926
4  1730 3255 3769 3905
4  1185 2120 2410 2580
4   876  612 1161 4252
4   977 1171 3354 3716
4   732 1790 1809 2000
4  1715  791 2627 2905
4  2675  106 3338 3538
4  2205 2332 2430 2594
4   985  440 1352 1871
4   739  344 1228 1886
4  1446 1160 1537 3577
4  1479  720 1672 2773
4  3558 4368 4395 4396
4  3509 1913 3654 3669
4  1102  717 1271 3750
4   451  850 1533 2668
4  2363  156 2412 2587
4    47   48 3286 4111
4  1559 1209 3181 3811
4   984  931 1931 2199
4   313  281 1256 1598
4   896  507 1230 1866
4  1421 1437 1554 1567
4   313  661 1572 1598
4   659  661 1558 1598
4  3851 2939 3867 4103
4   446  291  901 2137
4   842 1239 1509 1708
4  1053 1681 1910 2117
4  2002 1717 2043 3829
4  3695 1333 3709 3824
4  1377 2677 3902 4209
4   722  647  889 2160
4  1518 1926 1978 2729
4   869  534 1190 1312
4   534  869 1126 1312
4   588 1664 2776 3818
4  1023 1658 2096 3532
4   358  534 1126 1312
4   426  358 1126 1312
4   358  426  534 1312
4   816  941 2032 2165
4  3429 3053 3503 3510
4  1978 1926 2541 3684
4   602 2852 4277 4393
4   871  799 1255 1502
4   871 1255 1490 1502
4   771 2258 2636 2703
4  4053 3742 4122 4309
4  2093  121 2650 3045
4  1853 1015 2567 2811
4  3232 3407 3471 3520
4  2317 1701 3468 3982
4   343  563 1097 3174
4  3415 2563 3435 3938
4   379  438  476 1317
4   309  379  476 1317
4   379  309  438 1317
4   309  303  438 1317
4   704 1073 1562 3224
4  1505 2056 3607 3928
4   955  872 2055 3224
4   309  325  918 1317
4  2710 1354 3010 3335
4  3220 1807 3491 3582
4   695  653  961 1898
4   604  603  708 3138
4   498  386 3846 4018
4   599  522 1329 2928
4  2779 3069 3250 3646
4   291   16 1074 3929
4   322  309  476 1317
4   309  322  325 1317
4   325  322  476 1317
4   267  332  792 1318
4    86 2447 2606 3476
4   542  416  802 1828
4  2164 1913 3669 3807
4  1965 1337 2131 4029
4   955  848 1019 3927
4   397  559 2476 3906
4   134  136 2979 3860
4   639  491 1210 2309
4  2581   72 2804 3103
4   759 1663 2760 3092
4  1488 3023 3203 3641
4   771  625 1380 1557
4  1838 2102 2174 2423
4   353  333  710 1877
4  1725  829 2718 3072
4  1540 2345 2395 3492
4  1667 1873 2344 2361
4  1764 1605 2581 2929
4   721  400 1328 2007
4  2092 2826 3675 4016
4  1231  740 1636 1679
4  1224 1073 1979 2081
4  1085 1674 1871 2236
4   218  220  219 2608
4  2958  839 3483 3517
4  2345 3079 3492 3493
4  1745 1499 1830 2398
4   635  530 4105 4323
4   409  752 1251 1550
4   802 1085 1097 1352
4  1122  845 1893 2281
4   161 1343 1881 3671
4   256  255 1584 2008
4   629 1893 2281 3547
4   343  306  531 1323
4   314  870 1132 1324
4   658  314 1132 1324
4  1672 1945 2773 3001
4   318  345  770 1324
4   129  130  128 2546
4   762 1634 2108 4109
4  1571 2509 2519 3179
4   832 1302 1970 2633
4   658  405 2170 1324
4  1535 2079 2113 2246
4   492  615  930 2754
4   155 1921 2034 2171
4  1721 1014 1776 2260
4   748  966 1647 2576
4  2127 1878 2185 2642
4  1450  768 1507 3132
4  1031  487 2849 3166
4   887 1245 1514 2390
4   665  539 2559 2806
4   532  560  650 1325
4    12  532  650 1325
4  3354 1481 3639 4058
4   532  282  560 1325
4   560  282  694 1325
4   282  348  694 1325
4   348  282  508 1325
4   691  560  694 1325
4   747 1383 2078 4377
4    70 2848 3546 4314
4  3134   69 3546 4314
4  3335 3354 3639 4058
4  1461 2036 3639 4058
4  1481 1461 3639 4058
4  3010 3335 3639 4058
4  3369 3134 3546 4314
4    93 3010 3639 4058
4   825  994 1853 2890
4  4110 3099 4185 4341
4   775  616 1071 3046
4   227 2731 3274 3729
4   690  679 1017 1368
4  1819 1719 2712 3368
4  1967 2886 3082 3458
4   224  226 3393 3451
4  2451 1682 2741 2915
4   983  763 1878 3904
4  1243 1213 1444 2039
4   512  472 1892 2088
4  1373 1037 2269 3322
4   440  425  953 1454
4  2200 1618 2242 2411
4   597  928  948 1533
4   831  807 3403 3664
4   593  491  777 3324
4   655  763  964 2088
4  1314 1189 1691 1772
4   472  401  655 1738
4  2637 2571 2820 2913
4   637  325 1144 1334
4  1222  541 2286 2438
4   541  491 2286 2438
4   491  757 2286 2438
4   788 1280 1479 2049
4  1795 1610 2939 3872
4   939 2284 3817 3897
4  1206 1356 3017 3392
4   325  355 1144 1334
4  3849 3651  211 3871
4  1124  951 1669 2598
4  1221 1022 1766 3600
4   716 1023 1643 2096
4  1517 1439 1914 1918
4  3573 2229 4047 4199
4   355  371  946 1334
4  1670 3173 3207 3392
4  3760  225 4291 4336
4  2068 1670 3207 3392
4   811  819 1676 1810
4   596  593  791 1943
4  2725 2603 2925 3001
4  1315 1212 1339 2734
4  2398 1859 3734 4049
4    77   79 2083 2157
4  1397 2693 3236 3374
4  1367 2194 2527 3061
4  1549 1266 2151 2937
4   257  256 2246 2935
4  2923  942 3066 4016
4   205  203 2599 3652
4   575 1301 1560 3692
4   924 1902 2368 2707
4  1189 1080 1264 4179
4   846  929 2816 4071
4   378  991 1468 3959
4  1940 2021 2193 2940
4  3141  226 3371 3415
4   607  581  892 2474
4   794  545 1270 3608
4   960  507 1011 3508
4   681  594  860 1340
4  2096 1658 3513 4021
4  1995 1199 2058 3481
4   860  594 1140 1340
4  1538 1430 1548 3075
4  1823 1582 2893 3491
4   866  681 1140 1340
4   681  860 1140 1340
4  1984  982 3066 3289
4   892  514 1259 1341
4   892  729 1654 2474
4   244  243 2634 3284
4   121  119 2615 3044
4  1385 2098 2739 2869
4   549  875 2294 3158
4  2452 1726 3788 4293
4   135  136 3585 3776
4   517  420  610 4163
4   531  306  969 1723
4  1376  917 1439 2311
4  1211  796 2333 2722
4  2270 2535 3514 4262
4   931  984 1931 2738
4   936  963 4388  558
4   360  373 2381 2382
4  1530 2199  701 4038
4  1260  971 1947 2600
4   646  895 2158 2744
4   465  392 2381 2382
4  3562 3531 3893 3903
4  1849  797 2776 4201
4  1535 1640 2079 2246
4  2845 3200 3482 4099
4  1217 1660 1824 1895
4   568  852 1217 1895
4   808  632 1504 2012
4  1772 1314 1785 1958
4  3264 3731 3957 4145
4  1247 1243 1444 2039
4   265  637  781 4193
4    88 1650 2387 3817
4  2429 2938 3217 3817
4   119  120 2615 3879
4  2234 1988 2344 2524
4  1942 2733 3035 4084
4  1526 1367 2194 2527
4  2592 3304  140 2423
4  1578 1575 2457 2956
4  2599 2067 3978 4006
4   946  585 1334 1729
4  1098 1551 2653 4402
4  1514  684 2373 2973
4   148  147 3752 4244
4  2878 1377 3629 3681
4  1497  754 1586 2758
4  3710 3695 4326 4366
4  2112   41 2495 3694
4   852  966 2576 2642
4   242 2095 2634 3284
4    38 2319 2524 2805
4  1935 2103 2443 3420
4  2586 2500 2796 2822
4  1364  819 1425 1672
4  1445  659 1558 1598
4  1104 1163 1290 2233
4   979  454 1306 1862
4  1708 1907 2143 3995
4   661  303 1558 4417
4   980  754 1574 1586
4   437  313  824 1572
4   171 1887 1917 2064
4  1576  503 1809 2000
4  1032  773 2420 3295
4  1321 1387 1459 2584
4  3014   22 4236 4351
4   816  611 1860 3419
4   127  125 3273 3526
4  3685 1583 4039 4050
4  1602 2191 2782 2804
4   205 2067 2131 3652
4   905 1535 1640 2079
4  3439 1922 3558 4395
4  1154 1075 1609 2770
4   889  722 2109 3243
4   955 1073 1579 1717
4   367  502 1402 1952
4  3070 2045 2261 3275
4  1671 1397 2693 3236
4   789  507 1011 2028
4   574 1383 2444 3148
4  3117 2098 4106 4406
4  3117 3554 4392 4406
4   733 1190 1844 2698
4  1374 1518 1926 2483
4  2488  121 2615 2650
4   582  280  858 1359
4    15  560  691 4057
4   472  512  763 2088
4   763  512 1234 2088
4  1477 2028 2671 3147
4  2604 1170 2769 3683
4  1540 1419 1552 2948
4   461  736 1004 1899
4   162 2862 3616 3704
4  2799 2211 2881 3051
4  4130 1704 4250 4292
4  1039  746 1321 4134
4   738  707 1079 1553
4  1079 1083 1553 3715
4   834  879 1581 2362
4  3686 1756 3770 3905
4   242 1816 2095 3674
4    31   30 1896 3895
4   172 2043 2125 3864
4  3114 2613 3279 3592
4   697  344  739 1886
4   833  827 2111 4410
4   994 1015 1853 2681
4  1048 1482 2009 2224
4   250  249 2152 2287
4  2299 2275 2502 3157
4  3441 1563 3442 4076
4   449 2777 3383 4066
4   344  685  761 1886
4   407  482  691 3105
4  1945 2073 3048 3282
4  3373 3337 3521 3889
4   272  668 2513 2580
4   175  173 3797 3888
4   260  273  640 1452
4   317 1130 4350 4388
4  1157 1833 2660 4153
4  1397 1335 1401 1601
4  1457 1347 1891 2023
4  1974 1833 2413 3260
4  1571 2737 3218 3365
4    46   45 2743 3310
4  1286 1335 1397 1601
4  1397 1401 1422 1601
4  1066 1396 2173 3716
4  1900 1960 2259 2843
4   701 1044 1216 1613
4  1453  423 2409 3004
4    25   24   23 2115
4  1330 1243 1553 1590
4  2036 1461 3639 3716
4  2809 3475 3956 3964
4  1918 1051 2777 2810
4  2009 1048 2885 2958
4  3141  225 3393 4291
4   358  418  466 2694
4  1637 1707 2083 3942
4  2902 2673 4046 4375
4   595  683 2415 2697
4   533  674 1391 1928
4   385  395  460 2694
4   435  540  990 2358
4  2899 3536 3589 3744
4  2958 1164 3608 3881
4  1254  465 2381 2667
4  3457 2962 3643 4043
4  1884 1616 2029 2132
4  1226 1214 2169 2431
4  1535  905 1741 2079
4    19   16  291 2137
4  1588 3428 4043 4248
4   681  648 1059 1754
4  2840 1837 3363 4006
4  2423 1570 2874 3323
4   788 1280 2049 2901
4  1198 1020 2279 2961
4  1367 2523 2561 3843
4   803  541 1548 3418
4   956  741 1081 2245
4  3123  974 3561 4181
4  3566 3306 4181 4340
4   857 1337 2397 4279
4  1080 1189 1314 1495
4  1051  894 1165 2475
4  1019 1783 2376 3719
4   447  427 1065 3383
4  1105  926 2337 3679
4  1366  754 1497 2772
4    82 2293 2446 3422
4  2481 1938 2501 3347
4   255  256 1584 2663
4  3584 3493 3585 3776
4  1247 1616 1750 2039
4  1616 1247 1884 2039
4  1820 2413 2615 2619
4    22 3590 4042 4236
4  1078  341 1403 2614
4   686  385 1220 2936
4   769  864 2798 4039
4  1243 1247 1793 2039
4  1247 1750 1793 2039
4  2133 1569 3161 3456
4  2077 1464 2085 2239
4   842 1061 1239 1708
4    62   64 3607 3645
4   511  780 1136 1621
4  1721  667 4059 4251
4  1179 2091 2147 2883
4  1505 1348 1779 2056
4  1073  955 1579 1604
4  2471 2359 3183 3467
4   740 1037 1373 2960
4  3686 3770 3820 3905
4  1017 1172 1276 1858
4  1832 1450 1902 2707
4   998  460 1780 2418
4   914 1218 2010 2738
4  1020 1668 2051 2961
4   277  744 1457 2754
4  1825 1386 2429 3477
4   698 1158 4403 4409
4  2141   47 2528 3286
4  1104 2013 2172 2933
4   546  564  805 2558
4  1413  780 1621 2739
4   219  218 2608 3728
4   253  252 1829 2867
4  1051 1326 1918 2777
4   232  231  230 1937
4   924  686 1780 2883
4   384  457 1334 1729
4   191  192 3291 3321
4  1787  985 1873 3154
4   258 2107 3153 2935
4   474 1005 1851 1877
4   304  479  643 1378
4   479  510  576 1378
4   518 1349 1534 1864
4  1293 1735 1840 2144
4  1159 1657 1765 2425
4  1513 1201 1763 2136
4   914 1218 3084 3424
4  3063 2793 3705 3859
4   671  645 1029 2333
4   576  510  723 1378
4  1819 2712 2998 3021
4  1231 3357 3542 3599
4  2869 3117 3857 4359
4  1000 1806 1954 2144
4  1938 2481 2567 3347
4   854  914 3084 3424
4  1218 3062 3084 3424
4  2728   37 3548 3980
4  1781 2497 2711 3673
4   128  129 2189 2745
4  1623 1616 1884 2132
4   800  436 1211 2333
4  1182 1399 3859 4112
4   449  447 1051 1864
4  1789 2301 2581 2804
4   447  449 1165 1864
4   769 1199 2798 3481
4   449 1051 1326 1864
4   325  355  371 3658
4  2706 2657 3969 4147
4  1625 3759 4062 4311
4   222 2203 2921 2977
4   333  377 1002 1382
4  2546 1710 3591 3839
4  2546 3028 3750 3839
4   692  333  710 1382
4   710  333 1002 1382
4  2771 1112 3087 3110
4   380  692  710 1382
4   464  380  710 1382
4  1071 1300 2771 3110
4  2824 1315 2998 3149
4   420  517  932 4163
4  3114   34 3956 3992
4  3405 1009  883  773
4   848 1505 3381 3841
4   899 1153 2240 2480
4   835 1458 2337 3679
4   700 1233 1253 2760
4  1432 1456 1933 2247
4   228  229  227 3729
4   500  469 1129 1417
4  1522 1093 2828 3961
4   722 1142 1968 3018
4  3996 3143 4288 4292
4   672 1135 1258 2178
4   437  313 1572 2882
4   894  804 2475 2957
4  1911 1700 2774 4252
4  2721 3240 3648 3867
4  2089 2501 2522 2755
4  2332 1313 2430 2594
4   262  693 1185 3945
4  1002  597 2543 3433
4  2826 2985 3745 4016
4  1772 1501 1855 1905
4  1264 1080 2956 4179
4  3398   24 3505 3624
4  2482 3141 3371 3415
4   889  986 2596 3211
4  2948 1552 3209 3495
4  3175 3169 3176 3262
4  2819 3759 4148 4250
4  2153 2552 3651 3735
4   919  780 1986 3774
4  1262 2555 2829 3382
4  3018 2060 3651 3871
4  3806 4114 4305 4321
4  1157 1529 2660 2990
4   744  277 2414 2754
4  1427 1648 1816 3674
4   492  444  635 1662
4  3596 3678 3958 4299
4  2290 2278 2354 2376
4  1360 1875 2087 3037
4   401 1738 3541 3599
4  1143  919 1551 1679
4   728 1664 3818 3967
4   651  820 1123 1812
4   934 1377 3883 4320
4  1821 1295 1977 2617
4   941 1262 1964 2085
4    98 1214 1949 2431
4  1401 1335 1927 3456
4   674  604 1187 1391
4  2274  549 3080 3420
4   409  391  499 1391
4  2217  812 3016 3242
4   522 1253 1329 2928
4  1160 2441 2716 2821
4   877  476 1453 3004
4   769 1197 1549 2242
4  2237 2068 3042 3490
4  1670 2068 3207 3490
4  2353 3088 3425 4177
4  3417 2727 3533 4398
4  1489 1267 1556 1642
4  1380 1040 1725 2216
4  1792 1849 3069 3410
4   252  253 1746 1955
4  3700 3028 3740 3839
4  1255 1502 2757 3434
4    95   97 2879 2949
4  3877 3779 4341 4378
4  1842 1855 1905 3868
4  2861 4095 4298 4375
4  3400 1528 3401 3981
4   934  441  980 1523
4   275  274 3949 3984
4  1830 1499 3787 4239
4  3469 2308 3566 4286
4  1469 2678 2934 2975
4   253  254 2113 2867
4  1424 1398 2270 2535
4   719  962 1391 1970
4  2678 1469 3218 3615
4   599  930 1558 1848
4  2227 2339 2913 2996
4   912  830 1286 1535
4   746 1291 1321 1770
4  1945 1406 2218 2773
4  1159 2141 2762 1669
4   522  599 1665 1973
4  1026 1259 1389 2474
4  1041 1636 1789 3096
4   720  515 1810 2823
4   515 1810 2823 3257
4   654  855 2322 2502
4   475  860  894 1527
4   208  207 2089 3022
4  1042  723 1166 1442
4  2458 2086 3597 3632
4   762 1374 2483 2579
4  1024 1264 2014 2368
4   708  483  849 3345
4  1660 1940 1957 2017
4   721  923  931 1613
4   235 2388 3082 3421
4  1317  532 2182 3223
4   547  772  773 1798
4  2842 4035 4041 4127
4  1714 2084 2959 3782
4   765 1069 2110 2120
4  2660 2093 3402 4169
4   723 1379 2134 2759
4  1569 1601 1741 1867
4  1393 1640 2349 2778
4  2596  986 3113 3211
4  1765 1173 1903 2515
4  1476 1952 2380 2444
4  3682 1583 3685 4050
4   814  312 1347 1973
4   692  380  710 3342
4  1419 2948 3418 3495
4  3407 2192 3471 3520
4   871  799 1502 2373
4  1829 1858 2133 2287
4  1947  971 2596 2600
4   593  491 4014 4175
4  2011 1869 2975 3316
4  2008 2079 1640 2246
4  1538   26 2768 3078
4  3326 3082 3459 3673
4   892 1139 1408 2219
4  1132  658 1782 2732
4  2350  883 3085 4084
4   610 1892 2088 4163
4  2404  195 2487 2717
4    57   56 3314 3983
4   206  208 2089 2605
4   759 2760 2928 3092
4   805  775  459  598
4   994 1949 2681 3167
4   489 1164 2735 2958
4  3352 3687 3708 3874
4   894 1051 1918 2475
4   892  839 3581  489
4  2573 2828 3337 3961
4  1052  894 1918 2475
4   593  777 1382 2543
4  1745 1499 2398 3203
4   602  907 1659 4393
4   471  443  496 3332
4  2078 2322 2573 3521
4  1499 1755 2398 3203
4  1488 1499 1745 3203
4  2995 3178 3525 3555
4   690  821 1368 1416
4  1328  465 1525 2667
4  3447 3446 3522 4340
4   974 3280 3561 4181
4  3446 4286 4289 4340
4  3280  974 3306 4181
4  1832 1959 2455 3909
4   557  718  865 1617
4  3687 3539 3707 3874
4  3169 3175 3176 4384
4   924 1137 1541 2418
4   405 2222 2414 3878
4   465  667 1392 4251
4   506  450  900 1440
4   419  284  458 4404
4  1643 1658 2549 4127
4  3473 2231 3671 3681
4   515  980 1523 3095
4  1489 1565 1666 3507
4  1206 1800 2051 2961
4  1193  813 1393 1591
4  1606 2342 3073 4360
4  1162 1869 2011 2987
4  1012  565 2701 2772
4  1954 1478 2184 3331
4  1259 1029 1389 1494
4  1029 1259 1411 1494
4  1314 1189 1772 1785
4   659  599 1558 1848
4   599  744  930 1848
4  1032  975 2407 2420
4   285  301  947 3619
4  3605 2478 3883 4096
4  2785 2296 3214 3497
4  1601 1600 1734 2283
4  2545 2813 3343 3579
4   214 3413 3979 4248
4   789  614 3464 3572
4  1223  671 1447 1622
4  1032  975 2420 3542
4   639  491  757 2286
4  2117 2571 2766 3229
4  1400 1519 2235 3977
4  2894 2865 3412 4010
4  2674 1224 2724 3381
4  1936  751 2015 2579
4  2342  998 2547 3073
4  3349 3348 3710 4366
4  1967 1942 2604 3326
4  2261 1974 2330 3718
4  1183  727 1643 3963
4  1426  821 1919 3875
4  2597 3175 3231 3262
4   624  928 2893 3419
4   313 1598 4105 4253
4  2498 3408 3877 4371
4  1186 2018 4185 4371
4   127 2946 3035 4084
4  2995 2350 3085 4084
4  3446 3133 4213 4318
4  1177  932 1462 3438
4  1791 1900 2718 3072
4   948  597  991 1419
4  2460   91 3111 4137
4   867    0 1350 1431
4  1525 1106 2249 2419
4     8  867 1246 1431
4  1604 2055 2781 3141
4  1047  767 1481 4058
4  2239   83 3125 3741
4  2385 1418 3159 3724
4   173 2747 3320 3888
4  1380 1977 3897 4076
4  1478 1491 1954 2041
4   450 1239 1440 1509
4  1195 1572 2882 4418
4   402  403  895 1899
4  2723 1264 3450 4179
4   683  456  798 2583
4  1533  536 4356  850
4  1061  842 1239 1516
4    37 2209 3548 4056
4   188 2149 2729 3962
4  1705 1221 1766 2744
4   466  515  720 1629
4  1327 2161 2167 3036
4   353  710 1002 1877
4   932  950 1177 3842
4   568  852  943 1444
4   460  466 1220 2694
4  1978  189 3285 3684
4   607  892 1654 2474
4  1026  822 1259 2474
4   619 1284 1374 1518
4  2724  704 3841 4036
4   727 1440 1639 2081
4  2916   47 3029 3140
4  2733  883 3405 4084
4   248  247 3161 4116
4  1851 1005 2144 3385
4  1417 1129 3543 4408
4  2920 1847 3202 3579
4  1223  606 1472 1622
4  2190 3033 3201 3654
4  3446 3563 4286 4340
4  1306  979 2357 2561
4  1099 1812 2734 3733
4   659  781 1318 1848
4  3745 3314 3983 4016
4   455  411  538 3356
4  2234   38 2319 2524
4  2818   72 2929 3685
4   931  984  994 4038
4   873 1075 2202 2250
4   174  173 3060 4010
4   417  714  964 1892
4  2822 2796 3532 3663
4   946  925 3623 3627
4  1149 2026 2098 3952
4   576 1378 1862 3189
4  2167 1327 3036 3090
4  2050 2589 2903 3336
4  1422 1401 1569 1601
4   288  457 1334 4012
4  1190  733 1844 2962
4  1673 1390 3715 4401
4  1644  244 1816 2252
4   282  345  348 2993
4  1568  942 2923 4016
4  1568 2923 3314 4016
4  3337 2828 3521 3889
4  1818 1667 2361 3154
4  2026 1385 2098 2739
4   409  305  752 3659
4   476  414  638 1453
4   322  476  638 1453
4   476  322  877 1453
4   310 1185 2120 2410
4   481  913 1350 1431
4     8    0  867 1431
4  2013 2172 3266 3826
4  3548   37 4056 4300
4    73 3050 3682 4050
4  2214 2261 2330 3274
4  3707 2197 3708 3874
4  1487  953 2012 2372
4   377  633  837 3831
4   990  540 2186 2358
4  1755 1859 2398 4085
4  3362 2919 3545 3847
4  2088 3987 4163 4216
4  3169  586 3176 3262
4  2922 1593 3942 4049
4   811  788 1020 2830
4  1851 1005 3385 3614
4  2894 1997 3797 4093
4  1419  786 1540 1552
4   312 1140 1403 4342
4   625 1040 1380 1557
4   655  513  677 3599
4  2504 1070 2954 3194
4  3178 2519 3179 3298
4  1492 2277 2707 3974
4   984  958 2738  994
4  2249 1525 2419 2802
4  1728 1371 2375 2446
4   473  626  873 1498
4  2237  164 3540 3687
4  2189  129 3028 2745
4   591  662 1233 1473
4   532  292  429 2182
4  1412 1038 1493 1503
4   881  422 1546 2444
4   678  765  890 2394
4   353 1002 1651 1877
4  1638 1733 1761 1993
4  2362 2826 2985 3268
4  3352 3207 3540 3687
4  2983 1606 3620 3635
4   985 1352 1454 1787
4   585  384 1334 1729
4   697  579 1886 3804
4  3742 2695 4122 4309
4  1861 1569 2812 4116
4   252 1734 1955 2283
4   367 1082 1655 1952
4  2702 3114 3290 3475
4   981  912 1286 1547
4  1447  754 1574 2860
4  2163 1561 2510 2688
4  1508 2101 2764 3519
4  2529 1857 3195 3977
4  3343 2885 3517 3630
4  1866 1200 2227 2996
4    69   70   68 2622
4  1468 1351 1728 2408
4   900  868 1440 4113
4  2519 2997 3179 3298
4  2747 3070 4093 4276
4  1073  955 1604 2563
4   848  553 2992 3842
4  1290 1390 2839 2933
4  2868 2951 3912 4395
4   904 1462 1520 1760
4   894  804 1052 1527
4    99 2169 2811 3347
4   772 1273 2121 3894
4   758 1410 1415 1443
4  1277 1050 3714 3898
4  1322 1351 1375 1688
4  3686 1700 3770 3771
4   916  687 1231 1636
4  1576 1252 3988 4235
4  1440 2081 3963 4113
4   588  470  797 2965
4   946  355 1334 3391
4  1138 1036 1298 1773
4   669  552  678 2410
4   223  221 2624 2977
4   711 1657 2198 2363
4  2893 3491 3493 3584
4   680  834 1121 2684
4   731 1796 3193 3296
4  1916 1675 2198 2254
4  2185 2127 2642 3245
4  2847 2712 3746 3908
4  1081  741 2176 2245
4  1985 2480 2568 2999
4   418  466 1220 1629
4   515  466  980 1629
4   466  418  980 1629
4   243  242 1816 2634
4  1212  935 1819 2917
4  1502 1514 2373 2973
4   930  744 1347 1848
4  3469 3053 4286 4370
4  1566 1993 2114 2374
4   436  606  671 1447
4   421  436  671 1447
4   693 1103 1185 2968
4  2604 2769 3326 3683
4  1759 2122 2567 3347
4  1329 1253 1445 1473
4  1237  662 1253 1473
4  3789 3756 4194 4226
4  2980  991 3519 4227
4  3779 3789 4194 4226
4  2569  755 2595 2917
4  2903 2589 3502 3809
4   392  400  620 1693
4  1855 1772 1905 1958
4  2411 1710 2477 2978
4   167 3299 3632 4161
4  1073 1579 1979 2081
4   852  369 1086 2576
4  1439 1480 2253 2449
4  2796 1771 2822 3532
4   541 2108 3220 3831
4  2396  319 3464 3572
4  3543 3117 4106 4406
4   941  586 1817 2666
4  2481 2267 2755 3005
4  2325 2730 3315 3976
4  1295  935 1635 2129
4   386  776 1664 3955
4  3272 3227 3698 4271
4  3227 2213 3865 4360
4  1223  794 1336 1876
4  1465  242 1628 1644
4  2429   88 3217 3498
4  1277 2593 2827 4031
4   688  950 1191 1451
4   121  120 2488 2615
4   337  477 2047 4192
4   678  310  765 2410
4   420  638  932 1453
4   420  322  638 1453
4   322  420  431 1453
4   431  420  932 1453
4  1407 1555 2827 3891
4    78 2341 2685 2834
4  1590 1553 2713 3715
4  1960 1801 2447 2843
4   176  178  177 3032
4  1790 1576 1809 2000
4  2699 2645 3119 3437
4   519  586 1698 3176
4  2375 1395 3136 3422
4    92   94 1047 3657
4  3486 3202 3579 4195
4  2395 2345 3079 3492
4   364  875 2911 3376
4  1804 1780 1902 3315
4  2123 1603 3591 3700
4   887  608 1245 2390
4   753  826  961 2390
4   429  279  532 1457
4   279  429  438 1457
4   438  429  532 1457
4  3318 2190 3737 3738
4  1684 2226 3876 4164
4  3127 1684 3876 4164
4  1606 1595 2989 3414
4  2683 1722 3416 3621
4  2049 2340 2656 3048
4   638  714  382 1892
4  1510 2065 3328 3951
4   850 1533 2416 4356
4   653  684  961 2390
4   506  959 1043 2406
4  1869 2975 3316 4151
4   417  382  714 1892
4  2500 2586 2626 2822
4   797 1134 1250 1849
4  2419 2136 2746 4160
4  1683 1685 3127 3236
4  1493 1354 2493 2710
4   955  872 1360 1875
4  1364 1479 2073 3065
4  2432 3812 4156 4210
4   620  393  911 1693
4  1569 1401 2616 3456
4   349  435 3622 3846
4   893  318 1324 2993
4  1117  808 1268 2393
4  2086 2457 2458 3597
4   616  807 1038 2771
4   414 1107 1516 1532
4   423  414  688 1532
4   608  524 1677 2991
4  1544 1626 3404 3914
4  1871 2236 4078 4124
4    58 3272 3698 4271
4   152 2802 3188 4005
4  1054  701 1117 4048
4   833 1178 2111 2582
4   775  564 2298 2558
4  3008 3439 4220 4395
4   722 2053 2094 2445
4   689 1038 1503 1511
4  2102 1769 2174 3323
4   422 1476 1503 1546
4   801 1531 2338 2831
4   632  539  701 1613
4  1368 1410 2226 4024
4   701  539 1044 1613
4  1209 1070 1386 3477
4  3604 1415 3917 4024
4  2449 2253 3917 4024
4  1799 1123 1836 2391
4   294   16  296 1467
4   332  267 1074 1467
4    67   65 2256 4144
4  3266 2866 4317 4379
4   580  289  969 1467
4  1987 2171 3130 3840
4   361  580 1046 1467
4   361  289  580 1467
4   266  289  296 1467
4   267  266  296 1467
4   267   16 1074 1467
4    16  267  296 1467
4   969  289 1194 1467
4   266  267 1194 1467
4   289  266 1194 1467
4   267  969 1194 1467
4   267  332  969 1467
4  4174   68 4305 4322
4    27   26 1538 2817
4  1718 1714 2959 3782
4  2058 3480 3481 3848
4  1808 1157 2660 2990
4   719 1391 1928 1970
4   530  579 1558 4417
4  1478 2041 2184 2682
4   831 2209 3664 4056
4   281  313 1195 1572
4   753  826 1539 1599
4   147 1405 1934 4244
4   471  496  596 3015
4   842 1506 1509 1515
4   487 1655 3251 4304
4  2495 1530 4017 4038
4  1213 1131 1630 1793
4   629 1272 2281 3855
4  1089 2218 2684 2701
4   308  271 1296 2968
4  2309  639 2887 3016
4   586  519  952 2118
4   966 2314 2576 2642
4  1739  735 2662 3930
4  2050 1300 3183 4162
4  1998 2100 2254 3172
4  3228   59 3366 3443
4  2171 2198 2334 2364
4  1415 2449 3917 4024
4   640    9 1452 4349
4   347  713  814 1615
4  1801 2447 2843 3717
4   831 3403 3548 4056
4  1450 1010 1541 2368
4  1424 2270 2326 4262
4   752 1251 1550 2381
4  2985 2295 3097 3272
4   958  984 2738 2273
4   346  352 2210 3920
4    45 2205 2332 2430
4  1509 1506 2159 4156
4  1082 1952 2380 3107
4  1251 1016 1342 2381
4   752  373 1251 2381
4   715  616  807 1476
4   807 1038 1412 1476
4   179 2700 3198 3479
4  1708 2016 2159 3186
4   416  632 1454 1504
4   602  706 2294 4277
4  1669  649 1893 1968
4  2139 1411 3120 4268
4   715  564  732 2298
4  3348 3349 4217 4366
4   845 1122 1893 1968
4   502  787 1402 2000
4   862  416 1454 1504
4   632  736 1022 1504
4  1799 1836 1839 3702
4  1802 2627 2636 2858
4   751 1582 2108 2970
4  2276 1209 3702 3811
4  1870 1885 4276 4281
4  1677  863 3109 3365
4  1157 1833 2093 2660
4  1675 1916 1998 2254
4  1560 3667 3833 3840
4  1402  502 1809 1952
4   487  922 2907 3011
4  2696 2761 2789 3152
4  1932 1672 2505 3200
4   981 1275 1456 1547
4   723 1042 1166 2134
4  3643 3763 3979 4043
4   995 1166 1938 3167
4   922  487 2809 3011
4  1275  981 1286 1547
4   735 1147 1375 1587
4   545 1729 2601 4385
4  1513 2136 2673 3238
4   916 1298 1980 2441
4   652  477  988 1517
4   245  244 1908 2252
4   572  627 2038 2379
4   624  451  735 1533
4  1878 1957 2033 3452
4   464  554 2668 2749
4  1750  230 2029 2132
4  1461  977 3354 3716
4  2224 2190 2516 2545
4   931  923 1931 2199
4   815  440 4124 4246
4  1172 1017 1276 1640
4  1756 3686 3771 4081
4   235  234 2497 2711
4  2154  790 2625 4128
4  1837 2840 3688 4006
4   562  332  675 3838
4   988  477 1376 1517
4  2660 3402 4118 4169
4   451  536  735 1533
4   506  868 1043 1632
4   524  417  610 1659
4  1004  736 1022 1899
4  3709 3348 3801 4218
4   362  337 2047 4192
4  1636 1603 2191 3591
4  2821 2635 3094 3808
4  3013 2779 3069 3250
4  3113 3699 4232 4233
4   846  461 2245 2402
4  2566 1668 3226 3267
4   278  276  522 2394
4    33 3021 3290 3387
4  1188 1471 2025 3967
4  2779 1792 3069 3646
4  2835 2683 3291 3321
4   654  572  747 2173
4   521 1066 1300 2173
4   499  576 2665 4200
4  3100 3408 3861 4083
4  2173 1151 2631 3716
4  1139 1283 1408 2860
4   422  574 1546 2444
4   977 2173 3183 3716
4  1038 1412 1476 1503
4   689 1038 1476 1503
4   806 1996 3568 4129
4   317  375  838 4234
4  3548 3372 3549 3980
4  3027  946 3258 3627
4   545  794 1164 3608
4   909  812 2192 3407
4  2590 1633 2734 3149
4   122  124 1156 2076
4  2173 1370 3183 3716
4   726 1810 2342 3071
4   495 1184 1812 3733
4  2066 1487 3858 4029
4  2295 2983 3758 4247
4  1299  797 1463 2494
4  1494 1288 2742 3318
4   565  544 2684 2772
4   915  590 3966 4051
4  2204 2862 3270 3473
4  1511 1503 1950 3087
4  3130 1594 3444 3836
4  2382  886 4059 4251
4   213  212 3773 3851
4  2946 2577 3035 4084
4  1602 1636 2187 2191
4  2263 1995 2700 3198
4  1636 1602 2187 1138
4   730 1025 1103 1835
4  1467  334 4265 4342
4  2300 1690 2659 3899
4   308 1103 1185 1835
4  1013  882 2941 4037
4  2368 1495 2651 2707
4  1385 1155 1466 1621
4  2466 1338 3139 3353
4  1861  249 2283 3039
4  1828  802 2038 2816
4  3357  677 3542 3599
4  1531  801 2772 2831
4  2310  184 2877 4199
4  2521 1882 2530 2954
4   359  551 1363 4259
4  3375 3709 3801 4218
4  2725 1406 2772 3330
4   724 1183 2646 3259
4   619  745 1284 2422
4   755  463 2569 2595
4  1476  422 1941 1952
4  2278 1786 2550 3089
4  2915 1205 3397 4171
4  1202 1706 2195 3628
4  1552  928 2345 3076
4  1155 1178 1413 1621
4  3215 1152 4026 4312
4    53 2955 3239 4328
4   420  907 1144 1744
4  1108 1699 2949 2966
4  3638 2428 4190 4261
4  1818 1108 2949 2966
4   491 1210 3324 4014
4  2921 1842 3900 4361
4  1725 1039 1727 2216
4  3431  160 4054 4132
4   780  511 1413 1621
4   848  553 3842 4266
4   769  670 1199 1626
4  2859 2116 3369 3405
4  3321  192 3388 3429
4  1966 2541 3684 3962
4  2002 2125 2272 3864
4  2776 2494 3967 4201
4  1792 1193 1794 1920
4  1708 1061 1907 3995
4  1823  751 2579 4109
4  2308 2217 3262 3306
4   869  411 1126 2323
4   373  404  623 2074
4  2207 2748 3019 4239
4  2532   63 2990 3038
4   418  426  441 2219
4   150 2188 3721 3850
4   815 2609 3551 3990
4   607 1654 2466 2474
4  2215 1119 2434 2518
4   451  624 1994 3966
4   441  892 1408 2219
4  3134 3052 3793 4174
4  1286  912 1535 1547
4   453  445  843 2436
4   672  422 1476 1503
4  2423  140 3323 4149
4   747 1151 1235 2173
4  1791 1900 1960 2336
4  1091 1279 4126 4323
4  2093 2214 2488 2533
4   808 1054 1268 1504
4   808  632 1054 1504
4   591  712 1233 3092
4  1907 1061 2278 3995
4  1591 1193 2186 2377
4  2092 1121 3017 3173
4  1961 2815 4157 4382
4   193  192 3321 3429
4  1458  835 2416 3679
4  2119 2071 3675 3866
4  2509 2859 3178 3588
4   961 1028 1798 4055
4  1014 2260 2383 2496
4   372  637 3518 3527
4  1137 2418 3027 3071
4   968 1393 2349 2778
4  1335  859 1397 1534
4  1079  707 1186 1553
4  1573  259 1585 2107
4  1574 2758 3703 4365
4  3566 3175 4140 4339
4  2468  815 4078 4245
4   506  450 1509 1516
4  1573 1535 1585 1640
4   319  487 1184 3733
4  2378 2506 3181 3882
4  2956 1264 3450 3693
4  2173 1370 2379 3183
4   784  415 1656 2911
4   937 1535 1573 1640
4  1616 1750 2029 2132
4   461  846 3666 4073
4    48 3234 3286 4111
4  1995  670 2851 3725
4   909 3453 3504 3512
4  2597 1817 3242 3512
4   667 1721 2902 4095
4  3211  719 3243 3735
4  3404 1583 3682 4050
4   666  891 1542 4060
4   593  731 1923 1943
4  1386 1825 2530 3477
4   435  362  439 3622
4   721  400 1613 1813
4   857 2066 3858 4029
4    92 1258 2631 3165
4  1173 1159 1765 2425
4   962 1906 3211 3261
4   962  719 1187 3261
4   890  841 2394 4000
4   371  436 1729 3870
4  2673 1176 3553 4046
4  3530 3301 4172 4335
4  3654 2035 3669 3737
4  2136 2673 3553 4046
4   332  562  969 3838
4   887  452 1514 3736
4   895  956 2158 2744
4    44   46 2351 2537
4  1262 1244 2555 3382
4   974 3123 3216 4384
4  3251 1263 4297 4304
4   893  427 2810 2993
4  3244 1869 4151 4305
4   617  703 1679 3541
4  1591 1362 1991 3732
4   536  451  850 1533
4   597  948 1322 1533
4  1430 1548 3078 3418
4   566  414 1107 1516
4   414  566  688 1516
4   842  566  904 1516
4   904  566 1107 1516
4   564  715  775 2298
4   842  904 1515 1516
4   996 2075 2232 3573
4  1035 1281 1889 2511
4   996 1098 2229 3573
4   988  652 1368 4180
4  1017  679 1362 3129
4  1443 1687 1689 1858
4  1361 1203 1589 1858
4  3126 2466 3353 3784
4  2450 3544 3755 3903
4  1589 1172 1829 1858
4  1017  690 1443 1858
4   532  429 1317 2182
4  1361 1612 1687 2152
4  1718 1714 2664 2959
4   603  453  843 2436
4  1107  366 1219 2274
4  1587 2375 2662 3930
4  2269 1037 2960 3322
4  2019 2682 3013 3378
4  1585 1573 1640 2632
4  1585 1640 2246 2632
4  1597 1566 1620 2114
4  2463  955 3842 4266
4  3003 3926 4021 4120
4  1538 2077 2817 3075
4  1806 3778 3971 4331
4  3237 3971 4042 4331
4  2140 2327 2691 4249
4   134  135 3585 4208
4  1302 1094 1970 2042
4   648  713 2170 2315
4  2662 2375 3136 3930
4   159  160 3431 3922
4   443 2476 3105 3332
4    46 2205 2496 2565
4  2553 1297 2766 3937
4  2761 2055 4183 4228
4  1089 1280 2218 2773
4  3130 1594 3836 3840
4   928  451 1533 2668
4   465 1254 1328 1525
4  1066 1071 1300 2771
4  1018 1580 1592 3798
4   464  554  630 2668
4  2822 2984 3228 3364
4  1262  586 2666 4051
4  1075  873 1597 2250
4  1696 1732 1761 2250
4  4034 1930 4307 4308
4  1502 1466 1944 4392
4    17  419   18  458
4   419   18  535 2137
4  1837 2012 2452 2919
4   796  485 1030 2312
4  1547 1456 2107 3153
4  1600  821 1612 1919
4  1422 1286 1601 1919
4  1601 1612 1861 1919
4    99  100 2453 2811
4  1206  565 1800 3623
4   100   99 2169 2811
4   774    8 1246 2490
4   894  917 1527 1918
4  3473 2204 3677 3681
4  3093  150 3721 3850
4  1623 1972 3292 3523
4   587  425  938 2066
4  1735 1491 1788 2144
4   759 1232 3056  841
4  1707 1830 2083 2157
4   789 2396  614 1146
4  1748 1907 1917 2143
4  1310 1696 1761 2250
4  2807 2318 3055 3328
4   318  345 1324 2993
4  1735 1788 1806 2144
4  3013 2779 3250 3747
4   510  587 1141 3424
4   877 3004 3658 4182
4   694  320 3105 3332
4   557  674 1675 2924
4   670 1199 1995 2798
4  2540 1436 2653 4077
4  2433 3123 3124 3441
4  3332  694 2476 3105
4   366  450 1107 3751
4  1000  885 1005 1954
4  2464 1626 2716 3862
4  2267 1759 2481 2522
4   526  756 3148 3174
4   326  589 2456 3142
4   929 3994 4071 4073
4   757 1222 2438 2562
4  1478 1491 1851 1954
4   667 1392 1423 2667
4  1283 2982 3618 3753
4  1283 1128 2982 3753
4  1292 2402 3666 4073
4   815 3551 4078 4245
4   148 3409 3634 3752
4  2346 1993 1188 1638
4  1940 1895 1957 2132
4  2895 3003 3325 4021
4  1804 1854 2091 2119
4   128 2477 2546 2978
4   871 1502 1514 2373
4   705  978 2722 3965
4  1623 1895 1940 2132
4  2578 2527 3189 4019
4  1564 2624 2651 3049
4   720  819 1479 1672
4   681  713  804 2957
4  3350 3032 3960 4008
4  2836 2670 3643 4088
4  1464 2829 3125 3382
4   653  695 1659 1898
4  2184 1192 2186 2377
4   575 1251 1742 2705
4  1588 1580 3340 3341
4  1580 1536 3340 3341
4  1295 1747 1977 2617
4  1767 2174 2487 2617
4  1767 1295 2174 2617
4    88   86   87 1650
4   694 2476 3105  348
4    48 3140 3192 3234
4  3731 3925 4145 4336
4  2013 1542 2864 4060
4   597  928 1533 2668
4  1203 1276 1432 1584
4   665  409  832 1550
4  3166 3011 3880 4001
4  1962  447 2475 2810
4  1043  959 2103 3074
4  3543 1355 3554 4406
4  1817  586 3169 3262
4  1132 1344 1662 1782
4  1581  879 2147 3896
4  1168 2542 2654 3487
4   603  483 2792 3855
4   928  948 1533 3076
4  1524  999 2914 3919
4  1639 1694 2016 2550
4   658  275 1775 1782
4   649  373 1893 1968
4  2575 1387 2584 2640
4  1797 1634 3582 3583
4    32   33 3387 3943
4   312  792 1347 1973
4   949 1444 1884 1895
4   943 1217 1824 1895
4   186 1154 1609 2770
4  1425 1364 3200 3775
4  2672 2499 3798 4184
4   684 1028 1136 2534
4  1211 1270 3608 3965
4  3653 3557 4142 4220
4   292  305 3593 3665
4  1357 1924 3288 4284
4   366  549 1219 2274
4  1188 1638 1666 2374
4  1642 1188 1666 2374
4  1197  871 1245 1549
4   769 1197 1245 1549
4   793  580  969 3838
4   316  527  528 2661
4   108 3318 3737 3738
4  1974 1885 2045 3718
4  1709 2065 2077 4117
4  1840 1310 1851 3020
4   887  653 1659 1898
4   416  542  736 1828
4  1095 1460 1736 2188
4   511  703 1413 1868
4  1264 1080 1495 2368
4  2297 2952 3012 3288
4  4286 3566 4289 4340
4  1871 1674 2344 2524
4  1826  757 3722 3795
4  1430 1222 1510 1548
4  1430 1510 1538 1548
4   950  431 1453 2409
4   170  171 2290 2376
4  2189 2269 2477 3711
4   807  831 1135 2178
4  3085 2296 3458 3496
4   347  658 2315 3949
4   960 3025 3508 3769
4  1832 1804 2091 3974
4   922 1099 2734 3733
4   597  464  630 2668
4  2045  228 2366 3275
4   367  422  881 2444
4  2725 2897 2925 3330
4  1311 1789 2191 2301
4  1728 1371 2293 2343
4   439  362 1517 2311
4   420 1744 2463 3842
4  1926 1856 2483 2541
4   524 1762 2088 3904
4  1189 1507 1772 1785
4  1734  251 1867 2283
4  2493 1396 3165 3716
4  1151 1461 1522 3716
4  2310  182 4077 4199
4   821  556 1517 2440
4  3913 3936 3944 3950
4   229  228  227 2366
4   878 3062 3424 4033
4   994  914 2010 2738
4  2356  185 3247 3248
4  3115 1966 3684 3962
4   662  492  930 1784
4  1004 1202 1828 2927
4  1442 2481 2501 3347
4  4008 3032 4044 4261
4   595  689 2415 4399
4   547  784 1028 1798
4  2014 1388 2203 2651
4  1874 2428 3244 4129
4   192 3263 3429 3510
4  2599  205 2607 3185
4  4004  107 4025 4045
4  1267 1421 1489 1556
4  1817  586 2720 3169
4   439  556 2047 3814
4  2051 1364 2106 3406
4   241 1684 2693 3170
4  2144 1735 3386 3787
4   319  307 1655 3572
4   985  440 1873 2609
4  1213 1243 1553 1793
4   981  912 1547 2751
4  2277 2624 3049 3819
4  2719   24 3505 3986
4   161  163 1881 2478
4   927 1049 2110 4234
4  1255 1986 2757 3455
4  3050 2301 2027 3103
4  1026 1774 3768 4147
4   494  289  543 4143
4  1678 2641 2664 3163
4  1145 2075 3461 3780
4   370  531  910 3107
4  3451  224 3957 4183
4  1888 1865 1912 2091
4  3417 1358 3543 4106
4  2426 2460 3706 4235
4  1354 3010 3335 3354
4   409  752 1550 3659
4   578  528  712 1615
4  2244 1538 2817 3075
4   609  713  743 1615
4   528  578  743 1615
4  3805 3957 4183 4228
4   976 1000 1005 2144
4  1211  671 1482 2224
4  1562 1596 2055 2563
4  1650 2370 3442 3498
4   200 2371 3467 4159
4   434  526  654 1561
4   434  493  526 1561
4   526  493  572 1561
4   642  529 1698 3176
4  1281 1477 1889 2511
4   251  252 1734 1867
4  3019 1859 3734 4239
4  3015  471 3906 4134
4  1601 1734 1741 1867
4  1618 1539 2200 2242
4   307  367  756 2444
4  3797 3863 4094 4186
4  1626 1160 3404 3914
4  2473 1672 3200 3482
4   378  353 1002 1651
4  1726 2282 3772 4293
4  1499 3237 4294 4331
4  1265  862 1352 1787
4  1986 1255 2508 3466
4   138 3501 4158 4213
4   846  929 4071 4073
4  2728   35 3012 3373
4  1492 1507 1564 2277
4  3106 1152 4132 4312
4   871  970 2373 2389
4   328  406  947 1712
4  1301 1142 1429 1594
4  1826 1510 2562 4241
4   839  441 1408 2654
4  2869 2739 3455 3559
4   599  659 1445 1598
4  3548 3372 3980 4300
4  1228  709 1886 4409
4  1064  765 1279 2110
4  1297 1182 1399 2625
4   916 1041 1789 4146
4  2904 3297 3880 3943
4  1313 1845 2430 2594
4   789  503 1252 3508
4  1570 1838 2423 2575
4   384  585 1137 3303
4  2306 1303 2422 3136
4  3471   85 3722 3795
4  1158 1886 3803 4409
4  2526 3703 4280 4365
4  1117  808 2393 4075
4   378  619  762 3121
4  2706 2941 3353 3676
4  1750 1692 1793 1996
4  1936 2015 2080 2483
4  2508 3375 3801 4218
4   576  499 1187 1697
4   552 1185 1835 2410
4   707 1186 2439 4371
4  1000 1702 1806 2144
4  1204  997 2744 3915
4    92   93 3639 4058
4  1475  711 2198 2363
4  1839 1799 1977 2617
4  1836 2174 2487 2072
4   683  741 2415 2697
4   824  973 2271 4354
4   521  480  725 1924
4   155  157  156 2034
4    55 2526 3743 3902
4   754  980 1497 1586
4   333  675  817 3838
4  3098 3413 3457 3802
4   541  377 2438 3433
4   631  545 1164 3257
4  2477 1710 2546 2978
4  2724 1744 3311 4266
4  1372 1267 1489 1642
4  3255 2302 3834 3905
4   534 1536 1580 1592
4   587  510 2759 2896
4   928  624 2345 3076
4   960 1200 1866 2503
4  1483 1451 1751 2756
4  3217 2557 3442 3817
4  2457 2956 3253 4179
4  3168 2508 3574 3801
4   288  268 1334 2436
4  1147  735 1994 2257
4  2303 3369 3806 4314
4  3458 1273 3496 4166
4  3403 3664 3972 4056
4   976 1637 1707 2083
4  1873 2335 2609 3990
4   508  817 1165 1956
4  1052 2475 2810 2957
4  1575  921 3259 3302
4    54   55 2526 4280
4   847  804  906 1962
4   397  386  641 2476
4   814  847  906 1962
4  1209  673 2391 2640
4   852 1086 1217 2576
4  1838 2174 2405 2423
4   440 1352 1871 4124
4   638 1892 4163 4285
4  1672  720 1932 2773
4   741 1081 2176 2609
4  2833 1984 2857 3132
4  1433 2481 2501 2572
4   912  540  990 3814
4  1499 1707 1745 1830
4   731  840 1796 3296
4   409  499  665 1697
4   418  358  636 2694
4  1766 2067 2131 3800
4  2588 2255 2591 3149
4   738  806 1692 1983
4  1203 1276 1584 1589
4   544  421 1447 2831
4  1105 1597 2124 2337
4  1018 1289 1021  699
4    44   46 2205 2351
4   408  644 1240 1581
4  2267 2522 3182 3294
4  1527 1052 1918 2810
4  1882 1727 2216 2521
4   239 1683 1685 3127
4  1391  832 1970 2633
4  1785 1772 1958 3445
4    69 2622 3134 3546
4  1180 1238 1703 2417
4  1388 1316 2014 2921
4  3159 2462 3265 3724
4   347  814  906 3878
4  2551 1353 2769 3054
4   856 1675 2100 2321
4    73   72 2581 3103
4   772 1798 1980 3054
4  2644 1345 3099 4207
4  1429 1142 1475 2053
4   654  434 1561 2688
4  1464 1709 1826 2077
4   329  351  742 3219
4  1527 2311 2942 3622
4   832 1094 1302 1742
4   796 1152 1690 4329
4  1477 2511 3279 3592
4  1041  687 1636 3096
4  2635  181 3094 3808
4  1594 3444 3836 3849
4   417  524  608 1898
4  1313 1302 2715 2931
4   493  320  818 3332
4   547  622  773 3357
4  1009 3405  883 3953
4   939 2177 2276 2504
4  1212 1315 1719 2591
4  1067 2604 3043 3683
4  1282 3375 3709 3801
4  1703 2417 3164 3461
4  3528 3632  167 3299
4  2589 3336 3564 3809
4  2554 2846 3570 3894
4  3403  831 3664 4056
4  1823 1582 2044 2893
4  2097 2884 3162 3420
4   564  715 1402 1952
4   581  607 1174 2474
4  1675 2100 2198 2254
4  3305 3504 4009 4274
4  1460 1400 3195 3800
4  1443 1416 1816 2252
4  2841 2213 3227 4360
4   974 2217 3280 3306
4   991  378 1002 3959
4  1151 1235 2173 3972
4  1056 1127 1553 1590
4  1243 1056 1553 1590
4  1319 3111 3112 3706
4  2070   44 2537 3310
4  1037 1138 1636 2187
4   664 2823 3257 4320
4  1432 1362 1456 1991
4  1748 1779 1803 2056
4  1105  926 1153 1638
4  1512 1067 1942 3399
4   451  536  776 1994
4  1021 1018 1654 2672
4   926 1105 1310 1638
4   430  494 1059 2942
4   992 2150 2197 3708
4   275 1344 1775 2492
4   962 1187 1391 1697
4  2796 2586 2822 2984
4  3678 2932 3958 4315
4  2563 2055 3415 3435
4  1662 1775  274 1782
4   193  192  191 3321
4  2049 2340 2566 2889
4  1322 1533 2101 2385
4   188 3115 3285 3962
4  1016 1251 1342 1742
4  2531 3195 3362 3478
4   807 2771 3403 3664
4  1447  606 1622 2831
4  1772 1501 1905 3835
4  1438 1678 1989 2151
4  1307 2460 3764 3950
4   229 2330 2366 2731
4  1164 3608 3881 3886
4   349  494  543 3622
4  2785 1686 3298 3526
4   499  409 1391 1697
4   557  326 1617 2456
4  1038  807 1412 2771
4  1608 2040 2031 2305
4   316  527 2661 3051
4  1106 1697 2665 4200
4   411  457 2323 2436
4   427  447 1065 1956
4   409  832 1391 1697
4  1735 2207 3386 3787
4  1096 1256 1329 1598
4  1096  313 1256 1598
4  1306  979 1862 2357
4  2126  903 4076 4240
4   979  995 1862 2357
4  1522 1151 2631 3972
4   747 1151 2573 3972
4  2689 2284 3892 4240
4   450  727 4176 4332
4  1481 1950 2371 3102
4  1043 1515 2103 2884
4  2220 2127 3350 4003
4   538  550 2792 4188
4  1627  819 1810 3257
4  2121 1980 2945 3054
4   447  449 1065 1956
4  1517 1439 1918 2311
4   736  461 1004 1828
4  1286 1397 1422 1601
4  1657  711 1669 1968
4  1657 1475 1968 2053
4  2375 2293 2719 3890
4  3148  574 4124 4246
4  2599 3180 3185 3800
4   239  240 1684 3127
4  1311 1160 2441 2716
4  3910 1961 4172 4382
4  2048  881 2146 2502
4   619 1284 1518 2564
4  1352  862 1454 1787
4   759 1973 2005 2928
4  1406 1089 2218 2773
4  1649 1543 2165 2898
4  2089  208 2585 2605
4  1854 1832 2091 2786
4   233  235  234 2497
4  4003 3626 4296 4316
4   461  403  956 2402
4   240  241 2095 3674
4  1139 1408 2219 2860
4  1273 1798 2604 3085
4  1732 1567 2145 2202
4  1436 1098 2653 4402
4  1012 1309 2106 4099
4   903  939 1977 3897
4  1387  746 2396 2907
4  1234 2839 1290 2017
4  1455 1822 1975 2063
4  1900 2369 2718 2843
4  2087 1327 2291 3037
4  1061 1907 2278 2550
4   291  430  582 4265
4   641  464  850 2749
4  2649   94 3165 3657
4  3134 2303 4114 4314
4  2097 1760 2261 3162
4  2795 1611 3397 3556
4  2938 2557 3817 3892
4  2407 1571 2519 3179
4   393  620  911 2485
4  3117 3417 3533 3857
4  1252  503 1576 3769
4  1402  537 1952 1941
4  3203 3013 3747 3767
4  2722  796 4037 4329
4  3432  153 4046 4298
4  2486 2644 3225 4207
4  2494  797 2776 3818
4   767  672 1546 2078
4   656  464  850 3785
4  1335 1569 1741 3456
4   830 1335 1741 3456
4   980  418 2219 3662
4   979  723 1116 1862
4   807 1412 2771 3664
4  1050 1277 1931 3898
4   806  524 2991 4321
4   576  723 1042 1862
4  1819 2702 3021 3290
4  3032  178 4074 4092
4  1286 1600 1601 1612
4   590  915 2612 3831
4  1816 1927 2252 2634
4  1482 1048 3608 3965
4  1623 1972 2021 3292
4  1290 1660 2017 2839
4  2042 1713 2892 4308
4   626 1498 1554 2202
4  1242 1180 1551 2540
4   487  789 1031 2849
4  1427 1648 2226 4024
4  3446 3501 3522 4340
4  1903  157 2034 2412
4   515  466 1810 3257
4   628 1035 1291 2511
4   483  708 3138 3345
4  1372 1489 1565 1642
4   852  568  943 1895
4  2400  943 3647 4212
4  2802 3188 3432 3552
4  2504 1747 3184 3882
4  3647  943 3826 4212
4  1174  607 1312 3139
4  2281 1272 3449 3855
4   645  421 4319 4369
4  1763 1513 1845 2931
4   508 1065 1956 3816
4   647  889 3211 3261
4  3093 3850 3898 4031
4   953 1454 2012 2452
4  1226 2122 2134 3347
4  3126 2466 3139 3353
4  1913 2190 2224 2545
4   226 3435 3760 3938
4  2073 1945 2473 3282
4  1179 1888 1890 2092
4  2865 2864 2894 3412
4  1674 1667 1787 2344
4  1450 1010 2392 3258
4   907  424 1144 1744
4  2025 1471 2560 3967
4   424  583  704 1744
4  2563 2696 3938 3963
4   132  133  131 4338
4   285  300 3619 4030
4  1400 2461 3195 3977
4   769 1197 2242 3873
4   975  967 1571 3365
4  1701 2312 3215 3982
4   476 1317 2182 3223
4   774 2211 2881    4
4  3102  993 3148 4100
4  2262 2750 2901 3708
4   429  283  770 3665
4   507  789 1281 2028
4   606 1223 1447 1622
4   350  505  795 3822
4   565 1356 2051 2106
4   393  442  911 1693
4   392  620  911 1693
4   866  814 1347 1973
4   792  599 1848 1973
4  1347  792 1848 1973
4   599 1347 1848 1973
4  1234 1104 1290 2933
4    31   30   29 1896
4  1290 2172 2866 2933
4  3689 3780 4254 4366
4  2367 2404 3235 3954
4  1123 1799 2183 2391
4  3007 2758 3670 3703
4  2230 2258 1846 2718
4  2487 1767 2506 3954
4   636  363  729 4346
4  2506 1767 3882 3954
4  1991 1591 3732 3991
4  1481 1950 3102 4100
4  1122  845 2281 3655
4  2228 2398 3942 4085
4  2829 3125 3232 3241
4   631 2735 3629 3883
4   800  436 2912 3870
4  3709 1261 3801 3824
4   628  559 1948 3853
4    84 3241 3453 3471
4  2126 1557 3176 3216
4  1004  956 2744 4380
4  1373 1636 1679 3096
4   922 1633 2907 3011
4   498 2047 3814 3846
4   439  556  859 2440
4  1083 1156 1577 1673
4  3014 1702 3668 4119
4  3067 3231 3388 3500
4  2544 1297 2625 2766
4  3449 2762 3655 3823
4  1042 1526 2522 3182
4   719  962 3211 3261
4  1748 1505 2056 3633
4   717  687 1041 3096
4  1477 1889 2511 3592
4   537  881 2078 3521
4   806  738 1692 1758
4  1252  502 1655 1809
4   564  732  737 1809
4  1031 3251 4297 4304
4  3008 3837 3857 4398
4  1018  822 1021 1654
4  2172 2866 3266 3826
4  2388 4053 4122 4309
4   737  732 1790 1809
4   503  502 1252 1809
4  1534 1349 1914 3236
4  1425 1364 1672 3200
4   353  473 1305 2965
4  2067 1705 2744 4380
4  1069 2110 2120 3757
4   635 1662 2110 3757
4  3062 1277 3858 4033
4   209 1879 2855 3833
4  2102 1769 2280 2592
4  2340 2049 2566 3226
4   829 1846 2258 2718
4  2014 2368 2651 2707
4  2578 1014 2652 4019
4  1173 1903 2094 2175
4  3101 2613 3592 4301
4  2112 1555 2265 2479
4   883  773 2733 3405
4  1067  961 1484 1798
4  1717 2354 2376 3829
4   464  641  850 3785
4   244 2634 2801 3284
4   150  149 1990 2188
4  1224 2674 3649 3928
4   614  306  691 3828
4  1798 1273 2733 3085
4   543  337 2942 4143
4   941  851 1369 1964
4   935 1212 1315 1719
4  1098  996 1486 1680
4  1842 1865 2091 3835
4   919  996 1098 1680
4   740 1037 1231 1636
4  1036 1138 1298 1636
4  1231 1036 1298 1636
4  1037 1036 1231 1636
4  1036 1037 1138 1636
4  1187  499 1391 1697
4  1200 2299 2502 3157
4   665  499 1379 1697
4   409  665  832 1697
4  1470 1856 2015 2483
4   665 1106 1201 1697
4  2161 1327 2208 3090
4  3333 1578 3450 3693
4  1249  679 1393 3129
4   727  573 1183 1643
4  1759 1225 1969 4089
4   940 2026 3952 4011
4  1826 1244 2555 2286
4  1281 1477 2028 2849
4  2788 1425 3775 3792
4  1216  701 1530 2853
4   653  394  887 1659
4   495  319 1184 3733
4   706  602  954 1659
4   602  695  954 1659
4  2589 1241 2814 3502
4   475  477 1376 4191
4   945  884 2433 3216
4  1171 1481 1950 2371
4  1351 1322 1468 1688
4  1707 1000 2144 4294
4  2932 1975 3603 3678
4  1986 1282 3709 3801
4  1302  832 1513 2633
4  1815 3025 3255 4067
4    84   85 3471 3795
4  1358 1145 3417 4082
4   626  873 1498 2202
4  1771 2765 2822 3532
4  1806 3014 3668 3778
4  1672 1364 2073 2473
4  2691  986 3211 3699
4  1617  483 1701 2655
4   171  172 2064 3829
4  1421 1489 1556 1642
4    58   57 3571 3698
4   144 2637 3063 3859
4   983  967 1647 2576
4   967 1032 1647 2576
4  1438 1678 1714 1989
4   489  581 2958 3483
4   199  197 1740 2168
4  1370 1066 1396 2173
4   239 1415 1648 2095
4   715  775 2298 3046
4  1166 2134 2522 3347
4  1445 1329 1473 2928
4  1796 1825 2530 3296
4  1796 2530 3193 3296
4  2530  495 3193 3296
4  1099  495 1812 3733
4   748 1009 1032 1647
4   748  966 1009 1647
4   980  934 1523 2623
4  2360 2181 2472 3150
4   159  158 3922 4139
4   195 2404 2506 3235
4  1804 1854 2119 4196
4  1916 2155 3029 3190
4  1641 1935 2399 3797
4  2369 1768 3441 4097
4  1984 1890 2686 3066
4  1044 1225 1759 4089
4    50   52   51 2657
4   642 1063 2286 3831
4  3468 3576 3799 3867
4   819 1364 1479 1672
4  1602 1311 2191 2301
4  1753 1204 2067 3915
4  2199 1530  701 1117
4   713  648 2170 2957
4    66 3756 3779 4226
4  1540 1552 2345 2948
4   188  190  189 1978
4   672  767 1503 2178
4  4062 3759 4148 4311
4  1247 1616 1623 1750
4   953  985 1454 1726
4   582  430  933 1754
4  1593 1554 3942 4085
4   473  353  660 1651
4  3060  173 3320 4093
4  3070 1997 3412 4093
4  1151 1522 2828 3961
4    95   96 1706 4257
4  1608 3064 3379 3597
4   431  950 2087 2409
4   283  320  493 3665
4   168  169  167 4157
4  1544 1539 1618 3404
4  1653 1820 2057 2832
4  1006 2161 2289 2355
4  1762  763 2088 3904
4  3364   60 3443 3830
4  1385 4359 4392 4406
4  1512  908 2752 3448
4   945 2284 2689 4240
4   997 1965 2158 2744
4   141 3191 3908 4149
4  1813 1225 1969 3005
4  1261  919 1282 1986
4  1218  914 2010 3062
4  1486 1436 1680 3271
4  2245  846 2402 4073
4  2572 2481 2755 3005
4   837  633 2790 3844
4  2692 1870 3070 4276
4  1870 2692 3832 4276
4   621  632 1022 4023
4  1751 1191 1963 3529
4  3277 3913 3944 4295
4  1300 2050 2589 4162
4  3060 2865 3320 4173
4  1674 1787 1871 2344
4  1582 2044 2893 3419
4  2619 1814 2650 3317
4   808  425 1454 2012
4   721  646  923 4023
4  1456 1275 1584 2663
4   612  463 2558 2569
4  3263 3053 3388 3429
4  1351 1688 1728 3515
4  1398 1424 1739 2535
4   477  475 2311 4192
4   572  410 1071 2163
4   521  572 1071 2163
4   521  410  775 2163
4   410  521 1071 2163
4   279  532 1457 1891
4  1622 1283 2860 2982
4   394  653  695 1659
4   736  621 1022 1899
4  1935 1641 2037 3696
4   821 1426 1919 2440
4  1870 1257 4237 4281
4   454 1378 1862 2135
4  2262 3000 3352 3874
4   403  542 1828 1899
4  1912 2069 2091 2455
4  1230 1161 1866 4081
4  1554  626 1637 1939
4  2199  984 2495 2507
4  2040 2031 2305 3366
4   354  413  555 3920
4   219 2608 2889 3728
4  2624 2277 3445 3835
4  1288 1029 1774 2333
4   100   98 1949 2431
4   279  277 1324 2414
4  1659  610 1758 2852
4   970  871 2075 2389
4   453  485 1030 2333
4  3241   84 3453 3761
4    56 2295 3462 3758
4   574  993 1428 3511
4  2454 1820 2615 3317
4  1270  436 1729 4385
4  2896 2759 4075 4256
4   685  761 1886 3803
4   232 1937 2288 3091
4   430  406  933 4064
4   856  557 1675 2321
4  1780 1804 1902 2707
4   550  538  629 2971
4   952  397 2749 3906
4   844  608  863 3941
4   557  404  951 2321
4  2779 3250 3712 4119
4  1985 1458 2416 2480
4   533  557  856 2321
4   830 1335 1601 1741
4  2332 1313 2594 4189
4  2636  771 2703 3169
4  2325 1946 2857 3865
4  2091 1865 2455 3835
4  2742 2726 4025 4045
4   113  115 2686 3289
4  2303 3134 3588 4314
4   503 2048 3255 3508
4  1489 1565 1642 1666
4  1421 1489 1642 1666
4  1489 1421 1567 1666
4  1437 1421 1556 1666
4  1556 1421 1642 1666
4  1437 1556 1642 1666
4  2267 1225 2522 3294
4  1565 1372 1642 1666
4  1372 1565 1609 1666
4   723  576 1378 1862
4  1404 1123 2255 2590
4  1315 1719 2824 2998
4   205 2131 3146 3313
4  2598 1916 3029 3190
4  1138 1036 1773 1995
4  2049 2340 2889 3728
4  1869 1162 2011 2775
4   316  468 1835 2661
4  1788 1491 1806 2144
4  2712   32 2998 3021
4   955  872 1875 2055
4  1565 1645 1666 3507
4  2055 1604 2563 3415
4   451  397  952 4242
4  1510 1222 1826 2562
4  1008  741 2176 2609
4  1121  408 1240 2092
4   865  699 1536 2456
4   436  421  544 2831
4   754 1447 1574 2831
4  3343 3201 3485 3630
4   225  226 3141 3393
4  1509 2016 2128 4131
4  1705 1004 2744 4380
4   782 1619 1841 2538
4   998  460 2418 2547
4  2069  113 2119 2786
4  1060  745 2001 2408
4   813 1134 1274 2776
4  1714 1678 1718 2664
4  1067 1798 3210 3448
4  1648  239 2095 3674
4  3325 3003 3926 4021
4   709  328 2882 4409
4   464  710 1002 2543
4  2314 1469 2934 2975
4   262  272 2513 3945
4  1493 1412 2178 2649
4  1198 1020 2150 2279
4   624 1147 1994 2044
4   593  471 1382 1904
4  2922   78 3384 4049
4  1409 1143 3709 4086
4  2455 2686 2833 3445
4   220 2073 2608 3048
4  3306 3280 4181 4340
4   537  422  881 2146
4   422  367  881 2146
4   738  524  806 1762
4  1310 1597 1851 3385
4  1163  763 1234 1762
4  1950 1171 1474 3335
4   884 2126 3176 3216
4  1692 1750 1937 1996
4   628  755  935 2595
4  1799 1123 1821 2617
4  2063 1455 2236 3603
4  1302 1313 1845 2931
4  1497 1586 3095 4386
4  2187 1602 2191 2782
4   832 1302 1342 2931
4  1019  955 1717 3841
4  1342 1302 1513 2931
4  1819 3290 3475 2702
4  2787 2679 3340 3534
4  1560 2705 3667 3840
4   413  287 4012 4155
4  1727 1791 1796 1943
4  1037 1373 1636 1679
4   740 1037 1636 1679
4  1037  740 1373 1679
4  3148  756 2444 3174
4  3557 3524 3653 3837
4  2411 2937 2978 3711
4   830  518 1335 4108
4  1807 2052 3079 3208
4  1551 1115 2653 1180
4  1115 2653 1180 1238
4   441 1128 1408 2654
4  2397 1050 3714 3858
4   129  128 2189 3740
4  1371 1728 2001 2343
4  1749 1805 2001 2343
4  2934 3316 3638 4261
4  3703 2526 4280 4364
4  1319 1084 3277 3948
4   256  257 1933 3153
4  1740 1700 2168 3770
4   807  715 2292 3046
4  2989 2279 3042 3911
4   241  242 1628 1684
4   421  877 4203 4369
4   835 1458 1985 2408
4    25   24 2115 3781
4  2575 2874 2907 3304
4  1519 1400 3195 3977
4   350  351  385 2694
4   583  782  900 4113
4  3375 3439 3558 4220
4   596  791  829 1943
4   233  235 2497 3421
4  1060 2337 2408 3396
4   445  368 2436 2912
4  1907 2278 2290 2376
4  2303 2509 3179 3588
4  2212 1405 2468 3994
4  3146 2919 3180 3847
4    85 2239 3520 3722
4   674  604 1391 1928
4   626 2202 3020 3385
4   660 2427 2518 4068
4  1416 1443 1687 1689
4  1180 1055 2417 4397
4  3590 3641 4119 4236
4  1524 2393 2479 4033
4  1866 1815 2117 2913
4   921  724 1562 2208
4   608  524 2991 3506
4   546 1082 1655 3251
4  1680 1102 1714 2084
4   856  533 1094 1928
4  1614 1713 1879 1928
4  1888 1912 2071 2119
4  1094  533 1391 1928
4   985  440 2609 3276
4   386  349  498 3846
4   702 2690 2792 3339
4  1111 2218 2386 2684
4   612  480  965 3825
4  2295 2841 3073 3097
4  2054 1669 2141 2598
4   210 2855 3821 3836
4    14  560  918 3223
4  1124 1669 2054 2598
4   931  721 1613 3327
4   237 3271 3463 3691
4   224  225 3760 3925
4   527  273 1777 1782
4  1805 1929 3159 3454
4   732 1053 1790 2000
4  1451 1191 1483 1751
4  1277 1555 2593 4033
4   859 1397 1534 3236
4  1914 1652 2628 3236
4  1397  859 3222 3236
4  1791 1846 1900 2336
4  1238 2090 2138 2753
4  2367 1459 2517 2584
4  1570 2367 2404 2584
4  1570 2404 2575 2584
4   429  338 1317 2182
4  1436 2229 2310 4077
4  1040 1295 1747 1977
4  2991 2303 3806 4321
4  2065 1709 3328 4117
4  2027   71 3050 3103
4  1701 1152 4022 4026
4   655  964  967 3269
4  1440 3649 4102 4113
4  2247 1991 2621 3230
4  1275 1286 1600 1734
4  1600 1286 1601 1734
4  1985 1458 2999 3396
4  3245 3350 4008 4190
4  1418 1518 2201 2729
4  2089 1442 2501 2605
4   455  911 1113 2485
4   974  884 3176 3216
4   142  140 2592 3191
4   535  446  901 2137
4    19  291  298 2137
4    18  298  535 2137
4   516  580  633 3844
4    18   16   19 2137
4   747 2078 2322 2573
4  1088 1909 2675 3339
4  1866 2227 2913 2996
4   948 1508 1533 3076
4  3271 2223 3463 3691
4  1244  915 2286 2318
4   943 2525 3567 3647
4   740  617 1679 3541
4   655  677 1032 3357
4   559  628 3015 3853
4  1852 2728 3521 3889
4   915 1244 1860 2318
4  2627 2676 2905 4230
4   724  704 1562 3224
4   107 2035 4267 4357
4   745 1749 1805 2001
4  2740 2780 3283 3720
4   719  962 2140 3211
4  2453   99 2567 2837
4   123 1156 2021 2940
4   706 1213 2294 2525
4  1442 1526 2357 3843
4  1300 1370 2771 3110
4   884  945 2126 3216
4  2703 2636 3169 3307
4   953  425 2066 4029
4  1643 2179 3426 4123
4   444  635 2110 4323
4  2347  217 2542 3081
4   923 1976 3907 4279
4  1914  439 2777 4066
4   609  681  890 1754
4  1260 1776 2467 3884
4   106 2675 2899 3538
4  2450   60 3228 3364
4  3778 1999 3934 4290
4  1429 1594 2094 3444
4  1010 1450 1495 2368
4  1801 2216 2521 2606
4  1890 1984 2686 3445
4  1672 1479 1945 2073
4   218 2340 2656 3728
4  1273  772 2121 3054
4  1395 2375 2446 3422
4  3097 2985 3268 3874
4  2938 2557 3217 3817
4  1492 2833 2857 3132
4   238  236  237 2084
4   121  119  120 2615
4   733  882 2698 2947
4   923 1931 3891 3898
4   165  164 2237 3687
4  2747  175 3863 3888
4  1338 3899 4167 4211
4  1799 1821 1977 2617
4   683  595  910 2697
4  1756 2489 3948 4295
4   537 1952 1941  422
4  2387 1070 2504 3194
4  2941 3126 3353 3996
4   744  662  930 1784
4   238  236 2084 2959
4    92 1258 3165 3657
4   965 1053 1681 1790
4   744  930 1457 2754
4  3625 2987 3690 4129
4   211  209  210 2060
4  2444  574 3148 3174
4  1781 3283 3725 3862
4  1199 1626 2464 3862
4  1831 1563 1883 3854
4  1211  705 2722 3965
4   377  327  541 2438
4   587  808 2896 4075
4  1438 1150 1661 2389
4  1519 2397 3714 3858
4  3187 3160 3524 3557
4   943 1895 3523 3567
4  1405 2319 2468 3994
4   862 1837 2012 2452
4   250 1829 2133 2287
4  3030 1058 3655 3823
4    57 2923 3571 3866
4  2527 3061 3188 3921
4   163 3270 3473 4096
4  2938 2689 3296 3856
4  1058 2155 3233 3823
4   354  351  413 1712
4   351  329  413 1712
4  1825 2447 2938 3856
4   331  350  354 1712
4  2155 1058 3140 3823
4  3031 2248 3397 4069
4  3038 3186 3633 4231
4  1904  315 3572 3828
4  1777  743 3949 4098
4    81   82 1805 1929
4    82   81   80 1929
4    76 3653 4142 4220
4   347  405  658 2414
4  1970 2042 2327 2715
4  1400 1337 1519 2607
4  2216 2504 2954 3476
4  4361 3819 4272 3974
4   969  562 1194 1723
4  1710 2546 3750 3839
4  3096 1710 3750 3839
4   695 1758 1898 2991
4   269  969 1194 1723
4   436  645 2333 2912
4   203  204 2599 3978
4   949 1895 2472 2642
4   949  852 1895 2642
4  1345 2486 2644 4185
4    14  321  560 4214
4  3561 1092 4181 4340
4  1070 1209 1386 2177
4  1554 1593 1637 2202
4   630  569  777 2130
4    43   41   42 2507
4   365  559  818 3137
4  1367 3061 3921 4135
4   812  642 2217 3016
4  1210  639 2309 3016
4   821  652 1517 2047
4  2746 4046 4154 4334
4   233 2388 4053 4122
4  1327 2161 2208 2630
4   538  603  845 3135
4  2216 2504 2520 2954
4  1960 1896 2843 3854
4  1040 1295 1821 1948
4   789 1281 2028 2849
4  1436 2540 3164 3461
4  1413  703 2739 4011
4   527  488  528 1777
4  2106 1309 3330 4099
4  1798 1067 1942 2733
4  1103  271 1185 2968
4  1388 2014 2203 2921
4   972 1928 2906 3869
4  3227 2841 3272 3462
4    14  368  445 2912
4  1120 1518 2080 2201
4  1120 2080 2149 2201
4   269  531  969 1723
4   981 1249 2047 3814
4   268  269  264 1723
4  1059 1527 2942 3622
4   992 2342 2547 3073
4  2613 3936 3950 4137
4   457  545 1270 1729
4  2794 3227 3698 3866
4  1040  625 1380 1725
4   266  269 1194 1723
4  2546 3700 3740 3839
4  2123 3028 3700 3839
4  2198 1987 2705 3840
4  1518 2080 2201 2483
4   625  771 1110 1725
4  2295 3272 3462 3758
4   264  269  266 1723
4  2087  950 2291 4015
4   265  562  561 1723
4   267  266 1194 1723
4   562  267 1194 1723
4   267  264  266 1723
4   265  264  267 1723
4   562  265  267 1723
4  3635 2923 3865 4271
4  1002  656 1651 1877
4  2864 2013 2894 3080
4  1873 1081 2335 2361
4  1454  985 1787 2452
4  1272 3009 3233 3855
4  1768 2369 3441 3854
4  2677 2623 3743 4209
4  2671 3277 3913 3936
4  1316 1314 1388 2723
4   411  869 1126 2074
4   532  292 2182 3223
4   565  371  606 1729
4   371  436  606 1729
4  1586 1497 3007 4386
4  2060  211 3651 3871
4  2552 3018 3651 3871
4  3651 3849  211 3739
4  1312  869 2323 3041
4   941  586 2118 2720
4  1510 1464 1709 1826
4  1047 2178 2649 2710
4  1394 1289 2317 3177
4   381  340 1532 3924
4  3401 3946 4118 4169
4   805  546 2558 4303
4  1313 1901 2715 4189
4   635  530 3804 4105
4  2443 2097 3162 3420
4   945 1384 2689 2938
4  1992 3108 3677 4365
4  1439 1326 1914 1918
4  1491 1293 1851 2144
4  2904 1339 3011 3880
4  3044 2512 3045 3402
4   308  527 2881 3051
4    64   63 2875 3637
4   115  114 3909 4079
4  3584  136 3585 3860
4  2046 2020 3199 3792
4   449 1165 1864 1956
4  1509  868 1515 3400
4  2279 2150 2629 2680
4   142 2588 2969 3191
4   962 1970 2140 4189
4   449  389 1065 1956
4  1373 1037 1603 2269
4  1479 1945 2656 2773
4  2387 1386 2429 3817
4  2793 3157 3705 3859
4   868  506 1043 1841
4  1217  852 2576 2642
4  1006 2161 2162 2289
4  1822  802 3148 4124
4   121 2615 2650 3044
4  2068 2279 2629 3911
4  2879 2891 2943 4165
4  1267 1498 2518 4068
4  1203 1361 1612 3875
4  2150  788 2901 3708
4  1148 2464 3326 3683
4   337  362  498 3955
4   444  662  930 4126
4  2313 2197 3707 3874
4  2434 1682 2535 2699
4  1807 2241 2807 4168
4   905 1172 1640 3766
4  3626 4074 4296 4316
4  2167 2316 3325 3939
4  3338 2787 3341 3534
4  2639 2720 2905 3358
4  1272 2679 2690 3534
4  2639 1722 2720 3358
4   677 1036 1076 3542
4   586 1817 2720 3358
4  2666 1964 3156 3358
4  2666 3156 3232 3358
4  1022 1221 3478 3600
4  3180 2599 3362 3600
4  1722 2639 2683 3358
4   698  342 1656 2974
4  2318 1860 2807 3055
4  1874 2991 3625 4321
4   501  346  555 3920
4   574  993 1546 3148
4  3114 3101 3956 3964
4  1224 2724 3841 4102
4   699 1030 2655 3982
4   176  177 3885 4044
4  2527 2578 3921 4019
4   313  437  661 4260
4  1535 1286 1547 1741
4  1547 1286 1601 1741
4  1566 1105 1638 2114
4  1566 1609 1620 2114
4  1995 2851 3283 3725
4   148  146 4244 4299
4  1066 1300 1370 2771
4  1638 1105 1733 2114
4  1576 1911 2168 2180
4   347  405 2414 3878
4  1799 2183 2391 3702
4   160 3431 4052 4132
4  1966 3076 3115 3684
4  1095  646 1221 3478
4  3640 3916 4368 4396
4   420  517  907 1744
4  1526 1442 2585 3843
4  1740 1681 1910 3852
4   489 1312 2958 3881
4   332  969 1467 3838
4  1215 2085 2165 2898
4  1924 1235 2503 4284
4  1649 1545 2077 2898
4   433  940 3952 4259
4  1927 2252 2634 2801
4   519  771 2118 3169
4   192 3231 3263 3510
4  1033  862 1787 2452
4  1605 1710 1764 2581
4   744  662 1784 2005
4   831  807 1412 2178
4  1135  831 1258 2178
4  1481 2078 4100 4377
4  1128 1897 2735 3883
4   396  343 1097 3174
4  1497 2758 3007 3703
4   849 2548 3009 3233
4  2553 1402 2625 3937
4  1040 1380 1434 2216
4  2302 1730 3686 3905
4  1454  862 2012 2452
4  1706 1837 2452 4257
4  1523 2955 4091 4386
4  1688 1468 1728 1749
4   509  651 1821 2126
4  2810  435 2993 3383
4    97 2943 2949 3772
4   651  903 1821 2126
4   102  103  101 1930
4  1934 1292 3634 3666
4  1958 1855 2921 3868
4  1486  996 2223 3131
4   553 2992 3842 4223
4  2304 2164 3509 3669
4   612  896 1230 1866
4   716  760 2646 3259
4   276  272  552 2410
4  3770 2180 3820 3905
4  1626  826 2390 2464
4  1179 1501 1691 1772
4  1588 1795 2721 3457
4  1117 1530 2393 2495
4  3309 3428 3763 4043
4   612  480  896 1866
4  1458 1985 2408 3396
4   794 1048 2009 2958
4   610  524 1762 2088
4  1796 1801 1825 2447
4  1457 1317  532  438
4   794  944 1336 1876
4   964  417 1892 2088
4  1731 2598 2908 2964
4    58 3272 3462 3698
4  2297 2793 3859 4128
4  2589 2050 3110 3336
4  1853  994 1949 2890
4   881  537 2146 2502
4  2077 1649 2817 3075
4  1639 1694 1915 2081
4   430  594 1059 1754
4   859  439 1914 4066
4  1059  648 4064 1754
4   430  582  594 1754
4   594  582  890 1754
4   860  681 1059 1754
4   594  860 1059 1754
4   594  681  860 1754
4   890  681 1232 1754
4   594  890 1232 1754
4   681  594 1232 1754
4   248  249 1861 4116
4  2064 1783 2376 3829
4  2171 2175 2574 3444
4  1682 1398 2427 2434
4  1525 1254 1550 2667
4  2885 2009 3034 3081
4  2918 2086 3171 3529
4   386  543 2448 3955
4   816  611 1262 1860
4   158 3922 3931 4052
4  2499 2659 3221 4167
4  1095  923 4023 4048
4  1163 1104 1219 2233
4  3478 1095 4023 4048
4  2013 2172 2933 3877
4  2511 3021 3279 3592
4   610  707  738 1758
4  1061 1786 2278 2930
4  1126  809 1164 3886
4   708  897 1173 3655
4  1010 1450 1902 2730
4  1308 1216 2808 2853
4  1141  587 2759 2853
4   354  346 1072 3920
4  2134 1141 2759 2853
4   679  957  968 2349
4  1134 1792 1849 2776
4  1378  723 1862 2135
4  1218 1050 1931 2926
4   791 1802 1923 2627
4   832 1094 1391 1970
4  1500 2312 2499 2659
4  2046 1953 4002 4091
4  2245 2335 2900 2944
4  1760 2214 2261 3718
4  1571  967 2737 3365
4   666  904 1542 1760
4   891  666 1542 1760
4   666  891  904 1760
4  1352 1085 1674 1871
4  2879 1818 2927 2949
4  1601 1422 1861 2812
4   920 1111 2901 3708
4  1538 1430 3075 3078
4  2593 1407 2827 3721
4  3277 2489 3913 4295
4   998  879 3896 4206
4   610  707 1234 1762
4   707  610  738 1762
4   544  371 1121 3658
4  1147  624 1448 2044
4   707 1079 1234 1762
4   707  738 1079 1762
4  1624 2406 4263 4362
4   715  828 1402 1941
4   422  537  672 1941
4   847  804 1962 2475
4  1423  667 2667 2902
4  1338  607 1654 2466
4   224 3925 3957 4183
4  1670  925 2961 3635
4  2427 1118 4068  660
4  1464 1262 3055 4117
4  2185 3638 4190 4261
4  2951 2868 3912 4398
4   263  696 1175 2264
4   373 1113 1968 2160
4  2891 3154 3788 4165
4   230 1750 1937 2132
4   945  884 2126 4240
4  1440 1239 1694 2016
4  1149  940 2026 3952
4  1310  926 1638 2346
4  2954 2504 3194 3476
4   565  371 1729 1800
4   787  790 1402 2625
4   726  585  946 1800
4   946  585 1729 1800
4  1209  939 2177 2276
4  2258  771 2636 3813
4   884  974 2433 3216
4  1215 1365 2395 3079
4   529 1557 1698 3176
4    36   37 2437 2728
4   584  676 3391 3606
4   489  441  839 2735
4  1607 3089 3697 3933
4  1420 1559 2072 3702
4  1295 1040 1747 1770
4  1295 1747 1767 1770
4  2616 1401 2801 3456
4  1438 1718 2389 3131
4  1563 1384 1831 1883
4  1964 2085 2829 3156
4  2122   99 2169 2837
4   889  986 2109 3692
4  1272 2281 3449 3547
4   480  612 1161 1866
4  1325  279 1457 1891
4  1189  768 1691 1772
4   768 1189 1507 1772
4  1239 1639 3089 3426
4  2721 1795 3098 3457
4  1501 1248 1691 1772
4  1730 1011 1756 3769
4   443  471  554 3906
4   145 2637 2766 2820
4   876  750 3825 4252
4   559 3015 3332 3906
4   822 1026 1259 1774
4  1029  822 1259 1774
4  2261 2401 2736 3274
4  1842 1125 2014 2658
4  1477 2511 3147 3279
4  1562 2162 3090 4041
4   789 1281 2849 3166
4   250  251 2283 3039
4   716 1023 2082 3935
4  1196 1331 3610 4187
4  1118  660 2427 2915
4  2437 2728 2828 3889
4  2541  189 3684 3962
4   188  190 2149 3962
4  1108 1699 2927 2949
4   953  985 1726 2891
4  1818 2879 2943 2949
4   437  486 2271 4390
4  1785 1314 2651 2977
4  1182 2297 3859 4128
4  4359 3117 4392 4406
4   772  916 1298 1980
4  1794 1792 2560 2779
4  2209  831 3548 4056
4  2886 3082 3421 3459
4  1734 1601 1741 2307
4  1717 1579 2002 2043
4  1177  950 1360 3842
4  1284  745 1749 1805
4   686  879  998 1780
4  1781 1716 2695 2851
4   445  589 1090 3611
4  3006 2893 3493 3584
4  1831 1960 2447 2843
4  1584 1600 1746 1955
4  1547 1535 1741 2113
4   942  682  982 2092
4  3134 4114 4174 4314
4   805 2558 2569 4303
4  1888 1581 2147 3896
4  1402  732 1809 2000
4   254  253 2113 2307
4  2715 3212 4034 4307
4  2866 2172 3266 4083
4  1923  593 3324 4014
4  1035  628 1291 3015
4  1690 2312 3104 3431
4  1273  773 1798 2733
4  1871  815 2468 3990
4   230  231 2472 3151
4  2482 1579 3415 3938
4    20   22 3014 4351
4  1112 1370 1396 2493
4   175 3797 3863 3888
4  3985 1815 2981 3255
4   492  274 1775 1784
4   274  492 1130 1784
4  2766 2544 3229 4112
4  2180 2774 3852 3985
4  1477 2849 3764 3950
4  2489 2028 3913 3950
4  2470 2124 2783 3989
4  2849 1307 3764 3950
4  1905 3835 3974 4272
4  1425 1672 2788 3200
4  1446 1537 2027 3577
4  1048 1913 2885 2958
4  3687 3707 3708 3874
4  2118 2636 2905 3169
4  1255  871 1490 2232
4    59   61   60 2450
4  1545 1649 2165 2898
4  3205 1428 3511 3551
4  1520 1542 1760 2097
4  2289 2162 2842 4041
4  1834 2813 2920 4195
4  1879 2855 2906 3821
4   537 2146 2502 3521
4   424 1144 1744 3606
4  1443 1816 1927 2252
4   821 1426 2440 2888
4  3470  137 4087 4348
4  2037 1641 2399 4276
4   464  597 1002 3959
4  1628 2226 3674 3876
4  1500 1026 3768 4147
4  1710 1618 1764 1789
4   788  992 2901 3708
4  1704 2657 2706 4147
4   266  285  290 4030
4   861  796 3768 4147
4  1283 1128 2860 2982
4  2200 1710 2411 3256
4   647 1113 2160 3135
4    15  321  479 2559
4    15  479  563 2559
4  1824 1660 2233 3826
4  3133 1923 3324 4370
4  1104 1290 2172 3826
4  1317  918 3223 4369
4   943 1824 2233 3826
4   515  466  720 1810
4  2213  998 2841 3268
4  2574 1614 1928  856
4  2752 2775 2848 3370
4  2808 2273 4017 4038
4  1124 1669 1893 3547
4   751 1470 2579 4109
4  1678 2090 2138 3411
4  1736 2188 3850 3891
4  1320 1269 2075 3461
4  2428 1983 4129  806
4  1983 2185 3638 4190
4  1197 1266 1549 2242
4   496  746 1035 2396
4   769 1549 1626 2242
4  2151 1549 2937 3344
4  1609 1075 2114 2770
4  1160  826 1626 2716
4   204  203 3313 3847
4  1861  247 2243 3762
4   738 1692 1762 1983
4   747  572  898 2173
4  1395 2375 3136 3890
4  1125  924 2368 2707
4   977 1461 1481 4313
4   384  413  570 3518
4  3714 1277 3898 4031
4  1375 1587 2375 4278
4   706 1213 1553 2852
4  2143 1177 2992 3438
4  2637 2996 3063 3859
4    69 3134 3793 4174
4  1530 2808 4017 4038
4   620  360  911 2485
4  3325  116 3926 3939
4   857 2158 2744 4279
4  1669 2054 2762 3449
4  2177 1070 2276 2504
4  2391 1123 2590 2734
4    36   37 3918 4056
4  1727 1039 1882 2216
4  1454  953 1726 2452
4  2809 3101 3956 4301
4  2631 1093 3972 4056
4  1639 1915 2550 3089
4   572  898 2173 2379
4  1009  773 2733 3448
4  1727  829 1791 1943
4   596  829 1727 1943
4  1791  829 1846 1943
4  1531 2338 2831 3703
4  3918 3373 4284 4300
4  2938 2429 3217 3498
4  1249 1362 1591 3732
4   461  956 1108 2245
4  3912 3916 4283 4367
4  1549 1539 1626 2242
4  1873  985 2891 3154
4  1070 2520 2954 3477
4  1727 1796 1801 2521
4  1571 1032 2407 3295
4   204  205 2599 3185
4  1374  991 2980 4227
4  1038  689 2771 3110
4   658  405 1324 2414
4  1526 1042 2527 2880
4  2676 2905 3231 3388
4  1095 1460 2188 3478
4  1779 1348 1803 2056
4   717  511  780 3774
4   243  242 2634 3284
4  1080 1189 2956 4179
4   647 2160 2382 4059
4  1569 1601 1867 3039
4  1488 3641 3646 4119
4   365  663  798 3137
4  2223  238 2641 3463
4   251 1867 2283 3039
4   575  373  649 2160
4   481  913 1431 3887
4  1940 1824 3523 4007
4   482  471  496 1904
4  1528 3401 3550 4118
4   991  762 1374 2980
4  1326 2449 2610 3249
4  1288  671 2224 2516
4  2363 1657 2412 2515
4  1487  953 2372 4029
4  1903  157 2412 2515
4  2554 2420 3542 3894
4  1569 2616 2812 4116
4  1641 1885 2037 2045
4  1188 1638 2025 2346
4  1471 1188 2025 2346
4  1142  722 1968 2053
4   756 3148 2444 1383
4  1371 1728 1749 2001
4  2407 2420 2554 2976
4  1576  737 1790 1809
4   346  339 1712 3920
4  1755 1471 2019 2748
4   851  569 1715 2720
4  1988 2234 2319 2524
4   821  556  981 2047
4  1706 1033 1837 3628
4  1010 1450 2730 3258
4  1946 1010 2730 3258
4   980  754 2219 2860
4  2108 1582 2612 2970
4  1023 2082 3532 3663
4  2181 2360 3091 3150
4  1871 1873 1988 2344
4   435 1918 2810 3622
4  2067 1705 2282 3628
4  2730 1450 2857 3258
4  1202 1033 1706 3628
4   603  604 1090 3138
4  2505  110 2897 3612
4  2537   46 2743 3310
4   646 1022 1221 3478
4  3201 3033 3485 3630
4   794  545 1164 2735
4  1106  665 1254 1813
4  1106 1254 1525 1813
4  1225 1106 1525 1813
4  1779 1717 1783 2043
4  1254 1328 1525 1813
4  1649 1543 2244 3075
4   891 1760 3815 4237
4  1641 1885 2045 3790
4  2869 2951 3008 3857
4  3933 3697 4291 4336
4  1463 1488 1939 2228
4    32 3387 3880 3943
4   487  789 3464 3572
4  1068  553 1157 3260
4   990 1274 1920 3814
4  2244 1649 2817 2898
4  1410 1427 1648 1816
4  1443 1410 1648 1816
4  1349 1326 1914 2253
4  1427 1416 1644 1816
4   674  533  856 1928
4   856 1094 1614 1928
4   242 1628 1644 1816
4  1416 1410 1443 1816
4  1410 1416 1427 1816
4  1643 1023 1658 2096
4  1436 3780 4047 4077
4  1400 2235 2461 3977
4  2151 2090 2329 2745
4  3399 2991 1677 2303
4  3394   25 3781 3986
4   929  846 2816 3334
4  1945 1672 2473 3578
4   868 2128 3649 3812
4  1912 1888 2091 2119
4  1990 2188 2871 3721
4   711 1475 1657 2363
4   230 1884 2029 2132
4    66   65 4317 4379
4  2815 1024 3900 4382
4  1223 1622 2231 3810
4  3922 3104 3931 4312
4  1661  970 2331 3131
4  1440 1224 1694 2081
4  1248 1501 1842 1855
4  1825 1386 2938 3817
4  1346 3102 3148 4377
4  1123  903 1799 1821
4   466  418 1220 2694
4   626 1554 1637 2202
4  1040 1557 1821 4076
4  1034  440 2697 4246
4  2591 1315 2824 3149
4  1509 1440 1694 2016
4  1802  829 1846 2258
4  1582  751 1823 2044
4   777  569 1715 2130
4   908  954 1131 2618
4   569  851 1715 2130
4   331  346 1712 3920
4   503  787 2000 3255
4   248 1861 2812 4116
4  1874 3244 3625 4129
4  1749 1418 3159 3265
4  2462   82 3422 3454
4  1321 1459 2367 2584
4  2024  132 2795 3206
4  2374 2645 2783 4383
4  1633  922 2734 3149
4  1315 1339 2998 3149
4  1315 2591 2734 3149
4  1339 1315 2734 3149
4  2216 1882 2520 3184
4  1579 1073 1604 2563
4   276  552  669 2410
4  1709 1510 1826 2077
4   903 2284 3897 4076
4   639  757 2192 2286
4  1766 2131 2744 3800
4  1337 1400 1460 3800
4   876  750 2426 3112
4  3516 3900 3910 4382
4  1872 2874 3047 3304
4  1131  954 1213 2435
4  1613 2199 3327 4038
4  1660 1824 1940 2193
4  2637 2571 2913 2996
4   288  393  411 2485
4   455  393  911 2485
4  2516 1834 2813 2920
4   140  142  141 3191
4  4017 2507 4020 4038
4  2542 1168 2654 3034
4   659  661 1598 4243
4  1682 1398 2270 2427
4   612 1161 1230 3771
4   347  275  658 3949
4  2388 2121 3458 4166
4  1305 1303 1398 2427
4  1398 1424 2270 2427
4  1398 1303 1424 2427
4  2531 2012 2708 3362
4  1085 1265 1674 1828
4   416  736  862 1828
4   416  862 1085 1828
4  1424 2270 2427 3058
4   180 2635 3479 3808
4   736 1004 1202 1828
4   736 1202 1265 1828
4  1910 3820 3852 3985
4  1014 1721 4059 4251
4  2427 2270 2915 3058
4   862  736 1265 1828
4  1085  862 1265 1828
4   134 2767 2979 3494
4  1973  599 2005 2928
4  2836 1982 3798 3872
4  2089 1526 3022 3068
4    72 2581 2804 2929
4  2581 2191 2804 2929
4    72 2804 2818 2929
4  3802 2836 3872 3932
4  1474 1950 2352 2371
4  2050 1474 2352 2371
4  1111  920 2362 3000
4  1187  962 1207 1906
4  1152 2698 3106 4132
4   576  823 1187 1906
4  1826 2192 2555 3520
4  1719 2129 2591 4032
4   405  347  906 3878
4  1779 1803 1887 2064
4   444  635 1662 2110
4  1142 1429 1594 2094
4  3231 2597 3242 3499
4   433  513  617 4412
4  1429 1142 2053 2094
4  1554 1567 1593 2202
4  2598 2054 2964 3286
4   976  626 1637 2202
4  1643  727 2179 3963
4   245 2243 1908 2539
4  1644  244 1908 2539
4  1046  337 1467 4342
4  2516 1834 2545 2813
4   303  659 1558 1848
4   382  417  610 1892
4  2882 1572 4404 4418
4   468  552 1175 1835
4   552  468  678 1835
4  2397 1050 3907 4279
4  1728 1688 3265 3515
4  1062 1025 1175 1835
4  1025 1062 1103 1835
4  1062 1175 1185 1835
4  1103 1062 1185 1835
4  1424 1739 2662 1303
4  2462 1728 3427 3515
4   271  730 1103 1835
4   413  329  742 3219
4   774  263 1025 1835
4  3885 3254 4008 4044
4   100   98   99 2453
4   251  252 1955 2283
4  3281  819 3775 4061
4  1331 1975 3596 3678
4  1204  953 1726 2196
4    52 2657 3996 4288
4  3109  863 3269 3365
4   964  967 3269 3365
4   252  251 1734 2283
4  1601 1734 1867 2283
4   997  953 1204 2196
4  4106 2026 4327 4406
4   741  956 1081 2196
4  3348 1333 3695 4366
4  2338 1472 2831 3703
4   871 1197 1245 4082
4   371  544 1121 3623
4   610  707 1758 2852
4  3545  204 3847 3978
4   982  768 2857 3132
4  1401 1927 2634 2801
4   261  764  963 4388
4   946  726 1800 3627
4  2481 2267 2522 2755
4   652  821  981 2047
4   732 1402 2553 3937
4   735 2662 4278 4356
4  1375  735 4278 4356
4   868 1043 1632 1841
4  2035  108 3737 3738
4  1648  239 3674 3876
4   425 1487 2066 4029
4  3077 1894 4094 4186
4   884  945 2433 2689
4  2279 2068 3042 3911
4  1066 1071 2771 3046
4  1789 1636 2191 3591
4   244  245 1908 2539
4   329  372  413 3518
4   507  960 1230 1866
4  2572 1433 3005 3359
4  1501 1248 1772 1855
4  1179 1581 1888 2092
4   483 1617 1701 2317
4  1275 1456 1547 3153
4  1958 2624 3445 3835
4   718 1617 2924 3345
4  1657 1765 2412 2515
4  2367 2404 2584 3235
4   167  169 3528 4157
4   978 2099 2556 2722
4  1419  948 1552 2980
4  2213 2841 3227 3268
4  2001 1060 2408 3396
4  3218 1874 4305 4321
4   553 2724 3311 4266
4   590  776 2612 3966
4  1826 1464 2077 2239
4   959 1894 1935 4094
4  2762 2141 2797 2916
4  1118 1620 1981 3088
4   363 3924 4202 4346
4  1720 3699 3735 3869
4  2104 1472 2338 3902
4  1241 2814 3205 3901
4  2511 2963 3021 3592
4  1242 1180 2540 4397
4   286  300 3527 3619
4  2106 1012 2701 3330
4  2825 3918 4284 4300
4   565 1121 1206 2684
4  1586 3007 3670 4328
4   880  659 1318 1848
4   792  880 1318 1848
4  1397 1422 2221 2693
4  1907 2278 2376 3719
4  1262  941 1964 2666
4  2028 2489 2849 3950
4   956  741 2245 2402
4    90   89 2460 3944
4  1341 1411 3120 4028
4  2679 1124 2971 3547
4  2212 2285 3613 3990
4  2019 1499 3203 4239
4   763 1163 1217 1878
4  2245 2335 2361 2900
4  2285 2335 3613 3990
4   939 1209 1839 2276
4   995 1442 1862 2357
4  1499 1707 1830 3386
4  3155 2022 3416 3761
4  1576  503 2180 3905
4  1428 1822 3610 4187
4  1495 1450 1564 2707
4   639 3324  491 2309
4   851 1369 2130 2562
4  2570 2910 3068 3182
4  1222 1510 1548 2562
4  2149 2385 2729 3115
4   919 1261 1282 3709
4  1209 1070 2378 3181
4  2834 2207 3020 2685
4   958 2738 2010 2273
4  1707  976 2083 3386
4  1152  485 2312 3215
4  1451 1191 1751 2291
4  1802 1846 1951 2258
4   839 1168 3483 3517
4  2918 2626 3171 3910
4   683  525  741 3276
4  3227 3268 3462 3866
4  2103  959 2884 3420
4  1882 1727 2521 2530
4  1650 2216 2504 1434
4  2843 1831 3072 3717
4  3250 2779 3646 4119
4   565  801 1012 4061
4  1021 1500 2312 2499
4  1433 1392 2523 2561
4  1885 1760 3070 3718
4   229 2045 2330 3940
4   799  684 1136 2973
4  1087  581 3509 4302
4  1336 1834 2516 2920
4  1727 1796 2521 2530
4   669  678  890 2394
4  1667 1265 2927 3334
4   690 1416 1443 1858
4   690 1017 1203 1858
4   690 1203 1361 1858
4  1416 1361 1687 1858
4  1443 1416 1687 1858
4  1696 1310 2341 3020
4  1685 1671 2221 2693
4  1993 1437 2356 4115
4   921 1562 2162 2208
4  3149 2969 3191 3908
4   646  895 1976 2158
4   923 2199 4023 4048
4  2998 2824 3149 3908
4  2763 3149 3191 3908
4  2497  233 3601 4053
4  3601 3570 3730 4053
4  1664 2776 3818 3967
4  1982 1021 2499 2672
4   709  324 1195 2882
4   718  557  951 2321
4  1073 1579 2081 3963
4  1435 1834 2347 3081
4  1144  570 3391 3606
4  1810  788 2342 2547
4   260  504  640 2799
4   557  718 1675 2321
4   522 1973 2854 3056
4  2261 2330 2366 3718
4   665  409 1550 2806
4  2061 1008 3551 4372
4  1279 1069 4105 4323
4  1321 1770 2405 3954
4   157  156 2034 2412
4   723 1166 1442 1862
4  1042 1442 1526 1862
4  1510 1826 2077 4241
4  2154  143 2820 3705
4  3921 2652 3968 4019
4  1608 1578 2305 3562
4   204 3180 3545 3847
4   979  995 1166 1862
4  1166  995 1442 1862
4    49   47   48 2528
4  1051  447 1165 1864
4   389  518  592 1864
4  1217 1163 1660 1957
4   389  449  518 1864
4  2597 1817 2720 2905
4  2251 2548 3345 3537
4  3602 3301 3632 4161
4  1122 1159 1657 2515
4  1392 1328 1433 3359
4   124 1590 2400 2687
4   962  823 1003 1906
4   576 1187 1207 1906
4   718 1731 2598 2908
4  1207  454 1378 1906
4   886  971 1776 1906
4  1569 2616 3161 3456
4  1051  447 2777 2810
4  2416  850 4356 4391
4   468  678 1835 2661
4  2771 1066 3046 3403
4   442  605 1693 2583
4   686  924 1963 2856
4   891  666  904 4285
4  1887  171 1917 1925
4   965 1161 1681 1866
4  1275 1547 2663 3153
4  1197 2417 2960 4082
4  2727 3417 4270 4398
4  1145  500 3554 4082
4   706 1045 3158 4277
4   204 3146 3180 3847
4   981 2751 3732 3814
4   625  519  771 2118
4   605 1976 2583 3907
4   500 1417 3543 4082
4  2891 2196 2943 3772
4  2257 2306 3083 3930
4  3461 1145 3780 4397
4  1707 1637 1939 2228
4   556  439 1517 2440
4   859  556 1919 2440
4   439  859 1914 2440
4   228 3275 3696 3729
4   494 1059 3622 4064
4   708 1058 3233 3855
4  1357 2825 3403 4056
4  1863 1513 2673 3238
4  2575 1420 2584 2717
4  2660 2142 3401 3402
4  1176 2351 2537 2673
4   282  348 2222 2993
4  1265 1674 1787 1871
4  1352 1265 1787 1871
4  1265 1352 1674 1871
4   993 1503 1950 3511
4   564  732 2298 2558
4  1523 1586 2623 2955
4    86   88   87 2429
4  1243 1553 1793 2713
4  1330 1972 2687 2713
4  2589 1241 3502 3564
4  1498 1421 1554 2202
4   259  258 2107 3794
4   786 1540 1552 2345
4  1787  985 1871 1873
4  3514 2602 4069 4287
4  1345 1045 2439 4263
4  2700  179 2780 4065
4  1967 2296 2886 3458
4  2897 1309 2925 3330
4   154 3432 3968 4298
4  1682 2741 2915 3031
4  1692 1762 1983 3452
4   886 1014 4059 4251
4  2294  369 2909 3376
4  1200 2502 3025 3157
4  1682 2270 2535 3514
4   804  894 1052 2957
4  1494 1288 1774 2742
4   228  227 2736 3729
4   907  583 1744 3311
4   525 1034 2066 3276
4   204  205 3146 3313
4  2214 2413 2488 2533
4  1343 1336 1435 1876
4   896  755 1230 3147
4  1336  944 1435 1876
4  1772 1314 1958 2921
4  2143 1748 3186 3633
4  1970  719 2691 3869
4  1141  723 2134 2759
4  2791 2459 2889 3728
4  2083  976 3020 3386
4   448  474  783 1877
4   783  474 1851 1877
4   656  448  783 1877
4   743  347  874 2315
4  1469 2185 2314 2934
4  1440 1509 1694 2128
4  1894 1345 3158 4207
4   185 1732 2250 3248
4  2171 1987 3130 3444
4  2462 2375 3515 3724
4   754  980 2219 3662
4  1360 1451 1786 3037
4  4123 3264 4145 4336
4   641  380 2358 3785
4  1902 1010 1946 3071
4  2555 2829 3382 3520
4   592  341  817 2614
4   817  341 1078 2614
4  1165 1078 1403 2614
4   341  484 1485 2614
4  1423 2328 4095 4375
4   592  634  657 2614
4   616  715  807 3046
4   135 3492 3583 3776
4   243  244 2539 3170
4  1597 1075 2250 2770
4  1455 1085 2236 2816
4   589 1617 2456 2655
4  1235  521 1924 2688
4  1050  605 3084 3858
4  1490 1255 3293 3524
4  1196 1455 1822 1975
4  3152 2789 3435 3451
4   822  645 1029 4225
4   628  755  896 3147
4   108  109  107 2035
4  2634 2221 2801 3284
4   739  697 1886 3804
4  2756 1786 3037 3805
4   147 2932 3609 4072
4  2876 2499 3221 4184
4  3551  815 3990 4245
4   615  697  739 3804
4   709  324 1228 3804
4   324  709 1069 3804
4   739  635 1344 3804
4   635  739 1132 3804
4   530  579  697 3804
4   615  739 1344 3804
4  1765 1903 2412 2515
4   838  308 1049 2120
4  2983   58 3272 3758
4  1055 1115 1180 2417
4  2109  722 2160 3018
4   673 2689 3296 3892
4   272  668 1001 2513
4   764  571 1001 2513
4   963  749 1001 2513
4  1264 2014 2368 2651
4   427  447 1962 2810
4  1636 1373 3591 3096
4  1051 1918 2475 2810
4   393  442  620 2583
4   668  764 1001 2513
4     2  749  963 2513
4   749  700 1001 2513
4   893  427 2170 2810
4  2148 1520 2214 3274
4  2017 2021 2132 3452
4  1092 2703 3287 4097
4  1110 2258 2703 4097
4  1153 1188 1638 2025
4   782  583 2724 4036
4  1153  728 1188 2025
4   241  242 2095 3674
4  2226 1631 3604 4164
4  1426 1465 1684 4164
4  3769 1756 3905 3988
4  3590   22 3767 4236
4  4083 3266 4317 4379
4  2888 1426 3222 4164
4  3057 3668 3712 4290
4  1660 1673 2193 2839
4   333  353  837 2790
4  2967 3050 3404 3682
4  2881  527 2799 3051
4   694  691 1325 4057
4   973 1101 4389 4405
4  1690 1152 2312 3431
4  1015  825 1853 1969
4  1991 1591 2348 2621
4   186  185 3247 3507
4  1121  544 3658 4182
4   694 3332 2476  818
4   320  691  694 3105
4  1135  537 1852 1941
4  2232 3349 3466 3573
4  1802 1943 1846  829
4   312  814  866 1973
4  2793 2339 2996 3063
4  2166 2886 3570 3601
4  2330 2261 2366 2736
4   589  453 1617 2655
4   645  453 1030 2333
4   486  437 1572 2882
4  2729  188 3115 3285
4  3202 3484 3486 3487
4  1696 1638 1761 1993
4   367  502 2048 2146
4  1638 1188 1666 1993
4  2269 2189 2477 3700
4   967  975 3269 3365
4  3413 3763 3979 4248
4  1289  865 2317 2655
4  1776 1014 2383 2496
4  2758 3670 3703 4365
4  1993 1609 3247 3507
4   954  695 1758 1898
4   695  954 1659 1898
4  1659  954 1758 1898
4   956  461 1004 1899
4  3147 1084 3277 3278
4  1029  645 1030 2333
4  1211  671 1288 2333
4  2636 3175 3307 4348
4  1635 1291 2405 3323
4  1575 2646 3252 3693
4    34   32   33 3290
4   924 1125 1780 1902
4  1412  831 2649 3664
4  1541  924 1780 1902
4  1109  658 1132 2732
4  2054 2141 2528 3286
4   797 1463 2494 4201
4  3145  167 3632 4161
4   863  670 2464 3725
4   686  879 1780 4206
4  1677 3179 3218 3365
4   383  408  680 3672
4    30   31   29 2369
4  3303  809 3886 4275
4  1264 1080 2368 3693
4  1980  772 2121 3308
4    30   29 2259 2369
4  1831 1960 3854 3856
4  2281 3449 3655 3855
4  1186 1079 1553 3715
4  2824 2969 3149 3908
4  1339 2712 2998 3908
4  2954 2606 3194 3477
4  2712 2824 2998 3908
4  1083 1590 2713 3715
4  1577 1083 1673 3715
4   454  647  886 1906
4  3656 1294 3975 4308
4  3778 3014 4290 4351
4  3029 3030 3140 3190
4  2404  195 2584 3235
4  1854 1832 2786 3909
4  1787 2452 3788 4257
4  3029 2155 3030 3190
4  1959  114 2455 3909
4  3030 2155 3140 3190
4   455  454 1207 1906
4   454  455  647 1906
4  2597 3169 3175 3262
4  3563 3446 4286 4370
4   991  948 1419 2980
4  2037 3696 3790 3940
4   228  229 3696 3940
4  1491 1851 1954 2144
4  1052  894 1527 1918
4  1005 1000 1954 2144
4   886  454 1306 4251
4  2388 3082 3421 3458
4   781  561 1318 2023
4  1648 1415 1927 2095
4   917  894 1051 1918
4  1762 1163 1957 2017
4  3784 3353 4062 4311
4  3075 1540 3078 3418
4  1970 2140 2327 2691
4   471 3813 3906 4134
4  1853 1015 2811 3167
4  1726 1204 2196 3772
4  2934 3245 3254 4261
4  2943 2196 2966 3772
4   283  292  560 4214
4  1136  799 2973 3783
4   530  579 3804 4253
4  2548 1909 2899 3536
4  1404 1838 2102 2174
4    58   57 3314 3571
4  1964 2022 2484 3156
4  2085 1964 2484 3156
4  2666 1964 2829 3156
4  1111 1089 2218 2684
4  2616 2801 3161 3456
4  2641 1718 2664 2959
4   958  914  999 2010
4  2104 1953 3389 4002
4  2262 2629 2750 3708
4   767 1047 1481 3335
4  1008 2697 3551 4372
4  1802  829 2258 3813
4  2417 1320 2753 3164
4  1255  799 1986 3783
4  2782   71 3685 4050
4   937 1573 2377 2778
4   443  407  496 3332
4  1852 2437 2728 2828
4  2620 2740 3002 3094
4  2404 1838 2584 2717
4  1311 1160 1446 2441
4  1889 1035 3011 3166
4   600  937 2377 2778
4   705 1048 3608 3881
4  3763 3413 3979 4043
4   464  380  641 3785
4  1470 1823 3006 4109
4  1841 2538 2619 3317
4   994 1077 1116 2681
4   283  493 1072 3665
4   761  827 4410 4414
4  3565 4087 4213 4318
4  2062 1552 2980 3209
4   873  473 1498 4068
4   335  394 2534 3219
4  1942 1798 2733 3085
4  1628 1427 1648 2226
4   118 2289 2355 2714
4  2122 1971 2567 2837
4  2581 1618 3050 3914
4  1422 1601 1861 1919
4  1328 1392 1433 2561
4   347  713  874 2315
4   874  648 1109 2315
4   744  275 2414 3878
4  1061  842 1177 3995
4  1583 3404 3577 4050
4  1726 1787 2452 3788
4    77 1830 3019 3734
4   487  922 3251 3733
4   184  183 3710 3727
4  1878  983 1983 2185
4  1420 1209 1559 3702
4   439 1517 1918 2311
4  2330 2261 2736 3274
4  1302 1313 2715 4189
4  2484 3156 3642 3741
4   908 1131 3625 4229
4  2152 1689 2287 2953
4  1402  715 1941 1952
4  3321  193 3429 4274
4   833 1158 1363 3803
4    61   60 2450 3893
4   495  673 2689 3296
4   452  335 2534 4354
4   731  495 2689 3296
4  1009 1449 2975 3370
4  1260  971 1776 3884
4  1098 1436 2229 2310
4  2232 1098 3573 3574
4  1636 1311 1789 2191
4  1919 1861 3374 3875
4   484  652  988 4180
4   725  480  965 1924
4   725  965 1695 1924
4   965  480 1866 1924
4  1695  965 1866 1924
4  1814 2538 2619 3260
4  2292  831 3403 3548
4   597  835  850 2416
4   574 1476 2380 2444
4  2831 1472 3108 4365
4   367  307 2380 2444
4  3054 2769 3082 3458
4  1532  395 3751 4176
4  2429 1825 2938 3817
4  2318 1510 3328 3951
4  1747 1295 1767 2617
4  1241 3205 3511 3901
4   905  830 1741 3456
4  2726 3312 4004 4045
4  1875 3805 4183 4228
4  3006 1823 3582 4109
4   716  573 1483 2096
4  1278 1588 3340 3534
4  2072 1838 2487 2717
4  1577 3647 3756 4400
4  2613 1477 3592 4301
4   280  278 1359 2854
4  1788 1491 2019 2682
4  1326 1439 1914 2253
4  2449 2253 2610 3917
4  1015  994 2007 2681
4  1579 1717 1979 2043
4  1611 2999 3396 3397
4   604  674 1187 3138
4   397  559 1557 1948
4   978 2099 2722 4130
4   559  463  628 1948
4  1386 2938 3817 3892
4   545  631  664 3257
4  1623 1247 1972 3523
4  1218 1277 1555 1931
4  2077 1545 2562 4241
4  1178 1385 2026 2739
4  1769 1719 2591 4032
4   903 1799 1821 1977
4  2011  966 2314 2975
4   470 1305 1398 2518
4  1713 1094 1742 2042
4   162  161 3671 3704
4  1094 1302 1742 2042
4   826 1170 2464 2716
4  1384  945 2433 3441
4  1105  926 1597 2337
4  2908 2155 2964 3345
4  1710 1271 3096 3750
4  3306 3175 3566 4339
4  3409  148 3634 3901
4  3596 2814 4063 4072
4   111  110 2845 2925
4  2071 3675 3866 4016
4  2244 1538 3075 3078
4   480  725  965 2298
4  1965 2131 2744 3915
4  1143  919 3709 4086
4  1196  802 1455 2038
4  2140 1901 4189 4249
4   572  542  802 2038
4  1369 1964 2022 2484
4  3127 1684 3222 3374
4  1089 1629 2773 3380
4   594  430 1059 4265
4  3311 1619 4325 4330
4  1073 1579 1717 1979
4  1303 1395 2422 3136
4  1432 1991 2247 3129
4  1221 1460 3478 3800
4  1578 2040 2305 3562
4   202 2352 2903 3336
4  1190  869 1312 3041
4  1995 2058 3283 3480
4  1342 1016 1742 2931
4    39   38 2524 2805
4  1371 2365 3505 4171
4  2744 2196  956  997
4  1463 1299 1498 1939
4  1498  626 1554 1939
4  1463 1498 1554 1939
4  2059 2090 2329 3411
4  1443 1017 3569 3766
4  1771 2765 2796 2822
4   439  435 2777 4066
4  2864 2865 3070 3412
4  1188 3196  899 3436
4   797 1299 1463 1939
4  1005  626 1250 1939
4   885 1005 1250 1939
4  1000  626 1005 1939
4   885 1000 1005 1939
4   872 1875 2055 3037
4  2955   53 3239 3743
4  3738 2035 3845 4363
4  2204 1377 3681 4096
4   352  360  620 2210
4  2621 1640 2632 3129
4   694  692 3105 4057
4  1432 1362 1991 3129
4    96 1706 2282 3628
4  2101 1418 2385 2729
4   513  401 3541 3599
4   352  346  354 3920
4  2887 3429 3503 4274
4  2325 1946 2730 2857
4  1884 2288 2360 3150
4   193  192 3429 3510
4   373 1113 1893 1968
4   360  373  752 2381
4  2503 2275 2996 4284
4   791  593 1923 1943
4  1076  975 2554 3109
4  1597  473 1620 2337
4  1347 1325 1891 2023
4   829  791 1802 1943
4  3557 3375 4142 4220
4   883 2350 3295 3405
4  2464 2716 3683 3862
4  1906 1776 2383 2496
4   992  920 2901 3708
4   591  712 3092 3723
4   527  308 2661 3051
4   862 1033 1837 2452
4  1781 1148 2469 3673
4  1816 1648 1927 2634
4  2189 2090 2745 3028
4  2428 3032 3960 4190
4   227  229 2366 2731
4   696 1175 1663 3970
4   557  718 1617 2924
4  3196 1642 1188 1556
4   233  234 2388 4122
4   851 1715 1722 2720
4  1023  716 2549 3259
4  1183  716 2646 3259
4  2122 1226 2169 3347
4    99 2122 2169 3347
4   275  658 1344 2414
4   784  415 1028 2534
4   468  316  528 2661
4  1636  687 1679 3096
4   800  453 2436 2912
4   413 1712 3619 4155
4   162  163  161 3605
4   144  145  143 2637
4  1502 1944 2757 3434
4  1831 1960 2843 3854
4   803 1430 3220 3951
4  2362 1581 2826 3896
4  2622 2975 3370 4101
4   374  493  902 4152
4  2011 3626 3827 3973
4   766 1241 3511 3901
4  1579 1604 2482 3415
4  3698   57 3866 3983
4   305  292 3593 4214
4   909 3232 3453 3512
4  2220 1737 2288 2360
4   231  230 1937 3151
4  2915 1205 3031 3923
4    35   37 3980 4300
4  1191  423 1963 3300
4  3596 2932 3609 3678
4   564  616  715 1952
4   715  616 1476 1952
4   459  564 1082 1952
4   564  459  616 1952
4   807 1476 1941 1952
4   715  807 1941 1952
4   807  715 1476 1952
4  1342 1016 2324 2381
4  1254  752 1550 2381
4  1016  575 2324 2381
4   502  367 1655 1952
4   502 1655 1809 1952
4  2173 1066 2631 3972
4  1109  874 2315 2732
4  2526 2046 4002 4238
4  3186   62 4210 4231
4   993 1503 1546 4100
4  2241 2052 2768 3079
4   474 1478 1851 1954
4   185  187 1154 2145
4  1005  474 1851 1954
4  1872 2847 3323 3368
4   618  270  700 3970
4  2813  217 2885 3343
4   679  520 1393 3489
4  1438 1549 2151 3344
4  3485 3202 3486 3487
4  1989 1438 2151 3344
4   157  155 1921 2034
4  2872 2731 3790 3940
4  1671 1683 1685 2095
4   712 1663 3092 3723
4  1734 1741 1867 2307
4  2393 2112 2479 4033
4  1741 1569 1867 2133
4  2234   39 2344 2361
4   131  132 3437 3680
4  2923 3571 3865 4271
4  1796  840 1943 1960
4  1611 1458 2124 2337
4  2304 3312 3509 4302
4  3642   84 3761 3795
4   806 1874 2428 3638
4  1292 2285 2402 4073
4  1426 1684 3222 4164
4  3609 3596 3678 3958
4  3336  202 3430 3809
4  2708 2012 2840 2919
4   461  846 1828 2816
4  1262 1464 3055 3382
4   816  611  928 2032
4   418  980 1629 3662
4  3902 3743 4002 4209
4   648  681 1052 2957
4   648 1052 2170 2957
4   397  451  776 4242
4   461 1828 2038 2816
4   851  941 1722 1964
4   724 2646 3252 3259
4   389  449 1065 3383
4  2122 1308 2853 4080
4  2809 1880 3101 3764
4  2847 2712 3368 3746
4  3581 1087 3738 4268
4   802 1085 1455 2816
4   799 1502 2373 3783
4   193 3499 3503 4274
4   829 1725 1791 3072
4   395  686  924 1963
4   573  395  924 1963
4   972  719 3243 4269
4  2249 1525 2802 3359
4   760  716 2082 3259
4  2992  848 3842 3927
4  1707 1499 4294 4331
4  3007 3670 4221 4280
4  1747 1767 3184 3882
4    34   33 3114 3290
4   646 1095 1221 4279
4   674  557 1617 2924
4   770  331 2182 3924
4  1353 2620 2740 3002
4  2511  755 3147 3279
4   608  670  863 3941
4  1885 1997 2037 2045
4    65 3861 4083 4379
4  1538   26 2244 2817
4  2692 2498 3408 3765
4  1015 1853 2567 2838
4  1801 1796 1825 2606
4   906  405 1962 2170
4    26 2244 2768 3078
4   517  907 3311 4393
4   918  532 1317 3223
4   208 2523 2585 2605
4   463  480  775 2163
4  2196 1204 2966 3772
4  3117 3417 3543 4106
4   375  444 1662 2110
4  1122 1669 1893 1968
4  1122 1657 1669 1968
4  1142 1301 1475 1968
4   750 1576 1827 4235
4   916 1311 4055 4146
4  1475  711 1657 1968
4  1029 1847 2516 4028
4  1737 1131 2435 2618
4  1744  583 2724 3311
4  3488 3486 3579 4195
4  3240 1088 3576 3799
4  3820 3255 3905 3985
4  1657 1159 1669 2141
4  1885 1870 3070 3815
4   559 3015 3906 4134
4  1836 1404 2072 2391
4  3522 1951 4158 4213
4  1821 1295 2129 2595
4   820  509 1821 2595
4   805  820 2569 2595
4   919 1102 1680 2653
4   772  883 1273 2420
4  1561  434 2510 2688
4   938 1519 2593 3858
4  3084  605 3423 3858
4  1255 2757 3293 3524
4  1255 1490 3434 3524
4   899 1739 2535 3196
4  2157 2398 3734 3942
4  1245  871 1514 2373
4   851 1369 1964 2022
4   620  555 2210 2485
4  2151 2329 2424 2745
4   312  866 1140 1973
4  1140  866 1340 1973
4   792  312 1074 1973
4   746 1035 2396 2907
4   599  792  880 1973
4   599  880 1665 1973
4  1074 1140 1340 1973
4  1074  312 1140 1973
4  1994  734 2257 3930
4  1303 1739 2662 3930
4  1394  865 1617 2317
4   965 2117 2298 3229
4  2404 1838 2575 2584
4  1438 1718 2151 2641
4  1667 1033 1706 2927
4  2511 1889 3368 3746
4  1693  605  854 1976
4   605 1693  854  442
4  1202 1699 2195 2927
4  1551 2540 2653 4077
4  2557 1384 2938 3217
4  1825 1796 2447 3856
4  2248 2795 3397 3556
4  3339 3338 3534 3538
4  1503 1493 2178 3335
4  1584 1432 1933 2008
4  1276 1584 1589 2008
4   256 1584 1933 2008
4   437  824  973 2271
4   897 1173 2094 2175
4   715  616  775 3046
4  3117 3417 3434 3554
4  1383  898 3148 4377
4  2272 1915 3089 3864
4  2155 3190 3234 4111
4    68   70 4174 4305
4   485  796 2333 2947
4  3134 2859 3369 3953
4   704 1073 1224 2081
4  1470  751 2015 2044
4   975 1571 2407 3365
4  1940 1957 2017 2021
4  2275 2297 3288 4284
4   553  517 1462 3842
4  3074 2105 3790 4258
4   362  439 1517 2047
4  1542 2864 3162 3420
4   420  517 1744 3842
4   932 1177 1462 3842
4  3018 2552 3651 3692
4   825 1853 1969 2838
4  2700 1716 3479 4065
4   713  347  906 2170
4   799 1136 3774 3783
4   229 2872 3696 3940
4  1106 1225 1525 2249
4  1985 1458 2480 2999
4  1422 1569 2616 2812
4  1728 1749 2001 2343
4  1308 1971 2122 2837
4  1198 2150 2901 3708
4  1244 1826 2555 3382
4   222 1958 2977 3868
4  3468 1909 3536 3799
4    76   74 2800 4367
4  2675 1088 3338 3799
4  2679 2787 3535 3538
4  1909 2675 2899 3799
4  1343 1876 1881 3671
4  2900   40 2944 3613
4   848 1505 2143 2992
4  1666 1609 1993 3507
4   584  676 3252 3253
4  2455 1890 2686 3445
4   171 1917 2290 2376
4    29 2230 2369 3560
4  1497  754 2758 3703
4  2428 1874 3316 3638
4  3320 2865 3412 3765
4   942  982 2857 3066
4   982 1890 1984 3066
4  1800  811 2051 2961
4  1542 2884 3080 3420
4  1542  666 2013 3080
4   315  307 3572 3828
4   537 2078 2828 3521
4  1670  925 3635 4247
4   568  549  778 2233
4  1219 1217  568 1086
4  2523 1367 2561 4135
4   205  204 3146 3185
4   980 1523 1586 2623
4  1737 1630 1996 2288
4  1709 1510 2065 3328
4  2739 1143 3559 3952
4  1014 1776 2260 2496
4  3293 2757 3375 3557
4  1994 1936 2044 2257
4  1358 1417 3543 4408
4   919  970  996 3131
4  2992 2660 3122 4223
4   985 1726 2891 3788
4   931  994 3327 4038
4  1012 1309 3199 3330
4   733  882 1190 2698
4  1560 1301 3018 3692
4   575 1560 3656 3692
4  1655 1252 1809 4304
4    24 2602 3398 3986
4  1190  733 2962 4043
4   611  586 1262 4051
4  1739  548 1994 3930
4  3921 3188 3968 4121
4  1732 1761 2250 3248
4   186 1154 2770 3248
4  1154 2250 2770 3248
4  1328 1392 1525 3359
4  1759 1969 2838 4089
4  2261 1760 3070 3162
4   881  654 2322 2502
4  3104 2876 3931 4312
4  1007  728 2025 3967
4  1580 1588 1795 3341
4   498  337  520 2047
4  1188  728 1556 3967
4  1997 3162 3412 3420
4   729  822 1654 2474
4  2829 2555 3232 3520
4   435 1918 2777 2810
4   800 2323 2436 4188
4  2858 1923 3133 4219
4   238 2084 3691 3782
4   362  337  498 2047
4   136 3584 3585 3776
4   164 2680 3687 3707
4  3666 1027 4013 4352
4  2362 1111 3000 3017
4  1176 2673 2902 4375
4  3877 3861 4378 4341
4   810 1327 2208 2630
4   986 2596 3113 3975
4  1288 1211 2333 2722
4  1689 1858 2287 3569
4  2439 1186 3789 4185
4  1873  985 2609 2891
4  2233 2013 3266 3826
4   732  564  737 2558
4  1671 1401 1927 2221
4  2869 3008 3187 3857
4  1856 1470 2767 4109
4    92 1522 2036 2631
4  1903  156 2034 2587
4   747  654 1235 2322
4   287  264  300 4193
4  2296 2785 3459 3587
4   919 1143 1551 4086
4   525  997 1965 2158
4  1560 1301 2705 3840
4   110  111 2505 2925
4   839  489 2958 3483
4  1487 2372 3146 4029
4  1909 3468 3576 3799
4  1574 1622 2860 2982
4  1997 2399 3797 4093
4  2096 1023 3532 3663
4   338  331  350 2182
4   338  476 1317 2182
4   848 2143 3719 3927
4   423  950 1453 2409
4  1433 1969 2481 3005
4   745 1468 1749 2001
4  3066 2092 3675 4016
4   403  461  627 2402
4  1348 1224 3649 3928
4   632  701 1054 4023
4  2032  816 2668 3661
4  1588 1580 1795 3457
4   716 2082 3259 3935
4  1309 1012 3775 4099
4    48 2528 3192 3474
4  1253  522 2760 2928
4   757 2192 3155 3621
4   473 1118 1620 2337
4  1896   29 2230 2259
4  1437 1755 4085 4115
4   258  259 2247 3794
4  1656  698 2534 3219
4  1449 2622 2975 3370
4   641  386  850 4391
4   599 1347 1973 2005
4   712 1473  591 1233
4  1473  712  591 2005
4   866  759 1973 2005
4   759  866 1615 2005
4   866  744 1615 2005
4   744  599  930 2005
4   930  599 1445 2005
4   662  744  930 2005
4   662  930 1445 2005
4   744  866 1347 2005
4  1347  866 1973 2005
4  1171 1950 1474 2371
4   859 1914 2440 3222
4  1995 2700 3198 3480
4   721  825  994 2007
4  1173 1903 2175 3172
4   389  380  448 2358
4  3052 2622 3793 4136
4  2019 1491 2025 2682
4   994  825 1015 2007
4  1047 2710 3010 3335
4  1202 1265 1828 2927
4   185  187 2356 3507
4  1637 1593 2922 3384
4  2206 2313 2989 2994
4  1084 1319 3278 4137
4   922 1212 1339 2870
4   703  780 1413 2739
4   547  415  622 3357
4   411  288  457 2436
4   797 1134 1849 2776
4   797  588 1134 2776
4   991 1374 2101 3519
4  1549 1539 2200 3344
4   713  347 2170 2315
4   658  314 2170 2315
4   648  314 1109 2315
4  2512 1808 2660 3402
4  2905 3067 3231 3388
4   349  345  818 2709
4   753 1150 1549 2373
4  1656 2534 2911 3219
4  1705 1766 2067 2744
4  2712 1339 2998 3880
4  1028  415 1136 2534
4  2041 1491 3668 4170
4  1757 1820 2413 2533
4  1487 1268 1519 2012
4   581 1174 3509 4302
4  1048 1482 2224 3965
4   807 2771 3046 3403
4   871 1245 1549 2373
4   799  871  970 2373
4   799  970 1661 2373
4  2049 2566 3226 3267
4  1099 1812 2183 2391
4    38   40   39 2234
4   533 1251 2321 2705
4   589  478 2456 3142
4  1748 1803 1925 4131
4  1880 2809 3101 3964
4   164 3352 3540 3687
4  2278 2930 3264 4337
4   707  610 1257 2852
4   717 1102 1271 2331
4   706  602 1659 2852
4   249 2152 2953 3762
4  1944 2757 3160 3455
4   738 1079 1762 2017
4  1079  738 1692 2017
4  1692  738 1762 2017
4  2115   24 2719 3781
4  2046 2955 4091 4238
4  1234 1163 1762 2017
4  1163 1234 1290 2017
4  1205 2719 3058 3781
4   865 1394 2950 3617
4   677  967  975 3269
4  2105 1624 2406 3074
4   959 1624 1935 3074
4  1396 2631 3165 3716
4   635 1132 1662 3757
4  2174 1838 2405 2487
4  2072 1838 2174 2487
4  1396 1066 2631 3716
4  1461 3354 3639 3716
4  1278 1190 2962 4043
4  1936 2483 2564 2579
4  2774 1700 3825 4252
4   145  144 2154 3204
4  2662  899 4278 4356
4  3493 3585 3776 4208
4  1604  955 1875 2781
4  2877  184 3574 3727
4  2258 2230 1846 1951
4  2192 3155 3416 3761
4   814  347 1615 3878
4   664  631 2601 3024
4   418  892 2219 4346
4    63 2532 3637 4210
4  1581 2092 2362 2826
4   838  308 2120 3757
4  1060 2427 2915 3058
4  2630 1608 3755 3903
4  2134 1759 2481 3347
4    86 2429 2447 3498
4   117  118  116 2714
4    38 2319 2805 3994
4   561  562 1318 2023
4   561   12  562 2023
4  1078 1325 1347 2023
4   312 1078 1347 2023
4  1317 1457 1891 2023
4  1317  303 1457 2023
4   309  303 1317 2023
4   303  309  781 2023
4    13  309 1317 2023
4   309   13  781 2023
4   675   12 1325 2023
4   332  312  792 2023
4    12  332  792 2023
4   312  675 1078 2023
4  1078  675 1325 2023
4   332   12  675 2023
4   312  332  675 2023
4  1570 2405 2874 3323
4   819 1425 1672 2823
4  1491 1735 2019 2025
4  1491 1293 1735 2025
4  4087 3565 4230 4318
4  2174 2405 2423 3323
4  2468 2212 3990 4245
4   659  599 1665 3786
4  3155 1826 3722 3795
4   554  471 1382 2543
4  2192  757 3155 3795
4  2570 2755 2910 3182
4  3485  215 3487 3488
4  1395 2422 3136 3422
4  1018 1592 1654 2672
4   607 1338 1654 2672
4   277 1167 1344 2492
4   116 2355 3036 3939
4  1729 1800 2601 4061
4  3634  148 4244 4299
4  3641 3250 4119 4236
4   164  166 2680 3707
4   165  164 3687 3707
4  2868 1409 4395 4396
4  1928  719 1970 3869
4  3203 3590 3767 4236
4  4046 4154 4334 4375
4   148 3634 3901 4299
4   166  165 2994 3707
4  2784 1304 2819 4282
4  1150 1549 2373 2389
4  1185  678 1835 2410
4  1169 1189 1332 2086
4  2497  235 2711 3673
4  1469  983 2185 3638
4   132 2024 2795 3118
4   220 2073 2340 3267
4  1122 1657 1968 2053
4  1351  835 1985 2408
4   660  745 1060 2408
4   997 1965 3915 4029
4  1293  926 1310 2346
4  1215 2165 2395 2898
4  2149 1448 2385 3115
4  1884  232 2029 2288
4  3371 2482 3415 3938
4  2019 1755 2748 4239
4   864 1583 3481 4039
4  2328 3921 3968 4121
4  2674  782 2724 4102
4  1757 2214 2330 3274
4    70 2775 2848 3806
4    42   43 2611 2914
4   801  606 1472 2104
4   136  135 2979 3776
4  3009  104 3355 3537
4  1803 1779 1917 2064
4   542  403 1828 2038
4   403  572  627 2038
4   403  542  572 2038
4   239 1683 3127 3604
4   898  802 1196 2038
4  1230  876 3771 3948
4  1360  955 1875 2930
4   403  461 1828 2038
4   461  403  627 2038
4  1676  819 1800 2051
4   343  396 1323 2380
4   526  802  898 2038
4   572  526  898 2038
4   526  572  802 2038
4   306  307  343 2380
4   307  531 1082 2380
4  1683 2253 2628 3604
4  1608 2031 2457 3597
4  1206  565 1356 2051
4   367 1082 1952 2380
4   140 2280 3323 4149
4   477  988 1376 4191
4  2636 2905 3169 3175
4  1795 1580 3341 3617
4   454  979 1306 2561
4  1205 1060 2915 3058
4   496  462  628 3015
4  1393 1017 1640 3129
4   733 1844 2962 4043
4  1060 1205 3396 4171
4   537  422  672 2078
4    66   65 3779 4378
4  3797  173 4010 4093
4  1157  987 1814 3260
4  2073 1364 3065 3406
4  2716 2821 3002 3862
4  3246 2999 3397 4171
4  1966 1470 2015 2044
4  1906  823 2383 3189
4  2535 2240 2699 3514
4  1005  976 2144 3385
4   380  641 2476 2749
4  1310 1638 1696 2346
4  3161 3039 1569 2133
4    82 2446 2462 3422
4  1613  721 1813 3327
4  2422 1805 3083 3422
4   611  816  928 3419
4  1293 1310 1840 2346
4  3239   53 3670 4280
4  1437 1471 1755 2346
4   464  380  554 2749
4   520  477  652 2047
4   498  520 1274 2047
4   906  814 1962 3816
4  1760 1885 1870 3718
4   652  981 1249 2047
4  1184  487 3251 3733
4   405  906 1962 3816
4   405  814  906 3816
4  1756 1011 2489 3988
4   297  265  458 4193
4   337  477  520 2047
4   520  652 1249 2047
4  2207 1735 2748 4239
4  1800  819 2601 4061
4   819 2051 3775 4061
4    34   32 3297 3943
4  2916 3029 3030 3140
4  1070 2504 2520 3882
4  2378 1070 2520 3882
4   840 1796 3296 3856
4  2775   70 4101 4305
4   662 1445 1558 4126
4  2964 2155 3233 3345
4  1617  718 2908 3345
4  1112 1370 1474 2050
4   500  871 1145 3554
4  1370 1171 1474 2050
4  3265 2462 3515 3724
4  1942 3043 3326 3399
4    65 4083 4317 4379
4   857 2397 3907 4279
4  1672 1932 2505 3578
4  2416 3785  850 4391
4   360  398  404 2074
4   440  815 1873 2609
4  1526 1442 2089 2585
4   113  114 2069 2686
4  1464 3055 3328 4117
4  1310 1696 2341 2346
4  1671 1415 1683 2095
4  2092 1888 3066 3675
4  2586 2031 2626 2822
4   845 1122 1968 2053
4   722  845 1968 2053
4  1888 2071 3066 3675
4   689  595 2415 2697
4  1583  864 3481 3577
4  1801 1796 1960 2447
4  1371 1728 2293 2446
4   239  240 1685 2095
4   240  241 1685 2095
4   787 2048 2146 3025
4  4273 3349 4217 1490
4  3000 2985 3173 3207
4  2887 3242 3499 4274
4   563  399 1097 3174
4   196  195 1559 2717
4    76 3346 3558 4142
4   696  867  913 2264
4  1418 2201 2850 3724
4  1706 1033 1787 4257
4  1276 2008 2632 3129
4  2072 1420 2391 2717
4  2259 1900 2369 2718
4  1860 2807 3055 3419
4   478  636  729 2456
4   156 1903 2034 2412
4  1213 1444 2294 2525
4  1832 1804 1854 2091
4  1125 1780 1804 2091
4   976  626 3020 3385
4  2800 3837 4367 4398
4   383  363 4202 4346
4   104  106 3009 3355
4  1606 1595 3620 3635
4   146 3958 4244 4299
4  1149  617 4106 4412
4  1435 1343 1881 2654
4   926 1293 2025 2346
4   301  300  947 3619
4   218  219 2340 3728
4  1129  433 1149 4412
4   451  850  952 2749
4  1696 1638 1993 2346
4   380  443  554 2749
4   451  641  850 2749
4   986 3113 3699 3975
4   300  287 3527 3619
4   413  329 3527 3619
4  2059 1989 2424 3256
4  1590 1330 2687 2713
4  1079  738 1553 2713
4  3036 2167 3090 4040
4  3008 3439 3653 4220
4  1171 1370 1396 3716
4   537  672 1135 2078
4  3779   65 4144 4378
4   672  422 1546 2078
4  1126  601 1312 2323
4   938  425 1487 2066
4   525  857 1965 2066
4   742  364  875 3219
4  2332 2467 2496 2565
4   425  396 1034 2066
4   396  425  587 2066
4   290  285  501 4030
4  1496 2238 4088 4211
4   268  264  290 4030
4  3400 1509 3812 4156
4   953  425 1034 2066
4  1117 2112 2199 2495
4  3297   32 3880 3943
4  2154 3204 3705 3859
4  2637  144 3204 3859
4   997  525 1965 2066
4   743  527 1777 3949
4   611  928 2032 2668
4   134 3494 3586 4208
4   290  501 2485 4030
4  3050 1618 3404 3914
4   565 1206 1800 4061
4  1139  432 1447 2860
4  1015 1328 1969 2803
4  2844   64 2875 3637
4   452  335  653 2534
4   160  158  159 2238
4   925  942 1568 3173
4  2929 3682 3873 3947
4  1933 1432 2247 3230
4   437  661 4260 4413
4   700  272 1001 2513
4   119  121  120 2093
4  1064  765 2110 2120
4  2312 3104 3431 4312
4   460  466 2418 2547
4  2704 3218 3615 4174
4   938  587 2066 3858
4  3304 2847 3908 4149
4  2570 1414 3068 3359
4  2161  921 2208 2630
4  1169 1575 1608 2630
4  1006  921 2161 2630
4   193  192 3231 3500
4   524  964 2737 3904
4  1433 1328 3005 3359
4   491  541 2286 3831
4  3944 1319 3948 4295
4  1362 1591 1991 3129
4   318  349  893 3622
4  2134 1379 3294 4080
4  3021 2702 3114 3290
4   411  538  869 2074
4   538 1113 1893 2074
4   869  538 1893 2074
4  1978 1926 2483 2541
4  1188 1153 1638 2374
4  1145  871 1269 2075
4  1245 1549 2373 2390
4   826  753 1626 2390
4  2459 2218 2656 2701
4   590  642 1698 4051
4   190 1978 2483 2541
4  1869 3244 3316 3827
4  1927 2801 3456 3569
4  1858 2133 2287 3569
4   871 1145 1490 2075
4  1660 1217 1824 2233
4  1163 1217 1660 2233
4  1217 1219  568 2233
4   245  244 3284 3351
4  3237 3203 3590 3767
4  1538 1510 2065 2077
4   624 1147 1448 3076
4  1365   27 2065 2077
4  3607 2056 3645 3928
4    27 1538 2065 2077
4    52 2657 3676 3996
4  1196  898 2038 2379
4   865  557 1617 2456
4  3861   65 4083 4378
4   422  881 1546 2078
4  3133 1923 3447 4219
4  2299 1200 2339 3157
4   725 1695 3229 4112
4  2848   70 3806 4314
4  1964 1262 2666 2829
4    69 3134 4174 4314
4  2223  996 2389 3131
4   674  856 1998 2574
4  1321  746 1387 2907
4  1947  971 3884 4059
4   886  647 2382 4059
4  1827 2426 3948 4252
4   647  971 1947 4059
4  1141  723 1166 2134
4   315  307  319 3572
4   702 1278 2971 3534
4  2846 2695 3730 3742
4   958 2738  994 2010
4  1460 2188 3195 3726
4  3571   58 3698 4271
4  1911  199 2168 2180
4   922  487 1031 2809
4  1227 1003 2383 2496
4   679 1017 1393 3129
4  1640 1276 2632 3129
4  2918 3602 3910 4172
4   193 3231 3499 3500
4  1276 1203 1432 3129
4  3299 2815 3900 4382
4  1203 1362 1432 3129
4  1017 1203 1276 3129
4  1080 1541 2368 2646
4   369 1444 2294 2435
4  2692 2747 3832 4276
4  1405 2468 4078 4245
4   849  483 2317 3345
4  3419 2893 3491 3493
4  2093 1833 2214 4118
4  3432  152 4005 4154
4  1464 1709 2077 2085
4   759  669  841 3056
4  1511 1038 3087 3110
4  1288 1494 2190 3318
4   807  715 1941 2292
4   791 1715 2627 3324
4  2215 3088 3329 3425
4  3184 1459 3882 3954
4  3038   62 3607 3633
4   310  311 2120 3757
4  1965  997 2066 4029
4  1398 1119 2434 3196
4  1248 1179 1691 3300
4  1196 1331 2471 4162
4   143  145 2154 2820
4  2857  942 3066 3289
4   896  507 1281 3147
4  3563 3280 4286 4340
4  1008 2176 2285 2609
4   384  413 3518 4012
4   982  768 3445 4178
4  1041  916 1599 4146
4   999 1141 1226 3919
4  2206 2295 2313 3097
4   134 2767 3494 3585
4  1710 1605 2477 3591
4   447 1051 1165 2475
4  1313 2430 2931 3319
4  1389 1411 1494 2139
4   435  349 2358 3846
4   574 2380 2697 4246
4  1314 1958 2921 2977
4  2759 2134 2853 4080
4  3070 2261 3162 3275
4   448  783 1192 3785
4   461  956 2245 2402
4  1929 1749 3159 3265
4  1302 1742 2042 2931
4   175  174  173 3320
4  1580 1289 1795 3798
4   326  404  523 2456
4   448 1192 2358 3785
4   699  729 1536 2456
4  1742 1016 3656 4308
4  1017 3569 1172 1858
4   657  679 1017 3766
4   404  326  557 2456
4   636  404  729 2456
4  1760 1870 3815 4237
4  1061 1451 1483 3426
4  2049 1198 3267 2150
4   188  190 1978 3598
4   735 1375 1533 4356
4  2572 2755 2910 3359
4  3461 2540 3780 4077
4  2190 1288 2224 2516
4  1507  768 1772 3445
4  3699 2691 3735 3869
4  2059  130 2424 2546
4  1669 2141 2598 3029
4   671 1336 2224 2516
4  2861 3432 4046 4298
4  2687 2400 3292 3567
4   768  682  982 3258
4   835  656 1651 3959
4  1864  389 1956 3342
4  2079 1741 2133 3456
4  1686 3179 3298 3588
4  2471  201 3467 4159
4  1759 2134 2522 3294
4   465 1328 1392 2667
4    43 2479 2611 2914
4  2493 3010 3354 3639
4  2442 1879 2855 2906
4  1070 2177 2387 2504
4   287  268  264  637
4  2095  242 2221 3284
4  1875  955 2055 2781
4  1465 1684 3170 3374
4  2693 1684 3127 3374
4    33 3943 3992 4301
4   246 1908 2243 2953
4   878 1524 2393 3919
4  3861 3099 4110 4341
4  1321 1459 3184 3954
4   511  415  547 3357
4  2481 2501 2572 2755
4   166 2313 2680 3707
4  1658 2714 2842 4127
4  1011 1230 2489 3277
4  1015 1938 2481 2567
4    91   90   89 2460
4  2428 1874 3244 3316
4   991 1374 1468 2101
4  1322  991 1468 2101
4   165 2313 2994 3707
4   292 2182 3223 4198
4  1284 1374 1518 2101
4  1374 1284 1468 2101
4  1322 1468 1688 2101
4   778 2233 3080 3266
4  1468 1284 1749 2101
4  1284 1418 1749 2101
4  1418 1284 1518 2101
4  1049 1662 2110 4234
4   756  367  881 2444
4  1633 2590 2763 3149
4   114  115 1959 2833
4  1511 3336 3511 3564
4  2217 3262 3306 4384
4  4077 4254 4381 4402
4   385  686 1532 2936
4  1092 3123 4181 4384
4   363  383  514 4346
4  1425 1953 3281 3792
4  1105 1566 1597 2114
4  1638 1733 1993 2114
4   751 1582 1823 2108
4   276  272 2410 2580
4   247  246 2616 2812
4   587 2759 2853 4075
4  3055 2807 3328 4168
4  1612 1861 2243 3762
4  1079 1234 2017 2839
4  2467 2260 2496 2565
4  1573  937 2377 2751
4   803  762 1634 2108
4  1634 1797 3495 3583
4  1540 2948 3492 3583
4   765  858  890 4000
4  2062 2764 3115 3285
4   983 1469 2737 3638
4   432  754 1447 2860
4  1869 1162 2775 3244
4  3689 4254 4326 4366
4  1632  868 1841 3317
4   368 2436 2912 3870
4  1181  500 1245 4082
4  1165 1864 2614 3249
4  1091 1064 1279 2110
4  1549  871 2373 2389
4   871 1269 2075 2389
4  1282 1261 1986 3709
4  1867 1741 2079 2113
4   832 1391 1697 2633
4    85   83 3722 3795
4  1360 1177 3842 3927
4  1377 2623 2677 4209
4  2752 1162 2775 3370
4  1993 2114 2770 3247
4   691  482 3828 4057
4  1202 1033 1265 2927
4  2602 3514 4262 4287
4  1075 1597 1743 2114
4  1620 1609 1743 2114
4  1597 1620 1743 2114
4   689  616 1038 2771
4  1066 1370 1396 2771
4  2947  485 4022 4188
4  1626  826 2464 2716
4  1525 2249 3005 3359
4  2376 2278 2930 3719
4  2151 1266 2389 2753
4   884  651 2126 4240
4  3416 3232 3453 3761
4  2099 1304 3143 4292
4  2702 2511 3021 3279
4   987  782 1841 2538
4  2041 1794 2682 3057
4  2462   81 3265 3427
4  2350 2995 3178 3273
4    35 3012 3373 4300
4  1633 1099 2590 2734
4    85 3241 3471 3520
4   922 1099 1633 2734
4  2500 2586 3064 3171
4  1488 1707 1939 2228
4  3188 2527 3921 4019
4  1066 2173 2631 3716
4  4046  153 4154 4375
4  1669 1916 2425 3029
4  2186 1920 3732 3814
4   456  605 2583 3907
4   990 1920 2186 3814
4  2840 2919 3313 3847
4   990 2186 2751 3814
4  1390 1577 3756 4400
4   337  361 1046 4143
4   717  919 1102 2331
4   993 3102 3148 4187
4   200  201 3467 3575
4   292  283 3593 4214
4  1298  772 1980 3308
4   962  971 1260 3211
4   718 1731 1916 2598
4   872  955 2463 3224
4  3207 3352 3539 3687
4   310  311  765 2120
4   765  311 1069 2120
4  3763 3413 4043 4248
4  3576 3240 3648 4248
4  2295   56 3314 3758
4    56   58 3314 3758
4   448  464  656 3785
4    48   47 3140 4111
4  2300 1338 2672 3353
4  1214 1308 2122 2837
4  2028 1011 2489 3277
4   692  348  694 3105
4  2060 3018 3836 3871
4  1909 1088 2675 3799
4   565 2684 2701 2772
4  1159 1122 1669 2762
4   385  381 3924 4215
4  2375 1728 2446 3515
4  1688 1322 2385 3515
4   879  460  998 2547
4   788  920  992 2547
4   788  992 2342 2547
4   464 1382  554  380
4  2609  741 2891 3276
4   992  920  998 2547
4   920  788 1280 2547
4   959 1935 2103 3074
4   723  510 1379 2759
4    72   71 2804 3103
4  2086 1691 3516 3632
4  3576 1701 4022 4026
4  2835 3305 3321 3388
4  1957 2033 2132 2472
4  2782 1602 2804 3103
4  2665  576 2880 4200
4   511 1136 2974 4255
4  2082 2822 3128 3443
4  2096 1643 3426 3513
4  2384 2119 4079 4196
4   716  573 1963 3663
4  3582 2979 3584 3860
4  1556  899 3196 3818
4  1119 1299 1556 3818
4   465 1328 2007 2561
4  1134  813 1792 2776
4  2951 3117 3533 3857
4  1711  972 2906 3869
4  3071 1595 3620 4360
4  1716 2551 2695 2945
4   508  817 1956 3342
4  1305  473 2518 2965
4  2369   31 3124 3441
4  1735 1840 2207 2748
4    70   69   68 4174
4   823 1697 2633 3377
4  1392 1423 2667 4160
4  2479 1555 3062 4033
4  1540 2052 3078 3492
4   255  254 1589 2867
4  1153 1611 2124 2645
4   320  407  691 3105
4  1902 1450 2368 2707
4  1662 1049 2110 3757
4  1715  851 1722 2130
4   404 3340 2950  623
4  3409 1934 4072 4078
4   917 1527 1918 2311
4  1081 1108 1818 2943
4  1121 1206 3392 3623
4  1856 1966 2015 2541
4  1525 1201 2419 4160
4  1986 2508 3375 3574
4  3409  148 3901 4063
4  1944 1466 2757 3455
4  1612 2152 2283 3762
4  1957 2017 2021 2132
4   994 1116 2007 2681
4  3517 1168 3581 3630
4   163  162 3270 3605
4  1426 1368 1427 2226
4   107 2035 4004 4025
4   925 1206 2961 3627
4  2693 2221 3284 3351
4  1873 2234 2344 2361
4   478  363 3142 4319
4   292 3924 4198 4202
4  1673 1824 4007 4212
4  1277 2593 3858 4033
4  1295 1821 2129 2617
4   251  252 1867 2133
4   252  251 1829 2133
4   669  468 1663 2760
4   276  272  700 2760
4   522  276 1253 2760
4  1717 1607 2002 2482
4  1166 1042 1442 2134
4  1141 1166 1226 2134
4  2647 3348 3640 4218
4  1232  280 1340 2854
4  1738  655 3357 3599
4   854  454  979 2135
4   979  454 1862 2135
4   723 1116 1862 2135
4   587  510 2135 3424
4  1372 2353 3088 3425
4   879  686 2147 4206
4   854  979 1116 2135
4  1116  979 1862 2135
4   479  510 1378 2135
4   721  923 1976 2926
4  1874  806 2428 4129
4   184 3168 3573 3574
4  1554 1437 2494 4085
4    28 1365 2065 4117
4   799  753 1150 3367
4  2540 1551 3824 4402
4  2295   56 3462 3745
4  1521 1366 2725 3380
4   740 1231 3542 3599
4  1255 1986 2232 3466
4  2135 1116 3084 3424
4  1821  509 1948 2595
4  1927 2095 2221 2634
4  3077 3116 3832 3863
4  1135  831 2292 3548
4  4047 2229 4077 4199
4  1620  873 1743 4068
4  2185 2127 3245 4190
4   805  509  820 2595
4    78   77 2083 2834
4   773  622 3210 3448
4   262  272  700 2513
4  1293 1491 1735 2144
4  2712   32 3021 3387
4  3820 2180 3852 3985
4  1988 1871 2319 2468
4  1563 1110 3216 3441
4  3228 2822 3364 3443
4  1428  815 2697 3551
4  2650  121 3044 3045
4   879 1581 2362 3896
4  3128 2822 3366 3443
4  3126 2099 3143 3996
4  1423  667 2902 4095
4  2789 1596 3090 3213
4  2073  220 2608 3406
4   678  308 1185 2661
4   308  271 1835 2661
4   308  310  527 2661
4   197  198 1740 3834
4   179  180 3480 3720
4  1065  427 1956 3816
4  2915 2270 3031 3058
4   181 2780 3094 3720
4  1343 1283 3484 3810
4  1134  588 1274 2776
4  1402  367 1952 2146
4   367  422 1952 2146
4   537 1402 1952 2146
4  1179 1865 1888 2147
4  1888 1865 2091 2147
4  1888 2091 2119 2147
4   778 3158 3225 4207
4  1236  778 3225 4207
4   778 1236 1894 4207
4  2644 4110 4194 4207
4  1650 2504 3817 3897
4  2635 2441 2821 3094
4   855  654 1146 2502
4   962 1187 1207 3261
4  1456 1275 2663 3153
4  1492 1832 1959 2455
4  1930 1294 3699 3975
4  2855 2442 3821 3836
4   343  307  756 2444
4  1952  367 2380 2444
4   538  845 1113 3135
4  1840 1851 2144 3020
4  2894 1894 3080 3266
4  1580 1795 3457 3798
4  3165 2649 3657 3664
4  1553  738 1793 2713
4    82   80 2293 2343
4   316 1175 1663 2264
4  1199 1995 2798 3481
4  1465 1426 1684 3374
4  2465 3100 3408 3861
4   748  622  852 2576
4    80   82 1929 2343
4   887  961 1898 2390
4   684  753  961 2390
4  1878 1217 2576 2642
4   983 1878 2576 2642
4  3527  413 3619 4155
4   684 1514 2373 2390
4   887  653  961 2390
4   684  653  887 2390
4  1826 3155 3741 4241
4  2450   60 3830 3893
4  1746 1361 1829 2152
4   251 1746 1829 2152
4  1746  251 1955 2152
4  1361 1746 1955 2152
4   770  283 1072 3665
4  1453  877 3004 3658
4  1579 2563 3415 3938
4  1752 1856 1966 2767
4   828  715 1402 2553
4  2280  141 2824 2847
4  1784  744 2005 3984
4  2310 2229 3573 4199
4    32   34   33 3943
4  2691  986 3699 3735
4  1641 1935 2037 2399
4   389  600 1192 3331
4  3202 3485 3486 3579
4   317  640 1130 4388
4   631 3024 3257 4320
4     4  774 2211 2490
4   184 3168 3574 3727
4  3180 3362 3545 3847
4  1885 1870 3718 4237
4    93   94   92 3165
4   246  245 1908 2252
4  1882 2216 2520 2954
4  1023  716 1643 2549
4   473  353 1133 2965
4  2188 2461 3195 3726
4  1609  186 2770 3247
4   571   10 2513 3395
4  3402  119 3879 3946
4  2991 1512 3399 3506
4   525  956  997 2158
4  2090 2151 2189 2745
4  2151 1266 2189 2745
4   956  525  895 2158
4   525  956  895  741
4  1331 2814 3596 4187
4  1115 2417 2960 3322
4   995 2501 2605 2803
4  1481 1461 3354 3639
4   575  649 1301 2160
4  1301  649 1968 2160
4   889  647 1947 2160
4  2646 1575 3259 3693
4   722  889 2109 2160
4  3101 3114 3956 3992
4   873 1597 2250 3385
4    78   77 2685 3019
4  2341   78 2685 3019
4   800  457 1270 3870
4  3404 1537 3577 4050
4  2691  719 3211 3735
4  3667 2442 3833 3840
4   626  873 2202 3385
4    77 1830 2685 3019
4   410  572 1561 2163
4   521  480 1924 2163
4   462  410 1561 2163
4  1694 1915 2016 2550
4  1640 1276 2008 2632
4   655  677  844 3269
4  1135 1093 1258 2209
4   408  423  644 2936
4  1977 1747 2504 4125
4  2502 2146 3157 4128
4  1272 1124 2679 3547
4  1169 2086 2457 2458
4   594  334 1140 4265
4  1503 1511 1950 3511
4  2359 3183 3467 4159
4   201 2471 3502 4159
4  3689 3709 3824 4086
4  3266 3861 4344 4379
4   769 1197 2269 2960
4  1543  989 1649 2165
4  3135 1207  603 3261
4   603  843 1207 3356
4   482  496  614 2396
4  1615  744 3878 3984
4    94   93 1047 3010
4  1207 3135  603 3356
4    41 2112 2495 2507
4  1321 1291 1646 2405
4   667 1342 2381 2667
4   152 3188 3432 4005
4  1996 2220 2288 3091
4  2628 3127 3222 3236
4  2291 2167 2895 3037
4   645  514  822 4319
4  2472  231 3150 3151
4  1360 2087 2291 3037
4   872 1327 2087 3037
4  1451 1360 2291 3037
4  1327 2167 2291 3037
4    70 4101 4305 4322
4  2620 1716 2740 4065
4  3337 3889 3918 3961
4   384  809 3303 4275
4   405  427 1962 2170
4   318  893 1324 2170
4   314  318 1324 2170
4  2740 1716 2780 4065
4  1488 1463 3069 4201
4   991 1322 1468 3959
4   189 3285 3684 3962
4   962 1391 1970 2633
4  1626  864 3404 3577
4   919 1680 2331 3131
4   733  882 2947 3041
4  1400 1337 1460 2235
4   657  634  758 2610
4  3841 2724 4036 4102
4  1264 1024 2014 2815
4  1370 1171 3183 3716
4  3340 1588 3341 3534
4   164  166  165 2237
4  1767 1747 2617 4125
4   786  928 2032 2345
4  1971 1759 2838 4089
4   845 1122 2053 2445
4   967  983 2737 3904
4   884 2433 2638 2689
4  1640 2008 2246 2632
4   331  350 2182 3924
4  2271  486 4354 4390
4  1787  985 3154 3788
4   832 1201 1513 2633
4   531  343 1323 2380
4   396 1034 1323 2380
4  1039 1321 1459 3184
4   655 1032 1738 3357
4  1737 1630 2288 2360
4   105 2899 3589 3744
4   393  288  411 3356
4  2504 2216 2520 3184
4   408  879 1220 2936
4  1201  832 1697 2633
4  2008  257 2246 2632
4  2174 1635 2405 3323
4  1869 2775 4101 4305
4   237 2084 3271 3691
4  3759 4062 4148 4250
4   255  256 2113 2246
4  1579 1073 3938 3963
4  2079 2008 1640 1276
4   686  879 2147 2936
4   257  256 2008 2246
4   691  560 1325 4057
4  1571 2407 2519 3295
4  1067 1798 1942 2604
4  2488  120 2533 2615
4  1820 2413 2533 2615
4  2230 1896 2259 2336
4  1412 1476 1503 2178
4  1135  672 1941 2178
4   807 1135 1941 2178
4  1476  807 1941 2178
4   672 1476 1941 2178
4   440  815 2609 2697
4   683  910 1034 2697
4  4372 3205 2061  766
4    63 2532 4210 4231
4  1120 1936 2080 2564
4  1624  959 2406 3074
4  1048 2224 3807 3965
4   503  502  787 3025
4   962 1776 1906 2496
4  2242 1197 2269 3873
4  2826 3745 3866 4016
4   272  276  668 2580
4  1694 1639 1915 2550
4  1224 1440 4102 4113
4   612  876 1161 3771
4  1827 1576 2168 2180
4  1181 1197 2960 4082
4  1019  848 3719 3927
4   331  429  770 2182
4  1360  955 2930 3927
4  2930 1019 3719 3927
4  1532 1483 1963 4176
4  2229 2310 4077 4199
4  2858 1951 4158 4205
4  2143  848 2992 3927
4  2463 1360 3842 3927
4   724 1562 2208 3224
4  1659  907 2852 4393
4  2674 2844 3649 3928
4  2164 1913 3509 3669
4   503 2048 3025 3255
4  1209  673 1386 2183
4   939 1209 1386 2183
4  1794 1193 1954 2184
4   746  496 1035 3015
4  1526 1042 2880 3182
4   418 3672 4215 4346
4   634  592  657 2349
4   679  484  957 2349
4  1042 1442 2134 2522
4   601  705 1211 3965
4   824 1100 3736 4416
4  1053 2117 2156 2766
4  3475 3114 3956 3964
4    24   23 2602 4287
4  1007  990 1920 2186
4  2116 1512 2303 2752
4   687  717 1041 3367
4   386  397  776 3955
4    56   58   57 3314
4  1323  479 1378 3423
4   957  592  968 2349
4  1591 1193 1920 2186
4  1920 1193 2184 2186
4  1192 1007 1478 2186
4  1478 1007 2184 2186
4  1192 1478 2184 2186
4  3901 2061 4013 4352
4  1950 1511 3336 3511
4  1428  815 3551 4078
4  2297 2299 2793 3157
4  2026  940 4106 4327
4  1889 3011 3746 3880
4   808 2896 4075 4256
4  2963 1889 3746 3880
4  2523 1433 2561 2803
4  1460 1736 2188 3726
4    95 1667 2879 4165
4   859 1914 3222 3236
4  2132 1937 3452 1750
4  2429   86 2447 2606
4  2312 1982 2499 3104
4  1796 1825 2938 3856
4  2741 2248 2915 3031
4   944 1435 2654 3034
4  1366  754 2772 3472
4  2851 1781 3283 3725
4   788  992 1280 2901
4   258  257 2935 3153
4  1687 2243 2953 3762
4  2192  909 3407 3453
4  3695 3168 3710 3727
4  2389 2223 3131 3782
4  2332 2467 2565 2743
4  2467 2537 2565 2743
4  3287 1092 4181 4339
4    46   45 2565 2743
4   249  248 1861 3762
4   581 1087 3581 4268
4  3819 2277 3835 3974
4   601  705 3608 3881
4  1938 1015 2481 2501
4  1380 1563 3442 3717
4  1258 1093 1522 2631
4  2919 2531 3195 3362
4  2523 1433 2572 3359
4   348  389 1065 2358
4  1498 1421 2202 3595
4  1489 1421 1498 3595
4  1774  861 4147 4250
4  1734 1600 1955 2283
4  2433  974 3280 3561
4  3644 2613 3764 4137
4  2050 1171 2371 3183
4  1525 2419 2802 4160
4   308 1049 1185 2968
4   355  325  371 3870
4  1414 2249 2570 2880
4  1042  576 2266 2880
4  1042 2266 2527 2880
4   537 2146 3521 4128
4  3894 3570 4166 4309
4  1488 3069 3641 4201
4   541 2438 3418 3433
4  1176 2383 3238 3553
4  1669 1657 1916 2198
4  2112 1555 2479 4033
4  1169 2086 3064 3597
4   881 1383 2078 2322
4   970  919 2331 3131
4   604  674  897 2574
4  1684 1426 3222 3374
4   704 1073 3224 3841
4  3346 2647 3375 4142
4  2198 1657 2254 2364
4  2171 1475 2198 2364
4  1073 1224 1979 3841
4  1013 1338 2300 2706
4  1978 2729 2764 3285
4  2198 2254 2334 2364
4   945 2284 2557 3892
4   939 2177 3817 3892
4  1843 1407 2112 2199
4  1407 1117 2112 2199
4   227  229 2731 2872
4  1386  939 2183 3892
4   728 1188 2025 3967
4   989 1543 1649 3075
4   863 1148 3109 3730
4  3333 3144 3530 3791
4  1150 1438 2331 3344
4   954  695 2294 2909
4  2212 1934 4071 4073
4  2932 3596 3609 3610
4  1187 1090 3138 3611
4   932  638 4163 4285
4  2750 1198 2901 3708
4  2253 1631 2628 3604
4  1244 1222 1464 2318
4   946  371 1729 3870
4  1169 2086 2648 3064
4   485  796 1030 2333
4  1305  660 2427 2518
4  1789 1041 3096 3591
4  1478 1491 2041 2682
4  1769 1635 2174 3323
4  1595  726 3620 3627
4   288  457 4012 4275
4  1728 3265 3427 3515
4   420  382  610 4163
4   123  124 2400 3292
4   351  350 3751 3822
4  1884  232  230 2029
4  1414 2194 2527 3068
4  3188  154 3432 3968
4  3021   32 3290 3387
4  2559  305 2806 3593
4    32   33 3290 3387
4   471  593 1382 2543
4   710  464 1382 2543
4  2420 2407 2519 2976
4   735  899 2662 4356
4    33 3114 3592 3992
4  1974 1653 2057 4258
4   826  961 2390 2464
4   961  826 1170 2464
4  2230 2259 2369 2718
4  2127 2181 2360 3091
4  1966 1448 2149 3962
4  1944 2757 3434 4359
4    92 1258 1522 2631
4  3244 2428 3316 3973
4  1618 1539 2242 3404
4  2133  905 3456 3569
4  2850 1120 3083 3724
4  1937 1996 2288 3091
4  2760 1473 2928 3092
4  1233 1473 2760 3092
4   189  188 3285 3962
4  2220 2127 2360 3091
4  3291 2835 3321 3388
4   190  188  189 3962
4   523  354  636 2210
4   352  523  636 2210
4  3058 2326 3394 3781
4   642  812 1244 2286
4  2768 2241 3079 4168
4   757 1222 1826 2286
4  3440 1092 3561 4197
4  2284 2557 3817 3897
4  2821 2441 3002 3094
4   172 1925 2043 3864
4  3371 3141 3933 4291
4  1759 1969 2267 2481
4  2134 2122 2853 4080
4   181  180  179 3720
4   449 1349 2777 4066
4  1338 1013 3139 3353
4  2166 2420 3570 4166
4  2441 2620 3002 3094
4   310  308  678 2661
4   277  275 1344 2414
4  2454 1632 3400 3879
4   279 1324 2222 2414
4  3014 3668 3712 4119
4  2460 3950 3988 4295
4   415  784 1656 2534
4   452  653  684 2534
4   291  594 1074 4265
4  1915 1639 2272 3089
4  1866 1695 1924 2996
4  1273 2121 3894 4166
4   762 2564 2579 3121
4  3202 1408 3484 3487
4  1418 1749 2101 3265
4  1728 1749 1929 3427
4  1205 2115 3058 3394
4  3428 3309 3763 4026
4  1759 2134 2481 2522
4   816  941 2668 3661
4  2187 1603 2798 4039
4   565  544 1121 2684
4  1225 1759 2267 2522
4   474  448 3331 3342
4   380  348  389 3342
4   850  464 2668 2749
4   864 1583 3404 3577
4   815  440 1871 4124
4  1978  188 2729 3285
4  2523  208 2585 3022
4  1718 1438 2331 3131
4  2438  377 2543 3433
4  2199 1530 2495 4038
4   576  823 1906 3189
4  1405  147 2932 3958
4  2269 1603 3947 4039
4   630  597  786 3433
4  1419  541 3418 3433
4  1530  701 3327 4038
4   149 2461 2529 3195
4   705 1211 2947 3041
4  1620 1566 2783 3989
4  2270 1424 2326 3058
4   223 2658 3049 3819
4   447 2777 2810 3383
4  1685 1671 2095 2221
4  2263 1995 3198 3480
4  1821 1123 2129 2617
4   279  282 1325 2222
4   282  348  508 2222
4   508  348 1065 2222
4  1577 1390 4212 4400
4  1210 1923 3324 4014
4  1650   88 3217 3817
4  1736 1095 3891 3898
4  1082  459 1952 3107
4  1516 1532 3751 4176
4  1316 1314 2723 3299
4  1151 2078 2828 4313
4   249 1861 2283 3762
4  1200 2299 2339 2996
4  2161 2162 2289 3036
4  2227 1200 2339 2996
4   180  181 2635 3808
4  2635 2441 3479 3808
4   403  895 2402 4399
4  3444 3130 3836 3849
4   671 1211 1288 2224
4   776 1994 2612 3966
4  2607 3146 3180 3185
4  1534 1335 1652 3236
4   837  548 2612 3844
4  3021   33 3114 3592
4  1652 1683 2628 3236
4  3098  212 3851 3867
4   217 2885 3343 3630
4   779  401 1738 3541
4  2256 1236 4379 4400
4  1269 1197 2417 2753
4  1204 1753 2372 3915
4   427  405 1962 3816
4  1529 1157 2660 2992
4  1356 2051 2106 3406
4  1845 1863 2070 2430
4    50 2657 2706 3676
4  1200  855 2299 2503
4  3156 3232 3416 3761
4   867 1246 2264 3026
4  1563 1110 1768 3072
4  1008 1292 2061 3551
4  1979 1224 3777 3841
4   700 1663 2863 3970
4  2805  929 2816 3334
4   348  641 2358 2993
4   698  335 2534 3219
4   345  770 1324 2993
4  2143 2992 3122 4223
4  1780 1804 2213 3315
4   605 2066 3423 3858
4  2425 2254 2587 3172
4  1332  431 2087 2409
4  2834 2083 3020 3386
4   623  951 1124 2950
4  2403 2491 2653 3271
4  1175  700 1663 2863
4  1999 1806 3778 3971
4  2295 2841 3097 3272
4   618  700  749 2863
4  1788 1999 3378 3971
4   639 2309 2887 3621
4  1450 1832 1902 3315
4  1722 3155 3416 3621
4    21 3378 3767 3934
4  2758 1992 3239 4365
4     1  567 4349 4387
4  1492 1832 2455 3974
4   917  475 1527 2311
4  1618 1764 2581 2967
4   362  477 1517 2311
4   632 1054 3478 4023
4  1834  217 2347 3081
4  1939 1488 3646 4294
4   944  794 1336 3081
4  1589  253 1829 2867
4   254  253 1589 2867
4  1771 1751 2291 2895
4  3969 1625 4062 4311
4   307  614 3572 3828
4  2966 1004 1699 4380
4  1125 1842 2091 3974
4   568  943 1217 2233
4  1217  943 1824 2233
4  1759 1308 1971 4080
4   944 1336 1834 3081
4  1978 3285 3519 3684
4  2840 2708 2919 3545
4  1068 1974 4237 4325
4   579  530  697 4417
4  1788 2019 3787 3971
4   117 2714 3926 4120
4  1499 3203 3237 3971
4   310  308  838 3757
4    21 3378 3934 3971
4  1418 2850 3159 3724
4   614  482 1904 3828
4  3656 3692 3699 3975
4  1786 1360 1875 2930
4  2277 2624 3819 3835
4  1780 1541 1902 3071
4  1137 1541 2418 3071
4   945 2126 3216 4076
4   853  833 2111 2582
4  2679 2971 3534 3547
4  2260   46 2496 2565
4  1702 1000 3646 4294
4   935 2702 2917 3279
4  1751 1191 3529 4015
4    46 2260 2537 2565
4  1261 2877 3574 3801
4  1303  734 2306 2422
4  2248 2699 3206 3437
4  3204 2637 3859 4112
4   899 1739 3196 3818
4  3819 4361 4272  221
4  1873 1818 2361 3154
4   254  255 1584 2663
4  2699 3119 3206 3437
4  1992 2862 3108 3616
4  1619 2105 2406 4355
4   437  486  824 2271
4  1632 1820 2454 3317
4  1780  686 2147 2883
4  1180 1115 1238 2417
4  2946 2995 3085 4084
4   524 1677 2303 2737
4  1653 1619 2619 4355
4  1653 2832 4258 4355
4  1043 2406 3074 4355
4   658 1109 2315 2732
4  3739  210 3821 3849
4  2809 2870 3964 4297
4  2941 3353 3676 3996
4   426  441  489 2735
4  1019 2376 2930 3719
4  1268  938 1519 2593
4  1212 1719 2129 2591
4  2293 1395 2446 3422
4  1834  216 2347 2813
4  1822 3205 3610 4078
4   979  723 1166 3465
4   180  179 3198 3479
4  1857 1441 1990 3195
4  2188 1460 3195 3478
4   116 2714 3325 3926
4   210 3836 3849 3871
4  1508 1552 2062 3076
4  1448 1966 2044 3076
4   829 1791 1846 2718
4    95 2879 2927 2949
4   840 1943 1960 2336
4  1900 2230 2259 2336
4  1846 1791 1943 2336
4  1484  908 1512 3448
4   193 3503 3510 4274
4   254  255 2113 2246
4  1903 2425 2587 3172
4  3305 2887 3504 4274
4  2971 1278 3340 3534
4  2865 2864 3070 3765
4   862 1454 1787 2452
4  1043 1841 2406 4355
4  3079 2395 3419 3493
4  1803 1748 2056 4131
4   515  720 1629 2823
4  2141   49   47 2916
4  1815 2227 2302 3255
4  2573 1151 2828 3961
4  2573 1151 3961 3972
4  2985 2362 3000 3173
4  2092 2362 2826 3173
4  1797 2979 3495 3583
4  1285 2873 3009 3233
4  1967 1942 2577 3085
4  3082 2886 3421 3458
4  1197 1266 2242 2269
4   228  227 2366 2736
4  1053 1790 2000 2774
4  2779 3013 3057 3712
4  2258 1725 2718 3072
4   492 1775 2492 2754
4     8  774 1246 3026
4  2091 2455 2786 3909
4  4202 3004 4203  381
4  2145 1732 2202 2250
4  1154 2145 2202 2250
4  1403 1165 2614 3249
4  1165 1051 1864 3249
4  1597 1310 1733 2250
4  1733 1310 1761 2250
4   185 1732 2145 2250
4  1154  185 2145 2250
4  1582  915 1860 2318
4  1464 1222 1510 2318
4  3011 2904 3880 4001
4  3805 2761 3957 4228
4  1896   31 3440 3560
4  2348 1573 2377 2751
4   339  349  543 2709
4   758  657 1443 3766
4  2012 2531 2919 3362
4  1908 1689 1416 1687
4  1689 1908 1416 2252
4  1523  515 4091 4320
4   473 1651 2337 3614
4  1597 1851 3385 3614
4   315  793 3838 4310
4  2673 1176 4046 4375
4    22 3747 3767 4236
4  2313  166 2994 3707
4   166  164  165 3707
4    91 2460 3111 3706
4  1603 2269 2798 4039
4  1747 1434 2504 3184
4  2779 3057 3668 3712
4    85 3125 3241 3520
4  1212 2129 2255 2591
4   145  143 2637 2820
4  2636 1802 2858 4205
4  2833 2857 3289 3976
4   734 1120 1936 2257
4  1936 1120 2080 2257
4  2015 1936 2080 2257
4  1936 2015 2044 2257
4  1448 1147 2044 2257
4  2080 1120 2149 2257
4   670 1199 2464 3725
4  1448 2080 2149 2257
4  1147 1448 2149 2257
4  1966 2015 2080 2257
4  1448 1966 2080 2257
4  1966 1448 2044 2257
4  2015 1966 2044 2257
4  1946 3620 3627 3635
4   361  289 1467 4143
4  2169 1166 2811 3347
4  1725 1039 2216 4134
4   661  579  685 4417
4  1395 2001 2293 2719
4  1244 1860 2318 3055
4  1725  625 3813 4134
4  1512 2303 2991 3399
4  1555 1407 1843 3891
4  2241 1807 3079 4168
4  2004 1951 2230 2258
4   984  931  994 2738
4   673  495 2640 3296
4   967 1469 1647 2704
4  1150 1438 1661 2331
4   403  895  956 2402
4   985 2609 2891 3276
4  2469 1148 2851 3730
4  1006 3531 3830 3935
4  1997 2045 3070 3275
4  2037  228 2045 3275
4  2104 3389 3902 4002
4   875  366  900 4394
4   828 1402 1941 2625
4   965  480 2298 2558
4  2685 2207 2748 3019
4   487  319 1655 3572
4  3301 2458 3632 4161
4  1201 1763 2136 2902
4  1998 1173 2175 3172
4  1482  794 2878 4385
4   626  976 1005 3385
4  2213 2119 4196 4206
4   111  112  110 2505
4  2905 2835 3067 3388
4  1637 2202 2250 3020
4  1463 1849 1939 3069
4   646 2158 3907 4279
4  2828 1852 3521 3889
4  1587 2385 3515 3724
4   696  263  867 2264
4   203 3313 3847 3978
4  3290 1819 3475 3297
4  1027  627 3603 4315
4  2299 2339 2793 3157
4   593  471 1904 3193
4  1695 1866 2117 2996
4  1093 1522 2828 4376
4    60   59 2450 3228
4   364 1738 3376 3998
4   345  339  365 2709
4  2923   58 3571 4271
4   434  462 1561 2510
4  1731 2155 3190 3234
4   359  379  401 2986
4    49 2141   47 2528
4  1759 1971 2122 4080
4  2004 1092 3440 4197
4   141  142 2969 3191
4  2588 2592 2763 3191
4   156  157 2363 2412
4   453  483 1617 2655
4  1905 1958 3835 4272
4   454  886 2382 4251
4  1781 1148 3326 3683
4  1468 1688 2101 3265
4   520  957 1046 3489
4  1913 2545 2885 3201
4  1847 3202 3579 4028
4  1713 1970 2042 2327
4  2832 3074 4258 4355
4  1841 1043 3317 4355
4   872 1327 2055 3090
4  3486 3488 3580 4195
4  1791 1801 1960 2843
4  1970 1302 2042 2715
4  2325 2794 3227 3865
4  1358 1287 3533 4273
4  3227 2794 3571 3865
4  1556  728 3818 3967
4   494  294 4143 4265
4   366  506  959 2274
4  1148 2464 3043 3326
4   563  396 1097 2896
4  2819 3126 3143 3784
4   808  563 1097 2896
4  2291 1751 2756 2895
4  2224 1913 2545 2885
4  1515  506 1516 2274
4  3492  135 3586 4208
4  2293   82 2343 3422
4  1476  422 1952 2444
4   574  422 1476 2444
4   450  366 1107 2274
4   366  450  506 2274
4   566  904 1107 2274
4   666  566 1107 2274
4   566  666  904 2274
4   247  248 2812 4116
4  1107  904 1516 2274
4  2937 2200 3256 3344
4  2654 2542 3484 3487
4   450 1107 1516 2274
4   506  450 1516 2274
4   239  240 2095 3674
4  1847 1283 2920 3202
4  1059 1052 1527 3622
4   488  273 1246 3887
4   601  457  800 2323
4   407  443  482 3105
4   491 1210 2309 3324
4  2068 1670 2961 3042
4   828 1182 2625 3549
4  1283 1622 1847 3810
4  2621 1991 3129 3230
4  1161 1230 3771 4081
4  3320 3070 3412 4093
4  2360 2288 3091 3150
4   105 2899 3536 3589
4   872  955 1360 2463
4  2020 2788 3660 3792
4  1775  275 2754 3984
4   560   15  650 4057
4  2054 1285 2964 3192
4  1530 2393 3694 3919
4   439  362 2311 3622
4  1884  232 2288 3150
4  3987  891 4163 4216
4  1941  828 2625 3549
4  1506 1520 1528 3981
4   231  232  230 3150
4   250  251 2152 2283
4  1600 1361 1955 2283
4  1955 1361 2152 2283
4  1361 1612 2152 2283
4  1361 1600 1612 2283
4  1751 1451 2291 2756
4  1602 2027 2301 3103
4   463  480  612 2558
4  2558  459  775  564
4   820 1821 2129 2595
4  2581 2301 3050 3103
4   991  597 1322 3959
4   635  492 1344 2492
4  2807 2241 3328 4168
4  2523 2572 2585 2605
4  1674 1871 2236 2319
4  3469 3175 3470 4140
4   334  594 2942 4265
4   175  174 3749 4186
4  1085  802 1828 2816
4   757 1826 2192 2286
4  1222 1244 1464 2286
4  1464 1244 1826 2286
4  1222 1464 1826 2286
4   812  639 2192 2286
4  3425 2215 3436 4338
4  2290  170 2354 4264
4  3360 2747 3749 3832
4  3797 2894 4010 4186
4  2747  175 3749 3832
4  1750 1793 2039 2288
4  1793 1750 1996 2288
4  1616 1750 2039 2288
4  1750 1616 2029 2288
4  1165  508 1956 3816
4  2624  221 3819 4272
4  2923  942 3635 3865
4   334  494 4143 4265
4   594 1059 2942 4265
4   950 1451 2087 2291
4  2071 3066 3675 4016
4   939  903 2284 3897
4   545  457 1270 3608
4    64   63   62 3038
4  1602 1446 2027 3481
4   552  272 1185 2410
4   276  669 2394 2410
4  1407 2393 2871 3721
4  2370 1384 2938 3856
4   831 1258 2178 2649
4   212  213 3098 3851
4   487 2809 3011 3166
4   907  583 3311 4393
4  1353 1781 3673 3683
4  1506 1528 3400 3981
4   521  725  775 3046
4  2719 1371 3505 4171
4   152 2328 2802 4005
4  3211  889 3243 3261
4   899 2480 4278 4356
4   210 2060 3836 3871
4  2627 3324 3388 4370
4  1719 1315 1819 2998
4   910  456 1034 3423
4   442  456  910 3423
4   772  547  773 3357
4  1189 2086 2458 3632
4   568  369 1444 2294
4  1378  454 1862 3189
4   369  549  875 2294
4  2002 2125 2354 3829
4   195  194 1559 3235
4   856  533 2321 2705
4   454  886 1306 3189
4  2378  194 2506 3235
4   576 1042 2266 3189
4  2065 1365 2077 4117
4  2077 1365 2085 4117
4   249 2133 3039 3161
4  3154 3788 4165 4257
4   975 2407 2420 2554
4   732  965 1053 2298
4  2519 2976 2997 3555
4  3177 3341 3536 3594
4   563  499 1379 2559
4  1945 1479 2656 3048
4   220  218 2340 3048
4  1778  840 3447 4197
4  1079 1083 2021 2713
4  3863 2747 3888 4276
4  2131 2067 2744 3915
4   913 2264 3723 3970
4  2470 2124 2645 2783
4  1311 1446 1537 2301
4  1537 1446 2027 2301
4  3670 3007 4221 4328
4  2235 1460 3726 4031
4   268  288 1334 4012
4  1446 1602 2027 2301
4  1446 1311 1602 2301
4   501  947 1712 3619
4   500 1181 1417 4082
4  1010  584 2392 3027
4   451  386  536 4391
4   316  263 2264 3026
4  1269 1145 3461 4082
4  3533 2727 4273 4398
4   893 1324 2170 2993
4   427 2810 2993 3383
4   770  279 1324 2993
4   427  893 2170 2993
4  2178 1047 2649 3657
4   416  736 1504 3363
4   495 1812 2638 2689
4  1283 1128 1408 2860
4   490  855  960 2510
4  1321 1570 2405 2874
4  2905 2597 3169 3175
4   649  711 2321 2705
4   533  856 1094 2705
4   490  507  896 2510
4   960  855 2503 2510
4  2235 1460 2461 3726
4   832 1342 1742 2931
4   170 2290 2354 2376
4  1319 3277 3278 3936
4  1302  832 1742 2931
4   409  665 2559 2806
4  1988 1873 2234 2344
4   879  834  920 2362
4   879  686 1220 2936
4  1547 1585 2113 2307
4  1585 1547 2107 2307
4  1336 1343 2920 3810
4  3861 3408 3877 4083
4  2509 1571 2519 3295
4   723  576 1042 2665
4  3206 2248 3437 3556
4   795  364 3822 3998
4  1718 1678 2641 2664
4  2769 2711 3082 3673
4   164  166 2237 3911
4  1379  723 2134 2665
4  2407 2420 2519 3295
4  1914 2440 2628 2888
4  1914 1517 2440 2888
4  4165 1818 1667 2879
4  1517  821 2440 2888
4  2391 1099 2575 2640
4   673 1209 2530 2640
4  1992 2204 2623 2677
4  1721 1763 2667 2902
4  1041 1271 1710 3390
4  1400 3180 3195 3800
4  1480  988 1517 2888
4  1368 1631 2226 2888
4   988 1480 1631 2888
4  1439  917 1918 2311
4  1819  935 2511 2702
4   712 1784 2005 3984
4  1011  960 3508 3769
4  1981 2024 3088 3989
4  2337 2124 2795 3989
4  2470 3086 3118 3989
4   960 1730 2227 3769
4  2254 2364 2425 2587
4   503 1252 3508 3769
4   960 1011 1730 3769
4  1808 1157 2512 2660
4  3646 2779 3668 4119
4  1656  364 2911 3376
4  2339 2299 2793 2996
4  3035  127 3273 3526
4  2365 1985 2568 2999
4  1607 2278 3089 3933
4    86   87 1650 3476
4  1272 1124 2054 2679
4   601 1312 2323 3041
4  2155 1731 2964 3234
4   705  601 1211 3041
4   882  733 1190 3041
4  3125 3232 3241 3520
4   788 2049 2150 2901
4  2049 1198 2150 2901
4  1936  751 2579 2970
4  1177 1061 1360  688
4  2856 1248 3900 3910
4  1409 1282 1922 4396
4   114  113 2069 2786
4   141 2280 2824 2969
4   571  764 1114 2643
4  3158 2486 3225 4207
4   728  536 4018 4391
4    63   62 3038 4231
4  2277 1564 2707 3049
4  2203  223 2658 3049
4  1083 1156 1673 2940
4   104  105 3535 3589
4   772 1273 1798 3054
4   207  208 2572 3022
4  2768   28 3328 4168
4  3175 3469 3566 4140
4  1365 2768 3079 4168
4  1303  548 1739 3930
4  2884 1542 3162 3420
4   442 1323 1378 3423
4  1340 1232 2854 3056
4  3387 2963 3880 4001
4   901  280 1359 2854
4  1501 1248 1842 2856
4  3654 2035 3737 3738
4  1636 1789 3096 3591
4  1170 2716 3002 3862
4  3328   28 4117 4168
4  2187 2818 3947 4039
4   999  958 2273 2808
4  1510 1464 2318 3328
4   313  661 4253 4260
4  2100 1675 2198 2321
4   388    3 2863 3970
4  2603 1945 3330 3578
4  2199  931 3327 4038
4  1675 1916 2198 2321
4  2067  205 2131 2599
4  3348 3168 3695 3801
4   701 1613 3327 4038
4  1663 1175 2863 3970
4   618  700 2863 3970
4  1744  517 3311 4266
4   204  205  203 2599
4  1916 1669 2198 2321
4   951  649 1669 2321
4   649  711 1669 2321
4  1669  711 2198 2321
4  1574 1992 3616 3636
4   934 1128 1897 3636
4  1823 2893 3006 3491
4   329  698 1656 3219
4  1757 2148 2214 3274
4  1606 1670 2206 3042
4  4218 3640 4368 4396
4  1934 1292 3666 4073
4   114  115  113 4079
4  1597  926 1851 3614
4   436  671 1211 2333
4  3613 2212 3994 4073
4   527  310 1782 2732
4   528  743  874 2732
4  1375 1147 1533 2385
4   674  897 1998 2924
4  1675  674 1998 2924
4  2985 3000 3097 3207
4  1147 1375 1587 2385
4  2330  227 2366 2731
4    93 2493 3165 3639
4   455  538 1113 3135
4  2277 2455 3835 3974
4  1433 2523 2572 2803
4   773  772 1032 2420
4  2296 1967 2886 3459
4  1273  883 2733 3085
4   999  878 1524 3062
4  2266  823 2383 3553
4   874 1109 2661 2732
4  1425 3281 3775 3792
4  3144 2457 3530 3791
4  1757 1974 2057 2330
4  1620 1597 2337 3989
4  1974 1757 2214 2330
4  1756 3770 3905 3988
4  1974 2214 2261 2330
4   617  433 3952 4259
4   551  359  779 4259
4   703  617 3952 4259
4  3756 2866 4317 4378
4   970  919 1986 2331
4  1364 2051 2106 3775
4  1102  919 1680 2331
4  1774  861 2333 3768
4  1719 1635 1769 3368
4  1719 1769 2847 3368
4  2511 1291  935 3368
4  2155  718 2924 3345
4  1438 1271 1714 2331
4  1271 1102 1714 2331
4  1438 1714 1718 2331
4   921  724 1575 3259
4  1102 1680 1714 2331
4   486  824 2271 4354
4  1492 1450 1507 3132
4   766 1511 3511 3564
4  1450 1492 2857 3132
4   708 1058 2924 3345
4   718 2155 2908 3345
4  1058 2155 2924 3345
4  1617  483 3138 3345
4  1798 1067 2733 3448
4  1984  982 2857 3132
4  3255  503 3508 3769
4  1069  311 1132 3757
4  1326 1349 1864 2610
4  3098  213 3413 3802
4  2609 1292 3551 3990
4  2295 2985 3314 3745
4   748  773 1009 3448
4  1164  631 3257 4320
4  1092 3123 3440 3561
4  1960 1900 2259 2336
4  1896 1960 2259 2336
4  3278 1319 3936 4137
4   539 1254 1613 4152
4  1319   89 3936 4137
4  1292 2609 2285 3990
4   132 3118 3437 3680
4  3936 2460 3950 4137
4  2460 3644 3764 4137
4  3866 3745 3983 4016
4   627  461 2038 3603
4  2267 2570 2755 3005
4  2080 2201 2483 3598
4  2684 1089 2701 2772
4  2457 2031 3144 3530
4   190  188 2149 3598
4  2372 1753 3313 3915
4  3675 2826 3866 4016
4  1668 1020 2051 3065
4  3710 3349 3780 4204
4  2422 1284 2564 3083
4  1166  995 2681 3167
4   115  114  113 2686
4   124  123 1156 3292
4  2523 2572 3068 3359
4  2266 2527 2880 3552
4   853  940 2582 4327
4  1488 1463 1939 3069
4   546  820 1184 3251
4  3102 1196 3148 4187
4   476  381 3004 4202
4  1078  814 1347 3816
4  2864 3070 3162 3412
4   603  629 3655 3855
4   512 1234 2088 4216
4  2231 1622 3108 3704
4  2626 2918 3171 3529
4  1691 1240 2409 3300
4   115 3976 3997 4079
4  1606 2206 2295 3073
4  2785 2296 2946 3214
4   436  544  606 2831
4  2862  162 3270 3473
4   436  606 1447 2831
4  1641 1624 2105 3074
4  1153 2416 2480 4356
4   899 1153 2480 4356
4  2971 2679 3340 1124
4  1007 2025 2560 3967
4  2795 2248 3206 3556
4  3130 3849 3821 3836
4  2948 3418 3495 3583
4   605  857 2066 3858
4  1548 3075 3078 3418
4  2328  152 2802 3061
4   413  354 1712 3920
4  1540 2052 2244 3078
4  1042  576 1862 3189
4   236 2084 2959 3163
4  1508 2062 2764 3115
4   611 1860 3966 4051
4    26   28 1538 2768
4   496  482 1904 2396
4  2681 1166 3167 3465
4  1807 2052 2241 3079
4  1219  549 2233 3080
4  3685 1583 3947 4039
4   214  212  213 3413
4  1269 1145 2075 3461
4  2059 1271 2546 3750
4  3565 3133 4230 4318
4  1017  679 1393 2349
4  1068  517 3311 4237
4  2055 3141 3415 3435
4   999  878 3062 3424
4  1606 2841 3073 3272
4  1967 2577 2946 3085
4  1609 1620 2353 1566
4  1372 1609 1743 2353
4   974 3306 4181 4384
4  3176  974 3216 4384
4   747 1151 2078 2573
4  1384  945 3441 3442
4  1063 1210 3016 4014
4  2199 1407 2871 3891
4  1192  600 2778 3331
4  2939 3098 3851 3867
4  2637 2571 2766 2820
4  3309 3428 4022 4026
4  1607 2278 2354 3089
4   553 1068 1157 4153
4  1607 1717 2002 2354
4  1222 1510 3220 3951
4  2794 2325 2923 3865
4  1327  872 2208 3090
4  2278 1061 2930 3995
4  2143 1907 3719 3995
4  3039 3161 1569 4116
4  1993 1732 4115 2356
4  1666 1567 1437 1421
4  1567 1666 1437 2356
4  1489 1567 2145 2356
4  1567 1489 1666 2356
4   187 1489 2145 2356
4  2476  559 3332 3906
4   186  185 1154 3248
4  2770 1761 3247 3248
4  2250 1761 2770 3248
4  1761 1732 1993 2356
4   186 2770 3247 3248
4  2325 1946 3865 4360
4  1414 2523 3068 3359
4  3371  226 3760 3938
4  1871 1988 2319 2524
4  1988 1871 2344 2524
4  2289 1006 2355 3993
4  1442 1526 1862 2357
4  3475   34 3943 3956
4   753  799 1136 3367
4   226 3415 3435 3938
4  1539  753 1599 3367
4   819  720 1810 2823
4  2645 2470 2783 3086
4  1522 1093 3961 3972
4  1830 1499 3386 3787
4  2207 1830 3386 3787
4  1007  990 2186 2358
4   932  891 1462 4285
4   389  448 1192 2358
4   540  389  600 2358
4   600  389 2186 2358
4   540  600 2186 2358
4  1192 1007 2186 2358
4   389 1192 2186 2358
4   263  316  774 3026
4  3836 1594 3849 3871
4   445  368  843 2436
4   837 2108 2612 2970
4   759  712 1663 3092
4   498  362  543 3955
4   700 1233 2760 3092
4   196  195 2487 2506
4  1024 1961 2815 3693
4   195 2404 2487 2506
4  2128 2056 3645 4131
4   599 1473 2005 2928
4  1713 2327 2892 3869
4  2589 2903 3336 3809
4  1181 1129 1417 2986
4   379  359  827 2986
4  2486 1345 2644 4207
4  1932 1672 2773 3001
4   760 2646 3259 3693
4  1177 2143 3927 3995
4  2689  945 2938 3892
4  1131 1737 3625 4229
4  2620 2441 2635 3094
4  1691 1772 3516 3632
4   359  433 1129 2986
4   980  515 1629 3095
4  4131 2432 4156 4210
4  2066  997 3276 4029
4  2217  974 3176 4384
4   673 2183 2689 3892
4  1135 1093 2437 2828
4  2284  939 3817 3892
4   401  379  714 2986
4   379  469  714 2986
4   714  469 1181 2986
4  3516 3299 3602 3632
4   945 2557 2938 3892
4  1407 1555 2593 2827
4   435  439  540 4066
4  1555 1277 2593 2827
4   622 1032 1738 2576
4  1086  622 1738 2576
4  1309 2603 2925 3330
4  2984 2586 3228 3379
4  1450 1541 1902 2368
4  1024  924 1541 2368
4   924 1024 1125 2368
4  2887 2309 3305 3621
4   676  584 3252 3606
4  2737 1677 3218 3365
4   386  397 2448 2709
4  1541  924 1902 2368
4  2894 3797 4010 4093
4   349  818 2476 2709
4   653  784 2534 2911
4  1923 3133 3447 3563
4  1557  509 1698 2448
4  1295  935 2129 2595
4   775  805  459 2558
4   384  413 4012 4275
4   509 1811 1698 2448
4  1387  495 2640 4090
4   953 1204 1726 2372
4  1923 1943 3447 4219
4  1842 1905 3974 4272
4  3001 1629 3095 3380
4   266  264  285 4030
4  1509 2128 3812 4156
4  3302 3128 3531 3935
4  1237 1091 1253 4126
4  1284  619 2422 2564
4   829 1791 2718 3072
4  1204 1753 2282 2372
4  1726 1204 2282 2372
4  1409 1922 4395 4396
4  2887 3305 3429 4274
4   769  670 1626 2390
4  1245  769 1549 2390
4  1549  769 1626 2390
4  2081 1579 3938 3963
4   753 1549 1626 2390
4   292  283  429 3665
4  1566 1609 1993 2374
4   899 1188 2240 2374
4  1153  899 2240 2374
4   899 1153 1188 2374
4  3169 2703 3175 4384
4  3262 3175 3306 4384
4    71 2027 2782 3103
4   584 1057 1137 2646
4   577  724 1057 2646
4  1575 1169 2457 3253
4  1882 1459 2520 3184
4   395  760  924 2646
4  2704 2509 3052 4136
4  1337 1487 2131 4029
4  1169 1575 2630 3253
4  2956 1080 3252 3253
4  1048 2958 3608 3881
4  1895 1957 2132 2472
4  1602 2301 2804 3103
4  1862 1526 2527 3843
4   654  881 1146 2502
4   855 1146 2048 2502
4   855 2275 2322 2502
4   452  684 1514 2536
4   254 1734  253 2307
4   880 1665 1973 3929
4  2561 2523 2803 3843
4  1469 2185 2934 3638
4   431  676  810 2463
4  1529 1505 3038 3607
4  1509  868 3400 3812
4  1492 1450 1832 2707
4  2132 2033 2225 2472
4   898  977 2173 2379
4  1039 1459 1882 3184
4  1321 1039 1770 3184
4  1040 1434 1747 3184
4  2913 2637 2996 3063
4   278  522 1329 3786
4  2181 2033 2472 3151
4  1884  949 1895 2472
4    24 2115 2719 3505
4   910  531 1323 2380
4  1034  910 1323 2380
4   459  616 1952 3107
4   595  370  910 3107
4  3375 2757 3439 3557
4  3695 3689 4326 4366
4  2528 2762 3449 3474
4    49   48 3140 3474
4  2030  750 3112 4235
4  1332 1240 1691 4178
4   132  131 2024 3680
4  1375  835 1533 2416
4   624 2044 2893 3076
4  1222 1548 2438 2562
4  1222  757 1826 2562
4  2498 3408 3765 4060
4   288  411  457 4275
4   373  911 1113 2382
4   373 1113 2160 2382
4   911  647 1113 2382
4  1113  647 2160 2382
4  1370 1300 2050 3110
4  1946 1010 3027 3071
4  1084  876 1230 3948
4   810  872 2087 2463
4  2073 2608 3282 3406
4  1779 1717 2043 3841
4  1533 1508 2101 2385
4    77   78 2685 2834
4  2934 2314 2975 3316
4   670  863 2851 3725
4  1418 2149 2201 2385
4  2027 1602 3481 4050
4  1893 1122 2281 3547
4  1346  977 1481 4377
4  2067  205 2599 3652
4   208  206 2572 2605
4  1353 1170 2769 3054
4  2191 1602 2301 2804
4  1442  995 2501 2605
4  1111  834 2684 3017
4  1770 1767 2405 3954
4   685 3803 4260 4413
4  1549 1438 2151 2389
4  2075 1320 2223 2389
4  1878  983 2185 2642
4  2746 2136 4046 4334
4  2185  983 2576 2642
4  1197 1269 1549 2389
4  1775  275 2492 2754
4   996 2075 2223 2389
4   996  970 2075 2389
4  1817 2597 3358 3512
4  3280 3447 3561 4340
4   943 1444 1895 3567
4  1266 1549 2151 2389
4  1266 1197 1549 2389
4   930  615 1167 2754
4   277 1167 2492 2754
4   670  769 1245 2390
4   894  847 1165 2475
4   819 1479 3065 3267
4  2063 2236 2816 3603
4   382  420  638 4163
4  1176 2652 2861 4095
4  1469  983 1647 2576
4   622  748 1032 2576
4  1080 1189 1495 2392
4   681  648  713 2957
4  1169  676 1189 3253
4   241  240 1628 3674
4  1450 1010 1495 2392
4  1189  768 1507 2392
4  1450 1495 1507 2392
4   768 1450 1507 2392
4  1314 1189 1507 2392
4  1189 1314 1495 2392
4  1495 1314 1507 2392
4  1776 1260 2467 2496
4  1366 1521 3095 3380
4  1380 1563 3216 4076
4   552  276  669 2760
4  2115 1205 2719 4171
4   669  276 2394 2760
4   468  669  759 2760
4  1826  757 2192 3722
4   816 1215 2165 2395
4  2032  816 2165 2395
4   989 2032 2165 2395
4  1543  989 2165 2395
4   989 1543 2032 2395
4  1166 1938 2811 3347
4  1141  999 1226 3465
4  1077  914 1116 3465
4   490  496  507 2396
4  1166 1141 1226 3465
4   614  490 1146 2396
4   800  436 2333 2912
4  1652 1335 1671 3236
4   852  748 2435 2909
4  1077 1116 2681 3465
4   999 1077 1226 3465
4   507  789 1146 2396
4   490  507 1146 2396
4  1232  280 2854 4000
4   369  748  852 2909
4   704 1224 4036 4113
4  1967 2296 2785 3459
4  2763 3191 3304 3908
4   922 1339 3149 3908
4  1339  922 3011 3908
4  1577 1127 1590 3715
4   311 1069 2120 3757
4  1553 1083 2713 3715
4  2155 2964 3192 3234
4   622  415  784 3376
4  1161 1681 1866 4081
4  1515  506 2274 2884
4   966 2314 2642 4003
4  2046 2104 2338 2526
4  1257 3311 4237 4281
4   741 2176 2245 2402
4  2500 1751 3529 4015
4  1351  835 1375 2416
4  2445  722 3135 4358
4  1560  575 3656 3667
4  1004 2966 1699 1108
4  1008 1292 2285 2402
4  3032  177 3973 4074
4  2176 1008 2285 2402
4  1094 1614 1713 3667
4  3620 1595 3627 3635
4  1879 2442 2855 3667
4   197 1740 3686 3834
4  1210 3280 3563 4014
4   603 2445 3135 4358
4  2302 2981 3255 3834
4  1614 1987 2442 3667
4  1614 1094 2705 3667
4   575 1742 3656 3667
4  1987 1614 2705 3667
4   938  587 1268 4075
4  1713 1614 1879 3667
4  1713 1879 3656 3667
4   129 2059 2329 2424
4   861 1288 2722 4130
4  2059 1989 2329 2424
4  2572 2585 2605 2803
4  1989 2151 2329 2424
4  3146  204 3180 3185
4  1836 1799 2391 3702
4   466 1220 1280 2547
4  1731  718 2155 2908
4   181  179 2780 3720
4  1409 1922 3559 4395
4  3008 2951 3559 4395
4  1538 1510 2077 3075
4  1548  989 2562 3075
4  3619  285 4030 4155
4  3492 3208 3776 4208
4   154  152 3188 3432
4  2757 3160 3439 3557
4   166  164 2680 3911
4   484  341 1485 4191
4  2626 2031 3171 4172
4  3925 3731 4291 4336
4  1427 1426 1465 3875
4  1080 2956 3252 3693
4  1489 1666 2356 3507
4  1728 1371 1749 2408
4  1468 1728 1749 2408
4   378  660 1651 2408
4   660  378  745 2408
4  1749 1371 2001 2408
4  1468 1749 2001 2408
4  2885 1913 3201 3517
4  3060  174 4010 4173
4   827  379 2986 3631
4   308  678 1185 2410
4   310  308 1185 2410
4   308  310  678 2410
4  1035 2907 3011 3464
4   217 2542 2885 3630
4  2885 2542 3034 3630
4  1285 2006 2679 2873
4  1751 2500 2626 3663
4  1833 2093 2214 2413
4  1974 1833 2214 2413
4  1944 1385 2869 4359
4  1551 2540 4077 4402
4  1012  565 2106 2701
4  3400 3401 3402 3879
4   277  279 1457 2414
4  1982 2836 2876 3982
4  3401 1528 3550 3879
4   274  275 1775 3984
4  3266 2866 4379 4400
4  1236 2256 3225 4400
4  2866 1390 3756 4400
4  2866 3266 3826 4400
4   520  813 1393 3489
4   531 1082 2380 3107
4   362  349 3622 3846
4  2380 1476 2697 3107
4  1898  608 2464 3506
4  2253 1326 2449 2610
4   657 1415 2449 2610
4  1528 2148 3550 3981
4  1913 2190 3201 3654
4  1594 1142 2094 4269
4  1934 2212 2468 4245
4   278 1256 1359 3786
4  3011 2847 3746 3908
4  1695 2571 3229 4112
4  1593 3942 4049 4085
4  2114 1609 2770 3247
4   217  216 2347 2542
4  1000 1702 3646 3668
4  2215 1267 2518 4068
4   482 1382 1904 4310
4   487  789 2849 3166
4  2598 1731 3190 3286
4  1775  492 1784 2754
4   277  275 2414 2754
4  2774 1910 3852 3985
4  1356 1206 2051 2961
4  1231  511 3357 3541
4  2350 2995 3496 3555
4  1157 1808 2844 2990
4   808  425  938 2896
4  1856 2015 2483 2541
4   589  478 1030 2655
4  2015  190 2483 2541
4  1264 1024 2815 3693
4   275  744 2414 2754
4  1167  277 1457 2754
4  1167  615 2492 2754
4   286  486 4404 4418
4    63   64 2990 3038
4  1393  813 3410 3489
4  1737 1996 3625 4129
4   605  442 2135 3423
4  1948  509 2448 3137
4   745 1395 2001 2422
4  2001 1395 2343 2422
4  1805  745 2001 2422
4  1805 2001 2343 2422
4  3031 3058 1205 2915
4  1334  384 3391 3518
4   857 1337 1965 4029
4  1657 1916 2198 2425
4  2198 1916 2254 2425
4  1657 2198 2254 2425
4  1765 1657 2412 2425
4  2592 3323  140 2280
4  1903 1765 2412 2425
4   942  925 2092 3173
4  1588 3240 3428 4248
4  3428 3240 3576 4248
4  3419 2345 2893 3493
4  1037 1138 2187 2798
4   112  111 2845 3482
4  1657 2363 2412 2425
4  2363 1657 2364 2425
4  1657 2254 2364 2425
4  2767  134 2979 3860
4  1994  548 2612 2970
4   160 2238 4054 4211
4  2826 2362 2985 3173
4  1212  820 2129 2917
4  2622 3615 3793 4136
4   886 1906 2383 3189
4  1983 2127 2185 4190
4  1282 1986 3375 3801
4   223  222  221 2977
4  3480 2058 3720 3848
4  1264 1388 2014 2651
4  2413 2488 2615 2619
4  1335  518 1534 4108
4   181 3094 3808 3848
4    45 2070 2268 2430
4  1049  308 1296 2968
4  1965  857 2158 2744
4  2712 3011 3746 3908
4  1016 1294 1742 2931
4   745 1424 2427 3058
4  2025 1007 2560 2682
4  1690 3431 3899 4132
4  1292 1008 2609 3551
4   801 1012 3281 3792
4  3254 3245 3885 4008
4  1164  794 2735 3608
4   334  594  860 2942
4  1490 1255 2232 3466
4  1954 1000 3410 3646
4   777  630 2130 3433
4   786  597  948 3433
4   630  851 2130 3433
4  2192 3416 3453 3761
4   340  381  476 4198
4  1581 1888 2826 3896
4  1755 2019 3203 4239
4  3312  109 4004 4045
4  3696 2872 3790 3940
4  1065  427 2993 3383
4  3123 2433 3216 3441
4  3492 3208 3583 3776
4   160  159 3431 4054
4  1213  954 2294 2435
4   852  949 1444 2435
4  1213 1444 1630 2435
4  1131 1213 1630 2435
4   568  852 1444 2435
4   369  568 1444 2435
4   568  369  852 2435
4  2757 1944 3160 4359
4  2865 3408 3320 4173
4   610 1257 2852 4393
4  3432 2802 3552 4005
4  1444  949 1884 2435
4  1131 1630 1737 2435
4  1737 1630 2360 2435
4  3215 1701 3576 4026
4   546  820 3251 4303
4  1884  949 2360 2435
4  1884 1630 2039 2435
4  1444 1884 2039 2435
4  1630 1444 2039 2435
4  1630 2360 1884 2288
4   491 2130  777  639
4  2360 1630 1884 2435
4   773  622 1032 3357
4  1970  962 2633 4189
4  1604 1607 2482 3141
4   491 2130 2438  777
4   757  491 2130 2438
4   746 1291 1770 3015
4  2247 1991 2348 2621
4   443 2749 3332 3906
4   791 1802 2627 2636
4   998  992 2547 3073
4  3123 3124 3440 3561
4  1984  982 3132 3445
4   722 1142 2109 4269
4  1311 1446 1602 2441
4  2700 1995 3283 3480
4  1546  767 2078 4100
4  2603 1309 2845 3578
4   978 1304 2099 4130
4  1802 1923 2627 2858
4   967 1469 2704 2737
4   722  647 2160 3135
4  1680 1436 2653 3271
4   741  525  997 3276
4  3505 3246 3624 4171
4  2272 2002 3089 3697
4  2028 2671 3913 3950
4   511  547 1231 3357
4   115  114 2686 2833
4  1861 2243 3374 3875
4  1257 3815 4237 3987
4  2493   94 2710 3010
4  1109  310 2661 2732
4   310  527 2661 2732
4   574 1383 1546 2444
4  1288 1211 2722 3807
4  1346 1481 3102 4377
4   812 1817 3242 3262
4   735  536  899 4356
4  2454 2615 3044 3317
4  1677 1686 3043 3399
4  3104 1690 3431 3899
4   988  484 4180 4191
4  1034  396 1323 3423
4  2365 2999 3246 4171
4  4118 2660 4153 4223
4  1740  198 2981 3834
4  2041 1794 3057 3668
4  2477  128 2546 3700
4  1315 1339 2870 3475
4   198  197 3820 3834
4   313  661 1598 4253
4  1961  760 3333 3693
4  1943 1802 1846 4219
4  2330 2045 2366 3718
4  2865 3060 3412 4010
4  1035  896 1281 3147
4  2535 2240 3196 3436
4   998 2342 2841 3073
4  2359 2371 3183 4159
4  1493 2493 2649 2710
4  1557  397 1948 2448
4   509 1557 1948 2448
4   519 1557 1698 2448
4   397  519 1698 2448
4   519  397 1557 2448
4   453  589 1617 3138
4  1338  607 2466 3139
4   453  483  708 3138
4   110 2003 2897 3612
4   604  708  897 3138
4  2466 1174 3126 3139
4   607 1174 2466 3139
4  1725 1380 2216 3717
4   589  453 1090 3138
4    42   43 2507 2611
4  2339 2913 2996 3063
4  3299 3602 3632 4161
4  2474  581 3581 4268
4  1087 3581 3738 3483
4  1449 1009 2975 4136
4   119  120 3879 3946
4  2273   42 2507 2611
4  2725 1521 2897 3330
4  2022 1369 2484 3155
4  2484 1369 2562 3155
4   953 2012 2372 2452
4  1726  953 2372 2452
4  2115 1205 3058 3781
4  2103 2443 2872 3696
4  1186 1553 2439 3789
4  2057 2832 2872 4258
4  1098 1261 1551 4402
4  1553 1056 2486 3789
4   453  445 2436 2912
4   335  394  653 2534
4  1533 1508 2385 3115
4  2046 2104 2526 4002
4   815 2609 2697 3551
4  3697 3760 4291 4336
4   119  121 2093 3045
4   940  853 2582 4011
4   774 2211 2490 3051
4   775  725 2298 3046
4  1066  521 1071 3046
4  1809 4303 4304 4373
4   902 3593 3659 3665
4  3398   23 3923 4287
4  1490 1255 2508 3293
4   124 1156 1590 2687
4  1996 2220 3091 3568
4   909 2192 2887 3504
4   592 1864 1956 3342
4  1865 1890 1912 2455
4  1912 1890 2069 2455
4  3133 3446 3447 3563
4   288  268 2436 3356
4   536  899 4356 4391
4   748 2618 3210 3448
4  2670 3931 4052 4088
4   748  622  773 3448
4  2040 1608 2031 2457
4   537 1952  422 2146
4  1911  199 2180 2774
4  1547 1573 2107 2751
4  1487 2012 2531 2919
4  1281  507 2028 3147
4  3033 3201 3483 3517
4  1889 1035 3368 3746
4  1167  615 1344 2492
4   493  902 1072 3665
4  1084 1319 3111 3112
4  2042 2327 2715 3212
4  2327 2042 2892 3212
4    61   59 3443 3796
4  1119 1267 2215 3196
4  3175 2308 3231 3262
4   205 2131 2599 2607
4   876  612 2569 4104
4  1957 2017 2132 3452
4  3394 3986 4262 4287
4  1516  688 1532 4176
4   104  106 3355 3535
4   670  863 1995 2851
4  1593 1637 2922 3942
4  1716 2669 2695 2851
4  1773 2669 2700 2851
4    81   82   80 2462
4    80   82 2446 2462
4  2669 1076 2846 2851
4  2305   59 2450 3796
4  1713 1928 1970 3869
4  1744  431 3606 1144
4    62   64 3038 3607
4  1526 1862 2357 3843
4  1367 2194 2523 3843
4  2585 2357 2803 3843
4  2089 2585 3022 3843
4  2357 1306 2561 3843
4  2523 2585 2803 3843
4  1367 1862 2527 3843
4  1367 1306 1862 3843
4  2357 2561 2803 3843
4  1288 2190 2742 3318
4  3459 2296 3587 3601
4   350  338 2182 4198
4  1559  195 2404 2717
4  1838 2072 2391 2717
4   234 2695 2945 4122
4  1875 2055 3037 4228
4  2154  145 2766 2820
4  2086 2500 3171 3529
4  2161 2289 2355 3036
4  2014 1125 2368 2707
4   924 1125 1902 2707
4  1125 1780 1902 2707
4  2895 3325 3532 4021
4  2342 1810 2418 3071
4  2030 3111 4297 4373
4   834 1121 2684 3017
4   511  415 3357 3541
4  1715 1722 2639 3621
4   842 1061 1708 3995
4  1547  981 2751 3991
4  2609 1292 2285 1008
4  2802 2419 2880 3552
4  2186 1591 2751 3991
4  2512 2093 2650 3045
4  1349 1534 1864 2610
4  2699 2451 2741 3206
4   133  132 2024 3206
4   132  133 3119 3206
4   840 1778 3561 4197
4    76   75 3653 4220
4  1057  724 1183 2646
4   716  573 1057 2646
4   524 1898 2991 3506
4  1389 1494 1774 2784
4  2010 2273 2611 2914
4  3618 1343 3704 3810
4  2275 2573 3337 4284
4  3152 2179 3760 3938
4  3428 3576 4022 4026
4  1889 1477 3166 3592
4   819  664 1425 2823
4  2586 2031 2822 3366
4  1080 2392 3252 3253
4  1057  395 1137 2646
4  1957 1895 2033 2472
4  1884 1895 2132 2472
4   548  734 2564 2970
4   232 1884  230 3150
4   231 1937 3091 3151
4  2374 1642 3436 4383
4  1596 2696 2789 3152
4   230 2132 2225 2472
4   230 1884 2132 2472
4  2181 2472 3150 3151
4  1937  230 2225 3151
4  1174  607 2466 2474
4  1259  892 1341 2474
4  1341  892 1408 2474
4   135  136  134 3585
4  1259 1341 1411 2474
4   892  581 3581 2474
4  2108  803 3220 3582
4   762  619 2564 3121
4  1388 2203 2651 2977
4  3918 3337 3972 4284
4  1451 2291 2756 3037
4  1152  485 2947 4329
4  2715 1313 2931 4307
4  3006 1823 3491 3582
4  2654  839 2735 3034
4   794  944 2735 3034
4  2735  839 2958 3034
4  1168  839 2654 3034
4  2885 2009 2958 3034
4  1673  122 2076 4212
4  1191 1751 2291 4015
4   159 3431 3899 3922
4   166  165 2237 2994
4  1926 1978 3519 3684
4   753  826 1599 4055
4  2158  646 2744 4279
4  2076  122 4007 4212
4   345  349  818 2476
4   349  345  641 2476
4   741  997 2196 3276
4  1339  922 2809 3011
4  1715 2639 3324 3621
4  1343  161 1881 2478
4    57 2923 3866 3983
4   965 1695 2117 3229
4   554  464  630 2543
4   453  589 1030 2655
4   151  149 2461 3977
4  2433  974 3123 3216
4  2540 3461 3780 4397
4   548  776 1994 2612
4    90 1319 3944 4295
4   942 1568 3173 4016
4   550  629  702 2971
4  1582  915 2108 2612
4  2073 1364 2106 3282
4  1458 1153 2416 2480
4  1653 1974 2413 3260
4   924  760 1024 2646
4   924 1024 1541 2646
4  1004 1108 2927 3334
4  1916 1998 2254 3172
4  1079 2839 3715 4401
4   584 1137 1541 2646
4   463  612  755 2569
4    40   39 2900 2944
4  1611 1153 2124 2480
4  1458 1611 2124 2480
4  1153 1458 2124 2480
4   664  545 1627 2601
4  1407 1117 2199 2871
4  2311  362 2942 3622
4  1031  487 3251 4304
4  1263 3251 4303 4304
4  2264 1663 3723 3970
4  1158 1413 1868 2974
4   486  437 2882 4390
4  1009  966 2011 2975
4  2982 1574 3108 3616
4  1319   91 3111 3706
4  2593 1277 3714 4031
4   911  360 1113 2485
4   555 2074 2210 2485
4   411  455 1113 2485
4   411  393  455 2485
4   411 1113 2074 2485
4  1113  360 2074 2485
4  2074  360 2210 2485
4   555  411 1126 2485
4  1126  411 2074 2485
4   555 1126 2074 2485
4  1466 1255 2757 3455
4  1611 1153 2480 2645
4   844  863 3269 3941
4  1553 1056 2439 2486
4   670 1181 2960 3941
4  1208  602 4277 4393
4  1641 2037 3696 3790
4  1658 2096 3532 4021
4  1563 1380 3072 3717
4   217 1834 2347 2813
4   110 2003 2020 3199
4  2613 1477 2671 3278
4  2783 1566 3086 3989
4  3186   62 3607 3645
4  1210 1063 3016 3280
4   731  840 2638 3280
4   415  622 1738 3376
4   780 1282 1986 3455
4   581 2958 3483 3509
4  3484 3486 3580 4195
4  3797  175 3863 4186
4  2795 2470 3118 3989
4  2124 2337 2783 3989
4  1620 1981 3088 3989
4   152 2802 3061 3188
4  2757 3375 3439 3455
4  2024 2795 3118 3989
4  1566 1620 2353 3989
4  1300 1370 2050 3183
4  1942 2577 3085 4084
4  1354 1171 1370 2493
4  1370 1171 1396 2493
4  1640 1573 2621 2632
4   909 2887 3499 3504
4   843  603 2436 3356
4   705  601 1312 3881
4  3412 2894 4010 4093
4   374  320 2559 3593
4  2075 1490 2232 3349
4  3291  191 3321 4009
4  2339 2227 2913 4067
4  1437 1188 1556 2494
4  1188 1437 1471 2494
4  3070 1997 3162 3412
4  2721 3413 3648 4248
4  1421 1437 1556 2494
4  1299 1421 1556 2494
4  1421 1299 1463 2494
4  1471 1437 1755 2494
4  1551 2540 3824 4086
4  1471 1755 2398 2494
4   476  877 4198 4202
4  1421 1463 1554 2494
4  1437 1421 1554 2494
4   877 3223 4198 4202
4  4047 3573 4199 4204
4  1554 1463 2228 2494
4  1551 1242 2540 4086
4  2540 3689 3824 4086
4  2205 1227 2351 2496
4   971 1260 1776 2496
4   962  971 1776 2496
4   971  962 1260 2496
4  1260  962 2332 2496
4   962 1227 2332 2496
4  1260 2332 2467 2496
4  2260   46 2351 2496
4    46 2205 2351 2496
4  2086 3064 3529 4015
4   655  677 3357 3599
4    28 2065 3328 4117
4   242  241 1685 2693
4  2579 2564 2970 3121
4   178  176  177 4296
4   508 1325 2222 3816
4  3824 3689 4254 4326
4  1671 1397 2221 2693
4   242 1685 2221 2693
4  1916 2254 2425 3172
4  1252 1307 2849 3988
4  1065  508 2222 3816
4  1827 1576 3770 3988
4   325  371  877 3658
4   493  320  902 3665
4  2034  155 2334 2587
4  2254 2334 2364 2587
4   156  155 2034 2587
4   155  156 2364 2587
4  2847 1872 3011 3746
4   156 2363 2364 2587
4  2334  155 2364 2587
4  1444 1884 1895 3523
4  2078  881 2322 2502
4  1053 1910 2774 3985
4   856  674 1928 2574
4  1915 2550 3089 4264
4   568  369 2294 3158
4   549  369  568 3158
4   867    8 1246 3026
4  1380 1110 1563 3072
4  1111 2262 3017 3540
4  2313 2295 3073 3097
4   399  526 1097 3174
4  3017 1206 1121 2684
4   549  959 2406 3158
4  1925 1915 3864 4264
4  2275  855 2322 2503
4  1235 2275 2322 2503
4  1483 2096 3532 3663
4  2303 2116 3369 3588
4   982 2857 3066 3289
4  2461 2529 3195 3977
4   982 1984 2857 3289
4  2976 2519 2997 3179
4   221  223 2624 3819
4   671 1336 2516 2920
4  2880 2570 3068 3182
4  1526 2880 3068 3182
4  2509 2519 3178 3295
4  3044 1808 3400 3812
4  3299  167 3528 4157
4  2679 2950 2964 3537
4  1253 1329 1445 4126
4  1169  810 2630 2648
4   784  415 2911 3376
4   369  622 2909 3376
4  2294 2909 2911 3376
4  1181  844 2960 3941
4   810 1327 2630 2648
4  3480  180 3808 3848
4  1283 1139 1622 2860
4  1504 1054 2531 3478
4  1842 1501 1865 3835
4   955 1073 1717 3841
4  1386 1825 2938 3296
4  2530  673 2640 3296
4   495 2530 2640 3296
4   480 1924 2163 2510
4   462  463 2163 2510
4   480 1866 1924 2510
4   480  896 1866 2510
4   507  490  960 2510
4   507  960 1866 2510
4  1866  960 2503 2510
4   463  480 2163 2510
4   480  463  896 2510
4   462  896  463 2510
4   896  462  463  628
4   254 1734 2307 2663
4  1403  341 1485 2614
4   820 1263 3251 4303
4   484  341  592 2614
4  1836 1839 3811 4125
4  2826 1888 3675 3896
4  2767 2893 3585 3860
4   526  756 1383 3148
4  1243 1330 1553 2713
4  1083 1079 1553 2713
4  1611 2480 2999 4069
4  2894 3797 4094 4186
4  1611 2337 2795 3396
4   571   10  963 2513
4    10    2  963 2513
4   157 2363 2412 2515
4   157 1921 2514 2515
4   157 1903 2034 2515
4  2034 1903 2094 2515
4  1921 1475 2514 2515
4  1921  157 2034 2515
4  1921 2034 2094 2515
4  1429 1921 2094 2515
4  2053 1429 2094 2515
4  1475 1429 2053 2515
4  1429 1475 1921 2515
4  2009  794 2958 3034
4  1796 1801 2521 2606
4  1119  470 1398 2518
4  3780 4077 4254 4381
4   956 1081 2196 2966
4  1108 1818 2943 2966
4  1081 1108 2943 2966
4    81 1929 3265 3427
4  2218 1945 2701 3330
4  1089 2218 2701 3330
4  1267 1119 2215 2518
4  1119 1267 1498 2518
4   400  721 1613 4023
4  2480 2568 2999 4069
4  3397 2568 3398 4069
4  3341 3177 3799 3867
4    88   86 1650 3498
4  3278 2613 3644 4137
4  2599 1766 3600 3800
4  1442 1042 1526 2522
4  1268 1054 1441 2531
4  1267 1119 1556 3196
4  2220 1737 2360 4003
4  2072 1836 2391 3702
4   160 3106 4054 4132
4  1281 1477 2511 3147
4  2877 3695 3727 3801
4  1035 1281 2511 3147
4  1708 1907 2016 3186
4  1907 1708 2143 3186
4   343  396 2380 4246
4  3640 1333 3916 4396
4  1442 1166 2134 2522
4  1012 1309 3775 3792
4   706 1045 2486 3158
4  1184  495 1812 2638
4   903 1977 2126 4076
4   343  396  563 2896
4  2481 1442 2501 2522
4  1442 2089 2501 2522
4  1186  707 2933 4371
4  1451 1483 1786 2756
4  2086 1169 2457 3597
4   476  414 1453 3004
4   657 1485 4180 4191
4  2340  219 2889 3728
4  1458 1611 2480 2999
4  2802 1414 3061 3188
4  2656 2459 3282 3728
4  1213 1056 1243 2525
4  1213 1243 1444 2525
4  2608 2656 3282 3728
4  2894 2013 3100 3266
4  1056 1127 1590 2525
4   219 2566 2608 3226
4  1243 1056 1590 2525
4  1937 1996 3091 3568
4  1414 2527 3061 3188
4  1749 1284 1805 3159
4  1418 1284 1749 3159
4  2608 2566 2791 3226
4  2240 1153 2374 2645
4  3442 1650 3817 3897
4  2566 1668 2791 3226
4   484  657 4180 4191
4  1692 1983 1996 3568
4  2127 2220 3350 3568
4   637  287 3527 4193
4  1307 2460 3111 3764
4  2849 1031 3166 3764
4  3362 3180 3600 3800
4   175 3797 4010 4186
4  3074 1641 3696 3790
4  1374  762 2564 2579
4   734 1936 2564 2579
4  1823  751 2108 2579
4  3202 2920 3579 4195
4  1936 2015 2483 2579
4  1648 1816 2095 2634
4  1459 1882 2520 2530
4  1387 1039 1459 2530
4  1459 1039 1882 2530
4  2508 3375 3574 3801
4    87   86 2429 3194
4  2429   86 2606 3194
4  1070 2954 3194 3477
4  1796 1825 2606 3477
4   275  277 2492 2754
4  1648 1415 3604 4024
4  2807 2318 3328 3951
4  2491  237 3271 3463
4  2166 2296 2886 3601
4   480  612 2558 3825
4   632 1054 1504 3478
4  1825 1796 2530 3477
4    79 2922 3942 4049
4  1180 1055 1242 4086
4  1095 1221 1460 3478
4  1054 1441 2531 3478
4  1320 2223 2389 2641
4  1801 1825 2447 2606
4  3313 2840 3847 3978
4   995 1442 2357 2585
4  1477 1281 2028 3147
4  1519 1487 2012 2531
4   198 2981 3820 3852
4   384  570 3391 3518
4   150 1990 2529 3721
4  2792  550 4022 4188
4  1990  150 2188 3721
4  1267 1556 1642 3196
4  3353   52 3996 3784
4   566  932 1177 3438
4  1647 1469 2314 2975
4   966 1647 2314 2975
4   966 1009 1647 2975
4  2260 1721 2351 2537
4    46 2260 2351 2537
4   536 1533 4356  735
4   415  511 1136 2534
4  2669 1773 2700 3197
4  2700 1716 2945 3197
4  1716 2620 2945 3197
4   627 2038 4162 4374
4  1027 1229 3678 4374
4   463  805 2558 2569
4  1584  256 1933 2663
4  2845 1309 2897 3199
4   110 2845 2897 3199
4  1845 1302 2594 4189
4   474  448  783 3331
4  2441 2620 2635 3197
4  1773 2263 2700 3197
4   254 1746 1955 2663
4   254 1584 1746 2663
4  1955  254 1734  253
4   570 1144 3518  372
4  3243  719 3261 4358
4   946 1206 1800 3623
4  1838 2391 2575 2717
4   720  819 1672 2823
4  2330 2045 3790 3940
4   682  768 2392 3258
4  1628  239 1684 3876
4  2226 1648 3674 3876
4  1756 2489 3771 3948
4   385  460 1220 2694
4  1229 1027 3666 4352
4   243  244 1644 2539
4  2773 1629 3001 3380
4  2879 1818 2891 4165
4  1436 2653 4077 4402
4  2757 1255 3293 3375
4   828 1182 3372 4306
4  2508 2647 3293 3375
4    21 3237 3590 3767
4  1872 2847 3368 3746
4   319  487 3464 3572
4  2985 2295 3272 3462
4  3573 3349 3710 4047
4  1689 1443 1858 3569
4  1097 3174 4124 4246
4  1267 3088 3595 4068
4   363  514  729 4346
4   733 3309 4022 4026
4   216  215 2813 3488
4  2638  945 2689 4240
4   865  699 2456 2655
4  3228 2450 3364 3379
4  1499 1488 3023 3203
4   483  453 1701 2655
4   363  292 3223 4202
4   471  554  593 2543
4   554  569  593 2543
4   593  569  777 2543
4   569  630  777 2543
4   569  554  630 2543
4   597  464 1002 2543
4   464  597  630 2543
4   377  327 2438 2543
4   377 1002 1382 2543
4   327  377 1382 2543
4  1490  871 1502 3434
4  1145 1490 3417 3434
4   125  126 3525 3526
4   637  287 3518 3527
4  3178 2997 3298 3525
4  3298  125 3525 3526
4  1490 2727 3417 3434
4  2699 2645 3437 3556
4  1595 1606 3620 4360
4  1145  871 1490 3434
4  1732 1593 3384 4115
4  1814 1808 2512 3044
4  1013 1338 2706 3353
4  1786 1451 2756 3037
4   125 3273 3526 3588
4   794 2735 2958 3034
4  1435 2542 2654 3034
4   944 2654 2735 3034
4   129 2059 2424 2546
4   130  129 2424 2546
4  3439 3557 3653 4220
4   129 2059 3028 2329
4  2980 1797 3494 3495
4  2197 2313 3073 3874
4   664  819 1627 3257
4  1209 2276 3181 3811
4  3209 2980 3494 3495
4  1697 1201 2633 3377
4   879  920 1220 2547
4   920  879  998 2547
4   466  788 1280  720
4   788  466 1280 2547
4  1260  971 2600 3211
4    74   76 2800 3346
4  3350 3568 4129 4190
4  1341 3120 3485 4028
4  1500 1625 3969 4311
4  3231  193 3503 3510
4  1961 1024 2815 4382
4   724  921 1562 2549
4  1183  724 1562 2549
4  1059  430 2942 4265
4   582  430  594 4265
4   106  104  105 3535
4  1786 1061 2278 2550
4  1061 1239 1708 2550
4  1061 1708 1907 2550
4  1596 2055 2789 3090
4  1327 2161 3036 3090
4   413  329 3518 3527
4  2785 1686 3526 3588
4  1714 1680 2084 3782
4  2860 1574 2982 3636
4  2554 2420 3894 4166
4  2356 1993 3247 3507
4  2060 3018 3651 3692
4  3485 3033 3579 4028
4  2298 1053 2117  965
4  1053 2298 2117 2553
4  2796 2500 3064 3544
4    85 2239 3125 3520
4   602 1208 4394 4407
4  1579 2482 3697 3938
4  2179 1579 3697 3938
4  1435 2347 2542 3081
4   816 1215 2395 3079
4   662 1237 1253 4126
4   709 1069 3804 4105
4  2372 1837 2452 2919
4  1066 1396 2631 3664
4  1836 1839 3702 3811
4  1209 1559 3702 3811
4   720 1672 1932 2823
4  1182 2297 3012 3288
4  1383  574 1546 3148
4  1930  101 4034 4307
4    99 2122 2567 2837
4  2056 3186 3645 4131
4  2372 2919 3146 3313
4   475 1527 2311 2942
4  1612 1687 2152 3762
4  1480  988 1631 4180
4  1314 1264 1388 2723
4   239 1415 2095 3604
4   337  362  543 2942
4   752 1254 1550 3659
4    49   47 2916 3140
4    82   81 1805 3454
4    82 1805 3422 3454
4   184 2310 3573 4199
4  3156 3232 3358 3416
4  2155 3140 3190 4111
4  1557  771 3176 3216
4  2171 2034 2175 3444
4  2034 1921 2094 3444
4  2049 1479 2340 3048
4  1739 1119 3196 3818
4  1660 1290 2233 3826
4   943  778 3647 3826
4  1778  840 2336 3447
4   394  653 2534 2911
4  1672 2788 3200 4224
4  2637 2996 3859 4112
4   364  351 1656 3219
4  2286 1222 2318 3220
4  3234 3190 3286 4111
4   539  374  563 2559
4  2787 2950 3537 3594
4  2950 2787 3341 3594
4  1973 1340 2854 3056
4  1787 1033 2452 4257
4  1825 1386 2530 3296
4  3701 3186 4210 4231
4  1128 2860 2982 3636
4   447  449 1051 2777
4  1117 2199 2871 4048
4  2184 1920 2186 2560
4  1007 2184 2186 2560
4  1920 1007 2186 2560
4  2440 1914 2628 3222
4   184  182 2877 4199
4   516  361  580 3844
4  2622 1449 2975 4136
4  1827  750 2426 4252
4  2647 3346 3640 4217
4   987  868 1841 3649
4  2486 1056 3158 3225
4    83   84 3642 3795
4  1574 1447 1622 3108
4  1792 2779 3069 4201
4  1034  910 2380 2697
4  1211 2722 3807 3965
4  2525  778 3158 3225
4   771  625 2118 3813
4  1518 1120 2080 2564
4  2080 1936 2483 2564
4  1518 2080 2483 2564
4  1374 1518 2483 2564
4  1374  619 1518 2564
4  1182 2297 3288 3859
4   133 2451 3329 3425
4   734 2306 2422 2564
4   778 1236 3225 3647
4  2818   72 3685 3999
4  2647 2508 3348 4218
4   415 1656 2911 3376
4   247  248 1861 2812
4  1770 3015 3853 4134
4  3094  181 3720 3848
4  2201 2149 2729 3598
4  1553 1330 1590 2713
4  1597 1733 2114 2770
4  2131 2372 3915 4029
4  1733 1597 2250 2770
4  2638  840 2689 3280
4  1733 1761 1993 2770
4   923  721 1931 2926
4   689 1071 2771 3110
4  1087 4268 4282 4363
4  1519 1337 3858 4029
4  1142  722 2094 4269
4  2842 2714 4035 4127
4  2815 3299 4335 4382
4  1646 1321 2405 2874
4   651  793 1812 2638
4  1429 1921 3130 3444
4   793  495 1184 2638
4  1695  965 2298 3229
4  3360 4010 4173 4186
4  2385 2764 2729 3115
4  2306 2422 3083 3422
4   259 2247 2621 3230
4  2200 2411 2937 3256
4  1691 2086 3529 4015
4   752  352  902 3659
4   887  382 1100 3736
4   655  844  964 3269
4  1464 1262 2085 2829
4  1518 1418 2101 2729
4  2370 1650 3442 3717
4  1581 1888 2092 2826
4  3320 2747 3360 3408
4  1262 1964 2085 2829
4  1895 1623 1940 3523
4  2393 1524 2479 3694
4  3554 1355 4392 4406
4  1998 2171 2175 2574
4   897 1998 2175 2574
4   897  674 1998 2574
4  2100 1987 2171 2574
4  1998 2100 2171 2574
4   970 1661 2389 3131
4   799 1255 1502 3783
4   996  970 2389 3131
4  3900 1024 3910 4382
4    38   40  929 2805
4  2268 1863 2673 3238
4   655 1086 1738 2576
4  1032  655 1738 2576
4   763  967  983 2576
4   967  655 1032 2576
4   983 1469 2185 2576
4  2185 1469 2314 2576
4  1217  763 1878 2576
4   763  983 1878 2576
4  1719 2591 2824 2969
4  2795 2337 2915 3396
4   655  763 1086 2576
4   763  655  967 2576
4  2337 1060 2915 3396
4   548  837 2612 2970
4  1700 3770 3771 4252
4  1377 3629 3681 4096
4   750 1827 1911 4252
4  2168 1827 3770 4252
4   308 1049 2120 2580
4  1049  308 1185 2580
4  1185  308 2120 2580
4  1049  668 2110 2580
4  1049 2110 2120 2580
4   668  276 1064 2580
4   668 1064 2110 2580
4  2110 1064 2120 2580
4  1064  765 2120 2580
4  2120  765 2410 2580
4   765  276 2410 2580
4   276  765 1064 2580
4  1987 2171 2574 3444
4   442  393  456 2583
4   370  290  620 2583
4   290  370  456 2583
4   376  402  798 2583
4   620  376  798 2583
4  1693  605 1976 2583
4   895 1976 2158 2583
4   456  895 2158 2583
4   290  393  620 2583
4   393  290  456 2583
4   400  620 1693 2583
4   400  376  620 2583
4   376  400  402 2583
4   400 1693 1976 2583
4   402  646  895 2583
4   895  646 1976 2583
4  1339 2998 3149 3908
4  1778 1896 3856 4150
4   402  400  646 2583
4   646  400 1976 2583
4  2378 1459 2530 2584
4  1718 1678 2151 2641
4   499 1379 1697 2665
4   499  576 1379 2665
4  2012 2372 2452 2919
4   234  235 2388 2711
4  2363 2412 2425 2587
4  2364 2363 2425 2587
4  1979 1224 2081 3777
4  2412 1903 2425 2587
4    47   48 2528 3286
4   587 3424 3858 4033
4  1268  938 2593 4033
4  3637 2532 3812 4210
4  3024 2104 3389 3902
4  1153 1458 2416 3679
4  1483 1239 3426 4176
4  2432 3637 3812 4210
4  1654 1026 2466 3650
4   452  973 3736 4389
4  2217 2308 3262 3503
4  2129 2255 2591 4032
4  3231 3242 3262 3503
4  1039 1882 2216 3184
4  1731 2598 2964 3234
4  2239 1826 3382 3520
4  1838 2102 2575 2590
4  2391 1838 2575 2590
4  1838 1404 2102 2590
4   117  118 2714 4035
4  1268 1519 1857 2593
4  1673 1824 2193 4007
4  1268 1857 2393 2593
4  1404 1838 2072 2590
4  2072 1838 2391 2590
4  1404 2072 2391 2590
4   949 2360 2472 3150
4  3190 1731 3234 3286
4  2141 2054 2598 3286
4  1769 1719 2280 2591
4  1769 2280 2588 2591
4   203 2067 3652 3978
4   143 2637 2913 3063
4   740  513 3541 3599
4  4035 3213 4040 4041
4  3912 4220 4368 4395
4   118 2289 2842 4041
4  1662 1132 1782 3757
4  1673 1083 2839 3715
4  1098 1436 2310 4402
4  1816 1648 2095 3674
4  1366 1406 2725 3380
4  2715 3212 4027 4034
4  2296 1967 2946 3085
4  2628 3127 3604 4164
4  2067  203 2599 3978
4  1135  537 2078 2828
4   102  101 4027 4034
4  2892  102 4027 4034
4   101  102 1930 4034
4  1294 1016 1742 4308
4  1151 2078 2573 2828
4  3827 2987 4074 4316
4   537 1135 1852 2828
4  2045 2037 3790 3940
4  2037  228 3696 3940
4  3353 2466 3969 4311
4  2632 2621 3129 3230
4  1420 2391 2575 2640
4  3175 2676 3231 3263
4  1420 1209 2391 2640
4   977 2173 2379 3183
4  2104  664 3024 3389
4  2107 1573 2348 3991
4  2918 3301 3602 4172
4  1328 1525 3005 3359
4   889  986 3211 3243
4   986  889 2109 3243
4  2829 2666 3156 3232
4  1644  243 2539 3170
4    98 2122 2169 2837
4  2293 1395 2719 3890
4  3760 3697 4123 4336
4  1916 1669 2321 2598
4  1669  951 2321 2598
4   951  718 2321 2598
4  1675 1916 2321 2598
4   718 1675 2321 2598
4  1675  718 1916 2598
4  2714  118 2842 4035
4  1627  545 1729 2601
4   606  565 1729 2601
4   565  606  801 2601
4  2876 2836 3931 4312
4  1627 1729 1800 2601
4  2693  242 3170 3284
4  3090 2055 3213 4228
4   737 2558 2569 3825
4   819 1627 1800 2601
4   819  664 1627 2601
4   769  864 1199 3481
4  2903  201 3809 4159
4  1752 2062 3076 3684
4  3207 3017 3352 3540
4  1864 1326 2610 3249
4  2226 1426 2888 4164
4   436 1270 1729 3870
4  1507 1772 1785 3445
4  2458 3145 3632 4161
4   941  851 1722 2720
4  2194 1526 2527 3068
4  2116 1942 3035 3399
4  1715  569 2118 2720
4   185  186 3247 3248
4  1864 2610 2614 3249
4  1761 1733 2250 2770
4  1761 1732 2356 3248
4  1732  185 2356 3248
4   902  320 3593 3665
4  3241 3232 3471 3520
4  2421 1013 3106 4211
4   901 1665 3748 3929
4   305  292  523 3665
4   556  912  981 3814
4  1733 1993 2114 2770
4  1075 1154 2250 2770
4  1485 1403 2614 3249
4  1247 1972 3523 3567
4  2870 1263 3964 4297
4  2133  249 2287 3161
4  2939 1610 3867 4103
4   735 1739 1994 3930
4   790  787 2146 3025
4  2200 1710 3256 3390
4  2048  960 2502 3025
4  1888 1890 2092 3066
4   982  942 2092 3066
4   984  931 2199 4038
4  2107 1547 2751 3991
4  1871  815 1988 2609
4   815 1871 1873 2609
4  1873 1871 1988 2609
4   387  355 1332 3658
4  3403 3548 4056 4306
4  2176 1081 2335 2609
4  1081 1873 2335 2609
4  2107  259 3794 3991
4  1456 2107 3794 3991
4   602  394 1659 4407
4  3188 2527 3432 3552
4  3069 3013 3641 4201
4   259 2107 2348 3991
4  2527 2266 3432 3552
4  1591 2348 2751 3991
4  1851  926 1877 3614
4  1573 2107 2751 3991
4  1385 1178 1621 2739
4  3111 2460 3112 3706
4  2527 2266 3189 4019
4  1014 1176 2652 4019
4  2047  439 3814 3846
4   362  435  439 3846
4  3168 3574 3727 3801
4  2262 2386 2750 2791
4   884  642 2217 3176
4   657  634 2610 2614
4   634 1864 2610 2614
4  1864  592 1956 2614
4  1165 1864 1956 2614
4   817 1165 1956 2614
4   592  817 1956 2614
4  1861 1612 2283 3762
4  3699 1720 4232 4233
4  3747   22 3767 4351
4  1107  450 1516 3751
4  1710 1041 1789 3591
4   248  249 2953 3762
4  1294 1742 4307 4308
4   366  364  450 3751
4   351  350  385 3751
4   979  995 2357 2803
4   939 1386 2177 3892
4   603  538  629 2792
4  1314 1316 1388 2921
4   217  216  215 2813
4  2708 2840 3363 4006
4  2887 2309 3016 3053
4  2174 1836 2487 2617
4   530 1558 4105 4126
4   930  662 1558 4126
4   530  930 1558 4126
4   737  750 2030 4235
4  2966 2949 3772 4324
4  2949   97 3772 4324
4  1598 1279 4105 4126
4   748  966 2435 2618
4   536  386 4018 4391
4  1817 2597 3242 3262
4  3492 2345 3493 4208
4  1123 1099 1812 2734
4   820 1123 1812 2734
4  1123 2255 2590 2734
4   577  724 2646 3252
4   109  107 2035 4004
4   726  946 3027 3627
4  1869 4101 4151 4305
4  1264 1314 1388 2651
4  1507 1564 2624 2651
4  1495 1264 2368 2651
4   934 1523 2623 4320
4  1559 2404 2584 2717
4   505  331 1228 3822
4   823  962 1003 2633
4  2428 3960 4129 4190
4  1573  259 2348 2621
4  3960 3350 4129 4190
4  1391  962 1697 2633
4   962  823 1697 2633
4   754  432 2219 2860
4   699  865 1536 3617
4  1536  865 2950 3617
4   865 1289 1394 3617
4  2714  117 4035 4120
4  3686 1730 3769 3905
4    75 3912 4220 4283
4  1251  373 2321 2705
4   373  649 2321 2705
4  2411 1710 2978 3256
4  1408 1168 2654 3487
4   934 1992 2204 2623
4  1377  934 2204 2623
4   502  503 2048 3025
4   226 3152 3435 3451
4    42   41 2479 3694
4  3393  226 3435 3451
4  1989 2151 2745 3256
4   384  585 1334 3391
4  2059  130 2546 3256
4  2695 2497 3730 4122
4  1703 2403 2653 3271
4  2192  639 2887 3621
4  1297 1399 2544 2625
4   117  118 4035 4040
4  1402  790 2146 2625
4   806 1758 1996 4129
4  3040 3690 4092 4129
4  1794 2560 2682 3013
4  2278 3264 3933 4337
4  1375  735 1587 4278
4  3232 2555 3407 3520
4   721  825 1813 3327
4  3402 3401 4118 4169
4  1856 1470 1966 2767
4  2542  217 2885 3081
4  2526 4238 4280 4364
4   568 2294 2525 3158
4   682  942  982 2857
4  2012 1837 2840 2919
4   628  896 1035 3147
4   159  160 2238 4054
4  1510 2318 3220 3951
4   760 2082 3128 3259
4   882 1013 2941 3139
4  1652 1683 2253 2628
4  1914 1652 2253 2628
4  1480 1914 2253 2628
4  1631 1480 2253 2628
4   363  292 3142 3223
4  3190   47 3286 4111
4  2813 3488 3579 4195
4  2340  219 2566 2889
4  2401 2736 3274 3729
4  2538 1814 2619 3317
4  2314 2934 3245 3254
4   921  724 2208 2630
4   724  921 1575 2630
4   395  742 1137 3303
4  2310  182 2877 4402
4   590  516 1063 3831
4   413  384 1137 3303
4   460 1137 2418 3303
4   354  351 2694 3303
4   395  460 2694 3303
4  1137  809 2418 3303
4   488 1246 2264 3887
4   351  354  413 3303
4  1281 1477 2849 3166
4  3912 3008 4220 4395
4  1477 1281 1889 3166
4  1281 1035 1889 3166
4  1781 3326 3673 3683
4   292  429 2182 3665
4  2488 2615 2619 2650
4  3311 1208 4330 4393
4   796 2722 2947 4329
4  3537  104 3589 3744
4  2251 2548 3537 3744
4   168 3145 3530 4161
4  3241 3232 3453 3471
4  1401 1927 2221 2634
4   195  196 2487 2717
4  1559 1420 2072 2717
4  2676 2627 2905 3388
4  3273 3035 3526 3588
4  1265 1033 1667 2927
4  3231  193 3499 3503
4    83   85 3125 3241
4  2899 1909 3009 3538
4  2045  229 2330 2366
4  1951 1802 2258 2636
4  1571  967 1647 2704
4  1843 2507 2611 2738
4   949 1884 2360 3150
4  1218 2265 2611 2738
4  2265 1843 2611 2738
4  2204 1377 2623 2677
4   229 2731 2872 3940
4   984 2273 2611 2738
4  2150  992 2197 3414
4   573  395 1532 4176
4   395  450 3751 4176
4  3300 1691 3529 4015
4   651  529  793 2638
4   793  529 1063 2638
4   529  884 1063 2638
4   529  651  884 2638
4  1826 2562 3155 4241
4  2077 1826 2239 4241
4   826 1544 1599 4146
4  4074  178 4296 4316
4   815 1988 2609 3990
4  3413 2721 3457 4043
4  1239  688 1516 4176
4   368 1334 2436 3870
4  2154 1399 3204 3859
4   335  452  887 3736
4  2489 1756 3988 4295
4   140 2423 3304 4149
4  3582 2979 3583 3776
4  1646 1291 1872 2874
4  4115 1188 1993 1437
4  2530 2378 2584 2640
4  1209 1420 2378 2640
4  2378 1420 2584 2640
4  2371  200 3467 3575
4   355  877 1453 3658
4  2721 3341 3799 3867
4  2036   92 2631 3165
4   371  355  387 3658
4    94 2493 2649 3165
4  2360  949 2472 2642
4  2033 1878 2127 2642
4  1217 1878 1957 2642
4  1957 1878 2033 2642
4  1895 2033 2472 2642
4  2181 2360 2472 2642
4  2181 2127 2360 2642
4  2033 2127 2181 2642
4  2033 2181 2472 2642
4  1895 1957 2033 2642
4  1895 1217 1957 2642
4   771 2703 3169 4384
4  2571 2117 2766 2820
4   337  334 2942 4143
4  2119 2071 3227 4196
4  1381 1356 2701 3282
4   955 1604 2055 2781
4  2003  110 2897 3199
4  2430 2332 2743 3319
4   707 1257 2439 2852
4  1521 2003 2897 3199
4  2270 1682 3031 3514
4   353  333 1133 2790
4  1995 1773 2263 2700
4   108  107 3318 4357
4   716 1057 1183 2646
4  1833 1157 2093 3260
4   573  395 1057 2646
4   395  573  760 2646
4   804  906 1962 2957
4   681  804 1052 2957
4  2170 1052 2810 2957
4  1320 2641 3164 3463
4  2154 2544 2625 2766
4  3265 2462 3427 3515
4  2506 2378 3235 3954
4  2919 2708 3362 3545
4   180 3480 3720 3848
4  1148 2469 3459 3601
4  2166 3570 3587 3601
4  2495   41 2507 4020
4  1314 1507 1785 2651
4  1785 1507 2624 2651
4   545  664 1627 3257
4  2752 1162 2991 4321
4  2491 2403 3164 3271
4  3671 3473 3681 4096
4  1876 1881 3671 4096
4  1876 3671 3681 4096
4  1436 1098 1680 2653
4  4354 2271 4390 4403
4  1098  919 1680 2653
4   919 1098 1551 2653
4  1703 1180 2540 2653
4  1180 1551 2540 2653
4  1115 1551 2653 1679
4  1320 2223 2641 3463
4  1320 2075 2223 3461
4  1606 2295 2983 3272
4  2295 1606 3073 3272
4  2223 3164 3271 3463
4   986 3113 3211 3699
4  2312 1152 3215 4312
4  1842 1905 4272 4361
4   944 1881 2478 2654
4  1287 1358 4106 4408
4  2196  953 2891 3276
4   525  683 1034 3276
4  3176  642 3262 4051
4  1597 1310 2250 3385
4   223  222 2203 2658
4   719  972 3735 3869
4  3481 1583 3577 4050
4  2278 1607 2930 3933
4   848 1019 1779 3841
4   986 2153 3699 3735
4   473  626 1005 3385
4  1637  976 2202 3020
4  2203 2014 2651 2658
4  1471 2776 3967 4201
4  1224 2724 3381 3841
4   334  337 1467 4143
4  1505  848 1779 3841
4   119 3044 3045 3402
4    89 1319 3936 3944
4  3319 1901 4222 4307
4  2142 3400 3401 3402
4  1975 1455 2063 3603
4  2142 1808 3400 3402
4  2197  992 3708 3874
4   348 1065 2222 2993
4   447  449 2777 3383
4  1696 1732 2250 3384
4  1065  348 2358 2993
4   427 1324 2222 2993
4  1808 2142 2532 2660
4  3462 3268 3745 3983
4  1065  427 2222 2993
4  2085 1464 2829 3125
4  1266 1197 2389 2753
4  2498 2013 2933 3877
4  2481 1759 2567 3347
4   507  789 1011 3508
4   678  874 1109 2661
4  3916 3912 4283 4368
4  1688 2385 3265 3515
4   559  625 3853 4134
4  2871 1407 3721 3891
4  1931  923 3907 4279
4  1308 1759 1971 4089
4  3603 2932 3678 4315
4  3134 3369 3588 4314
4  1311  916 1789 4146
4    78 3019 3384 4049
4  1593 2922 3384 4049
4  1365 1215 4117 4168
4  1873 1667 2344 3154
4  1873 1787 2344 1871
4  2420 2554 3570 4166
4  2344 1787 3154 1667
4   723 1042 2134 2665
4   308  838 1296 2881
4  1370 1171 2050 3183
4  3065 1668 3226 3406
4  1433 1328 2561 2803
4  2357  995 2585 2803
4  2585  995 2605 2803
4   308  527  838 2881
4   497  838 2799 2881
4    91   89 1319 4137
4   883  773 1009 3295
4  3032 3254 3973 4044
4   160  158 2238 4052
4   898  747  977 4377
4  2018 3779 3789 4185
4   158 3431 3922 4052
4  2886 3570 3601 4053
4  1351 1375 3515 4133
4  3089 2550 3426 4123
4  1342 1721 1763 2667
4  2021 1972 2713 3292
4  1309 2603 2845 2925
4   611  941  952 2668
4  3076 2062 3115 3684
4  1089  680 1280 3662
4   754 1366 1497 3662
4  1089 1280 1629 3662
4   451  928  611 2668
4   928  451  611  624
4   816  611 2032 2668
4   611  816  941 2668
4  2551 2711 2769 3673
4   754  432 3472 3662
4   432  754 2219 3662
4  1781 2469 2497 3673
4   738  707 1553 2852
4   218  220 2608 3048
4  1935 2894 3797 4094
4  3053 2309 3305 3429
4   583 1208 2406 4330
4  2393 2112 2495 3694
4  2349  968 2778 3331
4   565 1356 2106 2701
4   707  738 1758 2852
4  1658 1643 2096 2696
4   453  485  800 2947
4  2296 1967 2785 2946
4  1338  607 1592 2672
4  1592  607 1654 2672
4  1215 1365 3079 4168
4  1654 1338 2466 2672
4  1500 1654 2466 2672
4  1831 1563 3072 3717
4  1461  977 1481 3354
4  2351   44 2537 2673
4    44 2070 2537 2673
4  2070   44 2268 2673
4  1513 1763 1863 2673
4  1863 1763 2070 2673
4   200  202 2352 2903
4  2701 1945 3282 3330
4  3478 3362 3600 3800
4  1434 1040 2216 3184
4  2070 1850 2537 2673
4  3053 3305 3388 3429
4  3207 3097 3490 3539
4   202  200  201 2903
4  1747 1767 1770 3184
4  1608 2305 3755 3903
4  1200 2227 2339 3025
4   787  502 2048 3025
4  2161 2630 3755 3903
4  3531 1006 3830 3903
4  2450 3562 3893 3903
4   955 2463 3842 3927
4  2107 1585 2307 2935
4   258  257 2632 2935
4  1251 1094 1742 2705
4  1818 1873 2891 3154
4   485 1152 1701 3215
4   533 1094 1251 2705
4   649  575 1301 2705
4   257 2246 2632 2935
4   711  649 1301 2705
4  1491 1806 1954 3668
4  1958 1785 2624 2977
4   126  127 3214 3526
4  3314   56 3745 3983
4   221  222 1958 2977
4  1285 2006 2054 2679
4  2054 1124 2598 2679
4   588  797 1250 2965
4  2736  227 3274 3729
4   871  500 1502 3554
4  1913 2190 2545 3201
4  1291 1872 3323 3368
4  1909  849 2548 3009
4  2545 2190 3033 3201
4   851  569 2720 3661
4   638  420  932 4163
4   246  245 2616 2812
4  2262 3000 3017 3352
4   500  871 1245 4082
4  4220   75 4283 4368
4  2523  207 3022 3068
4  1526 2194 3022 3068
4   834  680 1111 2684
4  1831 2370 2447 3856
4  1720 1879 2153 3656
4   795  364 1107 3751
4  1406 2603 2725 3001
4  1280 1479 2049 2773
4  2773 1932 3001 3095
4   242 1465 1628 3170
4  2764 2729 3115 3285
4  1399 1297 2544 4112
4   208 2089 2585 3022
4  3169 2636 3175 3307
4  1465  242 1644 3170
4   107 4025 4045 4267
4   629  702 2690 2792
4  1076 1773 2669 3308
4   414  472  638 4285
4  1832 2091 2786 3909
4   226 3141 3393 3435
4  1235 1924 2503 2688
4  2503 1924 2510 2688
4   654 1235 2322 2688
4  2322 1235 2503 2688
4   855 2503 2510 2688
4   654  855 2510 2688
4   521 1235 2173 2688
4   654  572 2173 2688
4   747  654 2173 2688
4   654  747 1235 2688
4  1235  747 2173 2688
4  1924  521 2163 2688
4   521 1561 2163 2688
4   855 2322 2503 2688
4   855  654 2322 2688
4   572  521 2173 2688
4   521  572 1561 2688
4   526  654 1561 2688
4   572  526 1561 2688
4   526  572  654 2688
4   731  495 2638 2689
4   840  731 2638 2689
4  2606 2216 2954 3476
4   172  171 1925 3864
4  2983 3314 4247 4271
4  1673 2193 2839 2940
4  2004 2258 2718 4097
4  2859 2509 3134 3588
4  2554 1076 2846 3894
4  1812  673 2183 2689
4   403  798  895 4399
4  2216 1650 2504 3476
4  2894 1894 4173 4186
4  2387   87 3194 3476
4  2484 2085 3741 4241
4  1545 2077 2085 4241
4  1820 1043 2832 4355
4  3202 3485 3579 4028
4  2920 1847 3579 4028
4  3202 1341 3485 4028
4  3437 3119 4338 4383
4  1024 2014 2815 3900
4  1295 1635 2174 4032
4  2787 3340 3341 3534
4  2060 1560 3656 3833
4  2442 2855 3667 3833
4  1810  726 2418 3071
4   698 1656 2534 2974
4   943  778 2525 3647
4   396  425 1097 2896
4  2342 2418 2547 3071
4  2418  998 2547 3071
4  1010 1541 3027 3071
4  1921 2171 3130 3444
4  1771 1751 2895 3532
4  2086 2500 3064 3171
4  3128 1578 3259 3302
4  1751 1771 2796 3532
4  2423 1570 2575 3304
4  2575 1570 2874 3304
4  1778  840 3561 4150
4  2592 2763 3191 3304
4  1055 1287 4106 4408
4  2240 2480 3514 4278
4  1562 2162 2208 3090
4  2870 2917 3475 3964
4   153  154 2328 4298
4  2917 1880 3114 3964
4   737 1576 4235 4373
4   815  574 1428 2697
4   527  743 2732 3949
4  1230 2028 3147 3277
4  1008  741 2609 2697
4   741 1008 2415 2697
4  1263 2030 4297 4373
4  1476  689 1503 2697
4   574 1476 1503 2697
4  3231 2597 3499 3512
4  3116 1935 3797 4094
4  2597 3231 3500 3512
4  3417 3117 3543 3554
4   871 1502 3417 3554
4  2519 3178 3295 3555
4  3033 3120 3485 3581
4   953 2066 3276 4029
4  3064 3379 3544 3755
4   498  362 2047 3846
4   474 1478 1954 3331
4   179 2700 2780 3283
4  1716 2740 2780 3283
4   973  824 3736 4354
4  1716 1781 2740 3283
4   968 1393 2778 3331
4  1479 1672 1945 2773
4  1280 1089 1629 2773
4   728  899 1556 3818
4  1557  519 1698 3176
4  2683 2639 3067 3358
4  1817  941 2666 3358
4  2669 1773 3197 3308
4  2975 1869 4101 4151
4  2136 3553 4200 4333
4  4163 2088 4216 4285
4  1883 1384 2433 3441
4   629 2281 3655 3855
4  1663 2264 3723 4098
4   743 1615 3984 4098
4  1301  575 1560 2705
4   575  373 1251 2705
4   373  575  649 2705
4  1411 1029 1494 4028
4  1954 1794 2041 3668
4  1987  856 2100 2705
4  1987 2100 2198 2705
4  2100  856 2321 2705
4  2198 2100 2321 2705
4  1073  955 3224 3841
4   711 2198 2321 2705
4   848  955 1019 3841
4  1717 1073 1979 3841
4  1019 1717 1779 3841
4  1780 1125 1804 2707
4  1804 1125 1832 2707
4   386  349 2476 2709
4   397  386 2476 2709
4  1617  674 2924 3138
4   483  453 1617 3138
4   125  126 2995 3525
4  2816  461 4071 4315
4  1781 2497 2695 2711
4  2551 1781 2695 2711
4  1271 2059 3411 3750
4  1102 1271 3411 3750
4   623 1124 1893 3547
4  2908 2598 2950 2964
4   675  508 1325 4057
4   244  245 2539 3351
4  2316 2355 2714 3325
4  2560 1794 2779 3013
4  3535 2251 3537 3589
4  1313 1901 3319 4307
4  3374 3127 3236 3222
4   516  590  776 3844
4  2155 1731 2908 2964
4  1519 2593 3977 4070
4  2762 2054 2528 3449
4  1381 2608 3226 3406
4  2498  891 3815 3987
4  2304 2164 3669 3807
4  1520 1515 2884 3981
4  2861 3432 3553 4046
4  1750 1247 1793 2713
4  1692 1750 1793 2713
4  1247 1623 1972 2713
4  1972 1623 2021 2713
4  1490 2508 2727 3293
4  1083 1156 2021 2713
4   125 3178 3298 3525
4  1623 1750 2021 2713
4  1623 1247 1750 2713
4  1411 1494 3120 4028
4  1720 2892 3656 4308
4  1713 1742 3656 4308
4   182 2310 4077 4402
4   517 1068 4153 4237
4  2825 1357 3972 4056
4   605 1050 2397 3858
4  3664 2631 3972 4056
4  2470 1611 2795 3556
4  1839 1209 2183 3702
4  1249 1393 1591 3129
4  1362 1249 1591 3129
4  2138 1703 2403 3460
4   329  372 3518 3527
4  1588 1088 3338 3534
4  1255 1986 2508 3375
4  1093 2631 3664 4056
4    37   36 2209 4056
4  3101 3592 3992 4301
4  2451 1682 2699 2741
4    81 1929 3159 3265
4  3032 2428 3316 4261
4  2197  992 3073 3414
4  1768 1110 2258 2718
4  1055 1180 1551 4086
4   547 1028 1599 4055
4  1407 2827 3721 3891
4   238 2641 2959 3782
4  2641 1718 2959 3782
4  3731 3264 3933 4336
4  3250 3069 3641 4119
4   524  608 1898 3506
4  1677  608 2991 3506
4   680 1089 3472 3662
4  1983 4129 3568 4190
4   912  990 2751 3814
4  1614 1879 2442 2906
4   325  355 1334 3870
4  3585  135 3776 4208
4   840  731 1943 3447
4  2787 2679 3534 3538
4   362  494  543 2942
4    67 2256 4110 4144
4   860  594 1059 2942
4  3337 2828 3889 3961
4  1694 1915 1925 4131
4  2022 2484 3156 3361
4  1446 2441 2821 3808
4   517  907 1744 3311
4  3064 2086 3171 3597
4   657 1017 1443 3766
4   786 1419 1540 3418
4   545  457 3608 3886
4  1176 1014 2383 4019
4   695  908 1484 3210
4  1707 2144 3386 4331
4   790 3025 3157 4067
4   719  604 1187 3261
4   389 1065 2358 3383
4  1464 1262 2829 3382
4  1880 3111 3644 3764
4   517  932 1462 3842
4  2823 1523 4091 4224
4  1357 1235 1924 4284
4  1187  604 1207 3261
4  3263 3231 3503 3510
4   987  782 2538 2724
4   719 3211 3243 3261
4  2256 4110 4144 4344
4   950  431 2087 3842
4   212 3098 3648 3867
4  1176 2861 3553 4046
4   882 2698 2947 4329
4   603  629  845 3655
4   488 1777 3887 4098
4   457  601 3608 3886
4    46   44   45 3310
4  3375 3346 3558 4218
4  3442 1380 3897 4076
4  3128 1578 3302 3562
4  3570 3109 3587 3601
4  3318 3120 3738 3845
4  1159 2762 2797 3030
4  1393 1640 2621 3129
4  3417 3533 3857 4270
4  1233  591 3092 3723
4  1826 2555 3382 3520
4  2829 3125 3382 3520
4  2532 3038 3122 4231
4  1173 3029 1159 2425
4  1832 1450 2730 3315
4  1680 2084 2653 3460
4   647  455 1113 3135
4   724  921 2549 3259
4  1221 1095 1460 4279
4  1450 1492 1832 2730
4  1832 1492 1959 2730
4   374  902 3659 4152
4  1710 3096 3591 3839
4  2447 1831 2843 3717
4  2314 2011 2975 3316
4  1125 1832 2707 3974
4  2326 3781 3890 4262
4  2270 1424 2535 4262
4   528  527  743 2732
4   310 1132 1782 2732
4  2470 2783 3086 3989
4  2337 1597 2783 3989
4  1981 1118 2795 3989
4   311 1109 1132 2732
4   310  311 1132 2732
4   311  310 1109 2732
4  1038 1112 1503 3087
4  1080 1264 2956 3693
4  2608 2073 3282 3048
4  1486 2223 3691 3782
4   432 1139 2219 2860
4  1139 1447 1622 2860
4  1695 2117 2571 2996
4  1200 1866 2503 2996
4   757  639 2192 3621
4   424 3219 4141 4407
4   979 1166 2681 3465
4   371  387 3623 3658
4  1666 1993 2356 3507
4   868  987 1841 3317
4  1115  740 1373 2960
4  2623 2955 4002 4091
4  2608 1381 3282 3406
4  4254 3824 4326 4381
4  3640 3916 4273 4367
4  1721  667 2324 3884
4  1850 1721 3319 3884
4  1128 1897 2654 2735
4   441 1128 2654 2735
4  2478  944 2654 2735
4   577  584 3391 3606
4   704  424 1744 3606
4   216  217  215 3630
4  3033 3517 3581 3630
4   217  216 2542 3630
4  2542  216 3487 3630
4   875  364 1656 3219
4  4338 2699 3206 2451
4  1725 2216 3072 3717
4  2426  876 3948 4252
4  1434 1650 2216 3717
4  1585 2113 2307 2935
4   256 2113 2246 2935
4  2246 1585 2632 2935
4  1555 1843 2265 2738
4  1218 1555 2265 2738
4   421  877 4182 4203
4   709  313 1195 4105
4  2287  248 2953 3161
4   780 1143 1282 2739
4  1784  591 3887 4098
4  1482 1211 2224 3965
4  1375 1587 2385 3515
4   135 2979 3583 3586
4   803 1634 3418 3583
4   335 2534 4354 4403
4  1583  864 3404 3873
4  1364  819 1479 3065
4   288 4012 4155 4275
4   767 2078 4313 4376
4   211  210 3739 3849
4  1446 1602 2441 3808
4   825  721  931 3327
4  1774 1494 2742 3318
4  2016 1748 1925 4131
4  1748 2016 1925 1917
4  1925 1915 2016 4131
4  1915 1694 2016 4131
4   148 3901 4063 4299
4  1313 1845 2594 4189
4   553 1462 4153 4223
4   555  501 3920 4155
4  2658 1125 2707 3974
4  1313 2332 2430 3319
4  1683 2628 3127 3604
4  3219  875 4141 4407
4  1670 2206 3042 3490
4  1114 1049 1296 2968
4   323 1114 1296 2968
4  1337 1965 2131 2744
4  3695 3168 3727 3801
4  2067 1766 2131 2744
4  1922 3375 3558 4218
4   918   14 3223 4369
4  2572 2523 2585 2803
4  3212 2892 4027 4034
4   413  287 3518 4012
4  1543 1540 2244 3078
4  1540 1543 3075 3078
4   425  808 1097 2896
4    26 1538 2244 3078
4   151 2235 3726 4031
4  2235  151 3977 4031
4  1430 1548 3075 3078
4  1293 2025 2346 2748
4  1293 1735 2025 2748
4  1735 1293 1840 2748
4  1840 1293 2346 2748
4  2207 1840 2341 2748
4  2341 1840 2346 2748
4  2144 1840 3020 3386
4  2207 2341 2685 2748
4  1696 2341 2346 2748
4   626  473  873 3385
4  1310 1840 2341 3020
4   641  397 2476 2749
4   397  451  952 2749
4   451  397  641 2749
4   605  525  857 3907
4   605  857 2397 3907
4  1050  605 2397 3907
4   525  456 2158 3907
4  2031 2040 3144 3333
4  3146  204 3313 3847
4  2905 2627 4230 4348
4  1976  646 2158 3907
4    45 2430 2743 3310
4   583  782 2724 3311
4   538  550  629 2792
4  2594 1302 2633 4189
4   453  483  485 2792
4   433  940 1149 3952
4   483  453  603 2792
4   600 2186 2377 2751
4   937  600 2377 2751
4  2027 3481 3577 4050
4  1812  820 2734 3733
4  1184  820 1812 3733
4  1051 1326 1864 3249
4   971 2596 2600 3211
4   238  237 3463 3691
4  3011 1889 3166 3880
4   643  393 1207 3356
4  1030  796 2312 3768
4   487 1031 2809 3166
4   801  565 2601 4061
4   411  288 2436 3356
4  1291 1872 2874 3323
4  2423 2874 3047 3323
4  2874 1872 3047 3323
4   335  452 3736 4354
4  2405 1570 2423 3323
4  2892 2327 3212 4027
4  1269 1320 2389 2753
4  1197 1269 2389 2753
4  2389 1320 2641 2753
4  2151 2389 2641 2753
4  1678 2151 2641 2753
4  1678 2090 2151 2753
4   878  999 1141 3424
4  2223 2389 2641 3782
4   510  479 1379 2896
4  1837 2282 2452 4257
4   760 1578 3333 3693
4  2457 1578 2956 3450
4  2388 2121 4166 4309
4  1506 1515 1520 3981
4    49 2141 2528 2762
4  1466 1255 1502 2757
4   830  905 1335 3456
4   905 1741 2079 3456
4  2284  945 3897 4076
4  2654 1343 3484 3580
4  2441 1980 2716 3002
4  2401 2261 2736 3275
4  1082  546 1184 3251
4   760  924 1024 2856
4   924  760 1963 2856
4  1610 1289 2317 3982
4   794  631 2735 3629
4  1702 3646 4119 4294
4  1587  735 2257 3930
4  2035  109 3312 3669
4  2963 1889 3880 4001
4  1253 1233 1473 2760
4   127 2946 2995 3214
4  4053 2388 4166 4309
4  2657   50 3969 4062
4  1963 1191 3300 3529
4  1669 2054 2141 2762
4  1578 2457 3144 3450
4   386 2358 3846 4018
4   751 2108 2579 2970
4  1095  923 3898 4279
4  1760  891 4153 4237
4  1204 2196 2966 4380
4  2590 2588 2592 2763
4  2505 1932 3001 3578
4  2923 2384 3066 3289
4  2126 1557 3216 4076
4  2288  232 3091 3150
4   231  230 2472 3150
4   232  231 3091 3150
4  2575 1633 2590 2763
4  2102 2590 2592 2763
4  2417 1197 2960 3322
4   332  341 1467 4342
4  1703 1238 2653 3460
4  2154  145 2544 2766
4   414  381  423 3004
4   259 2621 2632 3230
4  1135 1093 2828 4376
4  1343 3671 3704 3810
4  4036 1224 4102 4113
4  2544  145 2637 2766
4   258  259 2632 3230
4  2247 1432 3129 3230
4   258  257 1933 3230
4  1432 1933 2008 3230
4  1933  257 2008 3230
4   259  258 2247 3230
4  1262  816 1860 3055
4   180  179 3479 4065
4  1427 1628 1648 3674
4  1904  495 3193 4090
4  1387 2396 3193 4090
4   931 1613 2199 3327
4  3440 2004 3560 4097
4   812  909 2192 2887
4   501  285 3619 4155
4   639  812 2192 2887
4  3057 2041 3668 4170
4  1499 2019 3787 4239
4  1494 1774 2784 3318
4  1539 1544 1626 3404
4  2052 1807 3078 3208
4  2142 2660 3401 4118
4  1520 1528 2148 4118
4  1395 2343 2422 3422
4  1215  816 1262 3055
4   285  501 4030 4155
4  1104 1219 2233 3080
4  1945 1406 2603 3330
4  1038 1412 1493 2771
4  1372 1267 2215 3088
4  2444  574 3174 4246
4  1112 1038 1493 2771
4  1370 1112 1396 2771
4  1396 1112 1493 2771
4  1366 1497 1531 2772
4   671 1447 1847 4225
4  3582 3208 3584 3776
4   885  474 1954 3331
4   783 1192 1478 3331
4  2545 2885 3201 3343
4  1478 1192 2184 3331
4   474  783 1478 3331
4  2218 1280 2459 2773
4  1280 2049 2459 2773
4  2459 2049 2656 2773
4  2218 2459 2656 2773
4  1792  813 1920 2776
4   813 1274 1920 2776
4  1945 2603 3001 3578
4   449  389  518 4066
4  2672 2300 3353 3969
4  1792 1920 2560 2776
4  1326  449 1349 2777
4  1326 1349 1914 2777
4  2227 2339 3025 4067
4   790  787 3025 4067
4   790 2154 3937 4067
4  2820 2154 2913 4067
4  2154 2156 3937 4067
4  2227 1815 2913 4067
4  1815 2227 3025 4067
4  2154  790 3157 4067
4  2913 2154 3705 4067
4   905  634 2349 2778
4    53   54 4221 4280
4  2476  443 2749 3332
4   320  694  818 3332
4   407  443 3105 3332
4   559  462  818 3332
4  1393 1193 1591 2778
4  1591 1193 2377 2778
4  1573 1640 2621 2778
4  2348 1591 2377 2778
4  2348 1573 2621 2778
4  1573 2348 2377 2778
4  1591 2348 2621 2778
4  1393 1591 2621 2778
4  2084  238 2959 3782
4  2450 2765 3544 3903
4  1060 1205 2001 3058
4  2319 1674 2524 2805
4  1112 1474 1950 3087
4   859 1397 3222 3374
4  1566 1105 1597 2783
4  1566 1597 1620 2783
4  1597 1105 2124 2783
4  1112 1038 2771 3087
4  2269 2123 3322 3700
4  1105 1566 2374 2783
4  2217 3176 3262 4384
4  1105 1153 2124 2783
4  2124 1153 2645 2783
4  1597 2124 2337 2783
4  2234 1988 2468 3990
4  1503 1112 1950 3087
4  1038 1503 1511 3087
4  2670 3106 4052 4132
4  1153 2374 2645 2783
4  1153 1105 2374 2783
4  1313 1901 2332 3319
4  3316 2314 3626 3885
4  3576 3763 3979 4026
4  3773 3576 3979 4026
4  1763 1342 2931 3319
4  2996 2275 3288 4284
4  3012 2952 3373 4284
4  1216 1308 1759 4080
4  1024 1961 2856 3910
4  2918 1248 3529 3910
4  1248 2918 3516 3910
4  2465 3100 3266 4173
4  2309 2887 3305 3429
4  1568 2985 3173 4016
4   991  948 2980 3519
4   211  210 3849 3871
4  1003  823 2633 3377
4  1477 2613 3764 4301
4   248  249 2287 2953
4  1278  869 2971 3340
4   968  474 3331 3342
4  2607 2599 3185 3800
4   956  741 2402 4399
4  3023 3237 3590 4042
4   712 1663 3723 4098
4  1612 1861 1919 3875
4  1753 2282 2372 3688
4   626 1250 1498 2965
4  2908 2251 3345 3537
4   474  333  710 3342
4  1934 1405 4078 4245
4  3444 3130 3849 4107
4  1402  732 2000 3937
4  3315 3976 4079 4196
4   361  428 1046 2790
4   580  361 1046 2790
4  3516 3299 3900 4382
4   428  588 1046 2790
4  1046  588 1133 2790
4  2358  386  349  641
4   517  610  907 4393
4  1944 2869 3160 4359
4  3120 3581 3738 4268
4   604  719  972 4269
4  2383 2266 3553 4019
4  1494 2139 3120 3845
4   386 2358  349 3846
4   362  439 2047 3846
4  1278 1580 1588 2962
4  2646 1080 3252 3693
4  1142 1301 1968 3018
4  1968 1301 2160 3018
4  2684 1356 2701 2791
4  2386 2684 2701 2791
4   994 1214 1949 2890
4  2566  219 2608 2791
4   227  229 2872 3729
4  2459 2386 2701 2791
4  1381 2459 2701 2791
4  1464 1510 1709 3328
4   501  555 2485 4155
4  1652 1671 1683 3236
4  1349 1652 1914 3236
4  3127 3374 3236 2693
4  1384 2689 2938 3856
4  3730 3570 3742 4053
4  1909  849 2690 2792
4   534  869 1278 3340
4   553  517 1068 4153
4  3305 3321 3388 3429
4   517  553 1462 4153
4   621  539  632 4023
4  2124 1611 2337 2795
4  2129  820 2595 2917
4  1988 1871 2468 3990
4  2380  574 2444 4246
4   820 1263 2569 2917
4   820 2569 2595 2917
4   935 2129 2595 2917
4  1069 1195 1279 4105
4  1837 1033 3363 3628
4   811 1020 1676 2961
4  1020  811 2830 2961
4  2708 3362 3545 3600
4    64 2844 2875 2990
4  1574 1586 2758 3636
4  2187 1602 2782 2798
4  3220 3491 1823 3582
4  1144  637 3391 3518
4  1807 1430 3078 3582
4  2489 1230 3771 3948
4   226  225 3371 3760
4  3926 2714 4021 4120
4  1037 1603 2269 2798
4  1603 1037 2187 2798
4  1982 1610 3798 3872
4  3486 3485 3488 3579
4   474  957  968 3489
4  2623 3389 4002 4209
4  2644 3099 4110 4207
4  1503  689 1511 3511
4  2221 1401 2634 2801
4  1401 2221 2616 2801
4   245  246 2616 2801
4   246  245 2252 2801
4  2167 3036 3939 4040
4   245  244 2252 2801
4  2252  244 2634 2801
4  1786 2278 3264 4123
4  1232 2854 3056 4000
4  1015  995 2681 2803
4   979 1015 2681 2803
4   995  979 2681 2803
4  1015  979 2007 2803
4  2007  979 2561 2803
4  2501 2572 2605 2803
4  2501 1433 2572 2803
4  2481 1433 2501 2803
4  1015 2481 2501 2803
4   825 1015 2007 2803
4  1015  825 1328 2803
4  1328  825 2007 2803
4  1969 1433 2481 2803
4  1015 1969 2481 2803
4  1061 1177 1360 3995
4   842 1708 3438 3995
4    26   27 1365 2817
4    55   53 2955 3743
4  2630 1006 3531 3903
4  2695 2551 2711 2945
4   538  603 3135 3356
4    26 1365 2244 2817
4  2979 3582 3584 3776
4  3093  151 4031 4070
4  2876 2499 3104 3221
4  1894  959 1935 3420
4  1860 1582 2318 2807
4  2215 2434 2451 3329
4  2427 1118 2915 3329
4   522 2394 2760 3056
4  1682 2434 2915 3329
4  1118 1981 2915 3329
4  2024 1981 3088 3329
4  2760  759 2928 3056
4  1611 3397 3556 4069
4  1460 1095 3898 4279
4  2726 1304 4282 4302
4  2394  669 2760 3056
4  2337 1118 2795 2915
4  1410  657 2449 4180
4  3814  498 3846 4018
4   990 3814 3846 4018
4  1369 2022 2130 3155
4  1081 1873 2609 2891
4   703 1413 1868 4011
4  1082 1184 1655 3251
4   660 1060 2427 2915
4   660 1118 2337 2915
4  1054 1268 1441 2871
4  3536 2548 3589 3744
4  1441 1268 1857 2871
4  3089 3697 3933 4123
4    85   83 2239 3722
4    59 3366 3443 3796
4  1240 1121 2092 3623
4   387  682  946 3623
4   925  682 2092 3623
4   371  946 1800 3623
4   946  925 1206 3623
4   544  565 1121 3623
4   841 1232 3056 4000
4  1143 1282 1409 3709
4  3017 3000 3207 3352
4  2282 2067 3628 3688
4  1333 3348 3695 3709
4   466  515 1164 3257
4  1624 4263 4281 4362
4   809 1627 1810 3257
4   413  555 4155 4275
4  2308 3016 3053 3503
4  1458 1153 2124 3679
4  1256  278 1329 3786
4   926 1105 1153 3679
4    71 2782 2804 3103
4  2301 3050 2027 1537
4    71   73 3050 3103
4  2061  766 3205 3901
4  1264 1388 2723 2815
4  1388 1264 2014 2815
4  2106 2073 3282 3406
4   929  846 2245 4073
4  1962 2170 2810 2957
4  2475 1962 2810 2957
4   804  713  906 2957
4  1962  906 2170 2957
4  1953 2104 3281 3792
4  1828 1674 2816 3334
4   846  461 1828 3334
4   846 1828 2816 3334
4  2012 1487 2372 2919
4    69   70 2622 3546
4  1913 2885 2958 3517
4   357  827  973 3631
4  2319 1674 2805 2816
4  3409 3205 3610 4072
4  3609 2932 3610 4072
4   147  146 3409 4072
4  1869 2775 3370 4101
4  2814 3205 4063 4072
4   971  886 1776 4059
4  1474 1112 1950 3335
4  2035 1087 4282 4363
4  1473 1253 2760 2928
4   846  929 2944 3334
4  1420 2072 2391 3702
4   846  461 3666 4071
4  2638  731 3280 4014
4   409 1550 2806 3659
4  1622 1283 2982 3810
4  1283 1343 3618 3810
4  3285 2062 3519 3684
4  3877 3779 4401 2018
4  2473 1672 3482 3578
4  1672 1945 3001 3578
4   523  352  752 3659
4  2327 1970 2715 4189
4  3242 2887 3503 4274
4  1017 1276 1640 3129
4  1991 1591 2621 3129
4  3277 2671 3278 3936
4  2313  165 2994 3539
4  2629 2262 2750 3540
4  3413 3643 3979 4043
4  2188 3721 3850 3891
4  3504 2887 4009 4274
4  2237 3207 3490 3539
4  3339 1088 3428 3534
4  1177  842 3438 3995
4  3021 3114 3279 3592
4   720 1932 2773 2823
4  1629  720 2773 2823
4  1204 1753 2067 4380
4   178 3032 3960 4092
4    67   66 2256 4379
4  1197 2417 2753 3322
4  2067 1204 2744 3915
4  1155 2536 3783 4255
4  1471 2019 2560 3013
4  2097 2401 2443 3162
4  3244 3316 3827 3973
4   190 1966 2149 3962
4  1557  771 3216 4076
4   869  623 2971 3340
4  1908 1687 2243 2953
4  2464 3043 3326 3683
4  1539 1626 2242 3404
4   249 2152 2287 2953
4  1689 1908 2252 2953
4  1689 1687 1908 2953
4   247  246 2243 2953
4  2946 2296 3085 3214
4  1658 1023 2549 2842
4   921 2162 2549 2842
4  4042 3014 4119 4294
4  2241 2807 3328 3951
4  2275 2952 3521 4128
4  2671 2613 3278 3936
4  1852 1135 2437 2828
4  3499  193 3500 4009
4  3245 2314 3885 4008
4  2127 2181 3091 3568
4    70 2622 4101 4322
4  1983 1692 3452 3568
4   348  380  692 3342
4  1395 2326 2719 3890
4  2078 1135 4376  672
4   977  747 1151 4377
4  4174 4114 4305 4314
4   898 1346 3148 4377
4  4114 3806 4305 4314
4  2777  435 2810 3383
4  2532   63 2875 2990
4    63   64 2875 2990
4  1808 2660 2875 2990
4  1713 1970 2327 3869
4   910  531 2380 3107
4  2721 1588 3240 3799
4  2659 2499 2672 4167
4   250  249 2133 3039
4   794 1270 1482 3608
4  1826 1464 2239 3382
4  1542 2097 2884 3162
4  2231 3473 3671 3704
4   794 1048 2958 3608
4  1301  575 2160 3692
4   791 1802 1943 4219
4  2491 2084 2653 3271
4   455  538 3135 3356
4  3087 1511 3110 3336
4  2011 1009 2975 3370
4  1923 2627 2858 3133
4   114 2455 2686 2833
4   114 1959 2455 2833
4    21   20 3778 3934
4  1292 1008 2061 3666
4    15  320  691 3593
4  1220  385 2694 4215
4  3155 1722 2130 3621
4  1851 2144 3020 3385
4  2755 2572 3005 3359
4  2504 1747 3882 4125
4  2523  207 2572 3022
4  2258 2636 3307 4205
4  1136  511 1621 4255
4   586  519 3169 3176
4  2720 2118 2905 3169
4  1940  123 2021 2940
4  1777 1784 3887 4098
4   137 4087 4230 4318
4   592  389 1864 3342
4   953 1726 2196 2891
4  1997 1935 2443 3420
4  1271  717 3096 3750
4  1759 1969 2481 2838
4  1759 2481 2567 2838
4  2567 2453 2837 2838
4  1971 2567 2837 2838
4  1969 1015 2481 2838
4  2481 1015 2567 2838
4    81 2462 3159 3454
4  1081 1818 1873 2891
4  2917 2702 3114 3279
4  1204 2067 2744 4380
4  2028 2671 3147 3277
4  1084 1230 3147 3277
4   757 1826 2562 3155
4  2378 2506 3882 3954
4  1079 2017 2021 2839
4  1083 1079 2021 2839
4  1613  701 2199 4038
4  1940 1660 2193 2839
4  1660 1940 2017 2839
4  2099 2556 2722 2941
4  2017 1940 2021 2839
4  2021 1940 2193 2839
4   959 1043 2406 3074
4   827  359 1129 2986
4   513  714  844 2986
4   819 1364 1425 3775
4   828 2298 2553 3229
4  2586 2822 2984 3228
4  2553 2117 2766 3229
4   469 1129 1181 2986
4   920  992  998 2841
4  3219  335 4411 4415
4   687 1041 1599 3367
4   433  401  513 2986
4   359  401  433 2986
4  2895 2167 3325 3939
4  1596 3090 3213 4041
4   992 2342 3073 3414
4  2259   30 2369 2843
4  1900 2259 2369 2843
4  1896   30 2259 2843
4  1960 1896 2259 2843
4   854  605 1050 2926
4  1549 1438 2389 3344
4  1291 2511  935  628
4  1365 1215 2395 2898
4  1365 2244 2817 2898
4  1832 1959 3909 3976
4  2691 1720 3699 4233
4   550  733 1278 3309
4  1307 1031 2849 3764
4  2157   79 3942 4049
4  3158 4277 4362 4394
4  2240  899 2480 4278
4   172  170 2125 3829
4   170  172  171 3829
4   357  382  469 3736
4  3113 2691 3211 3699
4  1537 1160 3404 3577
4  1595 1606 2342 3414
4   593  777 1715 3324
4  1224 3841 4036 4102
4   623 1893 2971 3547
4   641  850 3785 4391
4  1381 1356 2106 3406
4  2028 1477 2671 2849
4   923  646 1976 4279
4   942 2857 2923 3289
4  3633 3186 3701 4231
4  1700 1740 3686 3770
4   796  861 1690 4147
4  1160 1311 1537 3914
4  1297  828 3229 4112
4  2675 3338 3339 3538
4  2958 1913 3483 3509
4   362  337  543 3955
4  1011 2028 2489 2849
4  1011  789 2028 2849
4  1518 1418 2201 2850
4  1120 1518 2201 2850
4   854  914 1218 3084
4  2081  704 3963 4113
4   144 3063 3705 3859
4   605  854 1050 3084
4  2297 2996 3288 3859
4  1189 1332 1691 4178
4  1148 1781 2469 2851
4   627  461 3603 4315
4   242  243 3170 3284
4  2188  149 2461 3726
4  2255 1404 2588 4032
4  1755 1859 4085 4115
4  3205 3409 3634 3901
4  2669 1716 2700 2851
4  2095 2221 2634 3284
4  2221  242 2693 3284
4  1213  954 1758 2852
4   738 1213 1758 2852
4  1213  738 1553 2852
4  1308 1226 2122 2853
4   331  354 1072 3920
4  1234  610 2088 3987
4  1226 1141 2134 2853
4  2122 1226 2134 2853
4  3686 1700 3771 4081
4  1700 1161 3771 4081
4  1681 1161 1700 4081
4   945 3441 3442 4076
4  1545 1369 2562 4241
4   945 3442 3897 4076
4  1821 1557 2126 4076
4  1977  903 3897 4076
4  1963  760 2626 2856
4  1210 1063 3280 4014
4  1024  924 1125 2856
4   506  959 2274 2884
4   494  430 1059 4064
4  3201 1913 3483 3517
4   755  628 2511 3147
4   379  469 2986 3631
4   760 1024 1961 2856
4   760 1961 2626 2856
4  1771 2167 2316 3325
4   908 1484 3210 3448
4  1450 1492 2730 2857
4  1934 1405 2212 4071
4  2235  151 2461 3977
4  1223  606 1482 4385
4  3217 1650 3442 3498
4  3394 3031 3923 4287
4  2393 1524 3694 3919
4  1343 1336 1876 3810
4  1959 1492 2833 2857
4  1492 1959 2730 2857
4  2608  220 3226 3406
4   845  603 2445 3135
4   772 1298 3357 3308
4  1040 1725 2216 3184
4  3231 2308 3263 3503
4  1881  163 3671 4096
4   377 1002 2543 3433
4   777 2130 2438 3433
4  1394 1289 3177 3617
4  3177 3341 3594 3617
4  1588 1088 3240 3799
4   388   11 1062 2863
4  1062  552 1175 2863
4   552  700 1175 2863
4   700  262  552  272
4   262  700  552 2863
4  1589 2133 1829 1172
4   749  700 2513 2863
4   700  262 2513 2863
4  1999 3778 3934 3971
4   388 1062 1175 2863
4  3778   21 3934 3971
4     3   11  388 2863
4  1780  998 2418 3071
4   998 2342 2547 3071
4  1541 1010 1902 3071
4  1715  777 2130 3621
4  1541 1780 2418 3071
4  1020 1676 3065 3267
4  1676  819 3065 3267
4   614 1904 3572 3828
4  1867  253 2113 2867
4  2079 1867 2113 2867
4   252  253 1867 2867
4  1829  252 2133 2867
4  2079 1589 2133 2867
4  1589 2079 2133 1172
4  1589 2133 2867 1829
4   255 2008 2246 2867
4   255 1589 2008 2867
4  1276 1589 2079 2867
4  1589 1276 2008 2867
4  2008 1276 2079 2867
4  1867 2079 2133 2867
4   252 1867 2133 2867
4  2098 2739 2869 3559
4   152  153 2328 4154
4  2560 1792 2776 3013
4   389  348 1956 3342
4   249  248 2287 3161
4    62 3186 3607 3633
4   478  589 1030 4319
4  1506  842 1708 3438
4  2294  706 2525 3158
4  2212 1292 2285 3990
4  2757 3293 3524 3557
4  3023 3590 3641 4119
4   768  387 1332 4178
4  1965 2131 3915 4029
4  2560 2019 2682 3013
4   398  623  869 3340
4   584  577 2646 3252
4  1814 2619 2650 3260
4   831 1258 2649 3664
4  2086 1691 2409 4015
4    30 2369 3854 3895
4  1331 3596 3610 4187
4   337  362 2942 4192
4  2045 3070 2261 1885
4  2401 2443 3162 3275
4  1757 2057 2832 2872
4  2057 1757 2731 2872
4  2439 1345 3832 4185
4   179 2700 3283 3480
4  2651 2203 2658 3049
4   149  151 2461 3726
4  1479 1945 2073 3048
4  2700 1995 2851 3283
4  1716 2700 2851 3283
4   482  443  692 3105
4   443  348  692 3105
4  1426 1919 2440 3222
4  1426 2440 2888 3222
4  1273 2420 3496 4166
4  3341 3177 3536 3799
4  1777 1784 3984  274
4  1588 2721 3341 3799
4   556  981 2047 3814
4  2597 1817 2905 3169
4   771  519 1557 3176
4   586 2118 2720 3169
4  2955 1586 4328 4386
4   215  217 3343 3630
4  1223  794 1876 2878
4  1196 2038 3603 3678
4  2308 2217 3306 4286
4  1586 3007 4328 4386
4  1523 1586 2955 4386
4  3487 3485 3581 3630
4  1186 1079 3715 4401
4   597  835 1322 3959
4  2528 2054 3192 3474
4  3033 3201 3517 3630
4   215 3343 3485 3630
4   215 3485 3487 3630
4  3565 2858 4158 4205
4  2096 2756 3532 4021
4  2383 1003 3238 3553
4  2673 1176 3238 3553
4  1792 1849 2776 4201
4  2296 2166 3496 3497
4  1106 2249 2419 2880
4  1171 2359 2371 3183
4  2679 1285 2873 3355
4  1459 2378 3882 3954
4  2211  497 2799 2881
4   730    4  774 2881
4   899  728 1153 4391
4  1842 1501 2856 2883
4  2856 1179 1501 1248
4  1179 2856 1501 2883
4  1501 1842 1865 2883
4  1865 1842 2091 2883
4  1179 1501 1865 2883
4  1179 1865 2091 2883
4   959  506 1043 2884
4   959 1043 2103 2884
4  1044 1216 1759 4080
4   425  587  938 2896
4  1837 1706 2282 4257
4  1435 2542 3034 3081
4   666  904 2274 2884
4   904  666 1542 2884
4  2009  794 3034 3081
4  1027 1229 3666 4315
4  2785 1686 3326 3459
4  1120  734 2564 3083
4  2653 1238 3411 3460
4  2138 3163 3411 3460
4  3443 3128 3531 3562
4  1121  680 2684 4182
4  1751 2500 2796 3544
4  1111 2262 3000 3017
4  1101  833 1178 4410
4  2687 1156 2713 3292
4  1972 2687 2713 3292
4   857  605 2397 3858
4   652  821 1517 2888
4   988  652 1517 2888
4   652  988 1368 2888
4   821  652 1368 2888
4  1480 1914 2628 2888
4  1480 1517 1914 2888
4   319 1904 2396 4090
4   487  319 3464 4090
4  2214 2148 3550 4118
4  1214 1308 2837 2890
4   994  958 1214 2890
4  1214  958 1308 2890
4  2453 2837 2838 2890
4  1853 2453 2838 2890
4  1853 1949 2453 2890
4   958  994 2808 2890
4  1308  958 2808 2890
4  1099  495 3733 4090
4   703 1055 1143 3952
4  2396 1387 2907 4090
4  2396 2907 3464 4090
4  1460 2235 3898 4031
4  1143 1287 1409 3952
4  2823 1932 3095 4224
4    98 1214 2837 2890
4  1214   98 1949 2890
4  1949   98 2453 2890
4  2453   98 2837 2890
4  1308 1971 2837 2890
4  2837 1971 2838 2890
4  1470 1966 2767 2893
4  1966 1470 2044 2893
4  1013  882 4037 4329
4  2043 1979 3777 3841
4  1752 2062 2980 3209
4  3065  220 3226 3267
4   759 1973 2928 3056
4   522 2760 2928 3056
4  3162 1997 3275 3420
4  1935 1997 2894 3420
4  2443 3162 3275 3420
4  2864 2894 3412 3420
4  2894 2864 3080 3420
4  2767 1797 2979 3494
4  1186 2018 3789 4185
4  2305 2450 3755 3903
4  1294 1016 1947 4222
4  1470 1823 2044 2893
4  1969  825 2838 4089
4  2073  220 3065 3267
4  1336 2009 2224 3081
4  2542 2885 3034 3081
4   217 1834 2885 3081
4   573  727 1183 4332
4  1592 1496 2672 3798
4  1289 3798 1021 1982
4  1813  825 1969 4089
4    87   86 3194 3476
4  1448 1533 2385 3115
4  1448 1966 3076 3115
4  1336  794 2009 3081
4  1435  944 1834 3081
4   944 1435 3034 3081
4   479  499 1379 2896
4   499  479  563 2896
4  1365   27 2077 2898
4  2077   27 2817 2898
4  2077 1545 2085 2898
4  2085 1545 2165 2898
4  1861 1612 2243 3875
4   600  592 3331 3342
4   153 3432 4046 4154
4    61 2450 3562 3893
4  1988 1873 2335 2900
4  1873 1988 2234 2900
4  2234 1988 2335 2900
4  1802 1923 2858 4219
4   199 2180 2774 3852
4   992  920 1280 2901
4  2386 2262 2750 2901
4  2049 1280 2459 2901
4  2386 2750 2889 2901
4  1198 2049 2566 2901
4  1198 2566 2750 2901
4  1846 2230 2336 4219
4   920 1111 1280 2901
4  1111 2262 2386 2901
4  1280 1111 2386 2901
4  2459 2386 2889 2901
4  2443 2872 3696 3729
4  2218 2386 2459 2901
4  1280 2218 2459 2901
4  2218 1280 2386 2901
4  2566 2049 2889 2901
4  2750 2566 2889 2901
4  1763 2667 1201 1342
4  2667 1763 1201 2902
4  1763 1721 1850 2902
4  2229  996 3573 4047
4  1881  944 2478 4096
4  1721 1176 2537 2902
4  2537 1176 2673 2902
4   996 2075 3573 4047
4  1802 1951 2858 4205
4  2258 1951 2636 4205
4  1850 1721 2537 2902
4  1850 2537 2673 2902
4  1763 1850 2070 2902
4  2070 1850 2673 2902
4  1763 2070 2673 2902
4  3629 1377 3883 4096
4   163 3473 3671 4096
4  3473 2204 3681 4096
4  1346 1481 2359 3102
4  1760 2261 3070 3718
4  2548 2251 3536 3589
4  1526 1414 2527 3068
4  1715 2639 2720 2905
4  1715 2627 2639 2905
4  1414 1526 2880 3068
4    70   68 2622 4322
4  1046  361 1467 4143
4  1628 1465 1684 3170
4  1282 1409 1922 3559
4   292  532  560 3223
4   385 1220 2936 4215
4   242 1628 1684 3170
4   207 2089 3022 3068
4  2089  207 2910 3068
4   436  800 1270 3870
4  3028 2189 3700 3740
4   355  371 1334 3870
4    32 2998 3297 3880
4  1953  664 3389 4091
4  1872 1646 2874 2907
4  1139  514 1341 4225
4   524  806 2737 4321
4  1321 2575 2874 2907
4  1646 1321 2874 2907
4  2575 1387 2640 2907
4  1099 2575 2640 2907
4  1156 2021 2713 3292
4   418 2219 3672 4346
4   218 2608 2656 3048
4    36   35 2728 3889
4  2340  218 2656 3048
4  3446 3133 3447 3522
4  1223 1482 2878 4385
4  3008 3653 3912 4220
4  2623 1523 2955 4091
4  2532 3701 4156 4210
4   671  421 1447 4225
4  1523  515 2823 4091
4  1499 3386 3787 4331
4  1984 2686 2833 3289
4  1832 1492 2707 3974
4  1953  664 2104 3389
4   745 1060 2001 3058
4  2303 2737 3218 4321
4  1399 2544 2625 3204
4   369  852 2435 2909
4  1051  917 1326 3249
4   602  875 2294 2911
4   602  394  875 2911
4   653  394  695 2911
4   653  695  784 2911
4  1513 2136 3238 3377
4  1845 1513 2594 3377
4   394  602  695 2911
4   695  602 2294 2911
4   453  800 2333 2912
4   445  453  645 2912
4   645  453 2333 2912
4  2117 1815 2156 2913
4  1246  488 2264 3026
4  1768 1110 2718 3072
4   337  341  477 4192
4  2745  130 3256 3711
4  2608  218 2656 3728
4  1981 2741 2795 2915
4  1406 1945 2218 3330
4  2106 2701 3282 3330
4  1172  905 2133 3569
4  2121 1273 3054 3458
4  1175  388 2863 3970
4  2741 2248 2795 2915
4   770 2182 3665 3924
4  2427 1682 2434 2915
4  2603 2725 2925 3330
4  1089 1406 2218 3330
4  2603 1406 2725 3330
4   350  385 1532 3924
4  2464  608 3043 3506
4   908 1758 2991 3625
4  1227 2332 2594 4189
4   733  869 1190 3041
4  1196 1346 2471 3102
4  2775   70 3370 4101
4  1346 2359 2471 3102
4  2279 2989 3414 3911
4  1210  491 3016 4014
4   581 2958 3509 3881
4   423 1191 2409 3300
4   644 1240 1691 3300
4   948  991 1508 3519
4   469  500 1129 3631
4  2958 2885 3034 3517
4   967  763  983 3904
4   644  423 2409 3300
4   357  379  827 3631
4  2885 3201 3343 3517
4  1258  672 2178 4376
4  2268 2205 2594 3238
4  1488 1745 2398 3203
4  2305   59 3366 3379
4  2599  204 3180 3545
4  2691  719 3735 3869
4  3040 3690 4003 4092
4  1006 2316 2355 3993
4  1023 1658 3532 3993
4  3297 2904 3475 3943
4  1804 1832 1854 3315
4  1379 2134 2759 4080
4  3974 1842 4272 4361
4  2117 1695 2571 3229
4  2603 1406 2773 3001
4  2708 2012 2919 3362
4  2240  899 3196 3436
4  3186 3645 4131 4210
4  2249 1414 2570 3359
4   897  708 1173 2924
4   897 1173 1998 2924
4   708 1058 1173 2924
4   120 2533 3879 3946
4  2797 2762 2916 3030
4   718 1675 1916 2924
4  1916 1675 1998 2924
4  1731 1916 2155 2924
4   718 1731 2155 2924
4  1731  718 1916 2924
4   721  931 1931 2926
4  1931  931 2738 2926
4  1218 1931 2738 2926
4   931  721  994 2926
4   931  994 2738 2926
4   914 1218 2738 2926
4   914  854 1218 2926
4   854  914 1116 2926
4   854 1116 2007 2926
4   994  914 2738 2926
4   994  721 2007 2926
4   914  994 1116 2926
4  1116  994 2007 2926
4  1033 1202 1706 2927
4  1124 2598 2679 2950
4  1706 1202 2195 2927
4  1818 1667 2879 2927
4  1124  951 2598 2950
4  2669 1716 2695 2945
4   108  109 3737 4045
4  1818 1108 2361 2927
4  1667 1818 2361 2927
4  2068 2237 2629 3540
4  1047 2178 2710 3335
4  1489 1372 1565 3595
4  1667   95 2879 2927
4    95 1706 2195 2927
4    95 1667 1706 2927
4  2804 2191 2818 2929
4  4140 3469 4286 4289
4  2941 2099 3126 3996
4  2728   35 3373 3889
4   876 3771 3948 4252
4   955 1604 1875 2930
4  2354 1717 2376 2930
4  2278 2354 2376 2930
4  1717 1019 1783 2930
4  1783 1019 2376 2930
4  1717 1783 2376 2930
4  1607 1604 1717 2930
4   955 1019 1717 2930
4  1604  955 1717 2930
4  2278 1607 2354 2930
4  1607 1717 2354 2930
4  1875 1604 2781 2930
4   636  523 2456 3142
4  2119  113 2384 4079
4   646  621 1022 4023
4  1688 1468 1749 3265
4  1513 1302 1845 2931
4  1845 1313 2430 2931
4  2450 2765 3364 3544
4   173  174 3060 3320
4   175  173 2747 3320
4  1255 1466 1502 3783
4  1894 1345 3077 4094
4   174  175 2747 3320
4  1079 1234 2839 2933
4  1079  707 1234 2933
4   707 1079 1186 2933
4  1186 1079 2839 2933
4   176  178 3960 4296
4  1576 1252 3769 3988
4   259  258 2632 2935
4  1585  259 2632 2935
4   259 1585 2107 2935
4   258  259 2107 2935
4  3082 3421 3459 3673
4   408  381  423 2936
4  1532  686 1963 2936
4   423 1532 1963 2936
4   381  385 1532 2936
4   423  381 1532 2936
4   879 1581 2147 2936
4   408  644 1581 2936
4  1581  644 2147 2936
4   408  879 1581  834
4   879  408 1581 2936
4  1498  797 1299 2965
4  1634 1419 3418 3495
4  2511 1889 2963 3592
4  3060 3412 4010 4093
4   545  809 1164 3257
4   466  809 1810 3257
4   136  135  134 2979
4   871  500 1145 4082
4  1236 1894 4207 4344
4   889 3243 3261 4358
4  3270  163 3605 4096
4   899  728 1664 3818
4   899 1664 1739 3818
4  2135 3084 3423 3858
4   587 2135 3423 3858
4  3571 3227 3865 4271
4  1946 3620 3865 4360
4  2983   58 3314 4271
4  2869 2098 2951 3857
4  2951 2098 3117 3857
4  1083 1673 2839 2940
4  1156 1083 2021 2940
4  2021 1083 2839 2940
4  2193 2021 2839 2940
4   113  115 3289 3997
4  1764 2967 3404 3682
4  1168 3487 3581 3630
4  3023 1499 3203 3237
4  3168 3349 3466 2508
4  1223 1472 2878 3677
4   240  241 1684 3127
4   240  239 1685 3127
4   984 2507 4017 4038
4  2507 2495 4020 4038
4   984 2495 2507 4038
4   475  334  860 2942
4   615  930 1167 4417
4   930 1558 1848 4417
4   287  300 3527 4193
4   458  781 1100 4193
4   860 1059 1527 2942
4   475  860 1527 2942
4    70 2622 3370 4101
4  1091  444 2110 4323
4   846  929 2245 2944
4  3180 2599 3600 3800
4  1005  473 3385 3614
4   473  353 1651 3614
4  3118 3086 3437 3680
4  1354 1112 1474 3335
4  1493 1354 2710 3335
4  1112 1354 1493 3335
4  1171 1354 1474 3335
4  1481 1171 1950 3335
4  1437 1732 2356 4115
4  1464 1244 2318 3055
4  1716 2620 2740 2945
4  2551 1716 2740 2945
4  1481  767 3335 4100
4  1503  767 1546 4100
4   234 2695 2711 2945
4  2388  234 2711 2945
4  1643 3426 3513 4123
4  2620 1353 2740 2945
4  1353 2551 2740 2945
4  1901 1260 2140 4189
4  1970 1302 2715 4189
4  1211  800 2333 2947
4   796 1211 2333 2947
4  1211  796 2722 2947
4  1613  923 2199 4023
4    44 2070 2268 3310
4  2105 1624 4325 4330
4  2495 4017 4020 4038
4  2375 1728 3515 4133
4   705 1211 2722 2947
4  2279 2961 2989 3042
4  2961 1595 2989 3042
4  2139 3120 3845 4363
4  1351 1371 1985 4133
4   876 1084 1319 3948
4  1394 2251 2908 2950
4   951  718 2598 2950
4  2598  718 2908 2950
4   718  865 2908 2950
4   865  404 1536 2950
4  1119  470 2518 2965
4  1305  470 2790 2965
4   557  718  951 2950
4   718  557  865 2950
4   404  557  951 2950
4   557  404  865 2950
4  1133 1305 2790 2965
4  3338 2787 3534 3538
4  2690 3339 3534 3538
4  1908  246 2252 2953
4   246  247 2252 2953
4  3032  176 4008 4044
4  1901 2715 4189 4249
4   204  203 3847 3978
4  2504 1070 2520 2954
4  1857 1990 2529 3195
4   149 2188 2461 3195
4  1990  149 2529 3195
4  1990 1441 2188 3195
4  1441 1857 2531 3195
4  3197 2263 3198 3479
4  2146 2048 2502 3025
4  2887 3499 3504 4009
4   682  925  942 3627
4  2847 3047 3323 4149
4  1487 2372 2919 3146
4  1240  644 2409 3300
4  2055 3393 3435 3451
4   421  877 3658 4182
4   169  168  167 3145
4  2479 1524 2914 3694
4  3434 3117 3554 4392
4    42 2479 2914 3694
4   352  354 2210 3920
4  3117 3434 4359 4392
4  1265 1667 1674 3334
4   555  346 2210 3920
4  2443 2097 2884 3274
4  2497 2469 2695 3730
4  2261 2097 2401 3274
4   897  604  972 4269
4   209 2153 3651 3739
4  2116 1942 2733 3035
4  2071 2119 2384 4196
4   216 1834 2347 3580
4  1341 1283 1847 3202
4  2433 3124 3561 4150
4  1745 2228 2398 3942
4   769  670 1181 2960
4   272 1185 2580 3945
4  1707 1745 2157 3942
4  1745 1707 2228 3942
4  2083 1707 2157 3942
4   940 2026 2582 4327
4    79 2083 2157 3942
4    71   73 3685 4050
4  3050 3404 3682 4050
4  1020 1198 1668 2961
4  1668 1198 2791 2961
4  1356 1668 2791 2961
4  1206 1356 2791 2961
4  2868 2951 3533 4398
4  3237 4042 4294 4331
4  3462   57 3698 3983
4  1461 1522 2036 4313
4  2342  788 2830 3414
4  2830 1020 2989 3414
4   992  788 2342 3414
4  1263 1880 3111 4104
4    56 3462 3745 3983
4  2054 1285 2679 2964
4  2598 2054 2679 2964
4   473  626 1498 2965
4   626  473 1250 2965
4   470  428 2790 2965
4   428  470  588 2965
4   797 1119 1299 2965
4  1299 1119 1498 2965
4  1498 1250  797 2965
4   639 3324 2309 3621
4  1250 1498  797 1939
4  1498  797 1939 1299
4   588 1133 2790 2965
4   428  588 2790 2965
4  1108 1081 2245 2966
4   956 1108 2245 2966
4  1081  956 2245 2966
4  1049  764 2580 2968
4  1611 1458 2337 3396
4  2337 1458 2408 3396
4   764 1114 2643 2968
4   764 1049 1114 2968
4   571  764 2643 2968
4  3550 3401 3879 3946
4  2696 1596 2789 4127
4  1263 2569 2917 4104
4  1114  323 2643 2968
4   869  550 1278 2971
4   550  702 1278 2971
4   831 1135 2209 3548
4  1941 1135 2292 3548
4  2712 3387 3746 3880
4   534 1278 1580 3340
4   702  629 2690 2971
4  3543 4106 4327 4406
4    59 2305 3366 3796
4  2209 1135 2437 3548
4  1580 1278 1588 3340
4  3000 3207 3352 3539
4  2690 1909 2792 3339
4  1088 1588 3338 3341
4  1536  534 1580 3340
4  3551 1428 4078 4245
4   511 1136 2534 2974
4  2759 1379 4080 4256
4   539  563  808 4256
4   415  511 2534 2974
4  1656  415 2534 2974
4  2782 2191 2818 3999
4  2782   71 2804 3999
4    71 2782 3685 3999
4  2853  701 4075 4256
4  2759 2853 4075 4256
4  2853 2759 4080 4256
4  2105 1619 4258 4355
4  3074 2105 4258 4355
4   665  539 1044 4256
4   701  808 4075 4256
4   539  665 2559 4256
4  1044  701 1216 4256
4   329  413 1712 3619
4   491  327 4014 4175
4   319  315 1904 4175
4  1224 1440 3649 4102
4  2674 1224 3649 4102
4   221 1958 2624 2977
4   664  631 3024 3257
4  3213 4035 4040 4120
4   735 1994 2257 3930
4  1815 1681 1910 2981
4   130 2059 2424 3256
4  1681 1740 1910 2981
4  1552 1508 2062 2980
4  1182  828 1297 4112
4  3208 3493 3776 4208
4  4110 3861 4144 4344
4   622  748 2909 3210
4  3626 2011 3827 4316
4  3085 2995 3214 3496
4  2555 2192 3407 3520
4   948 1508 1552 2980
4  1552 2980 3209 3495
4  2544 2637 3204 4112
4  4010 2894 4173 4186
4   748 2618 2909 3210
4   954  695 2909 3210
4  1735 2207 3787 4239
4   784 2294 2911  695
4  2956 1575 3252 3693
4   328  329 1712 3619
4   285  300  301 3619
4   863 1148 1677 3109
4  1022 1705 1766 3363
4  1946 2325 2730 3315
4  1450 1902 2730 3315
4   639  757 2130 3621
4  1574  980 1586 3636
4  1586 2623 3239 3636
4  2192 2887 3416 3621
4   777  639 3324  491
4   964  608 3365 3269
4  1043 2103 2832 3074
4   433  359  853 4259
4  1997 1935 2894 3797
4  2897 2725 2925 3001
4  1204  997 3915 4029
4   604  719 4269 4358
4    33 3021 3387 3592
4  1945 2603 2773 3001
4  2845 1309 3792 4099
4   717 1041 1271 3096
4  1967 2769 3082 3326
4  2505 2897 2925 3001
4  1854 1804 3315 4196
4   844  714 1181 2986
4   761  613 3803 4413
4   844 1181 2960 2986
4   513  844 2960 2986
4  2142 1506 2159 3122
4   225 3925 4291 4336
4  1327  872 2055 4228
4  2509 2859 3134 3953
4  2660 1529 2992 3122
4   660 1305 2427 2988
4   745  660 2427 2988
4   745 1303 2422 2988
4   548 1303 1305 2988
4   734  548 2564 2988
4  2422  734 2564 2988
4  1303  745 2427 2988
4  1305 1303 2427 2988
4   548  734 1303 2988
4  1303  734 2422 2988
4  1020 2279 2961 2989
4  2830 1020 2961 2989
4  1595 2830 2961 2989
4  2818 3685 3947 4039
4   863 1148 2464 3043
4  1583  864 3947 4039
4  1604 1579 2563 3415
4  2355  116 3325 3939
4  1528 2142 3400 3401
4   908  695 1484 2991
4   187 1489 2356 3507
4   429  770 2182 3665
4  3215 3576 3773 4026
4   306  691 3828 4057
4   806  524 1758 2991
4  1162  908 2752 2991
4   695  908  954 2991
4   954  908 1758 2991
4   695  954 1758 2991
4  2292  807 3046 3403
4  1774 2742 2784 3318
4  3688 2840 3978 4006
4  2840 2708 3545 4006
4  3545 2708 3600 4006
4  2314 2011 3316 3626
4  2848 3369 3546 4314
4  1705 3363 3628 4006
4  1913 3654 3669 3807
4   901 1665 3786 4243
4  1860 1582 3419 3966
4   624  611 3419 3966
4  1709 1464 3328 4117
4    73   71 3050 4050
4   349  435 2358 2993
4   349  345  893 2993
4   435  349  893 2993
4  1637 2083 2834 3384
4   345  282  770 2993
4   282  279  770 2993
4   641  348 2476 2993
4   345  641 2476 2993
4   345  349  641 2993
4   641  349 2358 2993
4  1732 1593 2202 3384
4  2834 2083 2922 3384
4  2083 1637 2922 3384
4   348  345  818 2993
4   818  345 2476 2993
4   348  818 2476 2993
4  1593 1637 2202 3384
4  1569 1601 3039 4116
4  1669 1122 1893 3547
4  1518 2201 2729 3598
4  3494 3209 3586 4208
4  2299 2297 2793 2996
4  1903 2034 2175 3172
4  1406 1089 2773 3380
4  3408 2865 4060 4173
4  2105 1641 3074 3790
4  3288 1182 3859 4112
4  2979  136 3584 3860
4  3209 2345 3586 4208
4  2275 2299 2503 2996
4  2275 2297 2299 2996
4   178 4074 4092 4316
4  2384  113 3066 3289
4  2686 1984 3066 3289
4  2686  115 2833 3289
4   244  243 3284 3351
4  2248 2915 3031 3397
4  2446 1728 2462 3515
4   149  151  150 4070
4  1857 1519 3977 4070
4   385  381 1532 3924
4  1587 1375 2375 3515
4  3469 3566 4140 4286
4   707 2439 3987 4371
4  2815 1961 3333 3693
4  3493 2345 3585 4208
4  2827 2593 3721 4070
4   105 3338 3535 3589
4   612  876 2569 3825
4  3098 2939 3802 3872
4   203  205 3313 3652
4  1594 2109 2552 3018
4  2313 2197 3073 3414
4  2815 3333 3450 3693
4  1594 1142 2109 3018
4  2004 1092 3287 4097
4   788  992 2150 3414
4  1966 1752 3076 3684
4  2055 1875 2781 4228
4  1143  919 1282 3709
4  1856 1966 2541 3684
4  3037 2972 3805 4228
4  1353 1170 1980 3002
4  1980 1170 2716 3002
4   752  392 1254 3659
4   408 1121 1240 3004
4  3264 1875 3805 4183
4   133 3425 4177 4338
4   644 1240 2409 3004
4   644  408 1240 3004
4   340  414  476 3004
4   381  340  476 3004
4   340  381  414 3004
4  3393  224 3451 4183
4  3264 3805 3957 4183
4  2179 3089 3426 4123
4  1608 1169 3064 3597
4  3146 2919 3195 3362
4  1679 1102 3411 3750
4  2059 2090 3411 3750
4  2809 3956 3992 4301
4  2747  174 3320 3360
4  1827 1756 3770 3771
4   209 1879 3739 3821
4  1947 1016 2324 4222
4  1260 1947 3884 4222
4  1930 1294 4307 4308
4  2332 1260 3884 4222
4  2550 1239 3089 3426
4  2544 1297 3229 4112
4  2895 2756 2972 4021
4  2826 2985 3268 3745
4   849 1909 2690 3009
4  3000 3097 3207 3539
4   165 2237 3490 3539
4  1206 1356 3392 3540
4  1272 2690 2873 3009
4  1685 1671 2693 3236
4  1335 1397 1671 3236
4  3102 2359 3467 3575
4  1960 1831 2447 3856
4  1685 2693 3127 3236
4  1339 2809 2904 3011
4  1141 2135 3465  723
4   723  979 1116 3465
4  1949 1853 2453 3167
4  1015 1853 2681 3167
4  2453 1853 2811 3167
4  3168 2508 3466 3574
4   999  914 1077 3465
4  1015 1938 2811 3167
4  1938 1166 2811 3167
4  1166 2169 2811 3167
4  1021 1030 2312 3768
4   230 1884 2472 3150
4  2814 3205 3610 4187
4  1527 1918 2311 3622
4  1197 2269 2960 3322
4  2984 3228 3364 3379
4  2868 3912 3916 4395
4    90 2426 2460 3706
4  2544 2154 2625 3204
4  3100 2465 3408 4173
4    30 2369 2843 3854
4  2040 1578 3144 3333
4   760 1578 3128 3333
4  3921 3061 4121 4135
4   137 3469 4230 4348
4  2194 1367 2523 4135
4  2040 2031 3128 3333
4  2865 2864 4060 4173
4  1392 2523 2561 4135
4  3921 2328 3968 4135
4  3968 2328 4095 4135
4  2607  205 3146 3185
4   204 2599 3180 3185
4  1522 1151 2828 4313
4  2092  834 2362 3017
4   226  225  224 3393
4  1206 1356 2684 3017
4  2684 1356 2791 3017
4  2386 2684 2791 3017
4  2386 1111 2684 3017
4  2508 3168 3348 3801
4   415 1738 3357 3541
4   526  399  756 3174
4   939 1977 2504 4125
4   925  942 3635 4247
4   942 1568 3635 4247
4  2546  129 3028 3740
4   719  972 3243 3735
4  2207 1830 2834 3386
4  2202  873 2250 3020
4  1735 1840 2144 3386
4  2207 2834 3020 3386
4  1840 2207 3020 3386
4   976 2144 3020 3386
4   976 1637 2083 3020
4  2083 1637 2834 3020
4  1840 2207 2341 3020
4   976 1707 2144 3386
4   976  626 2202 3020
4   173 3797 3888 4093
4   320   15 2559 3593
4   110 2020 2505 3660
4  2341 2207 2685 3020
4  3280  731 3563 4014
4  2341 2685 2834 3020
4   636 2694 3924 4215
4  1243 1247 1444 3567
4   283  560  691 3593
4   145 2544 2637 3204
4  2800 2727 3346 4142
4   144  145 2637 3204
4  3812 2532 4156 4210
4  1546 1383 3148 4377
4   213 3802 3851 3932
4    94   93 2493 3165
4  1150 2331 3367 3390
4  2331  717 3367 3390
4  1010 1946 3027 3258
4   946  387 2392 3258
4  1206 3017 1121 3392
4   682  387  946 3258
4   682  942 2857 3258
4   387  682 2392 3258
4  1438 1271 2331 3390
4  2331 1150 3344 3390
4   717 1041 3367 3390
4  3344 1150 3367 3390
4  1989 1438 3344 3390
4  1539 3344 3367 3390
4  1041  717 1271 3390
4  2200 3256 3344 3390
4  2480 1375 4133 4278
4  3088 2215 3329 4068
4   899 2535 2662 4278
4   549  778 1894 3158
4   706 1056 2525 3158
4   369  549 2294 3158
4  2546  130 2978 3256
4  2745 2151 2937 3256
4   959  549 1894 3158
4   549  568  778 3158
4   219 2340 2566 3226
4  3449 2006 3474 3823
4  2090 2059 2329 3028
4  2059  129 3028 2546
4  1013 2698 3106 4211
4  3106 2421 4054 4132
4  1496 1338 4167 4211
4  1916 1669 2598 3029
4  2425 1669 2141 1657
4  1669 2425 2141 3029
4  2270 1682 2915 3031
4    35 3373 3918 4300
4  1898  695 2991 3506
4  1159 3030 3029 1173
4  2345 3419 2893  928
4   746  596 3015 4134
4  3000 2362 3017 3173
4  3079 1807 3208 3493
4  3058 3031 1205 3394
4  2270 3031 3058 3394
4  1687 1612 2243 3762
4  1761 1993 2770 3247
4  1686 1677 2303 3399
4   894 1051 1165 3249
4   186 1609 1645 3247
4  1942 1067 3043 3399
4  1375 1322 1688 3515
4  1322 1375 2385 3515
4  1371 1351 1728 3515
4   637  287 1334 3518
4   581 1087 3483 3581
4  2564  619 2988 3121
4  1343 1435 1834 3580
4  2648 1169 3064 3755
4  2040 2305 3562 3796
4   541  762 2108 3121
4   520  679  957 3489
4  2729 2149 3115 3962
4  2796 2586 2984 3379
4   837 2108 2970 3121
4  2439 1870 2692 3832
4   997  953 3276 4029
4   425  953 1487 4029
4   377  541  837 3121
4   541  377  762 3121
4  2542 3484 3487 3580
4  1471 2019 3013 3203
4   378  377  837 3121
4  1343 1283 2654 3484
4   377  378  762 3121
4  1408 1283 3202 3484
4  1127 1577 3647 3756
4  1471 1755 2019 3203
4  2205 1227 2594 3238
4   284  300  458 4404
4  1162  908 3625 4229
4   761  613 4413 4414
4  2756 2895 2972 3037
4  2756 2291 2895 3037
4  2509 3052 3134 4114
4  1254  539 3659 4152
4  1496 2238 4167 4184
4  1601 1861 2283 3039
4  1262 1215 3055 4117
4  1365 1215 2085 4117
4  1215 1262 2085 4117
4  1288 2742 3807 4130
4  1255 2508 3293 3375
4   243 3170 3284 3351
4  2127 2314 2642 3245
4  1815 2302 2981 3255
4  3170 2693 3284 3351
4   243  244 3170 3351
4  1422 2221 2693 3351
4   733  550  869 3041
4   869  550 2323 3041
4  1430  803 3418 3583
4  2989 2206 2994 3042
4  2610 2253 1349 3917
4  2237  166 2994 3042
4   608  863 2464 3043
4   863  608 1677 3043
4  1148  863 1677 3043
4   185 2356 3247 3507
4  1489  187 1565 3507
4  2640 1099 2907 4090
4   701 1216 1530 3327
4  1602 2782 2798 4039
4   495  319 3733 4090
4   386  498 1664 4018
4  3333 2815 3450 4157
4  1603 2187 3947 4039
4  1506 1528 2142 3400
4   569  791 1715 3813
4   791  596  829 3813
4  2902 1423 4095 4375
4   829 1725 2258 3813
4  2142 1808 2532 3400
4   825  994 2890 3327
4   825  931  994 3327
4  1607 2002 3089 3864
4  1308 1216 1759 4089
4   863 1148 2851 3725
4   569  471  791 3813
4  2312 1982 2876 3982
4  3175 3469 3470 4348
4  2036 4058 4313 4376
4   625  771 1725 3813
4  1742 2042 2931 4307
4  2695 2945 4122 4309
4  3570 2846 3742 4309
4  1067 1170 2604 3683
4  2627 1715 2639 3324
4   580  332 1467 3838
4  2417 1238 2753 3322
4  1918 1527 2810 3622
4   993 1950 3102 3430
4  2651 2624 2977 3049
4  2624  223 2977 3049
4  2014 2658 2707 3049
4  2651 2014 2707 3049
4  2014 2651 2658 3049
4  2203 2651 2977 3049
4   223 2203 2977 3049
4  1770 1321 3184 3954
4   773 1009 2733 3405
4  2581 1618 2967 3050
4    73 2581 2967 3050
4   488 1246 2799 3051
4   273  488 2799 3051
4   488  273  527 3051
4   527  273 2799 3051
4   316  488  527 3051
4  1246  774 2490 3051
4   774  316 1835 3051
4  1835  316 2661 3051
4   271  308 2881 3051
4   308  271 2661 3051
4   271 1835 2661 3051
4   774  730 2881 3051
4  1246  488 3026 3051
4   774 1246 3026 3051
4   316  774 3026 3051
4   488  316 3026 3051
4   271  730 1835 3051
4  1025  774 1835 3051
4   730 1025 1835 3051
4  2490 2211 2799 3051
4  1246 2490 2799 3051
4   730  271 2881 3051
4   730  774 1025 3051
4   338  340  476 4198
4   436 1270 1482 4385
4   998 2213 2841 4360
4   998 2342 3071 4360
4  1619 1841 2619 4355
4  2342  998 2841 4360
4  1353 2551 2945 3054
4  1980 1353 2620 3054
4  2620 1353 2945 3054
4  1980 2620 2945 3054
4  2388 2121 2945 3054
4  2711 2551 2769 3054
4  2306 2422 2564 3083
4  1120 1284 2850 3083
4  1199 1995 2058 3725
4  1170 2604 2769 3054
4  1170 1798 2604 3054
4  2711 2388 2945 3054
4  2551 2711 2945 3054
4  2461 1460 3195 3726
4   734 2306 2564 3083
4   235 2388 2711 3054
4  1528 2142 3401 4118
4  1520 2148 2214 4118
4  2097 2443 2884 3420
4  2894 1997 3412 3420
4  2451 1682 2915 3329
4  2248 2699 3556 4069
4  2427 2434 2518 3329
4  2999 2568 3397 4069
4  2434 2427 2915 3329
4  1174  978 3509 4302
4   162  163 3473 3671
4  1586 2758 3239 3670
4  2001 1205 2719 3058
4  1702 3646 3668 4119
4   517  891 3987 4237
4  1395  745 2001 3058
4  1303 1395 1424 3058
4   745 1303 1424 3058
4  1395 2001 2719 3058
4  2326 1395 2719 3058
4  1395 1303 2422 3058
4   745 1395 2422 3058
4  1303  745 2422 3058
4  1647 2678 2975 4136
4  2622 3052 3953 4136
4  1009 1647 2975 4136
4  2704 3052 3615 4136
4  2691 2327 2892 4027
4   158  160  159 3922
4  3431 3104 3899 3922
4  3104 2659 3899 3922
4  3204  144 3705 3859
4  1218 2010 2611 3062
4  1524 2479 2914 3062
4   999 1524 2914 3062
4  2289  118 4040 4041
4  3615 3052 3793 4136
4   675  692 4057 4310
4  2162 3036 3090 4041
4  1277 1218 1555 3062
4  2611 2010 2914 3062
4  2010  999 2914 3062
4  2479 2611 2914 3062
4  1555 1218 2265 3062
4  1555 2265 2479 3062
4  2265 1218 2611 3062
4  2479 2265 2611 3062
4  3100 3408 4060 4173
4  3144 2031 3333 3530
4  2848 3369 3370 3546
4  1272 2679 3534 3547
4  3179 1571 3218 3365
4  1676  819 2051 3065
4  2513  272 2580 3945
4  2555 2666 3232 3407
4  2055 1596 2789 3435
4   812  909 2666 3407
4  1316 2723 2815 3299
4  1929   81 3159 3454
4  2069 1912 2071 3066
4  2998 1819 3021 3290
4  3280 3561 4181 4340
4  2997 2976 3179 3298
4  2384 2071 2794 3066
4  2794 2071 2923 3066
4  2384 2794 2923 3066
4  2785 3035 3399 3588
4  2069  113 2686 3066
4   113 2069 2071 3066
4   363  478  514 4319
4   113 2071 2384 3066
4  1414 2249 2802 3359
4   207 2523 2572 3068
4  1475 1429 3130 3840
4  2739  703 3952 4011
4   391 1090 1187 3611
4  1414 2802 2880 3552
4   846  461 2402 4073
4  3067 2597 3500 3512
4  3232 3416 3453 3512
4  1210 2309 3324 4370
4   820 1212 2734 3251
4   183  184 3710 4204
4  3349 3710 4047 4204
4   351  385  395 3751
4  1102 1271 1714 3411
4  1343 1283 3618 3753
4  1679 1102 2653 3411
4  1678 1714 2059 3411
4  2814 3596 4299 4374
4  1184  487 1655 3251
4   877  476 3004 4202
4  2088 1234 3987 4216
4  1885 1997 2045 3070
4  1034  953 2066 3276
4   440  953 1034 3276
4   173 3060 4010 4093
4   104  105 3589 3744
4   212 2721 3098 3413
4   596 1039 1725 4134
4  3242 3231 3499 3503
4  2683 2835 3305 3321
4  2639 1722 2683 3621
4  2658 2203 2921 4361
4  3819 2658 3974 4361
4  1780 1902 2213 3071
4   998 1780 2213 3071
4  2045 1885 2261 3718
4  1791 1727 1801 3072
4  1801 1727 2216 3072
4  1727 1725 2216 3072
4  1725 1727 1791 3072
4  2674 1224 3381 3928
4  1019 1779 1783 3719
4  1907 1917 2143 3719
4  1974 2045 2330 3718
4  1267 2215 3196 3436
4  2434 2535 3196 3436
4  2179 2272 3089 3697
4  3156 2022 3361 3761
4  3281 1012 3775 3792
4  3759 2819 4148 4311
4   169  168 3145 3791
4  3145  168 3530 3791
4   283  560 3593 4214
4  2457 3144 3450 3791
4  2167 2895 3003 3939
4   574 1428 3148 4124
4   989 1545 2562 3075
4  1545 1649 2077 3075
4  1510 1548 2562 3075
4  2077 1510 2562 3075
4  1545 2077 2562 3075
4  1501 1772 1865 3835
4   908  695 2618 3210
4  1805   81 1929 3454
4  1462 4118 4153 4223
4  1827 1756 3771 3948
4  2256 1236 4207 4344
4  2465 3266 3861 4344
4   784  695 1484 3210
4   692  482 3105 4057
4  3099 2465 3861 4344
4  1236 2256 3266 4344
4  1552 2062 3076 3209
4  1430 3078 3582 3583
4  1348 1779 1803 3777
4  1552 2345 2948 3209
4  2465 1894 3266 4344
4   120 2533 3946 4169
4  3401 3402 3946 4169
4  1894 1935 2894 3420
4  1894 2894 3080 3420
4  2052 2244 2768 3079
4  2395 1365 2898 3079
4  2244 2395 2898 3079
4  1365 2244 2898 3079
4    26 1365 2768 3079
4  1365   26 2244 3079
4  2244   26 2768 3079
4  2274  666 2884 3080
4   666 1542 2884 3080
4  1219  666 1104  512
4   666 1219 1104 3080
4  2446 2375 2462 3422
4    82 1805 2343 3422
4  2757 1986 3375 3455
4   549  778 2233 3080
4  1668 1020 3065 3267
4   720  788 1479 3267
4  2865 3070 3412 3765
4  1216  701 1613 3327
4  2448  663 2709 3137
4   910 1034 1323 3423
4  1284 1805 2850 3083
4  1805 1284 2422 3083
4   525  456  605 3423
4  1378  479 2135 3423
4   456  442  605 3423
4   442 1378 2135 3423
4   456  525 1034 3423
4   525  605 2066 3423
4   598  410  798 3137
4   442  910 1323 3423
4  2215 1372 3088 3425
4  1116  854 2135 3084
4  2703 1092 3287 4339
4  3088 2024 3329 3425
4  3175 2703 3307 4339
4  1110 3216 4097 4384
4  2398 1859 4049 4085
4  4144 3861 4341 4378
4   485 1701 2312 3215
4  3216 1563 3441 4076
4  2402 1008 3666 4372
4   878  999 1524 3919
4  1919  859 3222 3374
4  1397  859 1919 3374
4  1524 2914 3694 3919
4  1089 2701 2772 3330
4  2240 2645 2699 4069
4  2699 2248 2741 4069
4  3373 3337 3889 3918
4  1743 1372 2353 3088
4  1620 1743 2353 3088
4  1304 1174 3126 4282
4  1786 1061 2550 3426
4  1239 1061 1483 3426
4  2772 1012 3199 3330
4  1406 1089 2772 3330
4  1547 2107 2307 3153
4  2213 2325 3227 3865
4   291  582  594 4265
4   294  291 1074 4265
4  2794 3227 3571 3698
4  3240 2721 3799 3867
4  2325  942 2923 3865
4  2794 2923 3571 3865
4   763 1762 1878 3904
4  2850 3083 3422 3724
4  1587 2375 3083 3724
4  1473  712 2005 3092
4  1473 2005 2928 3092
4   712  759 2005 3092
4  2005  759 2928 3092
4  2239 1826 3520 3722
4   449  518 1349 4066
4   515 1523 2823 3095
4  1629  515 2823 3095
4  2773 1629 2823 3095
4  1932 2773 2823 3095
4   177  178 3626 4074
4   178  177 3032 4074
4  2186 2751 3732 3991
4  1497 1366 1521 3095
4  3827 3244 3973 4074
4  2751  981 3732 3991
4  2348 1573 2751 3991
4  2858 2636 4205 4348
4  3565 2858 4205 4348
4  3307 3470 4205 4348
4  1751 1483 3532 3663
4   980 1497 1586 3095
4  2636 2627 2905 4348
4  3470 4087 4205 4348
4   317    9  640 4387
4  3680 2024 3989 4177
4   364  351  450 3751
4   350  795 1532 3751
4  1595 2830 2989 3414
4   933  314 1754 4064
4   555  288 4155 4275
4  1496 1592 2962 3798
4   213  212 3098 3413
4   457  384 4012 4275
4  1982 1021 2672 3798
4  1242 2540 3689 3780
4   457  411 3886 4275
4  2768 2241 3328 3951
4  1333 4217 4273 4366
4  1897 1128 2654 3753
4  3666  846 4071 4073
4  1479 2049 2340 3267
4  3102 1481 4100 4377
4  3592   33 3992 4301
4  3052 3134 4114 4174
4    68   69 3793 4174
4   788 1020 2150 3267
4   220 2340 3226 3267
4  3067 2683 3358 3512
4   574 1428 2697 3511
4  1668 3065 3226 3267
4  1479  788 2049 3267
4  2073 1479 2340 3267
4  1020 1668 2150 3267
4  2764 2385 2729 2101
4  2030  876 2569 4104
4   603  538 2792 4188
4   589 1617 3138 3611
4  2006 1285 2054 3192
4  3086 2645 3437 4383
4   538  411 2323 4188
4  1090  589 3138 3611
4  2248 2741 2795 3206
4  2920 2813 3579 4195
4  2941 3126 3139 3353
4  2371 1481 2359 1171
4  1481 2371 2359 3102
4  2741 1981 2795 3206
4  3186 2056 3607 3633
4  2827 3093 4031 4070
4  2397 1337 3714 4279
4  3670 3007 3703 4280
4  2161 2648 3544 3755
4  1766 2067 2599 4006
4  1957 1762 2017 3452
4  1844 1152 2698 3106
4  1461 2036 4058 4313
4  3715 3756 3789 4401
4   122 1673 4007 4212
4  1813 1613 3327 4089
4  1225 1813 1969 4089
4  1225 1044 1813 4089
4  1613 1216 3327 4089
4  1044 1216 1613 4089
4   330  459 1082 3107
4   330  370  459 3107
4   969  330 1082 3107
4   531  969 1082 3107
4   531  370 1194 3107
4   370  330 1194 3107
4   969  531 1194 3107
4   330  969 1194 3107
4  3616 3108 3618 3704
4  3053 2308 3263 3469
4  2231 3108 3473 3704
4   138  139  137 3470
4  1018  699 1536 3617
4  2950 1394 3594 3617
4  3811 2276 3882 4125
4  1739 1398 2535 3196
4  1428 1822 3148 4124
4   863 1076 2851 3109
4  2084 2491 2653 3460
4  1102 2653 3411 3460
4  2859 3134 3369 3588
4  1398 2434 2535 3196
4   862  416 1504 3363
4  1152  733 2947 4022
4  2747  175 3832 3863
4  3133 3447 3522 4219
4  2491 2403 2653 3460
4  3443 2765 3830 3935
4   321   14  391 4214
4  3432 3553 4046 4333
4  3305 2309 3324 3621
4    57 2923 3314 3571
4  1294 1930 2600 3113
4   760 1024 2646 3693
4  1024  760 1961 3693
4  1738  779 3541 3998
4   364  342 3822 3998
4   138  139 3470 3501
4   993  574 1428 3148
4   257 1933 3153 3794
4  3531 3830 3893 3903
4   884 1063 2638 3280
4   935  755 2511 3279
4  3205 3409 4063 4072
4   192 3291 3321 3388
4  1731 2598 3234 3286
4   704 1073 2081 3963
4  1533 1448 3076 3115
4  1508 1533 3076 3115
4  2855 1879 3667 3833
4  1337  857 2397 3858
4  1392  667 1423 4095
4   306  307  969 3828
4  1879  209 3656 3833
4  1271 1710 2546 3750
4   786 1419 3418 3433
4  1430  803 1548 3418
4  2316 1771 2765 3544
4  2765 1771 2796 3544
4  1540 1419 2948 3418
4  3078 3418 3492 3583
4  1837 2372 2452 3688
4   541  803 1634 3418
4  1944 1502 2757 1466
4  3078 1430 3418 3583
4  1548  541 2438 3418
4  2434 2215 2451 3436
4  1267 1372 2215 3436
4  2434 2451 2699 3436
4  1464 1709 2085 4117
4  1689 2287 2953 3161
4  2450   61 3562 3796
4   897  972 3444 4269
4  1854 3315 4079 4196
4  1341 1408 3202 3581
4  1168  839 3483 3581
4    54   53 4221 4328
4   957  679  968 3489
4   548 2564 2988 3121
4  2564  548 2970 3121
4   837  548 2988 3121
4   548  837 2970 3121
4  2869 3160 3187 3439
4   408 1121 3004 4182
4  1042 2134 2665 3294
4  2990 2532 3038 3122
4  1529 2990 3038 3122
4   315  969 3828 3838
4  1519 1337 2397 3858
4  1596 1562 3090 4041
4  1464 2085 2239 3125
4  2433  945 3216 3441
4  1110 1563 1768 3441
4  1460 1095 1736 3898
4  3726 1736 3850 3898
4   613  437 2271 4403
4   629  603 2792 3855
4    60 3228 3364 3443
4  1384 2370 2938 3217
4  1556  797 2494 3818
4    47   49   48 3140
4   645  671 1029 4225
4  2031 2040 2457 3144
4   977 1171 1481 3354
4  2652 1176 2861 4019
4   485 1152 2947 4022
4  1304 1174 2099 3126
4  1519 1400 2607 3146
4  1924 2503 3288 4284
4   445   14 2912 4369
4  2040 1578 2457 3144
4  2952 2275 3337 4284
4   328  698 4390 4409
4  1684  241 2693 3127
4   241 1685 2693 3127
4   241  240 1685 3127
4   760 2082 2626 3128
4  1665  901 2854 3929
4  1297 2553 2766 3229
4  2034 2094 2175 3444
4    75   76 3653 3837
4  1386  673 3296 3892
4  1674 2805 2816 3334
4  2361 1108 2944 3334
4  2626 2082 2822 3128
4  2031 2626 2822 3128
4   799 1150 2331 3367
4  1150  753 1539 3367
4   905 1335 3456 4108
4  2175  897 2574 3444
4   634  830  905 4108
4   342  505 1228 3822
4  1276 1432 2008 3129
4  3009  104 3537 3744
4   424  570  577 4141
4  2217  812 3242 3262
4  1073  704 1224 3841
4  1785 1958 2624 3445
4  1475 1429 1921 3130
4  1475 1921 2171 3130
4  1507 1785 2624 3445
4  2442 2855 3833 3836
4  1890  982 1984 3445
4  2723 3450 3528 4179
4  2833 1984 3132 3445
4  2686 1984 2833 3445
4  2277 1507 2624 3445
4   748 1009 3370 3448
4  1067 1484 1512 3448
4  2931 1313 3319 4307
4  1824  943 1895 3523
4   840 1943 2336 3447
4    50 3353 3969 4062
4  1009 2733 3370 3448
4   664 2104 2601 3281
4   664 1953 2104 3281
4  1798  773 3210 3448
4  1484 1067 3210 3448
4  1384  945 2689 4150
4  3353   50 3784 4062
4  1113  845 1968 3135
4  1113 1968 2160 3135
4   845  722 1968 3135
4  1968  722 2160 3135
4  1811  663 2448 3137
4   509 1811 2448 3137
4   410  463 1948 3137
4   598  509  805 3137
4   463  598  805 3137
4   410  559  365 3137
4   559  410  365  462
4   397 1948 2448 3137
4   397  559 1948 3137
4   330  663 1811 3137
4   330  598  663 3137
4   509  330 1811 3137
4   330  509  598 3137
4   805  509 1948 3137
4   463  805 1948 3137
4   365  559  462  818
4   559  397 2476 3137
4  2476  397 2709 3137
4   818  559 2476 3137
4   818 2476 2709 3137
4   365  818 2709 3137
4  2099 2556 2941 3139
4  1801 2843 3072 3717
4  1354 2493 3010 3354
4  1652 1349 2253 3917
4  1831 2370 3442 3717
4  2099 2941 3126 3139
4  1174 2099 3126 3139
4  1148 1781 2851 3725
4   478  636 2456 3142
4   478  363  636 3142
4  1521 3095 3380 3612
4  3001 1521 3380 3612
4  2505 2897 3001 3612
4  3924  385 2694  350
4  1497 1521 2003 3612
4  1420 1209 2378 3181
4  1858 1172 2133 3569
4  2021 1692 2132 3452
4  1265 1674 1828 3334
4  2245  846 2944 3334
4  1108 2361 2927 3334
4  1108 2245 2944 3334
4  1265 1828 2927 3334
4   461  846 1108 3334
4  1674 1667 2344 3334
4  1578 1575 3259 3302
4  2033 2132 2225 3452
4  2932 3609 3678 3958
4  3861 4110 4144 4341
4  2108  915 3220 3831
4  2784 2139 3318 4267
4  1209 1420 1559 3181
4  1559 1420 2378 3181
4  1337 1519 2607 3146
4  1337 1487 1519 3146
4  1487 1337 2131 3146
4  2131 1337 2607 3146
4  3268  998 3896 4206
4  3431 2670 4052 4132
4  3899 3431 4054 4132
4  2845 2020 3792 3199
4   320  374  902 3593
4  3147 1084 3278 3279
4  2056 3186 3607 3645
4   374 2559 2806 3593
4   725 2298 3046 4306
4   493  621  902 4152
4   550 2323 3041 4188
4   603  453 2436 4188
4   898  526 1383 3148
4   802  526  898 3148
4  3288 2825 4300 4306
4   802  898 1196 3148
4   725 1357 3288 4306
4  1196  898 1346 3148
4  1196 1346 3102 3148
4   802 1196 1455 3148
4  1455 1196 1822 3148
4   802 1455 1822 3148
4  1551 1261 3824 4402
4  2540 3824 4254 4402
4  2866 3877 4317 4378
4  1095  646 3478 4023
4  1418 2385 3159 3265
4  1203  690 1361 3875
4  2473 2106 3282 3578
4  3301 2031 3530 4172
4   828 1941 2292 3372
4  1749 1468 2101 3265
4  1278  702 3309 3428
4  3273 3035 3405 4084
4  1248 1691 1855 3516
4   256 2307 2935 3153
4   257  256 2935 3153
4   255  256 2663 3153
4   256  255 2307 3153
4  2307  255 2663 3153
4  1734 2307 2663 3153
4  1547 1734 2663 3153
4  1734 1547 2307 3153
4  1894 3077 3360 4186
4  2121 1273 3458 4166
4  2330 2731 3790 4258
4  3360 1894 4173 2465
4  2439 1553 2486 3789
4  1127 1056 1553 3789
4  1127 3715 3756 3789
4  1553 1186 3715 3789
4  1127 1553 3715 3789
4  1261 2877 3824 4402
4  1343 2920 3484 4195
4  2796 3064 3379 3544
4  3408 3100 3877 4083
4   733 1190 1278 4043
4   591  270  913 3723
4  1013 4037 4132 4329
4   516  633 1063 3831
4  1852  537 2828 3521
4  2740 2780 3094 4065
4  2793 2339 3063 3157
4  1500 2300 2659 4167
4  1824 1895 1940 3523
4   743  347 2315 3949
4   134 2767 3585 3860
4  3006 3584 3585 3860
4  1118 2427 4068 3329
4    90 1319 2426 3706
4  1252 1809 4304 4373
4  1092 2004 3287 3522
4   340  350 3924 4198
4  2308 3175 3469 3566
4  2426  876 3112 3706
4    90   91 1319 3706
4  2182 3665 3924 4198
4   201 3502 3809 4159
4  2948 2345 3492 4208
4  1449 2622 3953 4136
4   219  220 2340 3226
4  1381 2608 2791 3226
4  2168 1700 1911 4252
4  1014 2578 2652 4095
4  1176 1721 2260 4095
4  1176 1014 2652 4095
4   220  219 2608 3226
4  2322 2078 2502 3521
4  1805 2850 3422 3454
4  4058  767 4313 4376
4  1721 1014 2260 4095
4  2071 2119 3227 3268
4  2666  909 3232 3407
4  1709 2077 2085 4117
4   247 2616 2801 3161
4   248  247 2953 3161
4  3287 3501 3522 4158
4  2721 3098 3413 3457
4  3254 3245 4008 4261
4  2252 1689 2953 3161
4   247 2252 2953 3161
4   246  247 2801 3161
4   247  246 2252 3161
4  2252  246 2801 3161
4  2343 1805 2422 3422
4   235  233 2388 3421
4  1269 1320 2417 3461
4  3268 2985 3272 3462
4  1035 1872 3368 3746
4   236  237 2491 3463
4  1703 1238 2138 3164
4  2138 1238 2753 3164
4  1703 2138 2403 3164
4  1301 2160 3018 3692
4  2641 2138 2753 3164
4  1320 2641 2753 3164
4  2223 1320 3164 3463
4   236  238  237 3463
4  2907  487 3011 3464
4  2403 2138 3163 3164
4  2371 2359 3102 3575
4  3011  487 3166 3464
4  1281 1035 3166 3464
4  1035 2396 2907 3464
4  2396  789  614 3464
4  2471  201 3502 3575
4  2169  100 2811 3167
4   100 2169 2431 3167
4  2189  128 2745 3711
4   100 2453 2811 3167
4   100 1949 2453 3167
4  1949  100 2431 3167
4  1949 1077 2681 3167
4  1077 1949 2431 3167
4  1986 1098 2232 3574
4  2508 1490 3349 3466
4  1201 2136 2419 4160
4  2939 3851 3932 4103
4   168  167 3145 4161
4  3712 3250 3747 4236
4  1525 2802 3359 4160
4  2359 2471 3102 3467
4   974  884 2217 3176
4   529  642  884 3176
4  1400 2607 3180 3800
4    84   85 3241 3471
4  2679 2787 2950 3537
4  1285 2964 3233 3537
4   389  592  600 3342
4  2372 1837 2919 3688
4   380  448  710 3342
4   242  241 2693 3170
4   241  242 1684 3170
4   921 1575 2630 3302
4   731 1923 3447 3563
4   983 1878 1983 3904
4  1575 1578 1608 3302
4  2094  897 2175 3444
4  2254 2100 2334 3172
4  2100 2175 2334 3172
4  2100 1998 2175 3172
4  2175 2034 2334 3172
4  2334 2034 2587 3172
4  1998 1916 2924 3172
4  1173 1998 2924 3172
4  2155 1916 3029 3172
4  1916 2155 2924 3172
4  3029 1173 3030 3172
4  2155 3029 3030 3172
4  1058 2155 3030 3172
4  2155 1058 2924 3172
4  1173 1058 3030 3172
4  1058 1173 2924 3172
4   320  399  563 3174
4   691  343  756 3174
4   320  691  756 3174
4  1839 1836 2617 4125
4  1670 1606 3490 4247
4  1568  925 3173 4247
4   563  343  691 3174
4   320  563  691 3174
4  2506 3811 3882 4125
4  2506  196 3811 4125
4  1445 1329 1598 4126
4  1836  196 2487 4125
4   196 1836 3811 4125
4  3314 2295 3758 4247
4  2983 3314 3758 4247
4  3173 1670 3490 4247
4  2314 2185 2642 3245
4   386  641 2358 4018
4   413  384 3303 4275
4   529  884 2126 3176
4  1557  529 2126 3176
4  2223  238 3691 3782
4  2303 2509 3134 4114
4  2305 2040 3366 3796
4  3407 2192 3453 3471
4   545  794 1270 4385
4  1469 2704 2737 3218
4  2747 3070 3320 4093
4   592  957  968 3342
4   508  692  817 3342
4   592  817  957 3342
4  1285 2679 2964 3537
4  3009 1285 3233 3537
4  2022 3156 3416 3761
4   192  191 3291 3500
4   812  909 2887 3242
4  1191 1751 1963 3663
4   592  968 3331 3342
4   389  600 3331 3342
4  2796 1751 3532 3663
4  3156 2829 3232 3241
4  2570 2267 2755 3182
4  2267 2522 2755 3182
4  1032 1571 1647 3295
4  2248 2699 3437 3556
4  2522 2089 2755 3182
4  2755 2089 2910 3182
4  1801 2216 2606 3717
4   105 2675 3338 3536
4   977 1346 2359 3183
4  4161 3602 4172 4335
4  2359 1346 2471 3183
4  2251 2317 2548 3536
4  2994  165 3490 3539
4  1901 2600 3713 4249
4   898  977 2379 3183
4   977  898 1346 3183
4  1346  898 2379 3183
4  1329  659 1598 3786
4  2647 2508 2727 4217
4  1346 1196 2471 3183
4  1196 1346 2379 3183
4   891  517 3987 4163
4  1256 1329 1598 3786
4  1897 2478 2654 3883
4  1700 1161 3825 4252
4   750 1911 3825 4252
4  2478 1897 3605 3883
4  1128  934 1897 3883
4  1811 1698 2448 3955
4   361  337  428 3955
4   776  428 1664 3955
4  2328 1423 4095 4135
4  2328 3921 4121 4135
4   776  397 2448 3955
4   498  428  520 3955
4  1748 1907 2143 3186
4   440  815 2697 4246
4   197 3686 3820 3834
4   396  343 3174 4246
4   815  574 2697 4246
4   630  777 2543 3433
4   630  786  851 3433
4   597 1002 1419 3433
4  2527 1306 2578 3189
4  1042 1862 2527 3189
4  2266 1042 2527 3189
4  2895 2972 3003 4021
4  2527 1306 1862 1367
4  1306 2527 1862 3189
4   596 2530 1727 1039
4   864 2269 3947 4039
4  2714 1658 3532 4021
4  1469 1647 2704 4136
4   886 1014 2578 3189
4  1014  886 2383 3189
4  2455  114 2786 3909
4  2588 2591 2969 3191
4  2591 2588 2763 3191
4  2591 2763 3149 3191
4  2969 2591 3149 3191
4   194  195 2506 3235
4  2378 2517 2584 3235
4  3330 1309 3578 4099
4  2504 2387 3194 3476
4  1904  496 2396 3193
4   746 1387 2396 3193
4   746  596 1387 3193
4   471  496 1904 3193
4   496  471  596 3193
4   496  596  746 3193
4   496  746 2396 3193
4  1387  596 2530 3193
4  1727 1796 2530 3193
4  1727  596 1943 3193
4  1796 1727 1943 3193
4   596 2530 3193 1727
4   596 1387 2530 1039
4  2700 3197 3198 3479
4  1519 1400 3146 3195
4  1268 1519 2531 3195
4  1519 1268 1857 3195
4  1857 1268 2531 3195
4  3146 1400 3180 3195
4   518  389  540 4066
4   518  859 1534 4066
4  1487 1519 3146 3195
4  1519 1487 2531 3195
4  2620 2635 3197 3479
4  1837 2708 2840 3363
4  2635 2441 3197 3479
4  1837 1504 2708 3363
4   862 1504 1837 3363
4  2531 1487 2919 3195
4  2919 1487 3146 3195
4  2159 2143 3122 3438
4  1672 1425 2788 4224
4  2618 1737 4229 4353
4  1298 1980 2441 3197
4  2441 1980 2620 3197
4  1138 1602 2263 3197
4  1311 1298 2441 3197
4  1602 1311 2441 3197
4  1602 1138 1636 3197
4  1138 1298 1636 3197
4  1311 1602 2191 3197
4  1602 1636 2191 3197
4  1298 1311 1636 3197
4  1636 1311 2191 3197
4  3644 1319 4104 4137
4  3052 2622 3134 3793
4  1945 2656 2701 3282
4  1356 2106 2701 3282
4  2872 2443 3274 3729
4  2656 2459 2701 3282
4    68 2622 3615 3793
4  1356 1381 2106 3282
4   935 1291 1635 3368
4  1150 1549 2389 3344
4  1549 2200 2937 3344
4   839 1168 1408 3581
4  1411 1341 3120 3581
4   196  194 2506 3811
4   839  892 3581 1408
4  1341 1411 2474 3581
4  2542 1435 2654 3580
4  1408 1341 2474 3581
4  3120 1341 3485 3581
4  1129  827 2986 3631
4   968  679 1393 3489
4   211  209 3651 3739
4  3109 1686 3179 3587
4  1046  957 1133 3489
4   885 1393 3410 3489
4  3486 3485 3487 3488
4  1027  627 3666 4013
4  2500 1751 2626 3529
4   520 1046 1133 3489
4  1855 1248 3516 3900
4  3802 2939 3851 3932
4  2206 2295 3097 3490
4  3763 3428 4026 4248
4  2802 1414 3188 3552
4  1250  885 1939 3410
4   165 2237 2994 3490
4  2262 2386 2791 3540
4   885 1193 1954 3410
4  1193  885 1393 3410
4   813 1193 1393 3410
4   813 1134 1792 3410
4  1193  813 1792 3410
4  1186 3715 3789 4401
4  2068 1670 3042 3490
4  1134 1250 1849 3410
4  2791 2386 3017 3540
4  1338 2300 2706 3353
4  1894 3360 4173 4186
4   135  134 2979 3586
4  1582 1807 3419 3491
4   956 1004 2966 4380
4  1935  959 2103 3420
4  2785 1686 3459 3587
4  1634  803 3582 3583
4  1540 3078 3418 3492
4  3208 2052 3492 3583
4  2979 1797 3582 3583
4  3078 2052 3208 3583
4  1273 3085 3458 3496
4   695  954 2618 3210
4  2618  954 2909 3210
4  3610 3409 4072 4078
4   784 2909 2294 3210
4   695 2294 2909 3210
4  1930 1294 4222 4307
4  1016  575 1742 3656
4  1041 1599 3367 4146
4  1484 1067 1798 3210
4  1261 2877 3801 3824
4   547  784 1798 3210
4   547  622  784 3210
4   622  547  773 3210
4   773  547 1798 3210
4  3290   34 3297 3475
4  1319 3277 3936 3944
4  2140 2600 2691 3211
4   962 1260 2140 3211
4  2140 1260 2600 3211
4  2600 2596 3113 3211
4  2691 2600 3113 3211
4   621  376  902 4152
4    20   22   21 4042
4   715  828 2292 4306
4  3061  152 3188 4121
4  2297 2299 3157 4128
4    22   20 3014 4042
4   400  392  902 4152
4  2502 2275 3521 4128
4  2299 2275 3157 4128
4  1615  712 2005 3984
4  3200 2473 3482 4099
4   274 1777 3949 3984
4  1309 2845 3578 4099
4  3200 2788 3775 4099
4  1619 2538 3311 4325
4  2540 3780 4077 4254
4  1160 1626 3404 3577
4  2676 3053 3263 3469
4  1017  679 2349 3766
4  2538 3260 3311 4325
4   611 1262 1860 4051
4  3125 2829 3156 3241
4    83   84   85 3241
4   812 2887 3016 3242
4  3242 2217 3262 3503
4   610  382 1892 4163
4  2683 2887 3416 3504
4    61   59   60 3443
4  2822 3228 3366 3443
4  1095  923 3891 3898
4  1384 2370 3217 3442
4  1563 1384 3441 3442
4  2509 2704 3052 3218
4   575 1947 2324 4059
4    92   93 3165 3639
4  2509 2303 3179 3218
4  1456 2107 3153 3794
4  3654 2190 3669 3807
4  1694 1803 2056 4131
4  1913 2190 3654 3807
4   978 2164 2304 3807
4  4046 2861 4298 4375
4  1913 1048 2224 3807
4  2509 1571 2704 3218
4  2704 1571 2737 3218
4  1571 2509 3179 3218
4  1406 2773 3001 3380
4  2822 2031 3128 3366
4  2303 1677 3179 3218
4  1677 2303 2737 3218
4   776  451 1994 3966
4  1048 1913 2164 3807
4   875 1656 2911 3219
4   394  875 2911 3219
4  1222 1510 2318 3220
4  2345 1540 2948 3492
4  1807 1582 2807 3220
4  2236 1822 4078 4124
4  3397 2248 3556 4069
4  2098 2026 2739 3952
4  2098 2739 3559 3952
4  2862 2204 3270 3605
4  2471 3102 3467 3575
4  1041 1710 3096 3591
4  1974 2330 3790 4258
4  2057 1653 2832 4258
4  1588 2962 3457 4043
4  1345 2644 3099 4185
4   453  485 2947 4188
4    97 2879 2943 4165
4   162 2862 3270 3605
4   201 2471 3467 3575
4  3123 2433 3124 3561
4   201  200 3430 3575
4   488  316  528 4098
4  1333 3640 4218 4396
4  2676 2627 3388 4370
4  3133 2627 4230 4370
4  1178 1355 2111 4327
4   261    9  317 4387
4  3573  184 4199 4204
4  1951 1802 2636 4205
4   576  499 1697 4200
4  2735  934 3883 4320
4  4077 4047 4199 4204
4  3710 3573 4047 4204
4   182 4077 4199 4204
4  4289 3446 4318 4370
4  3446 3133 4318 4370
4  3469 4286 4289 4370
4  2208 1562 3090 3224
4   872 2208 3090 3224
4  1604 2055 2563 3224
4   955 1604 2563 3224
4  1604  955 2055 3224
4  2055  872 3090 3224
4  1562 2055 3090 3224
4  1221 1766 2744 3800
4   608  844  863 3269
4  1707 1637 2228 3942
4   677  655  967 3269
4  1521 2725 3001 3380
4  2213 2325 2794 3227
4   789  487 1655 3572
4  2004 3440 3560 4197
4  2336 1778 3447 4197
4  3826 3647 4212 4400
4  2639 2683 3305 3621
4   777 1715 3324 3621
4  1297  828 2553 3229
4  2544 1297 2766 3229
4   782 4036 4102 4113
4  1294 1742 2931 4307
4   415 1738 3541 3998
4  2325 2384 2923 3289
4    76 3653 3837 4142
4  2419 2136 4200 4333
4  2727 2647 3346 4142
4  2800   76 3837 4142
4   782  583 4036 4113
4   868  900 1841 4113
4  1984 2833 2857 3289
4   966 3626 4003 4316
4   257  258 2632 3230
4  2008  257 2632 3230
4  1224 2674 2724 4102
4  1376  988 1439 4191
4   610 2088 3987 4163
4  2905 2597 3175 3231
4  2676 2905 3175 3231
4  1288  861 1774 4130
4  2597 2905 3067 3231
4  3291 3067 3388 3500
4  2341 1696 3384 4115
4  2555 2666 2829 3232
4  2275 2322 2502 3521
4  1285 2006 2873 3233
4  3338  106 3535 3538
4  2006 1285 3192 3233
4   130 2978 3256 3711
4   808 1268 2393 4075
4  2705 1987 3667 3840
4  1796 2938 3296 3856
4  1384 1831 1883 3856
4   840 1778 1960 3856
4   334  494 2942 4143
4   354  555 2210 3920
4  1578 3144 3333 3450
4  2981 3255 3820 3985
4  1166 1226 2134 3347
4  1555 1277 2827 3891
4  2846 3570 3894 4309
4  2121 3894 4166 4309
4  1720 1713 1879 3656
4  2122   99 2567 3347
4  1442 1166 2522 3347
4  2481 1442 2522 3347
4    89   90 1319 3944
4  1333 3689 3709 3824
4  2964 2155 3192 3233
4  1285 2964 3192 3233
4  2155 3140 3192 3233
4  1577 1673 2076 4212
4  1066 1357 3403 3972
4  2019 1788 2682 3378
4   667 2382 4059 4251
4   735 1587 2662 3930
4  1205 2115 3397 4171
4    44 2268 2673 3238
4    44 2205 2268 3238
4  1227 2205 2351 3238
4  1176 2351 2673 3238
4  2351 1176 2383 3238
4  1227 2351 2383 3238
4   597  630 2543 3433
4  1606 2983 3620 4360
4  1023  716 3259 3935
4  3570 2554 3894 4166
4  2205   44 2351 3238
4  2351   44 2673 3238
4    44   46 2537 3310
4    45 2070 2430 3310
4  2430 2070 2743 3310
4  1055 2417 4397 4408
4   192  193  191 3500
4  2724  782 4036 4102
4   812 1817 2666 3242
4   909  812 2666 3242
4  2014 2658 2921 4361
4  2721 1795 3341 3867
4  2775 2752 2848 3806
4  2597 3231 3242 3262
4  1946 3071 3620 4360
4  3868  222 4272 4361
4   335  887 1100 3736
4   824  357  973 3736
4  2286  541 3220 3831
4    61 3443 3562 3796
4   452  973 1514 3736
4   191 3321 4009 4274
4  1169 1608 3064 3755
4  2129 1123 2255 4032
4   469  887 1514 3736
4  3033 3120 3581 3738
4  1087 2035 3483 3738
4  3015  471 3332 3906
4  1761 2356 3247 3248
4   894  917 1051 3249
4  1326  917 1439 3249
4  1439  917 1485 3249
4   894 1165 1403 3249
4  1439 1485 2449 3249
4  1326 1439 2449 3249
4   657 1485 2614 3249
4  1485  657 2449 3249
4  2449  657 2610 3249
4  2610  657 2614 3249
4   917  894 1403 3249
4   917 1403 1485 3249
4  1331 3502 4162 4374
4   487 1252 1655 4304
4  1745 1830 2157 3734
4   487  922 1031 3251
4  3958 1229 4244 4299
4  2011 1162 2987 4353
4  1859 1755 2398 3734
4  1212  922 2734 3251
4  1745 2157 2398 3734
4   826 1599 4055 4146
4  1830 1745 2398 3734
4  1212 1263 2870 3251
4   922 1212 2870 3251
4  1010 1080 2392 3252
4   584 1010 2392 3252
4   810 1169 2630 3253
4   810  676 1169 3253
4   724  676 2208 3253
4  1189 1080 2956 3253
4  1080 1189 2392 3253
4   334  337 2942 4192
4   475  334 2942 4192
4   676  810 2208 3253
4  2208  810 2630 3253
4   724 2208 2630 3253
4  1575  724 2630 3253
4  2066  587 3423 3858
4  3697 3371 3760 3938
4  2696 3152 3435 3938
4  1815 3985 2981 1910
4   603  845 2445 3655
4  1459 2378 2520 3882
4   371  325 2912 3870
4   708  603  897 3655
4  1087  581 3483 3509
4   337  498  520 3955
4  2000  787 3937 3985
4  3207 2237 3540 3687
4   634  905 3766 4108
4   209  210 2855 3821
4  1702 1806 2144 4331
4  2297 2275 2952 4284
4  2164  978 2304 3509
4   708  849 3233 3345
4  1710 2059 2546 3256
4  1710 2546 2978 3256
4  2424 1989 2745 3256
4   130 2424 2745 3256
4   849 2548 3233 3345
4  1058  708 3233 3345
4  2155 1058 3233 3345
4  2737  806 3638 4321
4  4114 3218 4305 4321
4  3806 2303 4114 4321
4   524 2303 2991 4321
4  2303 3218 4114 4321
4   982  682 2857 3258
4   768  982 2857 3258
4   768 2857 3132 3258
4  2857 1450 3132 3258
4  1202 1004 3363 3628
4  2130  757 3155 3621
4  1722 3155 2130 2022
4  1450  768 3132 3258
4   768 1450 2392 3258
4   358  354 2694 3303
4   351  395 2694 3303
4   585  809 1137 3303
4   585  384  809 3303
4  2093 1157 2512 3260
4  2093 2512 2650 3260
4  1157 1814 2512 3260
4  2512 1814 2650 3260
4  1833 2093 2413 3260
4  2488 2093 2650 3260
4  2619 2488 2650 3260
4  2413 2093 2488 3260
4  2413 2488 2619 3260
4   962 1207 1906 3261
4    20   21 3767 3934
4  1337 1221 1460 4279
4  2659 1690 3104 3899
4   802 1097 3148 4124
4  1205 2001 2719 4171
4  1929 1749 3265 3427
4  1728   80 2446 3427
4   942 1946 3635 3865
4  2212 2468 3990 3994
4  1786 2278 2930 3264
4  1749 1728 3265 3427
4    80   81 2462 3427
4  1455 1196 2038 3603
4  1728 2446 2462 3427
4  3712 3014 4119 4236
4    80 1728 2343 3427
4  1714 1718 3131 3782
4   340  350 1532 3924
4  2326 2270 3058 3394
4  2733 1942 3085 4084
4   549  778 3080 3266
4   778  549 1894 3266
4  1894  549 3080 3266
4    68 3615 4151 4174
4  3615   68 3793 4174
4  2058 1199 3725 3862
4  2058 3283 3720 3862
4   720  819 1676 3267
4   819  720 1479 3267
4  1676  788 1810 3267
4   720 1676 1810 3267
4   788  720 1810 3267
4  1198 1668 2566 3267
4  1668 1198 2150 3267
4  1198 2049 3267 2566
4    50   52 2657 3676
4    50 2706 3353 3676
4  1192 1007 2358 3785
4  2578 2652 3921 4019
4  2557 2284 3442 3897
4   920 2362 2985 3268
4   690  821 1416 3875
4   920  992 2841 3268
4  2229 1436 4047 4077
4  1436 2540 3461 4077
4  2284  945 3442 3897
4  2841  992 3073 3268
4   821 1612 1919 3875
4  2191 1603 2818 3591
4  1368  821 1426 3875
4  1361  690 1416 3875
4  2643 3059 3395 3945
4  2513  571 3395 3945
4   571 2513 2580 3945
4  1637 2083 2922 3942
4  2580 1185 2968 3945
4  2083   79 2922 3942
4  3097 2841 3268 3272
4  2985 3097 3268 3272
4  1364 2051 3065 3406
4  2695 2669 2846 3730
4  1701 2312 1030  485
4  1701 2317 2655 3982
4  2832 1757 2872 3274
4  2443 2832 2872 3274
4  1030 1701 2655 3982
4  1289 1610 1982 3982
4  1520 1760 2214 3274
4  2214 1760 2261 3274
4  1760 2097 2261 3274
4  1760 1520 2097 3274
4  1481  767 2078 4313
4  1030 1021 2312 3982
4   227 2330 2736 3274
4  2312 1701 1030 3982
4  1021 1289 1982 3982
4  1781 2469 2851 3730
4  2330  227 2731 3274
4  1757 2330 2731 3274
4  2469 2497 3601 3730
4  1148 2469 3601 3730
4  1034  683 2697 3276
4   953  440  985 3276
4   953  985 2891 3276
4  1726 2196 2891 3772
4   183 4204 4326 4381
4  2180  199 3820 3852
4  4172 4157 4335 4382
4  3014 1702 4294 4331
4  1537 1311 2301 3914
4  1160 1537 3404 3914
4  1026 1500 1625 4147
4   773 1798 2733 3448
4  2671 3147 3277 3278
4  2671 1477 3147 3278
4  2421 1690 3899 4132
4  1209 1420 2391 3702
4  1063  884 2217 3280
4   884  974 2217 3280
4  3222 1397 3236 3374
4  1618 1544 3404 3914
4  1084 1319 3277 3278
4  1402  787 2625 3937
4  3759 1625 4062 4147
4  4237 1885 4281 4325
4   731  593 1923 4014
4  2613 1880 3101 3279
4  3101 1880 3114 3279
4  2613 3101 3114 3279
4   476  325 1317 4369
4  1026 1389 1774 3650
4  1389 1026 2474 3650
4  1883 2433 3124 3441
4  1578 1608 3302 3562
4  2275 2297 2996 3288
4  1937 1692 1996 3568
4   731  840 3280 3447
4   974  884 2433 3280
4  2433  884 2638 3280
4  2433 2638 2689 3280
4  1178 2026 2582 4011
4  3128 3302 3531 3562
4  1067 1512 2733 3448
4   731 1923 1943 3447
4  2893 3006 3585 3860
4  1330 1590 2687 3567
4  3099 3077 4185 4341
4  1191 3300 3529 4015
4  1933  258 2247 3794
4   630  569  851 3661
4   554  630 2668 3661
4   258  257 3153 3794
4  1456 1933 2247 3794
4  2068 1206 3392 3540
4  2616  245 2801 3284
4  2221 2616 2801 3284
4  2386 1111 3017 3540
4   401  433  513 3541
4  1673 2193 2940 4007
4  2598 2964 3234 3286
4  2141 2598 3029 3286
4  3029 2598 3190 3286
4  2528   48 3192 3286
4  3192   48 3234 3286
4    47 3029 3190 3286
4  2964 2054 3192 3286
4  2054 2528 3192 3286
4  2964 3192 3234 3286
4    47 2141 2916 3286
4  2916 2141 3029 3286
4    47 2916 3029 3286
4   573  716 1483 3663
4  2819 3650 3759 4250
4  2040 1578 3128 3562
4   704 1183 3963 4113
4  1695  725 1924 3288
4   725 1357 1924 3288
4   414  638  932 4285
4  1924 2503 2996 3288
4  1695 1924 2996 3288
4  1892 2088 4163 4285
4  1631 2628 3604 4164
4  1141  878 2853 3919
4  1183 1440 3963 4113
4  2727 2800 3524 4142
4  1224  704 2081 4113
4   566  932 1462 4285
4   472  512 1892 4285
4  1690 1152 4132 4329
4   900  782 1841 4113
4   315  793  969 3838
4  2727 1490 3293 3524
4  1940 1623 2021 3292
4   123 1940 2021 3292
4   369  364 1086 3376
4  1086  364 1738 3376
4   875  369 2294 3376
4   875 2294 2911 3376
4   622  369 1086 3376
4  2909  784 2911 3376
4   364  369  875 3376
4   287  413 3518 3527
4   125 2995 3178 3525
4  2249 1225 2267 3294
4  2249 2267 3182 3294
4  1106 1225 2249 3294
4  2880 2249 3182 3294
4  1106 1044 1225 3294
4  1044  665 1379 3294
4  1379  665 2665 3294
4  2665 1106 2880 3294
4  1106 2249 2880 3294
4   665 1106 2665 3294
4   665 1044 1106 3294
4  1009 1032 1647 3295
4  1009  773 1032 3295
4  1459 2367 2517 3954
4  1364 2073 2106 3406
4  2613 3278 3936 4137
4  2460 3764 3950 4137
4  2051 1668 3065 3406
4  1356 1381 1668 3406
4  1459 1321 2367 3954
4  2378 2517 3235 3954
4  1668 1381 3226 3406
4   104 3535 3537 3589
4  3338  105 3536 3589
4  2486 1056 3225 4194
4  2960  513 2986 4412
4  1634  762 2980 4227
4  4110 2256 4207 4344
4  1743 1372 3088 3595
4  1075  873 2202 3595
4  1037 1603 1636 3591
4  2240 2699 3514 4069
4  2845 1309 3199 3792
4  2071 2923 3066 4016
4  2458 3145 3301 3530
4   787  790 2625 3937
4  2458 2457 3145 3530
4   686  644 2856 3300
4  1963  686 2856 3300
4  1179 1248 2856 3300
4   644 1179 2856 3300
4  1963  423 2936 3300
4   423  644 2936 3300
4  2737  983 3638 3904
4   915  642 2286 3831
4  1983  806 3638 3904
4  1770 1040 3184 4134
4   686 1963 2936 3300
4   644  686 2936 3300
4    25 3394 3923 4287
4  1978 1518 2729 3598
4  1978  190 2483 3598
4  1575 1608 2630 3302
4  1771 2316 2765 3532
4  1493 1412 2649 3664
4   460  466 2694 3303
4   466  460 2418 3303
4   809  466 2418 3303
4   351  413  742 3303
4   395  351  742 3303
4   358  809 1126 3303
4   354  358 1126 3303
4   413  354  555 3303
4  1870 1885 3070 4276
4   466  358 2694 3303
4   358  466  809 3303
4  2399 3863 3888 4276
4  2264  913 3723 3887
4  2590 2575 2763 3304
4  2102 2590 2763 3304
4  2423 2102 2592 3304
4  2592 2102 2763 3304
4  1384 2689 3856 4150
4  1384 1883 2433 4150
4   840 1778 3856 4150
4  1883 1384 3856 4150
4  2167 1771 2895 3325
4  1177 2992 3842 3927
4  1680 1102 2084 3460
4   897 2574 3444 4107
4   325  918 1317 4369
4  2785 1686 3043 3326
4  2305 2450 3562 3796
4  2828 2573 3337 3521
4  3287 1092 3522 4340
4  3232 3407 3453 3471
4  3441 1883 3854 3895
4  2519 2997 3178 3555
4  3124 1883 3441 3895
4  2119 3268 3675 3896
4  1298  772 3357  547
4   941 1722 1964 3358
4   941 1964 2666 3358
4  1189 1691 2086 3632
4  2983 1606 3635 4247
4    37 2209 2437 3548
4   586  941 1817 3358
4  1298 1980 3197 3308
4  1896   30 3854 3895
4  3854 1883 3856 3895
4  2256 3225 4194 4207
4  2905 2597 3067 3358
4   941  586 2720 3358
4  2620 2945 3197 3308
4  1980 2620 3197 3308
4  2620 1980 2945 3308
4  2887 2192 3416 3504
4   900  366 2406 4394
4   875  900 4141 4394
4   366  549 2406 4394
4   782 1619 2538 3311
4   782 2538 2724 3311
4  2724 2538 3260 3311
4  1157 2724 3260 3311
4   553 1157 3260 3311
4  1157  553 2724 3311
4  2955   55 4002 4238
4   183 3710 3727 4326
4  2466 2474 3650 4282
4  3602 4172 4335 4382
4  3695 2877 3727 4326
4    55 2526 4002 4238
4   820  805 2569 4303
4  2111  853 2582 4327
4  1048 2164 3509 3881
4  3428 3763 4043 4248
4  1902 1780 2213 3315
4  1248 3516 3900 3910
4  1092 2004 3522 4197
4  1044 1225 3294 4080
4   461  846 2816 4071
4  1857 1519 3195 3977
4  2014 1842 2658 4361
4  1902 2213 3071 3315
4  1946 1902 3071 3315
4  1024 2856 3900 3910
4  2461  149 2529 3977
4  1961 2626 2856 3910
4  1164  545 3608 3886
4   682  942 3258 3627
4   946  682 3258 3627
4  1841  987 2538 3317
4  2615 2619 2650 3317
4  2615 1820 2619 3317
4  2615 2650 3044 3317
4  1043 1632 1841 3317
4  1632 1043 1820 3317
4  1502 3434 3554 4392
4  1306 1367 2578 4135
4   471  596  791 3813
4  2139 1494 2784 3318
4  3309 1844 3763 4026
4  1850 1763 2070 3319
4  1850 2070 2743 3319
4   601  457 2323 3886
4  1763 1721 2324 3319
4  1721 1763 1850 3319
4  1845 1763 2931 3319
4  1763 1845 2430 3319
4  2430 1845 2931 3319
4  2070 2430 2743 3319
4  2070 1763 2430 3319
4  2892 1713 3656 4308
4  1742 2042 4307 4308
4  1506 1462 3438 4223
4  1016 1294 2931 3319
4  2324 1016 2931 3319
4  1157  553 4153 4223
4   426 1126 1164 3886
4  1462  553 3842 4223
4  1157 2660 2992 4223
4  2666 1817 3358 3512
4  2159 3122 3186 3701
4  1238 1373 2123 3322
4  1603 1373 2269 3322
4  1373 1603 2123 3322
4  2123 1603 2269 3322
4  2189 1266 2753 3322
4  1266 2189 2269 3322
4  1115 1238 2417 3322
4  1238 1115 1373 3322
4  3333  169 3791 4157
4  1238 2090 2753 3322
4  2090 1238 2123 3322
4  2090 2123 3028 3322
4  2189 2090 3028 3322
4  2090 2189 2753 3322
4  1769 2102 2280 3323
4   226  225 3141 3371
4  1872 2847 3047 3323
4   840 2689 3561 4150
4  2433 1883 3124 4150
4  2689  840 3856 4150
4   515  441 1164 4320
4  3323 2592  140 2423
4  2102 2423 2592 3323
4  2280 2102 2592 3323
4  3122 3633 3701 4231
4  1923 2627 3133 3324
4   706  602 2852 4277
4  2765 2450 3830 3903
4  3504 3499 3512 4009
4  2933 2498 3877 4371
4   180  181  179 4065
4  1918  435 2311 3622
4   181 2635 3094 4065
4  3077 4185 4341 4371
4  3163 1714 3411 3460
4  2859 3035 3273 3588
4  3035 2116 3399 3588
4  2859 2116 3035 3588
4  2782 1602 3685 4039
4  2818 2782 3685 4039
4   319  487 3733 4090
4   319  495 1904 4090
4   864  769 2269 4039
4  2269  769 2798 4039
4  1520 1462 1528 4118
4  1981 2024 3206 3329
4  1451 1061 1786 3426
4  2741 1981 3206 3329
4  2451 2741 3206 3329
4  2699 2741 3514 4069
4  2699 2645 3556 4069
4   133 2451 3206 3329
4  2024  133 3206 3329
4  2545 2516 2813 3579
4  2131 1487 3146 4029
4  2213 2325 3315 4196
4  2897 1521 3199 3330
4  1309 2897 3199 3330
4  2184 1192 2377 3331
4  2377 1192 2778 3331
4  1193 1954 2184 3331
4  2206 2994 3042 3490
4  1393 1193 2778 3331
4  1193 2377 2778 3331
4  1193 2184 2377 3331
4  1193  885 1954 3331
4   885 1193 1393 3331
4   471  496 3015 3332
4  2119 2213 3268 4206
4   292 3142 3223 4214
4  1780 1804 2091 4206
4   461 1004 1828 3334
4  1004  461 1108 3334
4  1674 2344 2524 3334
4  2524 2344 2805 3334
4  1674 2524 2805 3334
4  2805 2344 2944 3334
4   929 2805 2944 3334
4  2361 1667 2927 3334
4  2344 1667 2361 3334
4  2344 2361 2944 3334
4   767 1503 2178 3335
4  2178 1493 2710 3335
4  1940 1623 3292 3523
4   638  472 1892 4285
4   891  932 4163 4285
4   393  455 1207 3356
4  2750 2262 2791 3540
4   106  105 2675 3338
4   710  333  817 3342
4  1934 3634 3752 4244
4  2317 2251 3177 3536
4  1267 1372 1489 3595
4  1361 1416 1687 3875
4  1837 2840 2919 3688
4  2317 1909 2548 3536
4  1221 1337 1460 3800
4  1337 1221 2744 3800
4  1645 1565 1743 3595
4  2964 2908 3345 3537
4  1795 1588 2721 3341
4   187 1489 1565 3595
4  2950 2787 3340 3341
4  2532 1808 2875 3637
4  2675  105 2899 3536
4  3047 2423 3323 4149
4  2679 2690 3534 3538
4   106 2899 3009 3538
4  1124  623 2950 3340
4  2679 1124 2950 3340
4  2950 2908 2964 3537
4   623 1124 2971 3340
4   398  534 1536 3340
4   534  398  869 3340
4   404  398 1536 3340
4   398  404  623 3340
4  3340  404 2950 1536
4  2251 2908 2950 3537
4  1337 2131 2607 3800
4  2304 2742 3807 4045
4  3203 3023 3237 3590
4  3009 2873 3355 3538
4  3180 2607 3185 3800
4  2131 1337 2744 3800
4   817  333  957 3342
4   333  474  957 3342
4   348  508 1956 3342
4   508  348  692 3342
4   710  448 1877 3342
4   474  710 1877 3342
4   448  474 1877 3342
4   448  389 1192 3342
4  1192  389 3331 3342
4   448 1192 3331 3342
4   355 1144 1334 3391
4   585  946 1334 3391
4  2712 1719 2847 3368
4  1897 3605 3636 3753
4  1635 1291 3323 3368
4   849 2317 2548 3345
4   106 3009 3355 3538
4  2690 2679 2873 3538
4  1394 2251 2317 3345
4  2317 2251 2548 3345
4  2251 1394 2908 3345
4   106 3355 3535 3538
4  2567   99 2811 3347
4  1166  995 1938 3347
4   995 1166 1442 3347
4   995 1442 2501 3347
4  1938  995 2501 3347
4    16  880 1665 3748
4  1922 3439 3455 3559
4  1409 1333 3709 4396
4  2670 3431 4052 4312
4   767  672 2078 4376
4  1304 2726 2742 4130
4  1889 2511 2963 3746
4   702 2690 3339 3534
4  2313 2994 3097 3539
4  1098 2310 3573 3574
4  2645 2374 3436 4383
4   875  742  900 4332
4  2189 2745 2937 3711
4  1860  915 3966 4051
4  2616 1422 2812 3351
4   245 2243 2539 3351
4  1861 2243 2812 3351
4  1422 1861 2812 3351
4  1861 1422 2539 3351
4  2243 1861 2539 3351
4  2221 2616 3284 3351
4  2616  245 3284 3351
4   245 2616 2812 3351
4  2812  245 2243  246
4   245 2812 2243 3351
4  1401 1422 2616 3351
4  1422 1401 2221 3351
4  2221 1401 2616 3351
4   433  401  779 3541
4   511  703 1868 3541
4  2782 2818 3685 3999
4   703  511 1679 3541
4  2420 2519 3295 3555
4  3188 3921 3968 4019
4  1472 1223 2878  606
4  3108 2231 3473 3677
4  1013 2941 3139 3353
4  1013 2706 2941 3353
4  1663  700 3723 3970
4   696  388 1175 3970
4   696 1663 2264 3970
4  1534 1349 1652 3917
4  1563 1831 3442 3717
4  2447 3476 3498 3717
4  3349 3168 1490 2508
4  1923  791 1943 4219
4  3476 1650 3498 3717
4  2447 1801 2606 3717
4  1415 1652 1683 3917
4  2156 1053 2766 3937
4  1333 3348 3709 4218
4  2189 2477 3700 3711
4  1650 1434 3442 3717
4  2216 1650 3476 3717
4  2447 2606 3476 3717
4  2140 1970 2327 4189
4   368  843 2436 3356
4   268  368 2436 3356
4   368  268  843 3356
4   268  643  843 3356
4   843  643 1207 3356
4   772  773 1032 3357
4  2442 2906 3821 4107
4  1032 2420 3357 3542
4  1076 1036 1773 3542
4  1036  740 1231 3542
4   772 1032 2420 3357
4  2420  883 3496 3555
4  1231  547 1298 3357
4  3821 1711 3849 4107
4  3266 3100 3861 4083
4  2442 1987 2906 4107
4  1987 2442 3130 4107
4  2623 1586 3239 4328
4  2104 1472 3902 4345
4  2918 3516 3602 3632
4  1586 2623 2955 4328
4  2955 2623 3239 4328
4   191  193 3321 4274
4  1964 1722 2022 3358
4  2291 2648 3064 3544
4  2570 2755 3005 3359
4  2755 2570 2910 3359
4   207 2910 3068 3359
4  2572  207 3068 3359
4   207 2572 2910 3359
4  2919 3146 3180 3362
4  3180 3146 3195 3362
4    70 2848 3370 3546
4  2765 2796 2822 3364
4  2505  112 3200 3482
4  2700 2620 3197 3479
4  2903  202 3336 3809
4  1716 2620 2700 3479
4  1622 2982 3704 3810
4   201 3502 3575 3809
4  2777  435 3383 4066
4  1033  862 1837 3363
4   862 1033 1202 3363
4   631  794 2878 3629
4  2296 2166 3587 3601
4  1283 2920 3484 3810
4  1776 2260 2467 3884
4  1004  736 1202 3363
4   736 1004 1022 3363
4  1022 1004 1705 3363
4   123  122 2940 4007
4  2400  123 3292 4007
4  2400 3292 3523 4007
4  2136 2746 4160 4334
4   451  611  624 3966
4  3312 2304 3669 3807
4   964  524 2737 3365
4   608  964 3365  524
4   863  608 3269 3365
4   608  863 1677 3365
4   524 1677 2737 3365
4   524  608 1677 3365
4   387  355  946 3391
4   570  577  584 3391
4  1150 1539 3344 3367
4   584  676 2392 3391
4  2280  141 2847 4149
4  2982 1128 3636 3753
4   570  584 3027 3391
4   991 1322 1508 3519
4   585  570 3027 3391
4   946  585 3027 3391
4    64 2990 3038 3607
4  1889 1035 2511 3368
4   935 1635 1719 3368
4   935 1719 1819 3368
4  1819 2712 3021 3368
4  2511 1819 3021 3368
4  3013 3250 3641 3747
4  1068 1760 4153 4237
4  2779 3013 3712 3747
4  3250 2779 3712 3747
4  2775   70 2848 3370
4  1869 2011 2975 3370
4  2011 1869 2775 3370
4   782 2674 3649 4102
4  2116 2752 2848 3370
4  2116 2733 2752 3370
4  1713 1720 2892 3656
4  2054 2762 2528 2141
4  1124  623 2971 3547
4  1893  629 2971 3547
4  1767 3184 3882 3954
4   220 2073 3065 3406
4  1381 2106 3282 3406
4    32 2712 2998 3880
4  1861 1422 1919 3374
4  3170 2693 3351 3374
4  2693 1422 3351 3374
4    97   95 2879 4165
4  1422 1861 2539 3374
4  3023 4042 4119 4294
4   312 1074 1140 4342
4  2539 3170 3351 3374
4  2539 1465 3170 3374
4  1422 2539 3351 3374
4   239 1628 3674 3876
4  1861 2243 2539 3374
4  1684  239 3127 3876
4  2330 2057 2731 4258
4  3439 3160 3455 3559
4  1282 1922 3455 3559
4  2098 2869 2951 3559
4   622 1086 1738 3376
4  2909  622 3210 3376
4   784 2909 3210 3376
4   622  784 3210 3376
4  2648 3064 3544 3755
4  1302 2594 2633 3377
4  1302 1845 2594 3377
4  1513 1302 2633 3377
4  1302 1513 1845 3377
4  1026 1021 1500 3768
4  1500 1021 2312 3768
4  1148 3459 3587 3601
4  2500 2796 3064 3379
4  2586 2500 3064 3379
4  2500 2586 2796 3379
4  1518 1978 2483 3598
4  2080  190 2149 3598
4  1577 1127 3715 3756
4   190 2080 2483 3598
4  2179 2081 3938 3963
4  2080 2149 2201 3598
4    59 3228 3366 3379
4    59 2450 3228 3379
4  2724 1157 3260 3381
4   987 2724 3260 3381
4  1157  987 3260 3381
4  2674  987 2844 3381
4   987 1157 2844 3381
4  1157  553 2992 3381
4   848  553 2724 3381
4  1529 1157 2992 3381
4  1505 1529 2992 3381
4   848 1505 2992 3381
4   553  848 2992 3381
4   273  260 1246 3887
4  2844 1157 2990 3381
4  1157 1529 2990 3381
4  2659 2300 3899 4167
4  1164 2735 2958 3608
4  3775 2788 3792 4099
4  2735  794 2958 3608
4   880  792 1074 3929
4   481  591  913 3887
4  3025  787 3255 4067
4  1815 2156 2913 4067
4  3550 2214 4118 4169
4   120  119 2093 4169
4  3050 1537 3404 4050
4  2341   78 3019 3384
4  3039  249 3161 4116
4   249  248 3161 4116
4  1601 1569 1861 4116
4   119  120 3946 4169
4  2202 1637 2250 3384
4  1732 2202 2250 3384
4  2250 1637 3020 3384
4  1696 2250 3020 3384
4  2341 1696 3020 3384
4  2834 2341 3020 3384
4  1637 2834 3020 3384
4    78 2834 2922 3384
4    78 2341 2834 3384
4   985 2891 3154 3788
4  1830 1707 2083 3386
4  1830 2083 2834 3386
4  1588 1278 2962 4043
4  1215 3055 4117 4168
4  2420 1273 3894 4166
4  1756 1827 3988 4295
4  2489 3277 3948 4295
4  1345 2439 2486 4185
4   733 1278 3309 4043
4   512  566  666 4285
4  1066 1235 1357 3972
4  1151 2173 2631 3972
4  3231  192 3263 3388
4  2676 3231 3263 3388
4  1950 2371 3102 3430
4  3053 2676 3263 3388
4  2018 1186 2933 4371
4  2018 2933 3877 4371
4  4185 2018 4341 4371
4  2639 2835 2905 3388
4  2627 2639 2905 3388
4  2639 2627 3324 3388
4  2835 2639 3324 3388
4  2450 2305 3562 3903
4  2548 3009 3537 3744
4   796 1690 3768 4147
4  1710 1271 2059 3390
4  1710 2059 3256 3390
4  1438 1989 2059 3390
4  1271 1438 2059 3390
4  1625 1500 3969 4147
4   465 1693 2382 4251
4  1690  861 4037 4147
4  1774  861 3768 4147
4  2059 1989 3256 3390
4  3256 1989 3344 3390
4   676  355 1332 3391
4   387  676 1332 3391
4   355  387 1332 3391
4   387  946 2392 3391
4   676  387 2392 3391
4  1665   16 3748 3929
4  2990 1529 3038 3607
4   584 2392 3027 3391
4  3027 2392 3258 3391
4   946 3027 3258 3391
4  2392  946 3258 3391
4   813 1249 1591 3732
4  3371 3697 3760 4291
4  3069 3250 3646 4119
4  1491 2041 2682 4170
4  2682 2041 3057 4170
4     6 2643 3059 3395
4  3401 3402 3879 3946
4  2365 1985 2999 3396
4  1985 2365 2408 3396
4   961 1484 1898 3506
4  3697 3933 4123 4336
4   695 1484 2991 3506
4  1484  695 1898 3506
4  3043 1677 3399 3506
4    23   24 2602 3398
4  2568 3246 3397 3398
4  2626 3171 3910 4172
4  3171 2918 3910 4172
4  1961 2626 3910 4172
4  3160 2757 3524 3557
4  3160 3187 3439 3557
4   760 1961 3333 4172
4   969  580 1467 3838
4  2248 2795 2915 3397
4  1842 2921 3868 4361
4  2795 1611 3396 3397
4  2915 2795 3396 3397
4  1686 2785 3043 3399
4   873 1075 1743 3595
4  2577 2785 3035 3399
4  3043 2785 3326 3399
4  1967 1942 3326 3399
4  1942 1967 2577 3399
4  2577 1967 2785 3399
4  2785 1967 3326 3399
4  2093 2512 2660 3402
4  1808 3044 3400 3402
4   521 1066 1357 3403
4  1808 2512 3044 3402
4  1605 2929 3873 3947
4  3012 1852 3521 3549
4   864 2269 3873 3947
4   657  484 1485 4191
4   781  637 1100 4193
4  1983  806 2428 3638
4  1428 2697 3511 3551
4  2030  737 4235 4373
4  2609 1008 2697 3551
4  1930 1901 3713 4307
4   521  725 3046 3403
4   725  521 1357 3403
4   320  283 3593 3665
4   305  523 3659 3665
4   352  523 1072 3665
4   352  902 3659 3665
4  1294 3319 4222 4307
4   101 1930 3713 4307
4   523  352 3659 3665
4  3593  305 3659 3665
4  1672 2505 3200 3482
4  1767 1770 3184 3954
4  2116 2733 3370 3405
4  2116 2859 3035 3405
4  2733 2116 3035 3405
4  3035 2859 3273 3405
4  2367 1321 2405 3954
4  2350 3178 3295 3405
4  2404 2506 3235 3954
4  2405 1767 2487 3954
4  2517 2367 3235 3954
4   247 2616 3161 4116
4  3273 2350 4084 3405
4  1554 2228 3942 4085
4  3178 2350 3273 3405
4  2859 3178 3273 3405
4  2051 1356 2961 3406
4  1668 2051 2961 3406
4  1356 1668 2961 3406
4   801 2601 3281 4061
4  1172 1017 1640 3766
4  2292 3372 3548 4306
4  1229 3958 4244 4315
4  2678 4114 4151 4174
4   175 4010  174 4186
4  1252 1307 4235 4373
4   209 2060 3656 3833
4   209  210 2060 3833
4  1700 1740 2981 3834
4   758 1443 3569 3766
4  1172  905 3569 3766
4  1640 1017 2349 3766
4   819  664 2601 4061
4   664  819 3281 4061
4  1800 1206 2051 4061
4  1865 1772 3445 3835
4  2724  848 3381 3841
4  2031 1608 2305 3597
4  1059 1052 3622 4064
4  2031 3171 3301 3597
4  3013 1471 3203 4201
4  1849 1792 3069 4201
4   311  310 1132 3757
4  1794 1792 2779 3410
4  1127 1577 1590 3647
4   310  838 1782 3757
4  1849 1250 1939 3410
4  1193 1792 1794 3410
4  1193 1794 1954 3410
4   325  421 2912 4369
4  1590 2076 2400 3647
4   307  315  969 3828
4  1590 1577 2076 3647
4  2727 2800 4273 4398
4  1714 1678 2664 3411
4  2664 1678 3163 3411
4  1714 2664 3163 3411
4  1595 2342 2830 3414
4  2197 2313 2680 3414
4  2150 2197 2680 3414
4  2253 2610 1349 1326
4  2279 2150 2680 3414
4  2206 1606 2989 3414
4  1606 2206 2313 3414
4  2313 2206 2989 3414
4   788 1020 2830 3414
4  1020  788 2150 3414
4  1020 2150 2279 3414
4  1020 2279 2989 3414
4  1642 1267 3196 3436
4  2240 2535 2699 3436
4  2240 2699 3119 3436
4  2535 2434 2699 3436
4   707  610 1234 3987
4  1331 2471 3502 4187
4  2365 3246 3398 3505
4  3067 2597 3231 3500
4  1527 1052 2810 3622
4   893  435 2810 3622
4  1052  893 2810 3622
4   349  435  893 3622
4  2022 1722 3155 3416
4  1964 3156 3358 3416
4  2022 1964 3358 3416
4  1964 2022 3156 3416
4  1722 2022 3358 3416
4  2683 1722 3358 3416
4  2296 3085 3214 3496
4  2841 1606 3073 4360
4   989  786 1540 3418
4  1543 1540 3075 3418
4  1548 1543 3075 3418
4   134 3494 3495 3586
4  2554 2166 3570 3587
4   989 1540 1543 3418
4   989 1543 1548 3418
4  2166 2554 2976 3587
4   928  816 2032 3419
4   928 2032 2345 3419
4  2395  816 3079 3419
4  3326 1148 3459 3587
4   686 1780 2147 4206
4  2328  153 4298 4375
4  3492  135 3583 3586
4  2991 1162 3625 4321
4  1500 2659 2672 4167
4   883 1273 2420 3496
4  1997 2443 3275 3420
4  2043 1925 2272 3864
4  1986 1282 3375 3455
4  1805 2850 3083 3422
4   806 1874 3625 4129
4   587  396 2066 3423
4   479  396 2896 3423
4   587 2135 2896 3423
4   396  587 2896 3423
4   510  479 2896 3423
4   479  510 2135 3423
4  2135  510 2896 3423
4   914  854 1116 3424
4  1116  854 3084 3424
4   387 1240 1332 4178
4  1890  982 3445 4178
4   768 1189 1691 4178
4  1240 1179 1691 4178
4  1110 1768 2258 4097
4  2645 2470 3086 3437
4  3175 3470 4140 4339
4  3116 1345 3832 4263
4  1239  727 1639 3426
4  1639  727 1643 3426
4   139 3566 4140 4339
4   545 1270 1729 4385
4   573 1483 2096 3426
4   727  573 1643 3426
4  1643  573 2096 3426
4  2270 3031 3394 3514
4  1639 1643 2179 3426
4  1639 2179 3089 3426
4  1682 2699 2741 3514
4  2805  929 3994 4071
4   517  610 1257 3987
4  3307 2703 3470 4339
4  2024  133 3425 4177
4  1050 2397 3898 4279
4  2212 1405 3994 4071
4  1624  959 4094 4263
4   987 2674 2844 3649
4   787 1402 2000 3937
4   594 1074 1340 3929
4  1199  769 1626 3577
4  2308 3175 3263 3469
4  3175 2676 3263 3469
4   742  875  900 4141
4   202  200 2352 3430
4  1704 2657 4147 4250
4  1950 2352 2371 3430
4  3053 2887 3429 3503
4  1503  574 2697 3511
4  3453 3416 3504 3512
4  3232 2666 3416 3512
4  3416 2683 3504 3512
4   555  413 3303 4275
4  1414 2527 3188 3552
4  2308 3053 3263 3503
4  2352 1950 3336 3430
4   202 2352 3336 3430
4   151  149 3977 4070
4  2915 3031 3397 3923
4  2237 2068 2629 3911
4  1842 1248 1855 3900
4   166 2994 3042 3911
4  1248 1842 2856 3900
4  2313  166 2680 3911
4  2680 2279 3414 3911
4  2708 3363 3600 4006
4  3071 1946 3315 4360
4   797 2494 2776 4201
4  3238 1003 3377 3553
4  3013 3069 3641 3250
4  2997 2976 3525 3555
4  2172 2866 3877 4083
4  2976 2420 3496 3555
4  3178 2997 3525 3555
4  2519 2420 2976 3555
4   948  597 1419 3433
4   786  948 1419 3433
4  2438 1548 3418 3433
4   851  786  989 3433
4  2438 2130 2562 3433
4  1548 2438 2562 3433
4   989  786 3418 3433
4  1548  989 3418 3433
4  2130  851 2562 3433
4   851  989 2562 3433
4   989 1548 2562 3433
4   871 1145 3417 3434
4  1502  871 3417 3434
4  2946  127 3035 3526
4  1611 2470 2645 3556
4  2997 2976 3298 3525
4  1372 1267 1642 3436
4  3501 3287 4181 4339
4  3566 3501 4181 4339
4  2703 3287 4205 4339
4  1188 3196 1556  899
4  1642 3196 1188 3436
4  1188  899 2240 3436
4  1188 2240 2374 3436
4  1642 1188 2374 3436
4  2374 2240 2645 3436
4  2645 2240 3119 3436
4   771 3169 3176 4384
4  2215 1372 3425 3436
4  3175 3307 3470 4339
4  3470 2703 4205 4339
4  3306 3566 4181 4339
4  3470 3287 3501 4339
4  3287 3470 4205 4339
4  1506 1708 2159 3438
4  1506 2159 3122 3438
4  1143 1282 2739 3559
4  1009 1449 3370 3953
4  1282 1143 1409 3559
4  1615  712 3984 4098
4  2739 1282 3455 3559
4  3160 2869 3455 3559
4   712  591 1784 4098
4   712 1784 3984 4098
4  2869 3160 3439 3559
4  2951 2869 3008 3559
4   945 1384 2557 3442
4    25   24 3986 4287
4  3514 3394 4262 4287
4  1870 2692 3815 4371
4  2369 3124 3440 3441
4   712 3723 3887 4098
4   488  528 1777 4098
4  3723 2264 3887 4098
4   316  488 2264 4098
4  4005 2746 4154 4334
4    54   55 2955 4238
4  1384 1563 1831 3442
4  1384 1831 2370 3442
4  3850 1736 3891 3898
4  1299  797 1556 3818
4   922 1633 3011 3908
4  2468 1871 4078 4124
4   152 2328 4005 4154
4  2214 1974 2261 3718
4  2261 1885 3070 3718
4  2045 2261 2366 3718
4   470  797 1119 3818
4   470  588  797 3818
4   428  470 1664 3818
4   470  428  588 3818
4  2478 3629 3883 4096
4  1119  797 1299 3818
4  3117 3417 3857 4270
4  3837 3187 3857 4270
4  3524 3653 3837 4270
4   634  518  830 4108
4  1335 1534 1652 4108
4  1534  518 1864 4108
4   982  768 3132 3445
4  1314 1264 2723 4179
4  2956 1189 3253 4179
4  2458 1314 3632 4179
4  1314 2723 3632 4179
4  1492 2833 3132 3445
4  1507 1492 3132 3445
4  1492 2277 2455 3445
4  1492 1507 2277 3445
4  1959 2455 2833 3445
4  1492 1959 2833 3445
4  1959 1492 2455 3445
4   622  748 3210 3448
4  1941 2292 3372 3548
4   201  200 3467 4159
4  1444 1247 1884 3567
4  1377  631 3883 4320
4  2182  476 3223 4198
4  1983  806 1996 3568
4  1608 2305 3302 3562
4  2465 3077 3099 4341
4  1485 1439 4180 4191
4   458  265  781 4193
4   943 1824 2400 3523
4  1884 1623 1895 3523
4  2220 2127 3091 3568
4  3439 3375 3557 4220
4  4037 1690 4132 4329
4  2904 1339 3297 3475
4  1496 2672 3798 4184
4  2809 1339 2904 3475
4  2500 2626 3171 3529
4  2449 1631 4024 4180
4  1410 2449 4024 4180
4   652  679 1368 4180
4  1530 2393 2495 3694
4   339  346  501 3920
4  1368 1410 4024 4180
4   652  484  679 4180
4  1368  679 1410 4180
4  1762 1878 1983 3452
4  1878 1762 1957 3452
4  1878 2033 2127 3452
4  1983 1878 2127 3452
4  2181 2033 3151 3452
4   758 1443 1927 3569
4  2127 2033 2181 3452
4  2225 1937 3151 3452
4  2033 2225 3151 3452
4  1937 2132 3452 2225
4  1750 1692 1937 3452
4  1689 2287 3161 3569
4  1692 1750 2132 3452
4   758 1927 3456 3569
4  1760 1068 3718 4237
4  2287 2133 3161 3569
4  3161 2133 3456 3569
4  2801 3161 3456 3569
4  1443 1017 1858 3569
4  1282 1922 3375 3455
4  3375 1922 3439 3455
4  3160 2757 3439 3455
4  2190 1288 2742 3807
4   819 1425 3281 3775
4   141  140 3191 4149
4    31 2369 3440 3560
4    29 1896 2230 3560
4  1385 1944 2739 3455
4  1621 1385 2739 3455
4  1385 1621 1944 3455
4  2739 1944 2869 3455
4  2869 1944 3160 3455
4    29   31 1896 3560
4  2420 3308 3542 3894
4  2256 1236 3225 4207
4  2509 2303 3134 3588
4   164 2237 2629 3911
4  1500 2672 3969 4167
4  2659 3899 4139 4167
4  2604 1273 3085 3458
4  1967 2604 3085 3458
4  2604 1967 2769 3458
4  2604 2769 3054 3458
4  1273 2604 3054 3458
4  2303 1686 3399 3588
4  3221 2659 4139 4167
4    86 2447 3476 3498
4  2116 2859 3369 3588
4  1686 3298 3526 3588
4   744 1784 2754 3984
4  3298  125 3526 3588
4  1686 2303 3179 3588
4   236 2084 3163 3460
4  2084  236 2491 3460
4  2491  236 3163 3460
4  2084 3163 1714 2959
4  3163 1714 2959 2664
4  3163 2084 1714 3460
4  3417 3533 4270 4398
4  1180 1703 2540 3461
4  2540 1703 3164 3461
4  2075 1436 2223 3461
4  2223 1436 3164 3461
4  3797 2399 3888 4093
4  2084 1680 3691 3782
4   238  236 2959 3463
4   236 2491 3163 3463
4  2959  236 3163 3463
4  2641 2959 3163 3463
4  2403 2491 3164 3463
4  2491 2403 3163 3463
4  3163 2403 3164 3463
4  3164 3163 2641 2138
4  3163 3164 2641 3463
4   789 1281 3166 3464
4   507  789 2396 3464
4   789  507 1281 3464
4  1035  496 2396 3464
4   496 1035 1281 3464
4   496  507 2396 3464
4   507  496 1281 3464
4   999 1141 3424 3465
4   914  999 3424 3465
4  1166 1226 2169 3465
4  1166 2169 3167 3465
4  1077 1226 2431 1214
4  1226 1077 2431 3465
4  2169 2431 3167 3465
4  2169 1226 2431 3465
4   723 1116 2135 3465
4  2135 1116 3424 3465
4  3168 3466 3573 3574
4  3144 3333 3450 3791
4   864  769 1199 3577
4  1720 1713 2892 3869
4   849 1909 2317 3468
4  1701  849 2317 3468
4   849 1701 1909 3468
4  1610 2317 3177 3468
4   133  132 3119 4338
4  2923 3314 3866 3983
4   769  864 1626 3577
4  1160 1446 2821 3577
4  2399 1641 3797 3863
4  1262 1244 1860 4051
4  1244  915 1860 4051
4    42 2273 2507 4017
4  3462 3698 3866 3983
4  2756 2895 3532 4021
4  2532 3701 4210 4231
4   375  444 2110 4234
4   485  453 2792 4188
4    24 2602 3986 4287
4  1413  511 2974 4255
4   424  577  704 4141
4  4013 3666 4352 4372
4  3324 3305 3388 4370
4  1023  716 2082 3663
4  2772  754 2831 3472
4   544 2772 2831 3472
4  1089 1366 2772 3472
4   133 2451 3425 4338
4   544 2684 2772 3472
4   224 3393 3925 4183
4  2055 2781 3393 4183
4  1483  716 2096 3663
4  2626 2500 2822 3663
4  2626 1963 3529 3663
4   754  432 1447 3472
4   754 1447 2831 3472
4   974 2217 3306 4384
4  3731 3264 3957 4183
4   680 1089 2684 3472
4  2684 1089 2772 3472
4  2050 2371 2903 4159
4  1844 2670 3106 4088
4  1819 1315 2870 3475
4  1819 2870 2917 3475
4  2876 3221 4139 4184
4  2876 3931 4088 4184
4  1339 1315 2998 3475
4  1339 2998 3297 3475
4  4139 3221 4167 4184
4  2761 3513 3805 3957
4  2702 1819 2917 3475
4  2702 2917 3114 3475
4  1315 1819 2998 3475
4  2998 1819 3297 3475
4  2530 2521 2954 3477
4  2387 1070 3194 3477
4   673 1386 2530 3477
4  1209  673 2530 3477
4   673 1209 1386 3477
4  1070 1209 2378 3477
4  1070 2378 2520 3477
4  1386 2387 2429 3477
4  2521 1796 2606 3477
4  1796 2521 2530 3477
4  1386 1070 2177 3477
4  2177 1070 2387 3477
4  1386 2177 2387 3477
4  2530 1209 2378 2640
4  1209 2530 2378 3477
4  1459 2378 2530 3477
4  2378 1459 2520 3477
4  2520 1459 2530 3477
4    87 2387 3194 3477
4  2387   87 2429 3477
4  2429   87 3194 3477
4   334  860 1140 4342
4  1415 1410 2449 4024
4  2886 2296 3459 3601
4   229 2330 2731 3940
4  3348 3695 3709 3801
4  1986 1261 3574 3801
4  1261 1986 3709 3801
4   612  965 1161 3825
4  1441 2188 3195 3478
4  2531 1441 3195 3478
4  2469 2497 3459 3601
4  3570 3109 3730 2554
4  1215 3079 3419 4168
4  2749 2476 3332 3906
4  2455 1865 3445 3835
4  1230 1011 2489 3771
4  1995 2058 3480 3481
4  3502 2589 3564 3809
4  2603 2845 2925 3578
4  1945 2473 3282 3578
4    66 3756 4317 4378
4  2263 1995 3480 3481
4   733 2947 4022 4188
4  3198 2263 3480 3481
4  1138 1602 2798 3481
4  1602 1138 2263 3481
4  1995 1138 2798 3481
4  1138 1995 2263 3481
4  1672 2505 3482 3578
4  2925 2505 3001 3578
4  2603 2925 3001 3578
4  1932 1672 3001 3578
4   202  201 3430 3809
4  3336 3430 3564 3809
4  3430  201 3575 3809
4  3651 2153 3735 3739
4   845  629 2281 3655
4  1439  988 1480 4180
4  3220 1823 1582 2108
4   135  134 3586 4208
4  1435 1343 2654 3580
4  1834 1435 2347 3580
4  2347 1435 2542 3580
4  3491 3220 1823 1582
4  3152 3760 4123 4145
4  3109 2554 3570 3587
4   216 2347 2542 3580
4  2119 1854 4079 4196
4   216 3487 3488 3580
4   216 2542 3487 3580
4  1804 2213 3315 4196
4  1834  216 2813 3580
4   689 1071 3110 4013
4   885  474  968 3489
4   474  333  957 3489
4   957  333 1133 3489
4   885  968 1393 3489
4   968  885 1393 3331
4  1133  885 1250 3489
4  1250  885 3410 3489
4   813  520 1134 3489
4   353  885 1133 3489
4   353  474  885 3489
4   333  353 1133 3489
4   353  333  474 3489
4  1134 1133 1250 3489
4  1134 1250 3410 3489
4   813 1134 3410 3489
4   588 1133 1134 3489
4   520  588 1134 3489
4   588  520 1133 3489
4  2143 2159 3122 3633
4  2052 3078 3492 3583
4  3078 3208 3582 3583
4  1807 1582 3220 3491
4  2752 2991 3806 4321
4  2948 1540 3418 3583
4   803 1430 3582 3583
4  3418 1540 3492 3583
4  2795  132 3118 3556
4  3208 1807 3582 3584
4  2032 2345 3419 3493
4  2345 2032 2395 3493
4  2052 3208 3492 3493
4  3079 2052 3492 3493
4  2052 3079 3208 3493
4   636  418 4215 4346
4  1894 1236 3266 4344
4  3389 3024 3902 4209
4  3389 2623 4091 4209
4  2345 2948 3209 3586
4  3024 3389 4091 4209
4  3495 2948 3583 3586
4  2296 2166 3497 3587
4  3419 2032 2395  816
4  2032 3419 2395 3493
4  2979 3495 3583 3586
4   523  636 3924 4346
4  2948 3492 3583 3586
4  1552 1419 2980 3495
4  1419 1552 2948 3495
4  1419 1634 2980 3495
4  2979  134 3494 3495
4  1807 3208 3493 3584
4  3491 1807 3493 3584
4  1529 1505 2992 3633
4  1093 1135 1258 4376
4  1519 1857 2593 4070
4  2470 3118 3437 3556
4  3118  132 3437 3556
4   132 3206 3437 3556
4  2985 2295 3462 3745
4    88 1650 3217 3498
4  2593 1857 3721 4070
4   150  151 3093 4070
4    86   88 2429 3498
4  2470 2795 3118 3556
4  1825 2429 2938 3498
4  2447 1825 2938 3498
4  2370 2447 2938 3498
4  3602 3301 4161 4172
4  1972 1330 2687 3567
4  2947  733 3041 4188
4  1483 1786 2756 3513
4  1786 1483 3426 3513
4  1643 2096 2696 3513
4  2918 3171 3301 4172
4  1162  908 2991 3625
4  2371 2050 3183 4159
4  3292 2400 3523 3567
4   192 3291 3388 3500
4  2836 2876 3931 4088
4  2666 3358 3416 3512
4   102 2892 4027 4233
4  2670 2836 3931 4088
4  2667 1423 2902 4160
4  2597 3067 3358 3512
4   603 2436 3356 4188
4   550  538 2323 4188
4  3215 1701 3468 3576
4  1701 1909 3468 3576
4  3301 3530 4161 4335
4  1622 1223 1847 3810
4  3119 3436 4338 4383
4  2887 3016 3242 3503
4  3016 2887 3053 3503
4  2308 2217 3016 3503
4  3016 2217 3242 3503
4  1014 1176 2260 4095
4  1935 1894 2894 4094
4    34   33 3943 3992
4  2887 2683 3305 3504
4  3305 2683 3321 3504
4  2652 2578 3921 4095
4  3416 2192 3453 3504
4  2192  909 3453 3504
4  1606 1670 3635 4247
4  1658 2714 3532 3993
4   819 1800 2051 4061
4  2096 1658 2696 3513
4   287  264 4012 4030
4   815 1871 2468 4124
4   612  755 2569 4104
4  2991 3399 1677 3506
4  1484 1067 1512 3506
4  1512 1067 3399 3506
4  2991 1484 1512 3506
4  1484 2991 1512  908
4  1067  961 2464 3506
4   961 1898 2390 3506
4  2390 1898 2464 3506
4   961 2390 2464 3506
4  2048  960 3025 3508
4   197 2168 2180 3770
4  2048 3025 3255 3508
4   197 1740 2168 3770
4  1740  197 3686 3770
4   507  960 1146 3508
4  1146  960 2048 3508
4   789  507 1146 3508
4   789 1146 2048 3508
4  1367 1306 2561 4135
4   471  443 3332 3906
4  3221 2659 3922 4139
4  1011 1756 2489 3771
4  3237 1499 3971 4331
4  1204 1726 2282 3772
4  1827 1576 2180 3770
4    75   76   74 4368
4  3912 4220 4283 4368
4  2689  840 3296 3856
4   845 1122 2445 3655
4   897  603 2445 3655
4    70 2775 3806 4305
4   564  737 2558 4303
4  4114 3218 4151 4305
4   800 2947 3041 4188
4   411  538 3356 4188
4   800  453 2947 4188
4   453  800 2436 4188
4   861 1774 4130 4250
4  2600 3113 4232 4233
4   453  603 2792 4188
4  2323  800 3041 4188
4  1822 1196 3610 4187
4   173  175 3797 4010
4  3242  909 3499 3512
4  2666  909 3242 3512
4  1817 2666 3242 3512
4  1483 2096 3426 3513
4  2096 1483 2756 3513
4  2127 3452 3568 4190
4  2327 2715 3212 4027
4  3245 2127 3350 4190
4  3977 2593 4031 4070
4  2397 3714 3898 4279
4  1221 1337 2744 4279
4  1843 1407 2199 3891
4   923 1931 2199 3891
4  2529  150 3721 4070
4  2987 3244 3827 4074
4   149  150 2529 4070
4  3093 2827 3721 4070
4   151 3977 4031 4070
4  1039 1321 1770 4134
4  3921 3968 4095 4135
4  2523 1392 3359 4135
4  3015  559 3853 4134
4  2038  461 2816 3603
4  1196 1455 1975 3603
4  3626 3827 4074 4316
4    62 3038 3186 3633
4  1505 3038 3607 3633
4  1691 1772 1855 3516
4  1691 1248 2086 3516
4  2086 1248 2918 3516
4    37 3548 3980 4300
4  2061 3205 3634 3901
4   430  933 1754 4064
4  1748 2056 3186 3633
4  2159 2143 3186 3633
4  2992 2143 3122 3633
4  2101 2729 2764 3519
4  1230 2489 3277 3948
4   992  920 3708 3874
4  1327 2167 3037 4228
4  1926 1978 2729 3519
4  2729 1978 2764 3519
4  1374 1518 2101 3519
4  2101 1518 2729 3519
4  1518 1926 2729 3519
4  1518 1374 1926 3519
4   778 3647 3826 4400
4   477  484  988 4191
4  2428 3032 3244 4129
4   264  287  637 4193
4  1996 1737 2220 4129
4  2864 2865 2894 4173
4  3337 2952 3373 3521
4  1996 2220 3568 4129
4  3350 3040 3960 4129
4  3244 3032 4092 4129
4  1737 3625 3690 4129
4  1395 2293 2375 3890
4  2719 2326 3781 3890
4  2952 3012 3373 3521
4  1852 2728 3012 3521
4  3012 2728 3373 3521
4  2213  998 3268 4206
4  2269 1605 3873 3947
4  1339 2904 2998 3880
4  2998 2904 3297 3880
4  2314 3350 3885 4008
4  1616 1623 1884 3523
4  1247 1616 1884 3523
4  1616 1247 1623 3523
4  1376 1439 1485 4191
4  2314 3245 3350 4008
4   289  294 1467 4143
4  3483 2035 3654 3738
4  2785 3298 3497 3526
4  3214 2785 3497 3526
4   126 3214 3497 3526
4  2946 2785 3214 3526
4   127 2946 3214 3526
4  2577 2946 3035 3526
4  2785 2577 3035 3526
4  2577 2785 2946 3526
4  3497 3298 3525 3526
4   126 3497 3525 3526
4  3099 3861 4110 4344
4  1129 1149 4106 4412
4  3756 1127 3789 4194
4   740  513 2960 4412
4   433  617 1149 4412
4  1129 4106 4408 4412
4  2960 1417 4408 4412
4   617  513  740 4412
4  1248 2086 2918 3529
4  2985 1568 3314 4016
4  3314 3866 3983 4016
4   164 2629 2680 3911
4  1691 1248 3300 3529
4  1248 1691 2086 3529
4  2923 2071 3866 4016
4  3314 2923 3866 4016
4  2500 2086 3064 3529
4  2826 2092 3173 4016
4  2629 2279 2680 3911
4  2237  166 3042 3911
4  2856 1963 3300 3529
4  1248 2856 3300 3529
4  2985 2826 3173 4016
4  2092  942 3173 4016
4   541  327  633 3831
4    24 3398 3505 3986
4   921 3259 3302 3531
4   473  660 2518 4068
4  1815 1910 2156 3937
4  1297 2553 2625 3937
4  1063  491 2286 3831
4  1751 2756 2895 3532
4   807  831 1412 3664
4  1483 2096 2756 3532
4  1751 1483 2756 3532
4  1771 2895 3325 3532
4  2316 1771 3325 3532
4   550  702 2792 4022
4  1424 2326 3890 4262
4  2493 2649 3165 3664
4  2649 1258 3657 3664
4  1396 2493 3165 3664
4  3350 2127 3568 4190
4  2428 1983 3638 4190
4   483  485 2792 4022
4   702 3309 3428 4022
4  1152  485 1701 4022
4   550  733 3309 4022
4  3609 3596 4063 4072
4  3926 3003 3939 4120
4  2140 1260 2332 4189
4  1701 1909 3576 4022
4   702  550 3309 4022
4  1088 1588 3428 3534
4  3338 3339 1088 2675
4  3339 3338 1088 3534
4  1588 1278 3428 3534
4  1278  702 3428 3534
4   702 3339 3428 3534
4  1267 1489 1498 3595
4  2317 3177 3468 3536
4  1909 2317 3468 3536
4  3233 2964 3345 3537
4  2548 3233 3345 3537
4  2787 2679 3535 3537
4  3355  104 3535 3537
4  2679 1285 3355 3537
4  2679 3355 3535 3537
4  1909 2675 3339 3538
4  2675 1909 2899 3538
4  1356 1206 2791 3540
4  2791 1206 2961 3540
4  1206 2068 2961 3540
4  3565 4087 4158 4213
4  2237 2068 3207 3540
4  2262 2629 3352 3540
4  1198 2750 2791 3540
4  1198 2629 2750 3540
4  1198 2791 2961 3540
4  2279 2068 2629 3540
4  1198 2279 2629 3540
4  1837 2282 3628 3688
4  2237  164 2629 3540
4  2629  164 3352 3540
4  2279 1198 2961 3540
4  2068 2279 2961 3540
4  2854  522 3056 4000
4  2191 2804 2818 3999
4  2420  975 2554 3542
4   975 1076 2554 3542
4  1382  593 1904 4175
4   778 1894 3158 4207
4  3357 3308 2420  772
4  3308 3357 2420 3542
4   972  897 3444 4107
4  1987 2574 2906 4107
4  3130 3821 4107 2442
4  2353 3437 3680 4177
4  1987 3130 3444 4107
4  3007 3703 4280 4364
4  3501 3522 4158 4213
4  2167 1771 2316 3544
4  2161 2167 2316 3544
4  1327 2161 2648 3544
4  2161 1327 2167 3544
4   683  595 2415 4399
4  4087  138 4213 4318
4  2450 3364 3379 3544
4   762 1634 4109 4227
4  2984 2796 3379 3544
4  2796 2984 3364 3544
4  3364 2984 3379 3544
4  2196 2744 2966 4380
4  3225 1127 3647 3756
4  2291 1771 2895 3544
4  2167 2291 2895 3544
4  1771 2167 2895 3544
4  2167 1327 2291 3544
4  2291 1327 2648 3544
4   629 1272 2690 3547
4   629 2690 2971 3547
4  2762 1669 3449 3547
4  2281 2762 3449 3547
4  1669 1124 2054 3547
4  1669 2054 3449 3547
4  2281 1122 2762 3547
4  1122 1669 2762 3547
4  2690 1272 3534 3547
4  2971 2690 3534 3547
4  2006 1272 3449 3547
4  1272 2006 2054 3547
4  2054 2006 3449 3547
4  3590 3023 4042 4119
4  2214 2148 2533 3550
4  1852 1135 1941 3549
4  1941 1135 3548 3549
4  2728 1852 3012 3549
4  1632 3400 3879 3981
4  3550 2533 3879 3981
4  2437 2728 3548 3549
4  2437 1852 2728 3549
4  1135 1852 2437 3549
4  1135 2437 3548 3549
4  1515 1506 3400 3981
4  1528 1520 2148 3981
4  1632 1515 3400 3981
4  2148 2533 3550 3981
4   891  517 4153 4237
4  1583  864 3873 3947
4  1583 3682 3685 3947
4  3440 1896 3560 4197
4  1991 1456 3794 3991
4  1456 1991 3732 3991
4  2961  925 3627 3635
4  3227 3462 3698 3866
4  1591 1991 2348 3991
4  2230 2004 3560 4197
4  2786 1854 3909 4079
4  2075 3349 3573 4047
4  2136 2902 4046 4334
4  2075 1436 3461 4047
4    41 2495 3694 4020
4  1003  823 3377 3553
4   823 1003 2383 3553
4  1767 2506 3882 4125
4  2880 2266 3552 4200
4  1871 2236 2468 4078
4    41   42 2507 4020
4  2756 2096 3513 4021
4    42   41 3694 4020
4  2976 3496 3497 3555
4  2976 3497 3525 3555
4  2995  126 3214 3555
4  2995 3214 3496 3555
4  3497  126 3525 3555
4  3496 3214 3497 3555
4  3214  126 3497 3555
4   543  361 3955 4143
4  1538 1430 3078 3951
4  3223  292 4198 4202
4   381  476 4198 4202
4   292  363 3924 4202
4  1127 2525 3225 3647
4  2110 1049 2120 3757
4  3203 3023 3590 3641
4  3168  184 3573 3710
4  3466 3168 3573 3710
4  3134 3369 3546 3953
4    89   91 2460 4137
4  3295  883 3405 3953
4  1409 1287 2951 3559
4  3142  363 3223 4203
4   381  340 3924 4198
4  2182  292 3665 4198
4   974 2433 3123 3561
4   823  576 1697 4200
4   840 3280 3447 3561
4   576  823 2266 4200
4  2627 2676 4230 4370
4   544 1121 2684 4182
4   476  877 3223 4198
4   350 2182 3924 4198
4   338  476 2182 4198
4  1697  499 2665 4200
4   340  338  350 4198
4  3665  292 3924 4198
4  1241  766 3511 3564
4  3336 3430 3511 3564
4   689  766 2697 4372
4  2689 2433 3280 3561
4   840 2689 3280 3561
4  3187 3008 3837 3857
4  3227 3571 3698 4271
4   432  421 1447 4182
4   544  421 3658 4182
4  2933  707 3987 4371
4  3077 3408 3832 4371
4  1283 1847 2920 3810
4  1847 1223 2920 3810
4  1223 1336 2920 3810
4  2962 1496 3798 4088
4  3713 2600 4232 4233
4   737 1263 4303 4373
4  3111 2030 4235 4373
4  2238 2670 4052 4088
4  3446 3447 3563 4340
4  3223  363 4202 4203
4   589  478 3142 4319
4    23   25 3923 4287
4  3394   25 3986 4287
4   822  478 1030 4319
4    24   25   23 4287
4  3004 1121 3658 4182
4   680  383 3472 4182
4  1884 1247 3523 3567
4  1444 1884 3523 3567
4   214  212 3413 3648
4  1243 1444 2525 3567
4  1972 3292 3523 3567
4  1972 2687 3292 3567
4  1330 1243 1590 3567
4  1590 1243 2525 3567
4  2304  978 3807 4130
4  2722 1288 3807 4130
4   978 2722 3807 4130
4  1304  978 2304 4130
4  2220 3040 3350 3568
4  2181 1937 3091 3568
4  2181 1937 3452 3151
4  1937 2181 3452 3568
4  1927 1443 2252 3569
4  1443 1689 2252 3569
4  2252 1689 3161 3569
4  1927 2252 2801 3569
4  2801 2252 3161 3569
4  2300 1500 3969 4167
4  2300 1338 3899 4167
4  2166 2420 2554 3570
4    31 3124 3441 3895
4  1146  789 2048 3572
4   307  614  756 3572
4   756  614 1146 3572
4   502  789 1655 3572
4  1904  319 2396 3572
4   614 1904 2396 3572
4   367 1146 2048 3572
4   307  756  881 3572
4   881  756 1146 3572
4   367  502 1655 3572
4   307  367 1655 3572
4   502  367 2048 3572
4   367  307  881 3572
4   367  881 1146 3572
4   789 2048  502 3508
4  2048  789  502 3572
4  2103 2872 3074 3696
4  2216 1039 3184 4134
4  2600 1930 3713 4232
4  2310  184 3573 3574
4   184 2310 2877 3574
4   130  128 2978 3711
4  3349 3168 3466 3710
4  1180 2417 3461 4397
4  3168 3348 3695 3710
4   923  646 1095 4023
4   400  646  721 4023
4    79   78 2922 4049
4  1022  632 3478 4023
4   657  634 2349 3766
4  2613 1880 3279 3644
4  1279  313 1598 4105
4   717  919 2331 3774
4   511  687 1136 3774
4   632  539 1613 4023
4  1400 1337 2607 3800
4  3240 1088 3428 3576
4  1160 1199 1626 3577
4  2419 2746 2802 4160
4  2231 1622 3704 3810
4  1199 2058 3481 3577
4  3821  210 3836 3849
4  3282 2106 3330 3578
4  1945 3282 3330 3578
4   111 2845 3482 3578
4  2845  111 2925 3578
4  2505  111 3482 3578
4   111 2505 2925 3578
4  1487 1337 1519 4029
4   953  997 1204 4029
4   215 2813 3488 3579
4  3485  215 3488 3579
4  2813  215 3343 3579
4  3343  215 3485 3579
4  3201 3343 3485 3579
4  3201 2545 3343 3579
4  3033 2545 3201 3579
4  3033 3201 3485 3579
4  1804 1780 2213 4196
4  3484 3486 3487 3580
4  3487 3486 3488 3580
4  1341 3202 3485 3581
4   489  581 3483 3581
4   839  489 3483 3581
4   581  892 3581  489
4   892 1408 2474 3581
4   372  907 1144 4411
4  3483 3033 3517 3581
4  1168 3483 3517 3581
4  3202 1408 3487 3581
4  3485 3202 3487 3581
4   379  357  469 3631
4   827 1129 2111 3631
4  3264 3513 4123 4145
4  3570 3742 4053 4309
4  3209 2948 3495 3586
4  3491 3006 3582 3584
4  1807 3491 3582 3584
4  3140 2155 3234 4111
4   744  814 1615 3878
4  2893 3006 3493 3585
4   517  420  932 3842
4  1803 1779 1887 3777
4  3140   47 3190 4111
4  3493 3006 3584 3585
4   431  420 2463 3842
4  2844 2674 3381 3928
4  1686 3326 3459 3587
4  1677 1686 3109 3587
4  1148 1677 3109 3587
4  3179 1686 3298 3587
4  1686 2785 3298 3587
4  2407 3109 3179 3587
4  2976 2407 3179 3587
4  2166 2976 3497 3587
4  3298 2785 3497 3587
4  2407 2554 3109 3587
4  2554 2407 2976 3587
4  2976 3179 3298 3587
4  2976 3298 3497 3587
4  1677 1148 3043 3587
4  3043 1148 3326 3587
4  1686 1677 3043 3587
4  1686 3043 3326 3587
4  2509 3178 3179 3588
4  3179 3178 3298 3588
4  3408 2865 3320 3765
4  1789 2191 2581 3591
4  1710 1789 2581 3591
4  1605 1710 2581 3591
4  1373 1636 3591 1037
4  1037 1373 1603 3591
4  2300 1338 2421 4211
4  1603 1373 2123 3591
4  2123 1373 3096 3591
4  2266 3552 4200 4333
4   385  350 1532 3751
4  2818 1605 2929 3591
4  2191 2818 2929 3591
4  2581 2191 2929 3591
4  1605 2581 2929 3591
4  2421 3106 4054 4211
4  1190 1338 1496 4211
4  1013 1690 2421 4132
4  1690 1152 3431 4132
4  2613 1477 3278 3592
4  3278 1477 3279 3592
4  2613 3278 3279 3592
4   560   15  691 3593
4   144  143 2154 3705
4  3108 2982 3616 3618
4  2787 3338 3341 3594
4  3341 3338 3536 3594
4  3536 3338 3589 3594
4  3338 3535 3589 3594
4  3338 2787 3535 3594
4  1154 1645 1743 3595
4   187 1154 2145 3595
4  1489  187 2145 3595
4  1567 1489 2145 3595
4  2145 1154 2202 3595
4  1154 1075 2202 3595
4  1421 1489 1567 3595
4  1421 1567 2202 3595
4  1567 2145 2202 3595
4   187 1565 1645 3595
4  1154  187 1645 3595
4  3064 2586 3379 3597
4  2586 3064 3171 3597
4  2086 2918 3171 3597
4  3171 2918 3301 3597
4  2458 2457 3530 3597
4  3301 2458 3530 3597
4  1455 2038 2816 3603
4  1951 2004 2230 4197
4  1231  740 3541 3599
4   677  513  740 3599
4   677  740 3542 3599
4  2531 1504 3478 3600
4  1504 2531 2708 3600
4  3362 2599 3545 3600
4  1824 1940 2193 4007
4  2858 3133 3565 4213
4  1940  123 2940 4007
4  3446 3133 3522 4213
4  2691 2327 4027 4249
4  2400 2076 4007 4212
4  3421 2886 3459 3601
4  2497 3421 3459 3601
4  2365 3246 3505 4171
4  2549 1023 3259 3935
4   921 2549 3259 3935
4  3259 3302 3531 3935
4  1673 1660 1824 4212
4  2497  233 3421 3601
4  3122 2159 3186 3633
4  2056 1505 3607 3633
4  1651  378 2408 3959
4   926 1877 3614 3679
4   656 1651 1877 3679
4  1651 2337 3614 3679
4   926  656 1877 3679
4   835  656 2416 3679
4   656  835 1651 3679
4   929 3613 3994 4073
4  2124 1105 2337 3679
4  2172 2866 2933 3877
4  2061 4013 4352 4372
4  2891 1818 3154 4165
4  3100 2498 3408 3877
4   161  163 2478 3605
4   500  469 1514 3754
4   704 1744 3224 3606
4   577  704 3224 3606
4   431  676 2463 3606
4   676  431 1144 3606
4   431 1744 3606 2463
4   724  676 3252 3606
4   577  724 3252 3606
4  2463 2208 3224 3606
4   372  570 1144 3606
4   424  372 1144 3606
4   372  424  570 3606
4   676  724 2208 3606
4   810 2208 2463 3606
4   676  810 2463 3606
4   810  676 2208 3606
4   724  577 3224 3606
4  2208  724 3224 3606
4   800 1211 1270 3608
4   601  800 1270 3608
4   800  601 1211 3608
4  2612 1994 2970 3966
4  1582  915 2612 3966
4   428  337  520 3955
4  2276 1070 3181 3882
4  1070 2378 3181 3882
4  1196 1331 1975 3610
4  1822 1196 1975 3610
4  2633 1003 3377 4189
4  1227  962 2332 4189
4   962 2140 2332 4189
4  2323  411 2436 4188
4   538  603 3356 4188
4   326  557 1617 3611
4   391   14  445 3611
4   445   14  589 3611
4   326  409  533 3611
4   674  533 1391 3611
4   326  533  557 3611
4   557  533  674 3611
4  1187  674 1391 3611
4   391 1187 1391 3611
4  3108 1574 3703 4365
4  1220  418 3672 4215
4   305  391  409 3611
4   326  305  409 3611
4   533  409 1391 3611
4   409  391 1391 3611
4  1655  546 3251 4304
4  3244 2987 3690 4092
4  3244 3032 4074 4092
4   139 3446 3501 4318
4  1591 2186 3732 3991
4  1456 1547 2107 3991
4   353  473 1005 3614
4   474 1005 1877 3614
4   353  474 1877 3614
4   474  353 1005 3614
4  1319 1084 4104 4137
4  1084 3278 4104 4137
4  3278 3644 4104 4137
4  2678 2934 3316 3638
4  1894 2894 4094 4186
4   151 3726 3850 4031
4  3094 2821 3808 3848
4  2678 1874 3218 3638
4  2737 1469 3218 3638
4  1874 2678 3316 3638
4  3177 1795 3341 3617
4  1610 1795 3177 3617
4  1289 1610 3177 3617
4  1610 1289 1795 3617
4   143  144 3063 3705
4   500 1502 3554 3754
4  2098 2026 4106 4406
4  2518 2427 3329 4068
4  2339 3063 3157 3705
4  3063 2793 3157 3705
4  2339 2913 3063 3705
4  3543 3554 3631 3754
4  2026 1178 4327 4406
4  3554 1355 3631 3754
4  2128 1509 4131 4156
4  1506 1509 1515 4156
4  1515 1509 3400 4156
4  2532 2142 3400 4156
4  1033 1202 3363 3628
4  1706 1837 2282 3628
4  3694 1530 3919 4017
4  3571 2794 3698 3866
4   726 1946 3071 3620
4  1595  726 3071 3620
4   222 2203 2658 4361
4  2014 2921 3900 4361
4    57 3571 3698 3866
4  2972 2756 3513 4021
4  3268 2119 3675 3866
4   744  275 3878 3984
4  1958 2624 3835 4272
4  3268 2826 3745 3866
4  2495 1530 3694 4017
4  2887 2683 3416 3621
4  2683 2887 3305 3621
4  2092 3392 1121 3173
4  3392 2092 1121 3623
4  2552 2153 3651 3692
4  2742 2304 3807 4130
4   667  465 2382 4251
4  1385 2026 2098 4406
4  1288 1774 2742 4130
4   886 1306 2578 4251
4  1304 2304 2726 4130
4  1486 2223 3271 3691
4  2084 1680 3271 3691
4  2098 3117 4359 4406
4   426 1164 1312 3886
4   457  545 1164 3886
4   726 1595 2830 3627
4  2830 1595 2961 3627
4   726 1946 3620 3627
4  1946  726 3258 3627
4   726  811 1800 3627
4  1800  811 2961 3627
4  1206 1800 2961 3627
4  1206  946 1800 3627
4  1992 2758 3239 3636
4   811 2830 2961 3627
4   811  726 2830 3627
4  1502  500 1514 3754
4  2857 1946 3258 3627
4   942 2857 3258 3627
4  1706   96 2195 3628
4  3922  158 3931 4139
4   158  159 2238 4139
4   927  317 1049 4234
4  4204 3780 4326 4381
4  3943   33 4001 4301
4  1776 1721 4059 1014
4  1760  891 3815 4060
4  1721 2324 3319 3884
4  3305 3321 3429 4274
4  3417 1145 3554 4082
4  1220  408 2936 3672
4  1768 2369 2718 4097
4  2498  891 3987 4216
4  3668 1806 3778 4290
4  3485 3033 3581 3630
4  1129  500 3543 3631
4  2161 2630 2648 3755
4  1355 3543 3554 3631
4  2630 1169 2648 3755
4  1316 1314 3299 3632
4  1772 1855 3516 3632
4  1300 2379 3183 4162
4   672  767 2178 4376
4  1485 1439 2449 4180
4  3632 3528  167 3145
4  2458 3145 3528 3632
4  1196 2038 3678 4162
4  2379 1196 3183 4162
4  3301 2918 3602 3632
4  2918 3301 3597 3632
4  1316 1855 2921 3632
4  1314 1316 2921 3632
4  2311  475 2942 4192
4   657 1485 2449 4180
4  1314 2723 3299 3632
4  1855 1772 2921 3632
4  1772 1314 2921 3632
4  1740 1700 3686 3834
4   942 1946 3627 3635
4   942 1568 2923 3635
4   275  744 2754 3984
4  2961 1595 3042 3635
4  1670 2961 3042 3635
4  3576 3773 3979 4248
4  1606 1670 3042 3635
4  3413  214 3648 4248
4  3648  214 3773 4248
4  3227 2071 3268 3866
4  3773  214 3979 4248
4  1595 3042 1606 2989
4  3042 1595 1606 3635
4   980 1574 2860 3636
4   441  980 1128 3636
4   934  441 1128 3636
4   441  934  980 3636
4   500 3543 3631 3754
4  1355 3543 4327 4406
4   934 1897 3605 3636
4   973  357 3631 3754
4  1992 2862 3616 3636
4  1128  980 2219 3636
4  2219  980 2860 3636
4  1128 2219 2860 3636
4  1992  934 2204 3636
4  2204  934 3605 3636
4  1992 2204 2862 3636
4  2862 2204 3605 3636
4   530  615  697 4417
4   477  341  484 4191
4  2326 3394 3781 4262
4  1469 2678 3218 3638
4  2678 1469 2934 3638
4    14  325  368 4369
4  2508 2647 3375 4218
4  1470 2483 2579 4109
4  2858 3133 4213 4219
4  3348 2508 3801 4218
4    74 3346 3640 4218
4  3375 1282 3709 4218
4  3780 4047 4077 4204
4   747  898 1383 4377
4   780 1621 3455 3774
4    52   50   51 3784
4  1308 2890 3327 4089
4  1135 2078 4376 2828
4   780 1136 1621 3774
4  1216 1044 1759 4089
4  2890  825 3327 4089
4  3111 2460 3644 3764
4  4119 1488 3023 4294
4  1031 2809 3166 3764
4  3250 3712 4119 4236
4   978 2304 3509 4302
4  3634 2061 3901 4352
4  2328  154 3968 4298
4   732 1053 2000 3937
4  1195  313 1279 4105
4  1069  709 1195 4105
4  4303 1263 4304 4373
4  1619 2105 4258 4325
4  1338 1013 2421 4211
4    64   63 3637 3645
4    63   64   62 3645
4  3069 1792 3410 3646
4  3473  162 3671 3704
4   485  796 2947 4329
4  1711 3739 3821 3849
4  2035 3509 3654 3669
4   349  362  498 3846
4  2460 3944 3950 4295
4  1939 1488 3069 3646
4  3069 1488 3641 3646
4  1844  733 3309 4043
4  2721 1588 3457 4043
4   790 2154 3157 4128
4  3625 1737 3690 4229
4  2714 1658 4021 4120
4  1951 2858 4158 4213
4  3032  176 3960 4008
4   829  596 1725 3813
4  2118 1715 2720 3813
4  1348 1224 1694 3649
4  1348 1694 2128 3649
4   987  782 2674 3649
4   782  987 1841 3649
4  2432 3637 3645 3649
4   280  291 1074 3929
4    16  880 1074 3929
4  2128 2432 3645 3649
4   594  280 1074 3929
4   291  901 2137 3929
4  1074  792 1973 3929
4   280  594 1340 3929
4    16  291 2137 3929
4   306  969 1723 3838
4  2877 3695 3801 4326
4  1755 1859 2748 4239
4  3801 3695 3824 4326
4  2000  503 3255 3985
4  3187 3008 3439 3653
4   209 1879 2153 3739
4  1947 2324 3884 4222
4  3201 3033 3483 3654
4  1913 3201 3483 3654
4  1913 3483 3509 3654
4  3319 2332 3884 4222
4  2324 3319 3884 4222
4  1343  161 3618 3704
4  1260 1901 2600 4222
4  2035 3483 3509 1087
4  3483 2035 3509 3654
4  2758 1586 3007 3670
4  2324 1016 3319 4222
4  1122 2281 2762 3655
4  2762 2281 3449 3655
4  3695 3709 3801 3824
4  2447 2370 2938 3856
4  3779 4110 4185 4341
4  3689 1333 3695 3824
4  1831 1384 2370 3856
4  1778 1896 1960 3856
4   327  593 1382 4175
4  1159 1122 2762 3655
4  1122 1159 1173 3655
4  1173 1159 2762 3655
4  1173 2762 3030 3655
4  1058 1173 3030 3655
4   209 2060 2153 3656
4  1879  209 2153 3656
4  1332  355 1453 3658
4  2761 2055 2789 4183
4   371  421  877 3658
4   421  371  544 3658
4  1332 1453 2409 3658
4  1240 1332 2409 3658
4  1760 1520 2214 4153
4   539  374 2806 3659
4  1254  539 2806 3659
4   665 1254 2806 3659
4  1254  665 1550 3659
4  1550  665 2806 3659
4  1876 3677 2231 1223
4   752  305  523 3659
4   305  752  523  326
4  2660 1833 4118 4153
4  1462 1520 1760 4153
4   569 2118 2720 3661
4   952  569 2668 3661
4   569  952 2118 3661
4   941  952 2668 3661
4   952  941 2118 3661
4   989  851 2165 3661
4  2032  989 2165 3661
4   851  941 1369 3661
4  1369  941 2165 3661
4   851 1369 2165 3661
4   786  851  989 3661
4   786  989 2032 3661
4   928 2032 2668 3661
4   928  786 2032 3661
4   630  786  928 3661
4   630  928 2668 3661
4   980  754 1497 3662
4  1629  980 3095 3662
4  1089 1366 3472 3662
4  1366 1089 3380 3662
4  1497 1366 3095 3662
4   980 1497 3095 3662
4  3095 1366 3380 3662
4  1629 3095 3380 3662
4   760 1963 2626 3663
4   760  716 1963 3663
4   716  760 2082 3663
4  2082  760 2626 3663
4  2500 1751 2796 3663
4  2500 2796 2822 3663
4  1396 1493 2493 3664
4  2493 1493 2649 3664
4   650   12 1325 4057
4  1258 1093 2631 3664
4  1093 1258 2209 3664
4  3318 2742 4025 4045
4   701 1530 2853 4075
4  2277 1492 2455 3974
4  1258 2631 3165 3664
4  1258 3165 3657 3664
4   902  352 1072 3665
4  2393 1268 4033 4075
4   461  627 2402 3666
4   627  461 1027 3666
4  2004 1951 3522 4197
4   115 3909 3976 4079
4   114 2786 3909 4079
4   114  113 2786 4079
4  1268  587 4033 4075
4   146 3609 4063 4072
4   808  938 1268 4075
4  1530 2393 3919 4075
4  3255 2981 3820 3834
4  1779 2043 3777 3841
4  1340 1973 2854 3929
4  1224 1348 3777 3841
4  1374 1926 3519 4227
4  3396 2915 3397 4171
4  2001 1371 2719 4171
4  1847 1341 3202 4028
4  2744  956 2966 4380
4  1794 1954 3410 3668
4  3410 1954 3646 3668
4  2779 1794 3410 3668
4  2779 3410 3646 3668
4   163  162  161 3671
4  2154 2820 2913 3705
4  3100 2465 3266 3861
4  2820  143 2913 3705
4  1197 1181 1245 4082
4  1756 3686 3770 3771
4   642  590  915 4051
4   955 1360 2463 3927
4   383  680 3472 3672
4  3472  680 3662 3672
4   680  408  834 3672
4   834  408 1220 3672
4   680  834 1220 3672
4  1220  418 1629 3672
4  1629  418 3662 3672
4  3736  973 4354 4389
4   432 3472 3662 3672
4   432  383 3472 3672
4  2219  432 3662 3672
4   418 2219 3662 3672
4   680 1220 1280 3672
4  1280 1220 1629 3672
4  1280 1629 3662 3672
4   680 1280 3662 3672
4  2758 3239 3670 4365
4  2557 3442 3817 3897
4   999 2914 3919 4017
4   728  536 1664 4018
4  3177 3468 3799 3867
4  1795 1610 3177 3867
4  1872 1035 3011 3746
4  1795 2721 3098 3867
4  1610 1795 2939 3867
4  2929   72 2967 3682
4  1764 2929 2967 3682
4   992 2197 3073 3874
4  1992 2204 2677 3677
4  2204 1992 2862 3677
4  2204 2862 3473 3677
4  2204 1377 2677 3677
4  1006 2161 3830 3903
4  1622 2231 3108 3677
4  1622 1223 2231 3677
4  1472 1223 1622 3677
4  1472 1622 3108 3677
4  2862 3108 3473 3677
4  2862 1992 3108 3677
4  3349 3710 3780 4366
4  3008 2951 3912 4398
4  1242 1333 4273 4366
4  3533 3857 4270 4398
4  3348 3349 3710 4217
4   689  595 1071 4399
4  2042 2715 2931 4307
4  3918 2825 4056 4300
4   932  517 1462 4163
4  3280 1210 3563 4286
4   891  932 1462 4163
4  3499  193 4009 4274
4  1877 1651 3614 3679
4   944  794 3629 3681
4   794  944 1876 3681
4  2231 3473 3677 3681
4  1768 1110 3441 4097
4  3183 2471 3467 4159
4  2004 2230 3560 4097
4  2258 1768 2718 4097
4  3123 1092 3440 4097
4  1092 2004 3440 4097
4  2369 3440 3560 4097
4  1377 2878 3677 3681
4  2204 1377 3677 3681
4  2878 1876 3677 3681
4  1876 2878 3677 1223
4  1876 3677 3681 2231
4  3073 2313 3097 3874
4   920 2262 3708 3874
4  3539 2313 3707 3874
4  2464 1067 3043 3683
4   151 2235 2461 3726
4  1170 1353 2769 3683
4  2769 1353 3673 3683
4  1170 2464 2716 3683
4  2125 2002 2354 3864
4  2466 1174 2474 4282
4   175 3749 3832 3863
4   916  547 1599 4055
4  2002 2272 3089 3864
4  2354 1607 3089 3864
4   929 2805 2816 4071
4   826 1170 2716 4055
4  1698  642 3176 4051
4  1665  659 3786 4243
4    72   73 3682 3685
4    73   72   71 3685
4   659 1598 3786 4243
4   586 3176 3262 4051
4   151  149  150 3850
4  1242 1333 2868 4273
4   799 1136 3367 3774
4  1974 1068 3260 4325
4  2193 1940 2940 4007
4  2532 3122 3701 4231
4  2067 1705 3628 3688
4  3038   62 3186 4231
4  1753 2067 2282 3688
4  1726 2282 2452 3688
4  2282 1726 2372 3688
4  2372 1726 2452 3688
4  2919 2840 3313 3688
4  2372 2919 3313 3688
4  1753 2372 3313 3688
4  1182 2625 3549 4128
4  2067 1753 3652 3688
4  2327 2140 4189 4249
4  1753 3313 3652 3688
4  1641 1935 3074 3696
4  1953 1425 2788 3792
4  2188 1441 2871 4048
4  1480 1631 2888 4164
4   128  130 2745 3711
4  1441 1054 2871 4048
4   863  670 1995 3941
4   737  732 2558 3825
4  2558  612 2569 3825
4  3349 2075 3780 4047
4  2691 4027 4233 4249
4   558  936 4387 4388
4   591  936 1001 4388
4  1452  640 4387 4388
4   444  662 4126 4350
4   591 1001 1237 4388
4  2730 2325 2857 3976
4  3447  840 3561 4197
4  1959  115 3909 3976
4  2857 2325 3289 3976
4  1759 2134 3294 4080
4  2060 2153 3656 3692
4  1560 2060 3656 3692
4  2325 2384 3289 3976
4  1603 2123 2269 3700
4  2153 2060 3651 3692
4  2730 1832 3315 3976
4  1738  415 3376 3998
4  1959 1832 2730 3976
4  3128 2040 3562 3796
4  3315 1832 3909 3976
4  1264 2723 3450 3693
4  2723 1264 2815 3693
4  1155 1385 1466 4392
4  1935 1997 2443 3696
4  1997 1935 2037 3696
4  2037  228 3275 3696
4  2443 1997 3275 3696
4  1997 2037 3275 3696
4  2695 1781 2851 3730
4  3109 3570 3730 3601
4  3109 1148 3601 3730
4   116  117 3926 3939
4  2002 1579 2482 3697
4  1579 2002 2272 3697
4  2179 1579 2272 3697
4  1870 2692 3070 3815
4  1274  813 1920 3732
4  3443 3128 3562 3796
4  2939 1795 3098 3867
4  2153 1720 3656 3699
4  2094  897 3444 4269
4   469  382  887 3736
4   382  357 1100 3736
4  2892 2691 4027 4233
4  3113 2691 3699 4233
4   102  103 4232 4233
4  1959 2730 2857 3976
4  2153 3656 3692 3699
4   986 2153 3692 3699
4   103 3713 4232 4233
4  1720 2691 2892 4233
4  2189 2269 3322 3700
4  1605 2269 2477 3700
4  1605 1603 2269 3700
4  1662  375 2110 4234
4  3186 3122 3633 3701
4  3113 3699 3975 4232
4  1229 3666 4244 4352
4  1930  103 3713 4232
4  1229 4244 4299 4352
4  2432 3637 3649 3812
4   196 1836 2072 3702
4  2128 2432 3649 3812
4  2532 1808 3637 3812
4  1559 2072  196 2717
4  2072 1559  196 3702
4   754 2772 2831 3703
4   754 1497 2772 3703
4  1574  754 2831 3703
4   754 1574 2758 3703
4  1947 1260 2600 4222
4  3780 3710 4204 4366
4  3832 1870 4276 4281
4  4254 3780 4326 4366
4  3348 3695 3710 4366
4  3108 2862 3473 3704
4   194 1559 3181 3811
4   934 2204 3605 3883
4  1622 2982 3108 3704
4  3108 2982 3618 3704
4   144 2154 3204 3705
4  3006 3582 3584 3860
4  2338 2526 3703 4364
4  3641 3203 3747 4236
4  3590 3203 3641 4236
4  1084 1319 3112 3706
4   876 1084 3112 3706
4  1084  876 1319 3706
4  1145 3461 4082 4397
4  1846 1802 1951 4219
4  2313  165 3539 3707
4  3539  165 3687 3707
4  1416 1368 1426 3875
4  1416 1427 1644 3875
4  2197 2150 2680 3708
4  1612 1361 1687 3875
4  2150 2629 2680 3708
4  2150 1198 2629 3708
4  2629 1198 2750 3708
4  1416 1426 1427 3875
4  1465 1426 3374 3875
4  2539 1465 3374 3875
4   690 1203 1612 3875
4  2629 2262 3352 3708
4  2197 2680 3707 3708
4   164 2629 3352 3708
4  2629  164 2680 3708
4  1427 1465 1644 3875
4  1426 1919 3374 3875
4  2680 3687 3707 3708
4   164 3352 3687 3708
4  2680  164 3687 3708
4  1182 3012 3549 3980
4   769  864 2269 3873
4  2532   63 3038 4231
4    62   63 4210 4231
4  1943 2336 3447 4219
4  3175 2703 4339 4384
4  1583 3404 3682 3873
4   833  613 1158 3803
4   437  709 2882 3803
4  3754  973 4405 4410
4   965  732 1790 3825
4   737  750 1790 3825
4  3447 2336 4197 4219
4  1846 1951 2230 4219
4  3372 1182 3549 3980
4  3779 4144 4341 4378
4  3053 1210 4286 4370
4  1737 1131 2618 4229
4  1155 1355 4392 4405
4  2972 3003 4021 4120
4  1257  517 3987 4237
4  1131  908 2618 4229
4   880   17 1665 3748
4   147 1934 3752 4244
4    17   16 2137 3748
4    16   17  880 3748
4  1720  102 4232 4233
4  1028  753 1599 4055
4  1807 2807 3419 4168
4  1577 2076 3647 4212
4  1316 1855 3516 3900
4  1842 1125 2856 3900
4    74 3640 4217 4367
4  1337 1519 2397 3714
4  1519 1337 2235 3714
4    51   52 3784 4288
4  1635 1295 2129 4032
4  1690 2300 2421 3899
4  1205 2915 3397 3923
4   907  602 1659 4407
4   183  184 2877 3727
4  2840 3545 3847 3978
4  2599  204 3545 3978
4  1083 1156 1590 3715
4  1590 1156 2076 3715
4  1156 1577 2076 3715
4  1156 1083 1577 3715
4  4077 2540 4254 4402
4  1390 1577 1673 3715
4  4254 3824 4381 4402
4  3824 2877 4381 4402
4  2310 1436 4077 4402
4  1151 1522 2631 3716
4  1171 1396 2493 3716
4  1171 2493 3354 3716
4  1171  977 2359 3716
4  2359  977 3183 3716
4  1171 2359 3183 3716
4  2631 2036 3165 3716
4  3165 2036 3639 3716
4  2493 3165 3639 3716
4  3354 2493 3639 3716
4  1522 2036 2631 3716
4  1522 1461 2036 3716
4  2370 1831 2447 3717
4  2370 2447 3498 3717
4  1650 2370 3498 3717
4  2056 1348 2128 3928
4  2128 1348 3649 3928
4  3645 2128 3649 3928
4  1505  848 2143 3719
4  1779 1917 2064 3719
4  2064 1917 2376 3719
4  1779 1748 1917 3719
4  1917 1748 2143 3719
4  1783 1779 2064 3719
4  1783 2064 2376 3719
4   848 1505 1779 3719
4  1019  848 1779 3719
4  2143 1748 3633 3719
4  1748 1779 3633 3719
4  1505 2143 3633 3719
4  1779 1505 3633 3719
4  2284  945 2689 3892
4  2557 2284 3817 3892
4  2689 2938 3296 3892
4  1857 1990 2871 3721
4  1990 1857 2529 3721
4  2393 1857 2871 3721
4  1857 2393 2593 3721
4  1737 3040 3690 4003
4   826  753  961 4055
4  1371 2375 2446 4133
4    59   61 2450 3796
4  3471   85 3520 3722
4  2192 3471 3520 3722
4  3203 2019 3378 3971
4   700  270 1233 3723
4   700 1233 3092 3723
4  1663  700 3092 3723
4  1827 2426 3988 4295
4  1844 3309 3763 4043
4  2019 1788 3378 3971
4  2019 1499 3787 3971
4  3422 2462 3454 3724
4  2850 3422 3454 3724
4  2385 3159 3265 3724
4  2385 3265 3515 3724
4  2201 1120 2850 3724
4  2149 2201 2385 3724
4  2257 1587 3083 3724
4  1120 2257 3083 3724
4  2375 2462 3422 3724
4  3083 2375 3422 3724
4  2149 1120 2201 3724
4  1147 2149 2385 3724
4  1587 1147 2385 3724
4  1147 1587 2257 3724
4  2149 1147 2257 3724
4  1120 2149 2257 3724
4  1381 2459 2791 3728
4  2608 1381 2791 3728
4  2049 2459 2656 3728
4  2340 2049 2656 3728
4  2889 2459 2901 3728
4  2049 2889 2901 3728
4  2459 2049 2901 3728
4  1381 2608 3282 3728
4  1381 2459 3282 2701
4  2459 1381 3282 3728
4  2731  227 2872 3729
4  2736 2401 3275 3729
4  2401 2443 3275 3729
4  1757 2872 3274 3729
4  2731 1757 3274 3729
4  1757 2731 2872 3729
4  1148  863 2851 3730
4  2851  863 3109 3730
4  1076 2851 3109 3730
4  2554 1076 3109 3730
4  1076 2846 2851 3730
4  1076 2554 2846 3730
4  2846 2554 3570 3730
4  3220 1823 2108 3582
4  2314  966 3626 4003
4  2127 2220 2360 4003
4    53 2526 3239 3743
4    53   55 2526 3743
4  3916 4273 4367 4398
4  3431  159 3899 4054
4  1708 2143 3438 3995
4  1012  801 3281 4061
4  1011 1756 3769 3988
4  1729  565 1800 4061
4  2019 1735 3787 4239
4  1362  981 1456 3732
4  1362 1456 1991 3732
4  3943 2809 3956 3992
4    34 3943 3956 3992
4  2842 1023 3935 3993
4  2714 2316 3532 3993
4  2289 2355 2714 3993
4  1537 2027 3577 4050
4  2027 1537 3050 4050
4   457  800 2436 3870
4  1795 3098 3457 3872
4  1736 2188 3726 3850
4  1824 2400 4007 4212
4   986 3211 3243 3735
4   986 2691 3211 3735
4  2153  986 2552 3735
4   149  151 3726 3850
4  2109  986 3243 3735
4   986 2109 2552 3735
4  2255 2588 2591 4032
4  3417 3117 3434 4270
4  1577 1390 3756 4401
4   151  150 3093 3850
4  3483 3033 3581 3738
4   972 3243 3735 4269
4   765  890 2394 4000
4   331  342 1228 3822
4   436  371 2912 3870
4  2085 2077 2239 4241
4  2981 1910 3820 3852
4   673 1386 2183 3892
4   350  795 3751 3822
4  2436  800 2912 3870
4   325  368 2912 3870
4  1487 3858 1519  938
4   129 2189 3028 3740
4   776  451 3966 4242
4   519  397 1698 4242
4   397  776 2448 4242
4  2085 3125 3156 3741
4  2484 2085 3156 3741
4  3156 3125 3241 3741
4  3125   83 3241 3741
4  3241   83 3642 3741
4  3156 3241 3642 3741
4   451  611 3966 4242
4   611  451  952 4242
4   776 1698 2448 4242
4   586 1698 4051 4242
4  1826 3155 3722 3741
4   586  519 1698 4242
4   590  776 3966 4242
4   776  590 1698 4242
4  2548 2899 3009 3744
4   104  106  105 3744
4   105  106 2899 3744
4   106  104 3009 3744
4  2899  106 3009 3744
4  1319 3111 3644 4104
4  3111 1880 3644 4104
4  2273  984 2507 4017
4  1598 1256 3786 4243
4  3098 2721 3648 3867
4  2569  755 2917 4104
4  1795 3177 3341 3867
4  1530 2808 3919 4017
4  2914 3694 3919 4017
4  1602 2798 3481 4039
4  1312  601 3608 3881
4  2963 2511 3021 3746
4  3021 2511 3368 3746
4  3021 2712 3387 3746
4  2963 3021 3387 3746
4  2682 3013 3378 3747
4   517 1257 3311 4237
4  1870 1760 3718 4237
4  2999 3396 3397 4171
4  2115 3505 3624 4171
4  2001 1060 3396 4171
4  3013 2682 3057 3747
4  3013 3057 3712 3747
4  3634 1934 3666 4244
4  2987 3690 4316 4353
4   148  146  147 4244
4  2809 2904 4001 4301
4   147  146 3958 4244
4  2962 1580 3457 3798
4  1301 1429 1475 3840
4   717 1102 1679 3750
4   717 1679 3096 3750
4  1238 1679 3411 3750
4  2090 1238 3411 3750
4  1987 2442 3667 3840
4  2059 2546 3028 3750
4  2090 2059 3028 3750
4  2060 1560 3833 3840
4  2442 1987 3130 3840
4  1238 1373 1679 3750
4  1679 1373 3096 3750
4  1238 2090 2123 3750
4  1373 1238 2123 3750
4  1373 2123 3096 3750
4  1283 1343 2654 3753
4  2478 1897 2654 3753
4  1343 2478 2654 3753
4  3616 2982 3636 3753
4  2982 3616 3618 3753
4   161 1343 3618 3753
4  1343  161 2478 3753
4  2862 3616 3636 3753
4  3605 2862 3636 3753
4  3616  162 3618 3753
4  2478  161 3605 3753
4  1897 2478 3605 3753
4   162  161 3618 3753
4   161  162 3605 3753
4  2862  162 3616 3753
4   162 2862 3605 3753
4  2305 2450 3379 3755
4  3064 1608 3379 3755
4  1608 2305 3379 3755
4  2839 1186 2933 4401
4  2813 1834 3580 4195
4  1126  354 3303 4275
4  1261 1098 2310 4402
4  1097  396 3174 4246
4   555  354 1126 4275
4  1804 1125 2091 3974
4  2011 1869 3316 3827
4  1834 1343 3580 4195
4  2920 3484 3202 1283
4  1069  635 2110 3757
4   448  656  783 3785
4   140  141 2280 4149
4    51   50 2657 4148
4  1292 2212 2285 4073
4  2904 3943 4001 4301
4  4095 2578 4135 4251
4  1306 2561 4135 4251
4  2179 2696 3152 3760
4  2295 1606 2983 4247
4  3152  226  224 3451
4   226 3152  224 3760
4  2316 2167 3036 3939
4  2316 2355 3325 3939
4   537 3521 3549 4128
4  2355 2316 3036 3939
4  3648 3576 3773 4103
4  3152  226 3435 3760
4  3156 3361 3642 3761
4  3232 3156 3241 3761
4  3232 3241 3453 3761
4  3241 3156 3642 3761
4    84 3241 3642 3761
4  2243  247 2953 3762
4   250  249 2283 3762
4   249  250 2152 3762
4  2152  250 2283 3762
4   103 3713 4233 4249
4   109  108  107 4045
4  2190 3318 3737 4045
4   101 1901 3713 4249
4  3254 3885 3973 4044
4   107  108 3318 4045
4   177  176 3032 4044
4  3885  177 3973 4044
4   109 3669 3737 4045
4  2715 4027 4189 4249
4  1901  101 2715 4249
4  2190 2742 3318 4045
4  3318  108 3737 4045
4   177 3032 3973 4044
4   146  148 4063 4299
4   581 1087 4282 4302
4  2807 1807 3220 3951
4  2748 1859 3019 4239
4  2955   55 3743 4002
4  1807  803 3220 3951
4  1222 1430 1510 3951
4  3186 4131 4156 4210
4    55 2526 3902 4002
4   905 1640 2349 3766
4   634  905 2349 3766
4  1797 2767 2979 4109
4   796 1690 2312 3768
4  2578 1306 4135 4251
4   796 1030 2333 3768
4   861  796 2333 3768
4  1021  822 1030 3768
4   822 1021 1026 3768
4  1769 2280 2847 4149
4   945 2433 2689 4150
4    50   51 3784 4148
4  3191 3304 3908 4149
4  1306  454 2561 4251
4  1029  822 1774 3768
4   822 1029 1030 3768
4  1029 1774 2333 3768
4  1030 1029 2333 3768
4  2227 1730 3255 3769
4  3025 2227 3255 3769
4  2241 1807 2807 3951
4  2124 2470 2795 3989
4  2024 1981 2795 3989
4  1252  789 3508 3769
4  1597 1620 2783 3989
4   789 1011 3508 3769
4  1011  789 2849 3769
4  1417 1358 3543 4082
4   658  275 1782 3949
4  2315  658 2732 3949
4  1815 1910 3937 3985
4  1910 1053 3937 3985
4   787 2000 3255 3985
4   661  579 1558 4253
4   579  709 3804 4253
4   778 2233 3266 3826
4  1290 1390 2866 3826
4   579  530 1558 4253
4  3804  709 4105 4253
4   661 1558 1598 4253
4   687  717 3367 3774
4   970  799 2331 3774
4   799  970 1986 3774
4  1986  970 2331 3774
4  1152 3431 4132 4312
4  3922 3931 4052 4312
4    50   52 3353 3784
4  1136  687 1599 3774
4  1599  687 3367 3774
4  1136 1599 3367 3774
4  2384 3289 3976 3997
4  3469  137 4230 4289
4  1971 1308 2122 4080
4  3114 3101 3592 3992
4    33   34 3114 3992
4  1593 1437 4085 4115
4    68   69 2622 3793
4  2748 2341 3019 4115
4   767 1503 3335 4100
4  1694 1348 1803 3777
4  1694 1803 1925 3777
4  1925 2043 2272 3777
4  1694 1925 2272 3777
4  1224 1694 2081 3777
4  1224 1348 1694 3777
4  2081 1694 2272 3777
4  2043 2081 2272 3777
4  2043 1887 2064 3777
4  1779 2043 2064 3777
4  1887 1779 2064 3777
4  1803 1887 1925 3777
4  1925 1887 2043 3777
4  2045 1974 2330 3790
4  2037 1641 2045 3790
4  1347  744 1457 3878
4   814 1347 3816 3878
4  2716 1170 3683 3862
4   275  347 2414 3878
4  2464 3683 3725 3862
4  1199 2464 3725 3862
4  2075 1145 3349 3780
4   511 1413 1621 4255
4  2188 1095 3478 4048
4  2063 1405 2468 4078
4  1054 3478 4023 4048
4  2647 3346 3375 4218
4  1282 1922 3709 4218
4  3346 2647 3640 4218
4  2800 4217 4273 4367
4  1054 1441 3478 4048
4  4087 3565 4158 4205
4  2063 1822 3610 4078
4  1413 1155 1621 4255
4  3122 3038 3633 4231
4  1117  701 2199 4048
4  2199 4023  701 1613
4  2199  923 3891 4048
4  1718 2389 3131 3782
4  2389 1718 2641 3782
4  1680 1486 3691 3782
4  1486 1680 3131 3782
4  1379 2759 2896 4256
4  1621 1466 3455 3783
4  1255 1986 3455 3783
4  1466 1255 3455 3783
4   701  539  808 4256
4  1379 1044 4080 4256
4   665 1379 2559 4256
4  1379  563 2559 4256
4  1033 1706 2452 4257
4  1225 1759 3294 4080
4   448  380  464 3785
4  1007  783 2025 3785
4  1502 1944 3434 4392
4  1155 1355 1385 4392
4   783  656  926 3785
4   783  926 2025 3785
4  3434 1944 4359 4392
4  1355 1502 3554 4392
4   926  656 3679 3785
4  1944 1385 4359 4392
4   656 2416 3679 3785
4  1153  926 3679 3785
4   926 1153 2025 3785
4  1812 2638 2689 4240
4   903 2284 4076 4240
4   903 1812 2183 4240
4   891 4163 4216 4285
4    15  306  650 4057
4   651  884 2638 4240
4  2284  903 3892 4240
4  2284  945 4076 4240
4   945 2126 4076 4240
4   651  903 2126 4240
4   903  651 1812 4240
4  3484 2920 3202 4195
4  3710  183 4204 4326
4  1885 1974 2045 3790
4   551  779 1868 4259
4   853  359 1363 4259
4   670  844 1181 3941
4  1363 1868 4011 4259
4   940  853 4011 4259
4   853 1363 4011 4259
4   703 1868 3541 4259
4  1868  703 4011 4259
4  1953 2046 2104 3792
4  1503 1950 3335 4100
4  1012  801 1531 3792
4  1012 1531 3199 3792
4  1531  801 2104 3792
4  2104  801 3281 3792
4  1531 2046 3199 3792
4  2046 1531 2104 3792
4  1950 1481 3335 4100
4  1950  993 3102 4100
4   993 1546 3148 4100
4  3453 2192 3761 3795
4    84 3453 3761 3795
4  3155 3722 3741 3795
4  3722   83 3741 3795
4    83 3642 3741 3795
4  3453   84 3471 3795
4  2192 3453 3471 3795
4  3361 3642 3761 3795
4  3155 3361 3761 3795
4  2484 3155 3741 3795
4  3642 2484 3741 3795
4  3155 2484 3361 3795
4  3361 2484 3642 3795
4   761  685  827 4414
4   853 1363 2582 4011
4   579  709 4253 4260
4  1647 1469 2678 4136
4  1721 1176 2902 4095
4  2026 2739 3952 4011
4  2026 1178 2739 4011
4  2026  940 2582 4011
4   170  172 2125 3864
4  2828 1522 4313 4376
4  3052 2509 3953 4136
4  1536 1018 3617 3798
4  1018 1536 1580 3798
4  1580 1536 3617 3798
4  1610 1289 1982 3798
4  1289 1610 1795 3798
4  2838  825 2890 4089
4  3055 3328 4117 4168
4  2866 3877 4083 4317
4  2836 1982 2876 3798
4  1216 1308 3327 4089
4  2269 1605 2937 3873
4  1197  769 2269 3873
4  3055 1215 3419 4168
4  2644 2486 3789 4185
4  2499 1982 2672 3798
4  2899 2675 3536 3799
4  1909 2899 3536 3799
4  1958 2921 2977 3868
4  1740  199 2774 3852
4  2691 1720 2892 3869
4  1725 2216 3184 4134
4  2327 2691 2892 3869
4  3195 3180 3362 3800
4  3195 3362 3478 3800
4  1943 1846 2336 4219
4   761  613  833 3803
4   761  833 1363 3803
4   551 1158 1886 3803
4  1158  551 1363 3803
4   761  551 1886 3803
4   551  761 1363 3803
4   635  615 1344 3804
4   615  530  697 3804
4   530  615  635 3804
4   372  424  907 4407
4  1069  635 1132 3804
4   324 1069 1132 3804
4   940 1129 1149 4106
4  4390  698 4403 4409
4  1358 3417 3533 4106
4  1292 1934 3634 4245
4   815 2468 3990 4245
4  1514  973 4389 4405
4  3634 1934 3752 4245
4  1069 1279 2110 4323
4  2303 2752 2991 3806
4  1859 3019 4049 4115
4  4049 1593 4085 4115
4  2303 2116 2752 3806
4  2752 2116 2848 3806
4  1229 1027 3678 4315
4  4151   68 4174 4322
4  2622 2975 4101 4322
4  4101 2975 4151 4322
4  4151 4174 4305 4322
4  1027 3603 3678 4315
4   461 1027 3666 4315
4  3384 1593 4049 4115
4  3019 3384 4049 4115
4  3019 2341 3384 4115
4  2848 2116 3369 3806
4  2116 2303 3369 3806
4  1047 1258 2178 4376
4   767 1047 2178 4376
4  2263 3198 3479 3808
4  1795 3457 3798 3872
4  3160 3187 3524 4270
4   180 3198 3480 3808
4  3480 3198 3481 3808
4  1602 2263 2441 3808
4  2441 2263 3479 3808
4  3198 2263 3481 3808
4  2263 1602 3481 3808
4  1602 1446 3481 3808
4  1876 2231 3671 3810
4  3671 2231 3704 3810
4  2982 1283 3618 3810
4  2982 3618 3704 3810
4    22 3747 4236 4351
4  1808 2844 3637 3812
4  3637 2844 3649 3812
4   987  868 3649 3812
4  1632 3044 3400 3812
4   868 1632 3400 3812
4  1808  987 2844 3812
4  2844  987 3649 3812
4   868  987 3317 3812
4  1632  868 3317 3812
4  3044 1632 3317 3812
4  1814 3044 3317 3812
4  1814 1808 3044 3812
4   987 1808 1814 3812
4   987 1814 3317 3812
4  1110  771 2258 3813
4   771 1110 1725 3813
4  1725 1110 2258 3813
4  1802 2258 2636 3813
4   791 1802 2636 3813
4  2636 2118 2905 3813
4   791 2636 2905 3813
4  2118 2720 2905 3813
4  2720 1715 2905 3813
4  1715  791 2905 3813
4  2636  771 3169 3813
4  2118 2636 3169 3813
4   771 2118 3169 3813
4  2751 2186 3732 3814
4   813 1249 3732 3814
4  1274  813 3732 3814
4   520 1274 2047 3814
4   520  813 1274 3814
4   813  520 1249 3814
4  1249  520 2047 3814
4   508 1078 1325 3816
4  1325 1078 1347 3816
4  1325 1347 1457 3816
4  3682 2929 3685 3947
4  1325 1457 2222 3816
4   847 1078 1165 3816
4   847  814 1078 3816
4   447  427 1962 3816
4   814  847 1962 3816
4   447 1165 1956 3816
4   427  447 1956 3816
4   447 1962 2475 3816
4  1165  447 2475 3816
4  1962  847 2475 3816
4   847 1165 2475 3816
4  1123 1404 2255 4032
4  1404 2102 2588 4032
4  2827 3093 3850 3898
4  2827 3850 3891 3898
4  1291 1295 1770 3853
4   559  625 1948 3853
4   625 1040 1557 3853
4   197  199  198 3820
4  1423 1392 4095 4135
4   197 3686 3770 3820
4  2180  197 3770 3820
4  1557 1040 1948 3853
4   625 1557 1948 3853
4   197 2180  199 3820
4  2180  197  199 2168
4  2188  149 3726 3850
4   354  351 1712 3822
4   350  354 1712 3822
4   351  329 1712 3822
4   328  331 1712 3822
4   331  328  342 3822
4   890  280 1232 4000
4   278  522 2854 4000
4   278  765 2394 4000
4   364  351 3751 3822
4   795  364 3751 3822
4   364  342 1656 3822
4   351  364 1656 3822
4   329  328 1712 3822
4   328  329  342 3822
4   329  351 1656 3822
4   342  329 1656 3822
4  3140   49 3474 3823
4    49 2762 3474 3823
4  2762   49 2916 3823
4  2916   49 3030 3823
4  2762 2916 3030 3823
4   329  328  698 4390
4  3543 1129 3631 4327
4  2536 2973 3783 4255
4  1155 1101 2536 4255
4  1681  965 1790 3825
4  2030  737 2569 3825
4   876 2030 2569 3825
4   750  737 2030 3825
4  1681 1790 2774 3825
4  1790  750 1911 3825
4  1558  530 4105 4253
4  2030  876 3112 3825
4   750 2030 3112 3825
4   876  750 3112 3825
4  1790 1911 2774 3825
4  1161 1681 1700 3825
4  1700 1681 2774 3825
4  3245 2185 4190 4261
4  2934 3254 3316 4261
4  1598 1558 4105 4253
4   530 3804 4105 4253
4  2185 2934 3638 4261
4   568  943 2233 3826
4   778  568 2233 3826
4   568  778  943 3826
4  1390 1660 1673 3826
4  1923 1210 3324 4370
4  3558   76 4142 4220
4  1104 2013 2233 3826
4  2013 1104 2172 3826
4  1717 2002 2354 3829
4   524  806 1762 3904
4  1006 2161 2316 3830
4  2316 2161 2765 3830
4  1338 2300 2672 4167
4  2672 2300 3969 4167
4  2765 2450 3364 3830
4  2450   60 3364 3830
4   806  524 2737 3904
4   763  964 2088 3904
4   983 1983 3638 3904
4   964  763  967 3904
4   541  377  837 3831
4   377  541  633 3831
4  2108  541 3121 3831
4   837 2108 3121 3831
4   541  837 3121 3831
4   327  491 1063 3831
4   633  327 1063 3831
4   170  171 3864 4264
4  1208 2406 4330 4394
4  1922 3439 3559 4395
4  1174 2466 3126 4282
4  1907 2290 2550 4264
4  1925 1917 2016 4264
4   581 1087 4268 4282
4  1375 2375 4133 4278
4   174 3360 3749 4186
4   334 1140 4265 4342
4  3360 3077 3749 4186
4  2535 2240 3514 4278
4  2375 1587 2662 4278
4  1294 1930 3113 3975
4   575 1016 1947 3975
4    75   76 2800 4367
4  3640 1333 4217 4273
4  2868 1333 3916 4273
4  1772 1958 3445 3835
4  1772 1905 1958 3835
4  2992 2143 3438 4223
4   234 2388 4122 4309
4   889 1947 2596 3975
4  1774 1304 4130 4250
4  1294 1016 3656 3975
4  2121 2388 2945 4309
4  1720 3656 3699 3975
4   580  333  817 3838
4   817  580  332  957
4   580  817  332 3838
4  3784 4062 4148 4311
4  3353 3969 4062 4311
4  1625 1026 3650 4311
4  2466 3353 3784 4311
4  2078 1481 4313 4377
4   969  306 3828 3838
4  3126 2819 4282 4311
4  3650 2819 3759 4311
4   650  306 1723 3838
4  3335 1481 3354 4058
4   562   12 1723 3838
4    12  562  675 3838
4  2819 3126 3784 4311
4    12  650 1723 3838
4  2036   92 3639 4058
4  2819 3784 4148 4311
4  3126 2466 3784 4311
4  1625 1500 2466 4311
4  1429 1594 3130 3840
4  1429 1301 1594 3840
4  2060 3833 3836 3840
4  1560 2060 3018 3840
4  1301 1560 3018 3840
4  3018 2060 3836 3840
4  3833 2442 3836 3840
4  2442 3130 3836 3840
4  2171 1987 2198 3840
4  1475 2171 2198 3840
4   711 1475 2198 3840
4   711 1301 1475 3840
4   711 2198 2705 3840
4  1301  711 2705 3840
4  1348 1779 3777 3841
4  1348 1505 1779 3841
4  3381 1224 3841 3928
4  1505 3381 3841 3928
4  1526 2089 3022 3843
4  2089 1526 2585 3843
4  2612  590 3831 3844
4   590  516 3831 3844
4   548  470  776 3844
4   837 2612 3831 3844
4   633  837 3831 3844
4   428  470 2790 3844
4  2058 2821 3862 3848
4   776  428  470 1664
4   428  776  470 3844
4  1305  837 2790 3844
4   470 1305 2790 3844
4   548  837 1305 3844
4   470  548 1305 3844
4   540  990 3814 3846
4   540  435  990 3846
4   439  435  540 3846
4   439  540 3814 3846
4   317  838 1049 4234
4   214  213 3773 3979
4  3481 3480 3808 3848
4  3577 2058 2821 1199
4   430  494 2942 4265
4  2058 3481 3577 3848
4  2821 1446 3808 3848
4  1446 2821 3577 3848
4   180  181 3808 3848
4   181  180 3720 3848
4  1446 3481 3808 3848
4  3481 1446 3577 3848
4  2727 3417 3434 4270
4   905  758 3766 4108
4   518  634 1864 4108
4  3735 2552 3739 3849
4  1711 3735 3739 3849
4  3457 2836 3798 3872
4  3268 3462 3866 3983
4  2552 3651 3739 3849
4  2213  998 3071 4360
4  2342 1595 3071 4360
4  3524 3187 3653 4270
4   798  403 1071 4399
4  2800 3524 3837 4270
4  3620 2983 3635 4271
4  3653 3187 3837 4270
4  2727 3434 3524 4270
4  1071  627 4013 4399
4  1700 1740 2774 3852
4  1681 1700 2774 3852
4  1700 1681 1740 3852
4  2578 1367 3921 4135
4  1291 1770 3015 3853
4   628 1291 3015 3853
4   628  935 1291 3853
4  1291  935 1295 3853
4   628 1948 2595 3853
4   935  628 2595 3853
4  1948 1295 2595 3853
4  1295  935 2595 3853
4  2843 1768 3072 3854
4  1831 2843 3072 3854
4  1883 1563 3441 3854
4  1563 1768 3441 3854
4  1563 1831 3072 3854
4  1768 1563 3072 3854
4  3449 1272 3823 3855
4  3655 3449 3823 3855
4  1058 3655 3823 3855
4  3233 1058 3823 3855
4  2690  849 3009 3855
4   849 2690 2792 3855
4  3009  849 3233 3855
4   483  708  849 3855
4   849  708 3233 3855
4   483  849 2792 3855
4  1960 1896 3854 3856
4   998  879 3268 3896
4  2975 2622 3615 4151
4  2975 2678 3316 4151
4  2622   68 3615 4151
4  3244 1869 3316 4151
4   725 3288 4112 4306
4  1904  593 3193 4175
4  2678 3244 3316 4151
4  3218 2678 4114 4151
4  1357  725 3403 4306
4  2532 3400 3812 4156
4  2159 2142 2532 4156
4  1277 2593 3714 3858
4  1050 1277 3714 3858
4   118 4035 4040 4041
4  1218 1050 3084 3858
4  3062 1218 3084 3858
4  3062 3084 3424 3858
4  3084  587 3424 3858
4   101 2715 4027 4034
4  1050 1218 1277 3858
4  1277 1218 3062 3858
4  3090 3036 4040 4041
4  3188  154 3968 4121
4   814  405  906 3878
4  2058 3577 2821 3848
4  2058 2821 1199 3862
4  3002 2821 3094 3862
4  1170 1353 3683 3862
4  1353 1170 3002 3862
4  2716 1160 2821 3862
4  3720 3094 3848 3862
4  2058 3720 3848 3862
4  2740 3094 3720 3862
4  2740 3002 3094 3862
4  1353 1781 3683 3862
4  1199 1160 1626 3862
4  1626 1160 2716 3862
4  3094 2821 3848 3862
4  1160 1199 2821 3862
4  1199 1160 2821 3577
4  2740 1353 3002 3862
4  3283 2740 3720 3862
4  1781 1353 2740 3862
4  1781 2740 3283 3862
4   942 2325 2857 3865
4  1946  942 2857 3865
4  2406 3158 4263 4362
4  1045 3158 4277 4362
4   222  221 1958 4272
4  3158 1045 4263 4362
4  1958  221 2624 4272
4  1958 1905 3868 4272
4  2826 3268 3675 3866
4  2071 2794 2923 3866
4  2923 2794 3571 3866
4   999 2273 2914 4017
4  2808  999 3919 4017
4  2914   42 3694 4017
4  2273  999 2808 4017
4   755  876 1084 4104
4  3576 3240 3799 3867
4   876 2030 3112 4104
4  1713 1879 1928 3869
4  1928 1879 2906 3869
4  1713 1720 1879 3869
4  3735 1711 3739 3869
4  2153 3735 3739 3869
4  2153 1720 3735 3869
4  3739 1711 3821 3869
4  1711 2906 3821 3869
4  1879 3739 3821 3869
4  2906 1879 3821 3869
4  1879 1720 2153 3869
4  1879 2153 3739 3869
4  3457 3098 3802 3872
4  2836 3457 3802 3872
4  2866 3756 4317 4379
4  3350 3960 4003 4296
4  3960 3350 4008 4296
4  1764 2929 3682 3873
4  1764 1605 2929 3873
4  3404 1764 3682 3873
4  1626 2242 3404 3873
4   864 1626 3404 3873
4  1626  864 2242 3873
4  1764 2242 2411 3873
4  2411 2242 2937 3873
4  1605 1764 2411 3873
4  1605 2411 2937 3873
4  1618 1764 3404 3873
4  1764 1618 2242 3873
4  2242 1618 3404 3873
4   992 3073 3268 3874
4   920  992 3268 3874
4  2985  920 3268 3874
4  2362 2985 3000 3874
4   920 2362 3000 3874
4  2362  920 2985 3874
4  1111  920 3000 3874
4   920 1111 2262 3874
4  2262 1111 3000 3874
4  3268 3073 3097 3874
4  3073 3268 3097 2841
4  2243 2539 3374 3875
4  1612 1687 2243 3875
4  1416 1644 1908 3875
4  1908 1644 2539 3875
4  1687 1416 1908 3875
4  1687 1908 2243 3875
4  2243 1908 2539 3875
4  2350 3273 4084 2995
4  3035 2733 3405 4084
4  1347 1457 3816 3878
4   279 1457 2414 3878
4  1457  279 2222 3878
4  2222  279 2414 3878
4  2836 3872 3932 3982
4  3872 1610 3932 3982
4  2615 2454 3044 3879
4   119 2615 3044 3879
4  2929 2818 3685 3947
4   120 2533 2615 3879
4  2533 2454 2615 3879
4  2533 2454 3981 1820
4  1701 3215 3468 3982
4  2836 1982 3872 3982
4  2030 1263 3111 4104
4   581  489 2958 3881
4   489  581 1312 3881
4  1174  581 3509 3881
4   581 1174 1312 3881
4   978 1174 3509 3881
4  1312 1174 3139 3881
4   705 1312 3139 3881
4   705  978 2164 3881
4  2164  978 3509 3881
4  1174  978 3139 3881
4   978  705 2556 3881
4  2556  705 3139 3881
4   978 2556 3139 3881
4  1070 2276 2504 3882
4  1253 1091 1279 4126
4  3181 2506 3811 3882
4  2276 3181 3811 3882
4  3772   97 4138 4324
4  2654 2478 2735 3883
4  1897 2654 2735 3883
4   944 2478 3629 3883
4  2478  944 2735 3883
4  2735  944 3629 3883
4   441 1128 2735 3883
4   934  441 2735 3883
4   441  934 1128 3883
4  1721 1850 2537 3884
4  2498 2013 3100 4060
4    74   75 4283 4367
4  1542  891 1760 4060
4  3052 3615 3793 4174
4  2498 3100 3408 4060
4  2864 1542 3070 4060
4  2537 1850 2743 3884
4  2467 2260 2537 3884
4  2467 2537 2743 3884
4  2332 2467 2743 3884
4  2332 1260 2467 3884
4  2332 2743 3319 3884
4  2660 1157 4153 4223
4  1885 1997 3070 4276
4  4297 1031 4304 4373
4  1885 1641 2037 4276
4   274  273 1777 3887
4   273  274 1130 3887
4   591 1130 1784 3887
4   260  273 1452 3887
4  2000 1053 2774 3985
4  1364 2473 3200 4099
4   274 1777 1784 3887
4  1130  274 1784 3887
4   567  481 1452 3887
4   481  567  591 3887
4   591  567 1452 3887
4  1246  260 1431 3887
4   481 1431 1452 3887
4  1431  260 1452 3887
4  1395 1424 2326 3890
4  2293 2375 2719 2446
4  1704 2722 4037 4292
4  1039 1770 3184 4134
4  1303 1395 3136 3890
4  2662 1303 3136 3890
4  1770  746 3015 4134
4   625  559 3906 4134
4  1040 1770 3853 4134
4  3813  625 3906 4134
4  1531 1497 2003 4364
4  1395 1303 1424 3890
4  1424 1303 2662 3890
4   959 3158 4094 4263
4  1389 2784 3650 4282
4   889  722 3243 4358
4  1028  547 1798 4055
4  3093 2827 3850 3891
4  2827 3093 3721 3891
4  3721 3093 3850 3891
4  1273  772 2420 3894
4  2420  772 3308 3894
4  1904  315 3828 4310
4  1076 2554 3542 3894
4  3308 1076 3542 3894
4  2669 1076 3308 3894
4  1076 2669 2846 3894
4   482 1904 3828 4310
4  1786 3264 3513 4123
4  1904 1382 4175 4310
4   315  327  793 4310
4  2695 2669 2945 3894
4  2669 2695 2846 3894
4  2945 2669 3197 3894
4  3197 2669 3308 3894
4  2945 3197 3308 3894
4  2158  857 3907 4279
4  1496 1338 2672 4167
4   920 2362 3268 3896
4   879  920 3268 3896
4   920  879 2362 3896
4  3225 2644 4194 4207
4  3653   75 3912 4220
4  1888 2119 3675 3896
4  2119 1888 2147 3896
4  2177  939 3817 3897
4   939 2177 2504 3897
4  2504 2177 3817 3897
4  1434 1650 3442 3897
4  1650 1434 2504 3897
4  1380 1434 3442 3897
4  1747 1977 2504 3897
4  1434 1747 2504 3897
4  1434 1380 1747 3897
4  1747 1380 1977 3897
4  1460 1736 3726 3898
4  2763 1633 3149 3908
4  2858 3565 4230 4348
4  1050 2397 3714 3898
4  2824 2712 2847 3908
4  1555 1277 3891 3898
4  1277 1555 1931 3898
4  1635 1769 2174 4032
4  1460 2235 3714 3898
4  2588 1769 2591 4032
4  1843 1555 3891 3898
4  1555 1843 1931 3898
4  1931 1843 3891 3898
4  2014 1316 2815 3900
4  3119 2645 3436 4383
4  3925 3760 4145 4336
4  1125 1842 2014 3900
4  1024 1125 2014 3900
4  1855 1316 2921 3900
4  1842 1855 2921 3900
4  4263 1045 4281 4362
4  1316 2014 2921 3900
4  2815 1316 3299 3900
4  3299 1316 3516 3900
4   450  727 1239 4176
4  2360 1737 2435 4003
4  4101 4151 4305 4322
4  1737 2220 3040 4003
4  1333 1242 3689 4366
4  1333 3689 3695 4366
4  3349 4273 4217 4366
4  3544 2161 3755 3903
4  1608 2630 3302 3903
4  2305 1608 3302 3903
4  3302 3531 3562 3903
4  2305 3302 3562 3903
4  2161 2765 3830 3903
4  2765 2161 3544 3903
4   524  417  964 3904
4   964  417 2088 3904
4  2737  964 3365 3904
4   967 2737 3365 3904
4   964  967 3365 3904
4  1566 2353 3086 3989
4  3118 3086 3680 3989
4   554  471  569 3906
4   569  471 3813 3906
4  2118  569 3813 3906
4   625 2118 3813 3906
4   952  569 2118 3906
4   519  397  952 3906
4   397  519  559 3906
4   554  569  952 3906
4   554  952 2749 3906
4   519  952 2118 3906
4   625  519 2118 3906
4   559  519  625 3906
4    53   55   54 4280
4  3670   53 4221 4280
4  1931  923 2926 3907
4  1050 1931 2926 3907
4  2636 2905 3175 4348
4  2800   74 4217 4367
4  3469 2676 4230 4348
4    55   53 2526 4280
4  2877  183 3727 4326
4   492  375 1784 4350
4  1164  441 2735 4320
4   141 2824 2847 3908
4  2824  141 2969 3908
4  2969  141 3191 3908
4  3516 2918 3602 3910
4  1963 2626 3529 3910
4  2626 1963 2856 3910
4  2856 1963 3529 3910
4  2313 2680 3414 3911
4  2989 2313 3414 3911
4  2313 2989 2994 3911
4   166 2313 2994 3911
4   741  683 2415 4399
4  3640 3916 4283 4368
4  3653   75 3837 3912
4  3008 3653 3837 3912
4  1415 2449 2610 3917
4  1349 1534 2610 3917
4   403  627 1071 4399
4   627 2402 4013 4399
4    14  368 2912 4369
4  1922 1282 3709 4396
4   325   14  918 4369
4  2301 1789 2581 3914
4  1625 3969 4062 4147
4  2301 2581 3050 3914
4  1537 2301 3050 3914
4  2131 2372 3313 3915
4  2067 2131 3652 3915
4  1753 2067 3652 3915
4  3313 1753 3652 3915
4  2131 3313 3652 3915
4  3503 3429 3510 4274
4  2297 2952 3288 4284
4  2952 3012 3288 4284
4  3943 2809 3992 4301
4  2825 1357 3288 4284
4  1358 1145 4082 4397
4  3461 2417 4082 4397
4  1235 2275 2503 4284
4  2767 3006 3860 4109
4   872 1327 3037 4228
4  2767 1470 3006 4109
4  1683 2253 3604 3917
4  1415 1683 3604 3917
4    75 3837 3912 4283
4  1497 3007 4347 4364
4  2742 2784 3318 4025
4    36   37   35 3918
4  1528 3550 3879 3981
4  3101 3764 2613 4301
4   188 2729 3115 3962
4   177 3626 3885 3973
4    12  675 1325 4057
4  3285 3115 3684 3962
4  1966  190 2541 3962
4  3316 2011 3827 3973
4   472  414  566 4285
4  2088  512 4216 4285
4   512  666 4216 4285
4   666  891 4216 4285
4  1226 1141 2853 3919
4   999  958 2808 3919
4   958  999 1226 3919
4  1308 1226 2853 3919
4  2808 1308 2853 3919
4   958 1226 1308 3919
4   958 1308 2808 3919
4  1013 1338 3139 4211
4  2300 2421 3899 4211
4  3899 2421 4054 4211
4  2798  864 3481 4039
4  2527 1367 3061 3921
4  1367 2527 2578 3921
4  2300 2706 3353 3969
4  2814 3205 3901 4063
4  2657   50 2706 3969
4  2509 3295 3953 4136
4  1009 1449 3953 4136
4  3104 2876 3221 3922
4  2939 3802 3872 3932
4  2659 3104 3221 3922
4   137 3469 3470 4140
4  3031 1205 3394 3923
4  1205 2115 3394 3923
4  2115 3246 3624 3923
4    23 2115 3624 3923
4  3246 3397 3398 3923
4    23   25 2115 3923
4  2115   25 3394 3923
4   149 2529 3977 4070
4  2529 1857 3977 4070
4  3126 3784 3996 4288
4  2819   51 3784 4288
4  3398   23 3624 3923
4  3246 3398 3624 3923
4   350  331  354 3924
4   354  331  523 3924
4   331  770 1072 3924
4   523  331 1072 3924
4   292  523 3665 3924
4   182 2310 2877 4199
4  1072  770 3665 3924
4   523 1072 3665 3924
4   334  475  860 4342
4  3024  664 3257 4320
4   877 3223 4202 4203
4  3016 2308 3053 4286
4   350  354 2694 3924
4  3077 3832 4185 4371
4  1385 2098 2869 4406
4  3014 3668 3778 4290
4  1234 2498 3987 4216
4  3815 2498 3987 4371
4   354  636 2694 3924
4   354  523  636 3924
4   139  137 4140 4289
4  2282 2452 4257 4293
4   589  645 1030 4319
4  2061  766 4013 4372
4  1529 1505 3607 3928
4  1505 1529 3381 3928
4  2990 2844 3381 3928
4  3637 3645 3649 3928
4  2844 3637 3649 3928
4    64 3607 3645 3928
4  2990 1529 3607 3928
4  1529 2990 3381 3928
4    64 2990 3607 3928
4    64 2844 2990 3928
4  2844   64 3637 3928
4  3637   64 3645 3928
4   446  280  901 3929
4   291  446  901 3929
4   548  734 1994 3930
4  2375 1587 3083 3930
4  3136 2375 3422 3930
4  2306 3136 3422 3930
4  3083 2306 3422 3930
4  2375 3083 3422 3930
4   139  137 3470 4140
4  1806 3668 4170 4290
4  2682 3057 3747 4290
4  3773  213 3851 3932
4   213 3773 3802 3932
4   133 3119 3206 4338
4  2703 1092 4339 4384
4  3216 3123 4097 4384
4  3148 1097 3174 4124
4  2657 3996 4288 4292
4  4130 1704 2722  861
4   771 1110 2703 4384
4  2451  133 3206 4338
4  2722 2941 4037 4292
4  3676 1704 4037 4292
4  1304 4130 4250 4292
4  2941 3676 4037 4292
4  1704 2722  861 4037
4  1704 2657 4250 4292
4  2482 1607 3697 3933
4  3371 2482 3697 3933
4  1607 2482 3141 3933
4  3141 2482 3371 3933
4  3830 3531 3893 3935
4  3443 3830 3893 3935
4  3531 3443 3893 3935
4    38   40 2234 3994
4  2549  921 2842 3935
4  1023 2549 2842 3935
4  3596 3609 3610 4072
4  2234 3613 3990 3994
4  3613 2212 3990 3994
4  3244 3032 3973 4074
4    40   38  929 3994
4    40  929 3613 3994
4  2822 2765 3443 3935
4  2082 2822 3443 3935
4  2765 2822 3532 3935
4  2822 2082 3532 3935
4  2082 1023 3532 3935
4    38 2234 2468 3994
4  2468 2234 3990 3994
4   660  473 1118 4068
4  1118  473 1620 4068
4    96 2282 4257 4293
4   790 2154 2625 3937
4  2625 2154 2766 3937
4  1118 1620 3088 4068
4  2766 2154 2820 3937
4  2156 2766 2820 3937
4  2154 2156 2820 3937
4  2224 2190 3807 3965
4  2081 1579 2179 3938
4  2917 3114 3475 3964
4  1579 1073 2563 3938
4  1880 3101 3114 3964
4   118 2842 4035 4041
4  2162 2549 2842 4041
4   212 3851 3867 4103
4   704 1224 3841 4036
4   583 1744 2724 4036
4  2509 2303 3218 4114
4   583  704 1744 4036
4  1036  677 1076 3941
4   740 1036 2960 3941
4   740  677 1036 3941
4   863 1995 2851 3941
4   769  670 2960 3941
4   670  769 2798 3941
4  2798  769 2960 3941
4  1138 1995 2798 3941
4  1036 1138 2798 3941
4  1138 1036 1995 3941
4  1037 2798 2960 3941
4  1036 1037 2960 3941
4  1037 1036 2798 3941
4  1076 3269  677  975
4  3269 1076  677 3941
4   677  513  844 3941
4   513  677  740 3941
4   513  740 2960 3941
4   844  513 2960 3941
4  1076  863 2851 3941
4   863 1076 3109 3941
4  3109 1076 3269 3941
4   863 3109 3269 3941
4  1036 1076 1773 3941
4  1036 1773 1995 3941
4  1773 1076 2851 3941
4  1995 1773 2851 3941
4  2643  571 2968 3945
4   571 2580 2968 3945
4  2580  571 2968  764
4  2968  693 3059 3945
4  2643 2968 3059 3945
4   571 2643 3395 3945
4   118  116 3036 4040
4  1605 1603 2818 3947
4  1603 1605 2269 3947
4  3237   21 3590 4042
4  3036  116 3939 4040
4  2289  118 3036 4040
4  1603 2187 2818 3947
4  2297 2275 2299 4128
4  2426  876 3706 3948
4  1319 2426 3706 3948
4   876 1319 3706 3948
4  2314 3885 4003 4296
4  3040 3960 4092 4296
4  1319 3277 3944 3948
4  3960  178 4092 4296
4  1204 2966 3772 4380
4   787 3255 3937 3985
4  3255 1815 3937 3985
4  1777  527 1782 3949
4  1782  527 2732 3949
4   874 2315 2732 3949
4   743  874 2732 3949
4   874  743 2315 3949
4  2282   96 3628 4138
4    89 2460 3944 3950
4  2460   89 3936 3950
4  3936   89 3944 3950
4  1807 2241 3078 3951
4  1430 1807 3078 3951
4  1538   28 2065 3951
4  2065   28 3328 3951
4  2768 1538 3078 3951
4  2241 2768 3078 3951
4    28 2768 3328 3951
4    28 1538 2768 3951
4  1409 1287 3559 3952
4   780 1143 2739 3952
4   703  780 2739 3952
4   780  703 1143 3952
4   703  617 1055 3952
4  1055  617 1149 3952
4  1149 2098 2951 3952
4  2951 2098 3559 3952
4  1055 1149 1287 3952
4  1143 1055 1287 3952
4  1287 1149 2951 3952
4  1287 2951 3559 3952
4  3369 3370 3546 3953
4  1449 2622 3370 3953
4  3370 2622 3546 3953
4  2116 3369 3405 3953
4  3370 2116 3405 3953
4  2848 2116 3370 3953
4  2116 2848 3369 3953
4  3369 2848 3370 3953
4  2404 2405 2487 3954
4   428  776 3844 3955
4   361  428 3844 3955
4   516 1698 1811 3955
4   516  776 1698 3955
4   516  361 3844 3955
4   361  516 1811 3955
4   776  516 3844 3955
4  3798 2876 4088 4184
4  1982 2876 3798 4184
4  2238 1496 4088 4184
4  2238 4139 4167 4184
4  1982 2499 2876 4184
4  1539 1544 1618 4146
4  1599 1539 3367 4146
4  2761 2789 3152 3957
4  2499 2672 4167 4184
4  1496 3798 4088 4184
4  3152 2789 3451 3957
4  1544 1539 1599 4146
4  1322 1351 1468 3959
4   835 1651 2337 3959
4  2337 1651 2408 3959
4   835 2337 2408 3959
4  1351  835 2408 3959
4  1468 1351 2408 3959
4  1093 2437 2828 3961
4  2828 2437 3889 3961
4   306   15  691 4057
4   560  650 1325 4057
4  2437   36 3889 3961
4  1842 1905 3835 3974
4  2455 2091 3835 3974
4    76   75   74 4367
4  2707 2277 3049 3974
4  1832 2091 2455 3974
4   701  808 1117 4075
4  2658 2707 3049 3974
4  2091 1842 3835 3974
4  2209   36 2437 3961
4  1093 2209 2437 3961
4  2149  188 2729 3598
4  1183 1643 2549 3963
4  2549 1643 2696 3963
4   704 1183 1562 3963
4  1073  704 1562 3963
4  1562 1183 2549 3963
4   461 3666 4071 4315
4  3052 2509 3218 4114
4  1639 2081 2179 3963
4   727 1639 2179 3963
4  1639  727 2081 3963
4   727 1183 1440 3963
4   727 1440 2081 3963
4  1596 2549 2696 3963
4  2563 1596 2696 3963
4  1562 1596 2563 3963
4  1596 1562 2549 3963
4   978  705 2164 3965
4   978 2164 3807 3965
4  2722  978 3807 3965
4  1288 1211 3807 3965
4  2190 1288 3807 3965
4  1288 2190 2224 3965
4  1211 1288 2224 3965
4  1582 2612 2970 3966
4   915  590 2612 3966
4  4052 4211  160 3106
4  1994  624 2044 3966
4  1582 2044 3419 3966
4  1572  281 1598 4243
4    17  659 1665 4243
4    17  458  659 4243
4   281 1256 1598 4243
4   751 1582 2970 3966
4  1994  751 2970 3966
4  2044 3419  624 2893
4  3419 2044  624 3966
4   751 1994 2044 3966
4  1582  751 2044 3966
4  1188 1556 2494 3967
4  2776 2494 3818 3967
4  2494 1556 3818 3967
4  1883 3856 3895 4150
4   945 1384 2433 4150
4  2904 2809 3943 4301
4  3012 3288 4284 4300
4  2466 2672 3353 3969
4  2466 1500 2672 3969
4  1769 2847 3323 4149
4  2280 1769 3323 4149
4  3124 3440 3561 4150
4  3856 1896 3895 4150
4     3  388  696 3970
4     3 2320 2863 3970
4  2320  618 2863 3970
4  1499 2019 3203 3971
4  1319   90 2426 4295
4  3309 1278 3428 4043
4  3643 1844 3763 4043
4  1278 1588 3428 4043
4   512  472  566 4285
4  3337 2573 3961 3972
4  3918 3337 3961 3972
4  1066 3403 3664 3972
4  2631 1066 3664 3972
4  2466 1500 3969 4311
4   508  675  692 4057
4   566  414  932 4285
4  1892  512 2088 4285
4  3049 2277 3819 3974
4  2658 3049 3819 3974
4    75 2800 3837 4367
4  1624 4281 4330 4362
4  1287 2868 3533 4273
4   895  741  956 4399
4   889  986 3692 3975
4   986  889 2596 3975
4  1947  889 2160 3975
4  2160  889 3692 3975
4   575 1947 2160 3975
4   575 2160 3692 3975
4  1016  575 3656 3975
4  3656  575 3692 3975
4   115 1959 2833 3976
4  2833 1959 2857 3976
4  1635 1719 1769 4032
4  1519 2593 3714 3977
4  2235 1519 3714 3977
4  1769 2102 2174 4032
4   122 1673 2940 4007
4  4087  138 4158 4213
4  3313 3652 3688 3978
4  2840 3313 3688 3978
4  2600 2140 2691 4249
4  4027 2327 4189 4249
4  3773  213 3802 3979
4  3643 3773 3802 3979
4  3413 3643 3802 3979
4   213 3413 3802 3979
4    35   37 2728 3980
4    35 2728 3012 3980
4  3012 2728 3549 3980
4  2809 3166 3764 4301
4  3592 1477 4001 4301
4    33 3592 4001 4301
4  3166 2809 4001 4301
4  3401 1528 3879 3981
4  3400 3401 3879 3981
4  2148 1520 3274 3981
4  1757 1820 2533 3981
4  2148 1757 2533 3981
4  1820 1632 2454 3981
4  2454 1632 3879 3981
4  2454 2533 3981 3879
4  2097 2884 3274 3981
4  1520 2097 3274 3981
4  2097 1520 2884 3981
4  2884 2443 3274 3981
4  1757 2148 3274 3981
4  1043 1820 2832 3981
4  1043 1632 1820 3981
4  1043 1515 1632 3981
4  2443 2832 3274 3981
4  2103 2443 2884 3981
4  1515 2103 2884 3981
4  1820 1757 2832 3981
4  2832 1757 3274 3981
4  1515 1043 2103 3981
4  2103 1043 2832 3981
4  2443 2103 2832 3981
4  1784 1775 2754 3984
4   347 1615 3878 3984
4   275  347 3878 3984
4   743  347 3949 3984
4   347  743 1615 3984
4  1790 2000 2774 3985
4  1790 1576 2000 3985
4   503 1576 2180 3985
4  1576  503 2000 3985
4  1576 1911 2180 3985
4  2180 1911 2774 3985
4  3255  503 3905 3985
4   503 2180 3905 3985
4  1576 1790 1911 3985
4  1911 1790 2774 3985
4  1040 1725 3184 4134
4   596 1725 3813 4134
4  1345 2439 3832 4263
4  1045 1345 4094 4263
4  3116 1624 4094 4263
4  1345 3116 4094 4263
4  3815 1257 4237 1870
4    55   54 2526 4238
4  1234 2498 2933 3987
4   707 1234 2933 3987
4  2628 1480 2888 4164
4  1631 1480 2628 4164
4  1684 3127 3222 4164
4  3127 2628 3222 4164
4  3604 3127 3876 4164
4  1236  778 3826 4400
4   766  689 4013 4372
4  2849 1307 3950 3988
4  2489 2849 3950 3988
4  1307 2460 3950 3988
4   789 2849 3769 3988
4  1252  789 3769 3988
4   789 1252 2849 3988
4  3634 3901 4299 4352
4  3266 2866 4083 4317
4   178  177 3626 4296
4  3626 2314 4003 4296
4  2314 3626 3885 4296
4  4003 3040 4092 4296
4  3960 3040 4003 4296
4  2196  997 2744 4380
4   178 3626 4074 4296
4  3086 2353 3680 3989
4   768 1772 3445 4178
4  2024 3118 3680 3989
4  1988 1873 2609 3990
4  1873 1988 2335 3990
4  2609 2285 2335 2176
4  2285 2609 2335 3990
4  3643 3215 4312 3802
4  2247 1991 3794 3991
4  1991 2247 2348 3991
4   259 2247 3794 3991
4  2247  259 2348 3991
4  2289 2714 2842 3993
4  2765 3830 3935 3993
4  2765 2316 3830 3993
4  2316 2765 3532 3993
4  3532 2765 3935 3993
4  2162 2289 2842 3993
4  2162 1006 2289 3993
4   921 2842 3935 3993
4   921 2162 2842 3993
4  1006  921 3935 3993
4   921 1006 2162 3993
4  1907 2278 2930 3995
4  1907 2930 3719 3995
4  1061 1360 1786 3995
4  1786 1360 2930 3995
4  1061 1786 2930 3995
4  2930 1360 3927 3995
4  3719 2930 3927 3995
4  3353 3126 3784 3996
4   795  779 1738 3998
4   342  364 1656 3998
4  1656  364 3376 3998
4   342  505 3822 3998
4   415 1656 3376 3998
4   551  342 1868 3998
4   779  551 1868 3998
4  1868  342 2974 3998
4   511  415 3541 3998
4   505  795 3822 3998
4   505  779  795 3998
4   505  342  551 3998
4   505  551  779 3998
4  1656  415 2974 3998
4   342 1656 2974 3998
4  1868  511 3541 3998
4   779 1868 3541 3998
4   511 1868 2974 3998
4   415  511 2974 3998
4   582  280  890 4000
4   280  582  858 4000
4   858  582  890 4000
4  1477 3166 3592 4001
4  2304 2726 3312 4302
4  3880 2904 3943 4001
4  3387 3880 3943 4001
4    33 3387 3943 4001
4  3387   33 3592 4001
4  2035 4004 4025 4302
4  4004 2726 4025 4302
4  2304 1304 2726 4302
4  2035 4025 4282 4302
4  2035 1087 3509 4302
4  1174  581 4282 4302
4  4025 2726 4282 4302
4   978 1304 2304 4302
4  3701 3186 4156 4210
4   922 1031 3251 4297
4  2256 3266 4344 4379
4   137 4230 4289 4318
4  2360  949 2642 4003
4  2127 2360 2642 4003
4  2314 2127 2642 4003
4   949 2360 2435 4003
4  2435 1737 2618 4003
4   966 2435 2618 4003
4  2127 2314 3245 4003
4  3245 2314 3350 4003
4  2127 3245 3350 4003
4  1004 1705 3628 4380
4    65   67 2256 4379
4   852  966 2642 4003
4   949  852 2642 4003
4   852  949 2435 4003
4   966  852 2435 4003
4  3652 3688 3978 4006
4  2067 3652 3978 4006
4  3652 2067 3688 4006
4  3363 1837 3628 4006
4  3628 1837 3688 4006
4  2840 3545 3978 4006
4  3545 2599 3978 4006
4  2599 3545 3600 4006
4   124  123 2400 4007
4   122  124 2400 4007
4   124  122  123 4007
4   123 1940 3292 4007
4  3292 1940 3523 4007
4   193  191 3500 4009
4   191 3291 3500 4009
4  2683 3321 3504 4009
4  2683 3291 3321 4009
4  2683 3504 3512 4009
4  3291 3067 3500 4009
4  3500 3067 3512 4009
4  3067 2683 3512 4009
4  2683 3067 3291 4009
4  3403 2292 3548 4306
4  3615 2678 4151 4174
4  1357 2825 3288 4306
4  3052 2704 3615 4174
4  1363  833 2582 4011
4   833 1363 1413 4011
4  1178  833 1413 4011
4   661  685 4260 4414
4  1178 1413 1621 4011
4  1621 1413 2739 4011
4  1178 1621 2739 4011
4   709  579 1886 4260
4   685  761 4413 4414
4  1886  685 3803 4260
4   437  313  709 4260
4   287  268 4012  264
4  1576 1252 4235 4373
4  1809  737 4303 4373
4  4095 2328 4298 4375
4  1300  627 2589 4013
4  1300 2589 3110 4013
4  1511  766 3110 4013
4  2589 1511 3110 4013
4  2061  766 3901 4013
4  1511 2589 3564 4013
4   766 1511 3564 4013
4  1901 1313 2715 4307
4  1182 3012 3980 4300
4  3690 2987 4229 4353
4  3372 1182 3980 4300
4    37 3918 4056 4300
4  1901 1930 4222 4307
4   766 1241 3901 4013
4  1241  766 3564 4013
4  2589 1241 3564 4013
4  1751 2500 3064 4015
4  3064 2500 3529 4015
4   810 2087 2648 4015
4  1169  810 2648 4015
4  2086 1169 2648 4015
4  1332 2086 2409 4015
4   810 1332 2087 4015
4  2087 1332 2409 4015
4   810 1169 1332 4015
4  1332 1169 2086 4015
4  2985 3314 3745 4016
4   728 1664 3967 4018
4  1274  498 3814 4018
4   990 1274 3814 4018
4  1007 2358 3785 4018
4  1007  990 2358 4018
4  1007  728 3967 4018
4   498 1274 1664 4018
4  1664 1274 3967 4018
4  1274  990 1920 4018
4  1274 1920 3967 4018
4  1007 1920 4018 2560
4  2560 1007 3967 4018
4  1920 2560 3967 4018
4  2652 2861 3968 4019
4  2714 3325 3926 4021
4   152  154 3188 4121
4  2316 2714 3532 4021
4  2714 2316 3325 4021
4  3325 2316 3532 4021
4   485  483 1701 4022
4  1088 3428 3576 4022
4  1909 1088 3576 4022
4  1701  849 1909 4022
4  1909  849 2792 4022
4   849  483 2792 4022
4   483  849 1701 4022
4  3339  702 3428 4022
4  2792  702 3339 4022
4  1909 2792 3339 4022
4  1088 1909 3339 4022
4  1088 3339 3428 4022
4  3734 2157 3942 4049
4    78   79   77 4049
4  1410 1427 2226 4024
4  1427 1410 1648 4024
4  3604 2226 3876 4024
4  1648 3604 3876 4024
4  2226 1648 3876 4024
4  2726 1304 2742 4025
4  2742 1304 2784 4025
4   733 1152 1844 4026
4   733 1844 3309 4026
4  1844 3643 3763 4026
4  3643 3773 3979 4026
4  3763 3643 3979 4026
4  3756   66 3779 4378
4  1481 1461 4058 4313
4  1461 1151 1522 4313
4   767 1481 4058 4313
4  3773 3643 3932 4026
4  3215 3773 3932 4026
4   977 1151 4313 4377
4  3932 3643 3215 4026
4  2516 2920 3579 4028
4  1259 1029 1411 4028
4  2256   67 4194 4226
4  1341 1259 1411 4028
4  1288 1029 2516 4028
4  1029 1288 1494 4028
4  2545 2516 3579 4028
4  3033 2545 3579 4028
4  1494 1288 2190 4028
4  2190 1288 2516 4028
4  2190 2516 2545 4028
4  2190 2545 3033 4028
4  3033 3120 3738 4028
4  2190 3033 3738 4028
4  3120 1494 3318 4028
4  1494 2190 3318 4028
4  3318 2190 3738 4028
4  3120 3318 3738 4028
4   953 1204 2372 4029
4  2372 1204 3915 4029
4  1487 3858 4029 1519
4  1487 2066 3858  938
4   268  290  393 4030
4   288  268  393 4030
4   393  290 2485 4030
4   288  393 2485 4030
4  3726 1460 3898 4031
4  2102 1404 2174 4032
4  2588 2102 2592 4032
4  1769 2588 2592 4032
4  2102 1769 2592 4032
4  1123 2129 2617 4032
4  2174 1404 2617 4032
4  1404 1123 2617 4032
4   935 1635 2129 4032
4  1635  935 1719 4032
4  1719  935 2129 4032
4  1295 2174 2617 4032
4  2129 1295 2617 4032
4  1563 1380 3442 4076
4   587  938 1268 4033
4  1555 1407 2593 4033
4  1407 1555 2112 4033
4  1407 2393 2593 4033
4  1407 2112 2393 4033
4  2162 1562 2549 4041
4   790 2146 2625 4128
4  2793 2297 3157 4128
4  3851 3773 3932 4103
4  2432 2128 3645 4131
4  1728 1371 3515 4133
4  1371 1728 2375 4133
4  1375 2375 3515 4133
4   782 1619 3311 4330
4   583  782 3311 4330
4   875  602 2294 4394
4  2556 2722 2941 4037
4   882 2556 2941 4037
4  3120 2139 4268 4363
4  2670 3106 4132 4312
4  1014 2578 4095 4251
4  1690 1013 2300 4037
4  2300 1013 2706 4037
4    96   97 4138 4293
4  2706 2941 3676 4037
4    51 2819 3784 4148
4    50 3784 4062 4148
4  3676 1704 2706 4037
4  1704 3676 2706 2657
4  1216 1530 3327 4038
4  1530 1216 2808 4038
4   958 2273 2808 4038
4   958  984 2273 4038
4   994 2808 2890 4038
4   994 2890 3327 4038
4   984  958  994 4038
4   994  958 2808 4038
4  1308 1216 3327 4038
4  1216 1308 2808 4038
4  2808 1308 2890 4038
4  2890 1308 3327 4038
4  2278 1786 3089 4123
4   333  675 3838 4310
4  3742 3730 4053 4122
4   315 1904 4175 4310
4   154  152 2328 4121
4   118  117  116 4040
4   116  117 3939 4040
4   154 2328 3968 4121
4  3061 3188 3921 4121
4  2162 2289 3036 4041
4  3036 2289 4040 4041
4  3778   21 3971 4042
4    21 3237 3971 4042
4    20   21 3778 4042
4  3014   20 3778 4042
4  3521 3012 3549 4128
4  4035  117 4040 4120
4   364  875  900 4332
4   727  573 4176 4332
4  2460   90 3944 4295
4  1319 2426 3948 4295
4  3913 2489 3950 4295
4  3944 3913 3950 4295
4  3950 2489 3988 4295
4  2426 1827 3948 4295
4  2426   90 2460 4295
4  3312 2304 3807 4045
4   109 3312 3669 4045
4  3669 3312 3807 4045
4  2726 2304 3312 4045
4  2304 2726 2742 4045
4  3669 2190 3737 4045
4  2190 3669 3807 4045
4  2742 2190 3807 4045
4   287 3527 3619 4155
4  2075 3461 3780 4047
4  1436 2075 2223 4047
4  2075  996 2223 4047
4  1436 1486 2229 4047
4  1486 1436 2223 4047
4  1486  996 2229 4047
4   996 1486 2223 4047
4  1054 1117 2871 4048
4  2871 2199 3891 4048
4  1736 2188 3891 4048
4  1095 1736 3891 4048
4  1736 1095 2188 4048
4  2188 2871 3721 4048
4  3721 2871 3891 4048
4  2188 3721 3891 4048
4    77   79 3734 4049
4    78   77 3019 4049
4  3019   77 3734 4049
4  1602 2027 2782 4050
4  1602 2782 3685 4050
4  1602 3685 4039 4050
4  3481 1602 4039 4050
4   812  642 1244 4051
4  1817  812 2666 4051
4   586 1817 2666 4051
4  1817  586 3262 4051
4  1244 1262 2555 4051
4  2555 1262 2666 4051
4   812 1244 2555 4051
4   812 2555 2666 4051
4   812 1817 3262 4051
4   642  812 3262 4051
4  3421 2886 3601 4053
4   233 3421 3601 4053
4   961  753 1028 4055
4  1170 1798 1980 4055
4  1170 1980 2716 4055
4  1026 1625 3650 4147
4   772  916 4055  547
4  1067  961 1798 4055
4   961 1067 1170 4055
4  1170 1067 1798 4055
4  1980  916 2441 4055
4  1980 2441 2716 4055
4  1160  826 2716 4055
4   861 1704 4037 4147
4  1311 1160 2716 4055
4   916 1311 2441 4055
4  2441 1311 2716 4055
4  2312 1500 3768 4147
4   465 1392 2561 4251
4  1690 2312 3768 4147
4  2209   36 3961 4056
4  3961 3918 3972 4056
4  1093 3961 3972 4056
4  1093 2209 3961 4056
4  3889 3918 3961 4056
4    36 3889 3961 4056
4  3889   36 3918 4056
4   691  694 3105 4057
4   348  694 1325 4057
4   348  692  694 4057
4   508  348 1325 4057
4   348  508  692 4057
4   675   12 3838 4057
4    12  650 3838 4057
4    93 1047 3010 4058
4  3010 1047 3335 4058
4  2303 3806 4114 4314
4  2324  667 2381 4059
4  2381  667 2382 4059
4  3771 1827 3948 4252
4  1721  667 3884 4059
4  1721 1776 4059 3884
4  1947  575 2160 4059
4  2160  575 2382 4059
4   575 2324 2381 4059
4   575 2381 2382 4059
4  1542 1760 3070 4060
4  3070 1760 3815 4060
4  2865 2864 3765 4060
4  3408 2865 3765 4060
4  2864 3070 3765 4060
4  3218 3052 4114 4174
4   461  627 1027 4315
4  3765 3070 3815 4060
4  2498 3765 3815 4060
4   565 1012 2106 4061
4  2106 1012 3775 4061
4  1152 2312 3431 4312
4  3431 3922 4052 4312
4    37   35 3918 4300
4  3570 4053 4166 4309
4  2402  461 3666 4073
4  1934 3666 4071 4073
4   893  318 3622 4064
4  1052  893 3622 4064
4   318  494 3622 4064
4   339  406  430 4064
4   648  314 2170 4064
4   318  893 2170 4064
4   314  318 2170 4064
4  1052  648 2170 4064
4   893 1052 2170 4064
4   339  430  494 4064
4   318  339  494 4064
4   318  314  324 4064
4   318  324  339 4064
4   324  314  406 4064
4   339  324  406 4064
4  1534  859 1914 4066
4  1349 1534 1914 4066
4  1349 1914 2777 4066
4  2156 2820 2913 4067
4  3025 2339 3157 4067
4  3255  787 3937 4067
4  1815 3255 3937 4067
4  2156 1815 3937 4067
4   787  790 3937 4067
4  2339 2913 3705 4067
4  3157 2339 3705 4067
4  1498 1267 3595 4068
4  3088 1743 3595 4068
4  1743  873 3595 4068
4   873 1498 3595 4068
4  2568 2602 3398 4069
4  3031 3397 3923 4069
4  2741 2248 3031 4069
4  2480 1611 2645 4069
4  2645 1611 3556 4069
4  3126 3143 3784 4288
4  3397 3398 3923 4069
4    51 2819 4250 4288
4  3143 3126 3996 4288
4  2819 3143 4250 4288
4  3784   52 3996 4288
4  1682 3031 3514 4069
4  2741 1682 3514 4069
4  1682 2741 3031 4069
4  2805 2319 2816 4071
4   178 4092 4296 4316
4  1405 1934 2468 4245
4  4092 4003 4296 4316
4   486  335 4354 4390
4  1405 2063 2236 4071
4  4074 2987 4092 4316
4  2319 2805 3994 4071
4  1405 2319 3994 4071
4  1405 2236 2319 4071
4  2319 2236 2816 4071
4  3409 1934 3752 4072
4   147 3409 3752 4072
4  1934  147 3752 4072
4  2176 2245 2402 4073
4  2245 2176 2285 4073
4  2285 2176 2402 4073
4  2245 2285 2335 4073
4  2335 2285 3613 4073
4  2245 2335 2944 4073
4   929 2245 2944 4073
4  2944 2335 3613 4073
4   929 2944 3613 4073
4  2853 1530 3919 4075
4   878 2853 3919 4075
4   878  587 2853 4075
4  2393  878 3919 4075
4  3014 1702 4119 4294
4  1000 1707 1939 4294
4  1000 1939 3646 4294
4   701 1117 1530 4075
4  1530 1117 2393 4075
4   878 2393 4033 4075
4   587  878 4033 4075
4  2562 2484 3155 4241
4  1380 1040 1747 4076
4  1747 1040 1977 4076
4  1380 1747 1977 4076
4  1040 1821 1977 4076
4  1977 1821 2126 4076
4   335  698 2534 4403
4  2973 1136 3783 4255
4  1136 1621 3774 4255
4   613 1101 1158 4403
4  1101  613 4354 4403
4  4389 2534 4354  452
4   698  335 4390 4403
4   437  613 1158 4403
4  2236 2063 2468 4078
4  1822 1428 3205 4078
4   396 1034 2380 4246
4  1405 2063 2932 4078
4  1405 2932 4072 4078
4  2932 3610 4072 4078
4  2932 2063 3610 4078
4  1455 2063 2236 4078
4  1822 1455 2236 4078
4  1455 1822 2063 4078
4  1011 1756 3771 4081
4   960 1230 1866 4081
4   960 1011 1230 4081
4  1011  960 1730 4081
4  3686 2302 3834 4081
4  1700 3686 3834 4081
4  1681 1700 2981 4081
4   960 1866 2227 4081
4  1730  960 2227 4081
4  1866 1815 2227 4081
4  2227 1815 2302 4081
4  2981 1700 3834 4081
4  2302 2981 3834 4081
4  1815 1681 2981 4081
4  2302 1815 2981 4081
4  1866 1681 2117 4081
4  1815 1866 2117 4081
4  1681 1815 2117 4081
4  3543 3417 3554 4082
4   500 3543 3554 4082
4  2946  127 2995 4084
4   127 3035 3273 4084
4  2995  127 3273 4084
4  1567 1554 1593 4085
4  1437 1567 1593 4085
4  1755 2398 2494 4085
4  1437 1755 2494 4085
4  2398 2228 2494 4085
4  2228 1554 2494 4085
4  1242 1055 1287 4086
4  1055 1143 1287 4086
4   919 1261 3709 4086
4  1261  919 1551 4086
4  1287 1143 1409 4086
4  1333 1409 3709 4086
4  1242 1333 3689 4086
4  3689 1333 3709 4086
4  1287 1409 2868 4086
4  1242 1287 2868 4086
4  1409 1333 2868 4086
4  1333 1242 2868 4086
4  1660 1673 3826 4212
4  2876 2836 3798 4088
4  2962 3457 3643 4088
4  1844 2962 3643 4088
4  2670 1844 3643 4088
4  1079 1186 2839 4401
4   943 1824 3826 4212
4  1390 1673 2839 4401
4  1673 1390 3826 4212
4  3457 2962 3798 4088
4  2836 3457 3798 4088
4  3643 3457 3802 4088
4  2836 3643 3802 4088
4  3457 2836 3802 4088
4  1308 1971 2890 4089
4  1099 1633 2907 4090
4   922 1099 3733 4090
4   487  922 3733 4090
4  1099  922 1633 4090
4   922  487 2907 4090
4  1633  922 2907 4090
4  2020 1953 2046 4091
4   514  645  822 4225
4  1029 1847 4028 4225
4   432  514 1139 4225
4   822 1029 1259 4225
4  1139 1341 1847 4225
4  3307 3175 3470 4348
4  1874 3218 3638 4321
4  1162 2752 2775 4321
4  1930 3113 3975 4232
4   806 1874 3638 4321
4  4087  137 4230 4348
4  2627 2858 4230 4348
4  2823  515 3257 4320
4  2003 2020 2046 4091
4  1847 1341 4028 4225
4   514  822 1259 4225
4  1045 1345 3158 4094
4  2016 1917 2550 4264
4  2354  170 3864 4264
4   171 1925 3864 4264
4  1624  959 1935 4094
4  2471 1196 3102 4187
4   993 1428 3511 4187
4  1428  993 3148 4187
4  1196 1822 3148 4187
4  2814 1331 3502 4187
4  1822 1428 3148 4187
4  2652 3921 3968 4095
4  2861 2652 3968 4095
4  3901 2814 4063 4299
4  2975 2678 3615 4136
4  1469 2704 3615 4136
4   944 1876 3681 4096
4  1876  944 1881 4096
4  2230 2004 2718 4097
4   631 2601 4345 4385
4   436  606 1729 4385
4  3124 3440 3441 4097
4  3123 3124 3441 4097
4  3124 3123 3440 4097
4  3216 3123 3441 4097
4  1110 3216 3441 4097
4  2230 2369 3560 4097
4  2369 2230 2718 4097
4  3949  743 3984 4098
4  1777 3949 3984 4098
4  4098 1663  528  712
4  1663  316 2264 4098
4  3660 2845 3792 4099
4  2788 3660 3792 4099
4  3200 2845 3660 4099
4  2788 3200 3660 4099
4  4083   65 4317 4378
4   376  400  902 4152
4  1993 1696 2346 4115
4  1696 2341 2748 4115
4  1859 1755 2748 4115
4  2346 1696 2748 4115
4  1732 1993 4115 1696
4  1859 2748 3019 4115
4  1859 4049 4085 4115
4   327  315  793 4175
4  3576 3215 3773 4103
4  3177 3468 3867 4103
4  1610 3177 3867 4103
4  3177 1610 3468 4103
4  1610 2939 3932 4103
4  3773 3215 3932 4103
4  3648  212 3867 4103
4   212 3648 3773 4103
4  3240 3648 3867 4103
4  3576 3240 3867 4103
4  3240 3576 3648 4103
4  1610 3932 3982 4103
4  3468 1610 3982 4103
4  3932 3215 3982 4103
4  3215 3468 3982 4103
4  3916 3640 4283 4367
4  1319 1084 3111 4104
4   755 1084 3279 4104
4  1880 2917 1263 3964
4  2917 1880 1263 4104
4  2917  755 3279 4104
4  1880 3279 3644 4104
4  3311 4237 4281 4325
4  1084 3278 3279 4104
4  1880 2917 3114 4104
4  3114 2917 3279 4104
4  1880 3114 3279 4104
4  2613 3278 3644 4104
4  3278 2613 3279 4104
4  3279 2613 3644 4104
4  4138 3628 4380 4324
4  3780 4254 4326 4381
4   183  182 4204 4381
4  4035 2714 4120 4127
4  1699 2949 2966 4324
4  2549 2842 4041 4127
4  3213 4035 4120 4127
4    96 3628 4138 4324
4   182  183 2877 4381
4  4141 1208  583 4407
4  1149 1055 1287 4106
4  1886  709 3803 4409
4  3849 3130 3821 4107
4   758  905 3456 4108
4  1534 2610 3917 4108
4  1652 1534 3917 4108
4  1335 1652 1671 4108
4  1671 1652 1927 4108
4  1335 1671 1927 4108
4  1927  758 3456 4108
4  1335 1927 3456 4108
4   758 1415 2610 4108
4  2610 1415 3917 4108
4  1415 1652 3917 4108
4  1652 1415 1927 4108
4  1415  758 1927 4108
4  2767 1797 3494 4109
4  2055 2761 3213 4228
4  1797 2979 3582 4109
4  3582 2979 3860 4109
4  1823 2108 3582 4109
4   803 1634 3582 4109
4  1634  803 2108 4109
4  2108  803 3582 4109
4  3957 2761 4183 4228
4  2972 2761 3805 4228
4  2167 1327 3090 4228
4  1875 3037 3805 4228
4  2167 3090 4040 4228
4  2781 1875 4183 4228
4  3003 2167 3939 4228
4  3213 2761 4120 4228
4  2972 3003 4120 4228
4  2571 2766 3229 4112
4  2637 2544 2766 4112
4  2571 2637 2766 4112
4  2637 2571 2996 4112
4  2571 1695 2996 4112
4  2996 3288 3859 4112
4  2996 1695 3288 4112
4  2266 3432 3552 4333
4  4046 2746 4154 4333
4  3293 2727 3524 4142
4  1841  782 3649 4113
4  3649  782 4102 4113
4   868 1841 3649 4113
4  1440  868 3649 4113
4   337  543 3955 4143
4  1735 2019 2748 4239
4  3653 3557 3837 4142
4  2825 3403 4056 4306
4   902  392 3659 4152
4   539  374 3659 4152
4  1437 1188 2346 4115
4  1993 2346 1188 4115
4  1567 1593 1732 4115
4  1437 1567 1732 4115
4  1567 1437 1593 4115
4  2214 2093 4118 4169
4   120 2093 2488 4169
4  2488 2093 2533 4169
4  2093 2214 2533 4169
4   120 2488 2533 4169
4  2533 3550 3946 4169
4  3946 3550 4118 4169
4  3619 4030  287 4155
4   501 1712 3920 4155
4  4012  287 4030 4155
4  2020 1953 4091 4224
4  1953 2020 2788 4224
4  1425 1672 2823 4224
4  2930 2278 3933 4337
4  1806 1788 1999 4170
4  1788 2682 3378 4170
4  1875 1786 2930 4337
4  1833 2093 2660 4118
4  3550 3401 3946 4118
4  3401 2660 3402 4118
4  1786 1875 3264 4337
4   225 3141 3371 4291
4  1788 1491 2682 4170
4  2146 2502 3521 4128
4  2146  790 3157 4128
4  2761 2972 3513 4120
4  3513 2972 4021 4120
4   117 3939 4040 4120
4   117 3926 3939 4120
4  2696 1643 3513 4123
4  3697 2179 3760 4123
4  2781 1875 2930 4337
4  2278 3089 3933 4123
4  3264 2278 3933 4123
4  2179 2696 3760 4123
4  2941 2099 3996 4292
4  1304 2099 4130 4292
4  1311 1160 4055 4146
4  1041 3367 3390 4146
4  1160  826 4055 4146
4  3367 1539 3390 4146
4  2696 3152 3760 4123
4  1599  916 4055 4146
4  1428  815 4078 4124
4  1822 1428 4078 4124
4  1455 1822 2236 4124
4  1085  802 1455 4124
4   802 1085 1352 4124
4  1352 1085 1871 4124
4  1871 1085 2236 4124
4  1085 1455 2236 4124
4  1329 1279 1598 4126
4  1558 1598 4105 4126
4  1558 1445 1598 4126
4  1658 2696 3513 4127
4  3513 2761 4120 4127
4  1658 3513 4021 4127
4  4021 3513 4120 4127
4  1658 4021 4120 4127
4  2275 2502 3157 4128
4  1402  537 2625 4128
4   537 1402 2146 4128
4  2146 1402 2625 4128
4  1941  537 3549 4128
4   537 1941 2625 4128
4  2625 1941 3549 4128
4  3157 2154 3705 4128
4  3705 2154 3859 4128
4  3157 3705 3859 4128
4  2154 1399 3859 4128
4  1399 2154 2625 4128
4  2297 1182 3012 4128
4  3012 1182 3549 4128
4  2952 3012 3521 4128
4  2952 2297 3012 4128
4  1399 1182 3859 4128
4  1182 1399 2625 4128
4   286  300  458 4193
4  3960 3040 4092 4129
4  3032 3960 4092 4129
4  3032 2428 3960 4129
4  4113  900 4141 4332
4    95   96 4257 4293
4  2891 1726 3772 4293
4  2891 3772 4165 4293
4  3788 4165 4257 4293
4  2282 1726 2452 4293
4  4165   95 4257 4293
4   169 2815 3528 4157
4  2815  169 3450 4157
4  3106  160 4052 4132
4  1624 4281 4325 4330
4   875 2294 3158 4394
4  1690 1013 4037 4132
4  4025 2035 4282 4363
4  1208  583 3311 4330
4  2105 1619 2406 4330
4  1985 1371 2365 4133
4  1985 2365 2568 4133
4  2480 1985 2568 4133
4  1375 1351 2416 4133
4  1375 2416 2480 4133
4  2602 2568 3398 4133
4  2602 3398 3986 4133
4  1371 2719 3505 4133
4  3505 2719 3986 4133
4  2365 1371 3505 4133
4  3398 3505 3986 4133
4  2293 2446 2719 4133
4  1371 2293 2719 4133
4  2293 1371 2446 4133
4  1351 1985 2416 4133
4  2416 1985 2480 4133
4  2568 2365 3398 4133
4  3398 2365 3505 4133
4  1414 2523 3359 4135
4  1392 1414 3359 4135
4  2194 1414 3061 4135
4  1414 2194 2523 4135
4  4135 4160 2328 1423
4  1414 2328 3061 4135
4  3061 2328 4121 4135
4  3295 1009 3953 4136
4  1571 1647 3295 4136
4  1647 1571 2704 4136
4  2509 1571 3295 4136
4  1571 2509 2704 4136
4  3899  159 3922 4139
4  2659 3899 3922 4139
4  2876 3922 3931 4139
4  2876 3221 3922 4139
4  2746 2802 4005 4333
4   583  424  704 4141
4   424  372  570 4141
4   570  372  742 4141
4   570  742 1057 4141
4   577  570 1057 4141
4   875  742 3219 4141
4  1358 3543 4106 4408
4  2951 1409 3559 4395
4  3008 2869 3439 4395
4  3439 2869 3559 4395
4  2136 2746 4046 4333
4  1566 1609 2374 4383
4  2802 2746 4005 4334
4  2815 3299 4157 4335
4  3553 2266 4200 4333
4   577 1057 1183 4141
4   704  577 1183 4141
4   583  704 4036 4141
4  4036  704 4113 4141
4   583 4036 4113 4141
4   742  372 3219 4141
4   372  424 3219 4141
4  4338 2353 3437 4383
4  3552 3432 4005 4333
4   361  337 3955 4143
4   543  289 1811 4143
4   361  543 1811 4143
4   289  361 1811 4143
4  2761 3513 3957 4145
4  3152 2761 3957 4145
4  3152  224 3760 4145
4  3513 3264 3805 4145
4  3805 3264 3957 4145
4  3513 3805 3957 4145
4  3760  224 3925 4145
4  3925  224 3957 4145
4  2761 2696 3513 4145
4  2696 2761 3152 4145
4   224 3152 3451 4145
4  3451 3152 3957 4145
4   224 3451 3957 4145
4   826 1160 1544 4146
4  1618 1544 3914 4146
4  1311 1789 2301 4146
4  2301 1789 3914 4146
4  1311 2301 3914 4146
4  1160 1311 3914 4146
4  1544 1160 3914 4146
4  1710 1618 1789 4146
4  1041 1710 1789 4146
4  1710 1041 3390 4146
4  1539 1618 2200 4146
4  1539 2200 3390 4146
4  1789 1618 2581 4146
4  2581 1618 3914 4146
4  1789 2581 3914 4146
4  1618 1710 2200 4146
4  2200 1710 3390 4146
4  1774 1026 3650 4147
4  2300 1690 4037 4147
4  1704 2706 4037 4147
4  2300 1500 2659 4147
4  1690 2300 2659 4147
4  1500 2312 2659 4147
4  2706 2300 4037 4147
4  2300 2706 3969 4147
4  2659 2312 3104 4147
4  1690 2659 3104 4147
4  2312 1690 3104 4147
4  3124 1883 3895 4150
4    31 1896 3440 4150
4  3124   31 3440 4150
4    31 3124 3895 4150
4  1896   31 3895 4150
4  2292  828 3372 4306
4  2825 1357 3403 4306
4  3046 2292 3403 4306
4   539 1613 4023 4152
4   621  539 4023 4152
4  1254  400 1613 4152
4  1613  400 4023 4152
4   621  400 4023  646
4   400  621 4023 4152
4   400  376  402 4152
4   402  376  621 4152
4   400  402  621 4152
4  1068 1974 2214 4153
4   891 1462 1760 4153
4  4002 2046 4091 4238
4   891  517 1462 4153
4  1425 1953 2788 4224
4  1523 3095 4091 4224
4   664 2823 4091 4224
4  1425  664 1953 4224
4  1974 1068 3718 4153
4  1068 1760 3718 4153
4  2214 1974 3718 4153
4  1760 2214 3718 4153
4  1953  664 4091 4224
4   664 1425 2823 4224
4   288 4012 4030 4155
4  2692 3070 3765 4276
4   555  288 2485 4155
4  2485  288 4030 4155
4  1506 1515 3400 4156
4  2142 1506 3400 4156
4  1506 2142 2159 4156
4  3106  160 4054 4211
4  3186 2159 3701 4156
4  1509 2016 4131 4156
4  2016 3186 4131 4156
4  2016 2159 3186 4156
4  1708 1509 2159 4156
4  1509 1708 2016 4156
4  2016 1708 2159 4156
4  1300  627 2379 4162
4  1331 1196 3678 4162
4  3100 2894 3266 4173
4  3731 3933 4291 4336
4  2865 3060 4010 4173
4  2038 1196 2379 4162
4  2119 1804 4196 4206
4  1804 1780 4196 4206
4  2004 3287 3522 4158
4  1951 2004 3522 4158
4   292  305 3142 4214
4   560  292 3223 4214
4  1780  998 2213 4206
4  1780 2213 4196 4206
4  2091 1804 2119 4206
4  2119 3268 3896 4206
4  2147 2119 3896 4206
4   879 2147 3896 4206
4  2352  200 2903 4159
4   200 2352 2371 4159
4  2371 2352 2903 4159
4  1666 1642 2374 4383
4  3333 3530 4172 4335
4  3299 3602 4161 4335
4  4157 3333 4172 4335
4  3301 4161 4172 4335
4  1392 1525 3359 4160
4  1201 2667 2902 4160
4  2136 1201 2902 4160
4  1201 1525 2667 4160
4  2802 1414 3359 4160
4  2328 1414 2802 4160
4  1414 1392 3359 4160
4  1423 1392 4135 4160
4  4160 4135 2328 1414
4  1392 1414 4135 4160
4  1423 2902 4334 4375
4  3183 2471 4159 4162
4  2589 2050 2903 4162
4  2903 2050 3183 4162
4  2903 3183 4159 4162
4  2471 1331 3502 4162
4  2471 3502 4159 4162
4  2589 2903 3502 4162
4  3502 2903 4159 4162
4   517  891 1462 4163
4  1427 1426 2226 4164
4  1426 1427 1465 4164
4  1465 1427 1684 4164
4  1684 1427 2226 4164
4  1974 2057 2330 4258
4  2943 2891 3772 4165
4    97 2943 3772 4165
4  1488 4119 3023 3641
4  1057 1183 4141 4332
4   900  742 4141 4332
4  2296 3458 3496 4166
4  2166 2296 3496 4166
4  2296 2886 3458 4166
4  2296 2166 2886 4166
4  2886 3570 4053 4166
4  3828 3838 4057 4310
4  1382  327 4175 4310
4  3828  315 3838 4310
4  3838  675 4057 4310
4  3421 2886 4053 4166
4  3421 2388 3458 4166
4  2886 3421 3458 4166
4   233 3421 4053 4166
4  2388  233 4053 4166
4   233 2388 3421 4166
4  1577 1390 1673 4212
4   159 2238 4139 4167
4  2238  159 3899 4167
4  3899  159 4139 4167
4    28 1365 4117 4168
4  1365   28 2768 4168
4  3402  119 3946 4169
4  2093  119 3045 4169
4  3045  119 3402 4169
4  2093 3045 3402 4169
4   131  133 4177 4338
4  3393  225 3925 4291
4  2703 1110 4097 4384
4  1491 1806 3668 4170
4  1491 1788 1806 4170
4  3697 3371 3933 4291
4  3425 2353 4177 4338
4   225 3371 3760 4291
4  1604 2781 2930 4337
4  2930 1786 3264 4337
4  2781 1604 3141 4337
4  2115 3397 3246 3923
4  3397 2115 3246 4171
4  1371 2001 2408 4171
4  2408 2001 3396 4171
4  2365 1371 2408 4171
4  2365 2408 3396 4171
4  2031 3333 3530 4172
4  2626  760 3128 4172
4  3128  760 3333 4172
4  2031 2626 3128 4172
4  2031 3128 3333 4172
4  2013 3100 4060 4173
4  2864 2013 4060 4173
4  2013 2894 3100 4173
4  2013 2864 2894 4173
4  1894 2465 3266 4173
4  3205 1428 3610 4187
4  2894 1894 3266 4173
4  2704 3052 3218 4174
4  2678 3218 4114 4174
4  3218 2678 3615 4174
4  1229 3678 3958 4315
4  3548 3372 4300 4306
4  2816 2063 3603 4315
4   315  319  495 4175
4   495  319 1904 4175
4   495 1904 3193 4175
4   731  495 3193 4175
4   315  495  793 4175
4   793  495 2638 4175
4  1063 2638 4014 4175
4  1063  793 2638 4175
4   688 1239 1483 4176
4  1239  727 3426 4176
4  3088 2353 3989 4177
4  2024 3088 3989 4177
4  1189  768 1332 4178
4  1890 1179 2092 4178
4  1179 1240 2092 4178
4  1691 1179 1772 4178
4  1865 1890 3445 4178
4  1772 1865 3445 4178
4   682  768  982 4178
4   982 1890 2092 4178
4   387  682 1240 4178
4   682  387  768 4178
4  1772 1179 1865 4178
4  1865 1179 1890 4178
4  1240  682 2092 4178
4   682  982 2092 4178
4  3299 2723 3528 4179
4   169 3145 3528 4179
4  3450  169 3528 4179
4   169 3450 3791 4179
4  3145  169 3791 4179
4  1169 2457 3253 4179
4  1189 1169 3253 4179
4  1169 1189 2457 4179
4  2723 3299 3632 4179
4  3528 2458 3632 4179
4  3299 3528 3632 4179
4   484  657  679 4180
4   679  657 1410 4180
4   988 1368 1631 4180
4  1631 1368 2226 4180
4  2226 1368 4024 4180
4  1631 2226 4024 4180
4  3923 3031 4069 4287
4   408  680 1121 4182
4   408  383  680 4182
4   432 1447 3472 4182
4   381  408 3004 4182
4   381  383  408 4182
4  2684  680 3472 4182
4   544 2684 3472 4182
4  1447  544 2831 4182
4  2831  544 3472 4182
4  1447 2831 3472 4182
4   613  973 1101 4354
4  1130  640 1452 4388
4  2987 1162 3625 4229
4  4052 2238 4088 4184
4  3931 4052 4088 4184
4   158 3931 4139 4184
4  2238  158 4139 4184
4   158 2238 4052 4184
4  3931  158 4052 4184
4  3484 3202 3486 4195
4  1345 3077 3832 4185
4  3077 1345 3099 4185
4   337 1046 4192 4342
4   334  337 4192 4342
4   475  334 4192 4342
4   312  332 1074 4342
4  1008 2061 3666 4372
4  3666 2061 4352 4372
4  4372 3205 3551 2061
4   332  312  341 4342
4  1074  332 1467 4342
4   341 1046 1467 4342
4  1140 1074 4265 4342
4  1074 1467 4265 4342
4  3205 1241 3511 4187
4  3102  993 3430 4187
4  1241 2814 3502 4187
4  2814 1241 3205 4187
4  3502 2471 3575 4187
4  2471 3102 3575 4187
4  3430 3502 3575 4187
4  3102 3430 3575 4187
4  3502 3430 3809 4187
4  3511 1241 3564 4187
4  1241 3502 3564 4187
4  1950  993 3511 4187
4   993 1950 3430 4187
4  3430 1950 3511 4187
4  3564 3502 3809 4187
4  3430 3511 3564 4187
4  3430 3564 3809 4187
4  2594 2633 3377 4189
4  1003 2594 3377 4189
4   962 1003 2633 4189
4  2327 2715 4027 4189
4  1003  962 1227 4189
4  4062 3759 4147 4250
4  4147 3759 3650 4250
4  3650 1774 4147 4250
4   861 1704 4147 4250
4    51 2819 4148 4250
4  2282   96 4138 4293
4  2657   51 4148 4250
4  3759 4147 3650 1625
4  1439  988 4180 4191
4   341  337 1046 4192
4  1552 2345 3209 4343
4  2893 2767 3585 4343
4  2345 3585 4208 4343
4  2062 1752 3076 4343
4  1752 3209 3494 4343
4  2767 1752 3494 4343
4  2345 2893 3493 4343
4  1966 2893 3076 4343
4  1457  930 1848 4417
4  1558  303 1848 4417
4  2644 4110 4185 4194
4  3789 2644 4185 4194
4  4110 3779 4185 4194
4  3779 3789 4185 4194
4  2920 1343 3484 3810
4   216 2813 3580 4195
4  2813  216 3488 4195
4  3488  216 3580 4195
4  1336 1834 2920 4195
4  1343 1336 2920 4195
4  1336 1343 1834 4195
4  2794 2213 3227 4196
4  2071 2384 2794 4196
4  2071 2794 3227 4196
4  3315 2325 3976 4196
4  2325 2384 3976 4196
4  2384 2325 2794 4196
4  2325 2213 2794 4196
4  3976 2384 3997 4196
4  3997 2384 4079 4196
4  3976 3997 4079 4196
4  1896 2230 3560 4197
4  2230 1896 2336 4197
4  3440 3561 4150 4197
4  1896 3440 4150 4197
4  3561 1778 4150 4197
4  1778 1896 4150 4197
4  1106 2665 2880 4200
4  2419 1106 2880 4200
4  2902 2136 4160 4334
4  2802 2328 4160 4334
4  2136 1201 2419 4200
4  1201 1106 2419 4200
4  1106 1201 1697 4200
4  2746 2802 4160 4334
4  2328 2802 4005 4334
4  3377 2136 3553 4200
4   823 1697 3377 4200
4   823 3377 3553 4200
4  2266  823 3553 4200
4  1201 2136 3377 4200
4  1697 1201 3377 4200
4  3013 3203 3641 4201
4  1792 2776 3013 4201
4  2779 1792 3013 4201
4  1463 1488 2228 4201
4  1463 2228 2494 4201
4  3203 1488 3641 4201
4  2398 1488 3203 4201
4  2228 2398 2494 4201
4  2228 1488 2398 4201
4  1471 2398 3203 4201
4  2398 1471 3203 1755
4  3024 1377 4209 4320
4  3305 3053 3388 4370
4  1377  934 4209 4320
4  4091 3024 4209 4320
4   363  383 4202 4203
4   515 2823 4091 4320
4   934 2623 4209 4320
4  3004 4202 4203  877
4  3004  381 4182 4203
4   877 3004 4182 4203
4   383  381 4202 4203
4   381  383 4182 4203
4   138 4087 4158 4205
4   138 3470 4087 4205
4  3501 3287 3522 4340
4  2703 2258 3307 4205
4  3470  138 3501 4205
4  3501  138 4158 4205
4  3287 3470 3501 4205
4  3287 3501 4158 4205
4  2703 3287 4097 4205
4  2258 2703 4097 4205
4  1951 2258 4097 4205
4  1951 2004 4158 4205
4  2004 1951 4097 4205
4  2004 3287 4158 4205
4  3287 2004 4097 4205
4  1345 1894 3077 4207
4  2003 3612 4091 4386
4  1345 3077 3099 4207
4   631 2601 3024 4345
4  1377  631 3024 4345
4  1472 2878 3677 4345
4  1045 2486 3158 4207
4  1345 1045 3158 4207
4  1045 1345 2486 4207
4   606 1472 2104 4345
4  2104  664 2601 4345
4  1472 3677 3902 4345
4  2601  664 3024 4345
4  1497 2003 4347 4386
4  1472  606 2878 4345
4  3024 2104 3902 4345
4  2388  234 2945 4309
4   102  103 1930 4232
4  3186   62 3645 4210
4  3637 2432 3645 4210
4    63 3637 3645 4210
4    62   63 3645 4210
4  2238 3899 4054 4211
4  2670 3106 4088 4211
4  2238 2670 4088 4211
4  3899 2238 4167 4211
4  2238 1496 4167 4211
4  1190 1496 2962 4211
4  2962 1496 4088 4211
4  1338 1190 3139 4211
4   882 1013 3139 4211
4  1013  882 2698 4211
4  3106 2670 4052 4211
4  4211 4052  160 2238
4  2670 2238 4052 4211
4  2698 1190 2962 4211
4  2698 1844 3106 4211
4  3106 1844 4088 4211
4  1190  882 3139 4211
4   882 1190 2698 4211
4  1844 2962 4088 4211
4  1844 2698 2962 4211
4   321   15  560 4214
4   560   15 2559 4214
4   391  305 2559 4214
4   321  391 2559 4214
4  1210 1923 3563 4370
4  1923 3133 3563 4370
4   391   14 3611 4214
4   305  391 3611 4214
4   589 3142 3611 4214
4    14  589 3611 4214
4   326  305 3611 4214
4   305  326 3142 4214
4  3142  326 3611 4214
4  1574 1992 2758 4365
4  4238   54 4280 4347
4   383  381 3672 4215
4   408 2936 3672 4215
4   381  408 3672 4215
4   408  381 2936 4215
4   666  891 4060 4216
4  1104  666 2013 4216
4  2013  666 4060 4216
4  2498 2013 4060 4216
4  2498  891 4060 3815
4   891 2498 4060 4216
4  1104 2013 2933 4216
4  1234 1104 2933 4216
4  2498 1234 2933 4216
4  2013 2498 2933 4216
4  2887 3499 4009 4274
4  3640   74 4218 4368
4  2800   74 3346 4217
4  3346   74 3640 4217
4  1490 2508 3168 4217
4  3168 2508 3348 4217
4  3168 3348 3710 4217
4  3168 3349 4217 3710
4   421  325  877 4369
4  1055 1180 1242 4397
4   421  645 2912 4369
4   877 3223 4203 4369
4  1951 2858 4213 4219
4  1951 1802 2858 4219
4  3522 3447 4197 4219
4  1951 3522 4197 4219
4  3522 1951 4213 4219
4  3133 3522 4213 4219
4  2336 2230 4197 4219
4  2230 1951 4197 4219
4  1885 1641 4276 4281
4  3565 4087 4230 4348
4  3710 3695 3727 4326
4  1885 1870 4237 4281
4  1901 1260 2332 4222
4  1901 2332 3319 4222
4  1294 1947 3975 4222
4  2600 1901 3713 4222
4  2600 1294 3113 4222
4  3113 1294 3975 4222
4  2600 3113 3975 4222
4  1947 2600 3975 4222
4  2600 1947 3975 2596
4  1930 2600 3713 4222
4  1930 1294 2600 4222
4  2042 3212 4307 4308
4  1901 1930 3713 4222
4   553 1157 2992 4223
4  2992 1177 3842 4223
4  1177 1462 3842 4223
4  2142 2660 4118 4223
4  1506 2142 4118 4223
4  2142 1506 3122 4223
4  2660 2142 3122 4223
4  1462 1506 1528 4223
4  1528 1506 4118 4223
4  1462 1528 4118 4223
4  2505 2020 3612 4224
4  1932 2505 3612 4224
4  2003 2020 4091 4224
4  2020 2003 3612 4224
4  3612 2003 4091 4224
4  2505 2788 3660 4224
4  2505 1932 2788 4224
4  2020 2505 3660 4224
4  1341 1259 4028 4225
4  1259 1029 4028 4225
4  1856 1926 2483 4227
4  1752 1856 2767 4227
4  2767 1856 4109 4227
4  1856 1752 3684 4227
4  1752 2767 3494 4227
4  3494 2767 4109 4227
4  1797 3494 4109 4227
4  1797 2980 3494 4227
4  1634 1797 4109 4227
4  1797 1634 2980 4227
4  2483  762 2579 4227
4  2579  762 4109 4227
4  2483 2579 4109 4227
4  4109 1856 2483 4227
4  1856 4109 2483 1470
4  1926 1856 2541 4227
4  2541 1856 3684 4227
4  1926 2541 3684 4227
4  2062 2980 3519 4227
4  2062 1752 2980 4227
4  2062 3519 3684 4227
4  1752 2062 3684 4227
4  3003 3939 4120 4228
4  2895 2972 3037 4228
4  2972 2895 3003 4228
4  2167 2895 3037 4228
4  2895 2167 3003 4228
4  3090 3213 4040 4228
4  4040 3213 4120 4228
4  3939 4040 4120 4228
4  3939 2167 4040 4228
4     1  567 1452 4349
4   567 1452 4387 4388
4   591 1237 4350 4388
4   514  478  822 4319
4   645  421 4225 4319
4  3057 2682 4170 4290
4  1176 2861 4046 4375
4  2602   23 3398 4287
4   103  102  101 4233
4   101  102 4027 4233
4  2819 1774 3650 4250
4  1049  838 1662 4234
4   838  375 1662 4234
4    20 3014 3778 4351
4  3668 3014 3712 4351
4  3666 3634 4244 4352
4  3767   20 4290 4351
4  1091  927 2110 4234
4   444 1091 2110 4234
4  3747 3712 4236 4351
4  3712 3747 4290 4351
4  3111 2030 3112 4235
4  2589  627 4162 4374
4  1331 2814 3502 4374
4  1827 1576 3988 4235
4  2426 1827 3988 4235
4  2460 1307 3111 4235
4  2460 3111 3112 4235
4  2460 2426 3988 4235
4  1307 2460 3988 4235
4  3111 1307 3764 4235
4  2861 3968 4019 4298
4  3968 2861 4095 4298
4  3432 2861 4019 4298
4  3968 3432 4019 4298
4   891 3815 3987 4237
4  1304 2784 4025 4282
4  2474 1389 3650 4282
4  1974 1885 3718 4237
4  1068 1974 3718 4237
4  3931 2670 4052 4312
4  3640   74 4283 4367
4  3602 3516 3910 4382
4  1499 1830 2398 4239
4  1755 1499 2398 4239
4  2398 1830 3734 4239
4  1755 2398 3734 4239
4  1830 2207 2685 4239
4  2685 2207 3019 4239
4  1830 2685 3019 4239
4  2183 1812 2689 4240
4  2183 2689 3892 4240
4   903 2183 3892 4240
4  2085 2239 3125 4241
4  3125 2239 3741 4241
4  2085 3125 3741 4241
4  1369 2085 2484 4241
4  1369 1545 2085 4241
4  2239 1826 3722 4241
4  3722 1826 3741 4241
4  2239 3722 3741 4241
4   586  611  952 4242
4   519  586  952 4242
4   590 3966 4051 4242
4  1698  590 4051 4242
4   611  586 4051 4242
4  3966  611 4051 4242
4   659  458  824 4243
4   901  419 2137 4243
4   901 2137 3748 4243
4    17  419  458 4243
4  1101 1155 2536 4405
4   419  281 1572 4243
4   824  458 1572 4243
4   661  824 1572 4243
4   661 1572 1598 4243
4   419   17 2137 4243
4  2137   17 3748 4243
4  2061 1292 3634 4245
4  1292 2061 3551 4245
4  3205 2061 3634 4245
4  2061 3205 3551 4245
4  1934 1292 2212 4245
4  2212 1292 3990 4245
4   574 3148 3174 4246
4  3174 3148 4124 4246
4   574  815 1428 4246
4  1428  815 4124 4246
4   574 1428 4124 4246
4   440 1097 1352 4246
4  1352 1097 4124 4246
4   440 1352 4124 4246
4  3490 1606 2295 4247
4  1606 3490 2295 2206
4  2985 1568 3173 4247
4  3097 3173 3490 4247
4  2295 3097 3490 4247
4  2985 2295 3314 4247
4  1568 2985 3314 4247
4  2295 2985 3097 4247
4  3097 2985 3173 4247
4  3576 3648 3773 4248
4  1260 2140 2600 4249
4  1901 1260 2600 4249
4  1260 1901 2140 4249
4  2600 2691 3113 4249
4  3113 2691 4233 4249
4  2600 3113 4233 4249
4   101  103 4233 4249
4  4027  101 4233 4249
4  2452 3788 4257 4293
4  1726 2891 3788 4293
4  1774 2819 1304 4250
4  2819 1774 1304 2784
4  4062 2657 4148 4250
4  2657 4062 4147 4250
4   137 3469 4140 4289
4  3566 4140 4286 4289
4  1693  465 2007 4251
4  2007  465 2561 4251
4   454 1693 2007 4251
4   454 2007 2561 4251
4   911  454 2382 4251
4   454  911 1693 4251
4  1693  911 2382 4251
4  1392  667 4095 4251
4  1392 4095 4135 4251
4  4008 3245 4190 4261
4  2934 2185 3245 4261
4   394  602  875 4407
4   940  853 1129 4327
4  1129 2111 3631 4327
4  1101 1413 2974 4255
4  1101 1155 1413 4255
4  1466 1155 3783 4255
4  1155 1466 1621 4255
4  1621 1466 3783 4255
4  2406 2105 3074 4355
4   286  335 4411 4416
4   452  684 2536 4255
4   684  452 2534 4255
4  1136  684 2534 4255
4   684 1136 2973 4255
4  2536  684 2973 4255
4  3455 1621 3783 4255
4  1621 3455 3774 4255
4  3774 3455 3783 4255
4  1216  701 2853 4256
4  1216 2853 4080 4256
4  1044 1216 4080 4256
4  1488 1707 3023 4294
4  1707 1488 1939 4294
4  1667 3154 4165 4257
4    95 1667 4165 4257
4  1667   95 1706 4257
4  2731 2057 2872 4258
4  2731 2872 3790 4258
4  2872 3074 3790 4258
4  2872 2832 3074 4258
4  3952  940 4011 4259
4   779  433 3541 4259
4  1868  779 3541 4259
4   617  703 3541 4259
4   433  617 3541 4259
4   779  433  359  401
4   433  779  359 4259
4   709 1886 3803 4260
4  3254 4008 4044 4261
4  3032 3254 4044 4261
4  3350 4008 4190 4261
4  3032 3350 4190 4261
4  3350 3032 4008 4261
4  3316 3254 3973 4261
4  3032 3316 3973 4261
4  3254 3032 3973 4261
4  1976  646 3907 4279
4  3714 1460 3898 4279
4  3772 2282 4138 4293
4  3394 2270 3514 4262
4  3143 2819 3784 4288
4  1806 3014 3778 4331
4  2035 3738 3845 4357
4  2035  108 3738 4357
4   959 2406 3158 4263
4   959 1624 2406 4263
4  3089 2354 3864 4264
4  1915 3089 3864 4264
4  2290 2278 2550 4264
4  2550 2278 3089 4264
4  2278 2354 3089 4264
4  2278 2290 2354 4264
4  2345 3493 3585 4343
4  1467  334 4143 4265
4   294 1074 1467 4265
4   294 1467 4143 4265
4   430  291  888 4265
4   291  294  888 4265
4   494  430  888 4265
4   294  494  888 4265
4   704 2724 3841 4266
4  3224  704 3841 4266
4   955 3224 3841 4266
4   955 2463 3224 4266
4  2724  704 4036 4266
4  1744 2724 4036 4266
4   704 1744 4036 4266
4  4221 3007 4280 4364
4  2503 2996 3288 4284
4  1411 1389 2474 4268
4  1389 1411 2139 4268
4  1497 1531 3703 4364
4  4280 4238 4347 4364
4  3007 4221 4347 4364
4  1357 2825 3972 4284
4    74   76 3558 4368
4  2825 3918 3972 4284
4  3007 1497 3703 4364
4  2046 2003 4347 4364
4  2526 2046 4238 4364
4  1711 3735 3849 4269
4  1711  972 3735 4269
4  3849 3444 4107 4269
4  3444  972 4107 4269
4  1594 3444 3849 4269
4  1594 2094 3444 4269
4  1142 1594 2109 4269
4  2109 2552 3735 4269
4  3735 2552 3849 4269
4  1711 3849 4107 4269
4   972 1711 4107 4269
4  2109 1594 2552 4269
4  3849 2552 3871 4269
4  1594 3849 3871 4269
4  2552 1594 3871 4269
4  2658 1842 3974 4361
4  1905 3868 4272 4361
4  2923 1568 3314 4271
4  3314 1568 4247 4271
4  1568 3635 4247 4271
4  1568 2923 3635 4271
4  4217 3640 4273 4367
4  1333 3640 3916 4273
4  1922 3709 4218 4396
4  2868 3533 4273 4398
4  3417 1358 3533 4273
4  1287 1242 2868 4273
4  3837 3008 3912 4398
4   595  683  798 4399
4   798  683  895 4399
4  1490 2727 4217 4273
4    75   74 4283 4368
4  3837 3912 4367 4398
4  4273 2800 4367 4398
4  2727 3417 3533 4273
4  2727 1490 3417 4273
4  3558 4218 4368 4396
4    74 3640 4283 4368
4  2727 2800 4217 4273
4   595  798 1071 4399
4   411  555 1126 4275
4   411 1126 3886 4275
4  3218 3244 1874 2678
4   555  288  411 2485
4   288  555  411 4275
4  1997 2037 2399 4276
4  1997 1885 2037 4276
4  3116 3832 3863 4276
4  1641 3116 3863 4276
4  3070 1997 4093 4276
4  1997 2399 4093 4276
4  3888 2747 4093 4276
4  2399 3888 4093 4276
4  2003 1497 4347 4364
4  4221 4280 4347 4364
4  2535 3514 4262 4278
4  2662 2535 4262 4278
4  3514 2602 4262 4278
4  2568 2480 4133 4278
4  2375 3890 4133 4278
4  2375 2662 3890 4278
4  3514 2480 4069 4278
4  2602 3514 4069 4278
4  3890 2662 4262 4278
4  2602 3890 4262 4278
4  2602 2568 4133 4278
4  3890 2602 4133 4278
4  2568 2602 4069 4278
4  2480 2568 4069 4278
4  1931 1050 3898 4279
4   923 1931 3898 4279
4  1337  857 1965 4279
4  1965  857 2744 4279
4  1337 1965 2744 4279
4  3116 1624 4263 4281
4  3832 3116 4263 4281
4  1257 1870 2439 4281
4  2439 1870 3832 4281
4  2439 3832 4263 4281
4  3971 3778 4042 4331
4  2035 4025 4267 4363
4  1641 1624 3116 4281
4  1641 3116 4276 4281
4  3116 3832 4276 4281
4  2105 1641 3790 4281
4  1885 2105 3790 4281
4  1641 1885 3790 4281
4  1045 2439 4263 4281
4  2139 3845 4267 4363
4  1389 2139 2784 4363
4  1087 3738 4268 4363
4  4238 2046 4347 4364
4  3431 3104 3922 4312
4  2784 2819 3650 4282
4   737  564 1809 4303
4  2558  737 2569 4303
4  2775 1869 3244 4305
4  4114 4151 4174 4305
4   737 1263 2569 4303
4   546  564 2558 4303
4   546  805  820 4303
4  3126 2819 3143 4282
4  1304 3126 3143 4282
4  2819 1304 3143 4282
4  2573 1235 3972 4284
4  3337 2573 3972 4284
4  2952 3337 3373 4284
4  3373 3337 3918 4284
4  2275 1235 2322 4284
4  2322 1235 2573 4284
4  2275 2322 2573 4284
4   666  566  904 4285
4   904  566 1462 4285
4   891  904 1462 4285
4  2217 2308 3016 4286
4  1210 2217 3016 4286
4    20 3778 3934 4290
4  3057 3712 3747 4290
4  4110 3779 4144 4341
4  2217 3280 3306 4286
4  2217 1210 3280 4286
4  2309 3305 3324 4370
4   645  822 1030 4319
4  2018 3877 4341 4371
4  4286 3446 4289 4370
4  2498 2692 3408 4371
4  2439 1186 4185 4371
4  2018 3779 4185 4341
4  3408 2465 3861 4341
4  3408 2692 3832 4371
4  1870 2439 2692 4371
4  3779 2018 3877 4341
4  3408 3861 3877 4341
4  2465 3099 3861 4341
4  3767   20 3934 4290
4  3378 3767 3934 4290
4  2061 3634 3666 4352
4  3378 3747 3767 4290
4  3378 1999 4170 4290
4  1999 3378 3934 4290
4  2682 3378 4170 4290
4  3378 2682 3747 4290
4  1999 1806 4170 4290
4  1806 1999 3778 4290
4  1607 2930 3933 4337
4  3676 2941 3996 4292
4  2657 3676 3996 4292
4  2657 1704 3676 4292
4  2099 2722 4130 4292
4  2722 2099 2941 4292
4  2819 1304 4250 4292
4  1304 2819 3143 4292
4  3143 2819 4250 4292
4  4250 2657 4288 4292
4  3143 4250 4288 4292
4  1704 4130 2722 4292
4  1707 1499 3023 4294
4  1057  573 1183 4332
4   351  364  450 4332
4   727  450 1440 4332
4  1440  900 4113 4332
4  3023 1499 3237 4294
4  3023 3237 4042 4294
4   364  742  875 4332
4   450  364  900 4332
4   395  573 1057 4332
4   450  900 1440 4332
4   742  395 1057 4332
4  3626  177 3885 4296
4   176 3960 4008 4296
4  3885  176 4008 4296
4  1263 1880 3964 4297
4  1031  922 2809 4297
4  3678 1229 4299 4374
4  1263 2030 3111 4297
4  1031 2809 3764 4297
4  1339  922 2870 4297
4   922 1339 2809 4297
4  2809 1339 2870 4297
4  2038 3678 4162 4374
4   627 2589 4013 4374
4   627 1027 2038 4374
4  3502 2589 4162 4374
4  3678 1331 4162 4374
4  2814 2589 3502 4374
4  1880 3111 3764 4297
4  1880 1263 3111 4297
4  1880 2809 3964 4297
4  2809 1880 3764 4297
4   146 3609 3958 4299
4  3596 3609 4063 4299
4  3609 3596 3958 4299
4  2902 4046 4334 4375
4  2861 1176 4095 4375
4   908 2618 4229 4353
4  2328 1423 4334 4375
4  2987 1162 4229 4353
4   153 4046 4298 4375
4  1135  672 1258 4376
4  3690 4003 4316 4353
4   966 2011 4316 4353
4  1162  908 4229 4353
4  1737 3690 4229 4353
4  1477 3166 4001 4301
4  2849 1477 3764 4301
4  1477 2849 3166 4301
4  3166 2849 3764 4301
4  3312 2726 4004 4302
4  2035 3312 4004 4302
4  3509 3312 3669 4302
4  2035 3509 3669 4302
4  3312 2035 3669 4302
4   978 1174 1304 4302
4  1304 1174 4282 4302
4   564  546 1082 4303
4  1082  546 1655 4303
4  1082 1655 1809 4303
4   564 1082 1809 4303
4  1027  627 4013 4374
4  3596 1331 3678 4374
4  1241 2589 2814 4374
4  2814 1331 3596 4374
4  3218 4151 3244 2678
4  1279 4105 4126 4323
4  4105  530 4126 4323
4  3218 3244 4305 1874
4  4151 3218 3244 4305
4  2298  725 3229 4306
4   828 2298 3229 4306
4   828  715 2298 4306
4  2298  715 3046 4306
4  1182  828 4112 4306
4  3288 1182 4112 4306
4  3229  725 4112 4306
4   828 3229 4112 4306
4  1182 3288 4300 4306
4  3372 1182 4300 4306
4  4056 3548 4300 4306
4  2825 4056 4300 4306
4  1901  101 3713 4307
4  1720 3656 3975 4308
4  2892  102 4034 4308
4   102 1930 4034 4308
4  1930  102 4232 4308
4   102 1720 4232 4308
4  3699 1930 4232 4308
4  1720 3699 4232 4308
4  3699 1720 3975 4308
4  1294 3699 3975 4308
4   692  333 1382 4310
4   482  692 1382 4310
4   327  333  580 4310
4   580  333 3838 4310
4   333  327  377 4310
4   377  327 1382 4310
4   333  377 1382 4310
4   327  580  793 4310
4   793  580 3838 4310
4   482 3828 4057 4310
4   692  482 4057 4310
4  2466 3126 4282 4311
4  1625 2466 1026 4311
4  2466 1625 1026 1654
4  3650 2466 4282 4311
4  2819 3650 4282 4311
4  3643 2836 3802 4312
4  2312 2876 3104 4312
4  1844 1152 3106 4312
4  2670 1844 3106 4312
4  3643 3932 3215 3802
4  3643 3215 4026 4312
4  3802 2836 3932 4312
4  3215 3802 3932 4312
4  2836 3215 3932 4312
4  3215 2836 3982 4312
4  2312 3215 3982 4312
4  2876 2312 3982 4312
4  2836 2876 3982 4312
4  1844 3643 4026 4312
4  1844 2670 3643 4312
4  1152 1844 4026 4312
4  2063 2932 3603 4315
4  1405 2063 4071 4315
4  3958 1405 4244 4315
4  1934 3666 4244 4315
4  3666 1934 4071 4315
4  2236 2816 4071 4315
4  2063 2236 4071 4315
4  2236 2063 2816 4315
4  2063 1405 2932 4315
4  2932 1405 3958 4315
4  1405 1934 4244 4315
4  1934 1405 4071 4315
4  1869 2987 3827 4316
4  2011 1869 3827 4316
4  1869 2011 2987 4316
4   138  139 3501 4318
4  3501 3446 3522 4318
4  3522 3446 4213 4318
4  3501 3522 4213 4318
4   139  137 4289 4318
4   139  138  137 4318
4  3446  139 4289 4318
4   514  645 4225 4319
4   363  383 4203 4319
4   383  363  514 4319
4  1210 3563 4286 4370
4  3133 3446 3563 4370
4  2309 1210 3053 4370
4  2676 3053 3469 4370
4  2309 3053 3305 4370
4  2627 3133 3324 4370
4  4182  421 4203 4319
4   383 4182 4203 4319
4   432  383  514 4319
4   432  514 4225 4319
4   432  421 4182 4319
4   383  432 4182 4319
4   421  432 1447 4319
4  1447  432 4225 4319
4   421 1447 4225 4319
4  2775 2752 3806 4321
4  3244 1874 3625 4321
4  1162 3244 3625 4321
4  1162 2775 3244 4321
4  1874 3244 4305 4321
4  2775 3806 4305 4321
4  3244 2775 4305 4321
4   613 2271 4354 4403
4    97   96 4138 4324
4  1699 2195 2949 4324
4  1024 1961 3910 4382
4   335 4354 4390 4403
4  3824 2877 4326 4381
4    95   97 2949 4324
4    97   95   96 4324
4    96   95 2195 4324
4  2195   95 2949 4324
4  2538 1619 2619 4325
4  2538 2619 3260 4325
4  3790 1974 4258 4325
4  2105 3790 4258 4325
4  1653 1619 4258 4325
4  1974 1653 4258 4325
4  1974 1885 4237 4325
4  1619 1653 2619 4325
4  2619 1653 3260 4325
4  1885 1974 3790 4325
4  2105 1885 3790 4325
4  1178 2111 2582 4327
4  2026 1178 2582 4327
4    55   54 2955 4328
4    53   55 2955 4328
4    55   53   54 4328
4  2676 2905 4230 4348
4  2955   54 4238 4328
4   591  662 1784 4350
4  3469  137 3470 4348
4  2905 2676 3175 4348
4  1130  591 1784 4350
4  2722  882 4037 2556
4   882  705 2722 4329
4  2722  705 2947 4329
4   882 1013 2698 4329
4  2698 1013 4132 4329
4  1152 2698 4132 4329
4  2947  882  705 3041
4   882 2947  705 4329
4  2698 2947 1152  733
4  2947 2698 1152 4329
4  2139 1389 4268 4363
4  1389 2784 4282 4363
4   782  583 1841 4330
4  1841  583 2406 4330
4  1619  782 1841 4330
4  1619 1841 2406 4330
4  1499 1707 3386 4331
4  1000 2144 4294 4331
4  1702 1000 4294 4331
4  1000 1702 2144 4331
4  1735 1806 3787 4331
4  1806 1735 2144 4331
4  2144 1735 3787 4331
4   351  395  742 4332
4   573  395 4176 4332
4   395  450 4176 4332
4  1183  727 1440 4332
4  1183 1440 4113 4332
4   704 4113 4141 4332
4  1183  704 4141 4332
4   704 1183 4113 4332
4   450  395 3751 4332
4   351  450 3751 4332
4   395  351 3751 4332
4   167 3299 4161 4335
4  3299  167 4157 4335
4   168 3333 4157 4335
4   168  167 4161 4335
4   167  168 4157 4335
4  1609 1566 2353 4383
4  2353 1566 3086 4383
4  1566 2374 2783 4383
4  3530 3333 3791 4335
4   168 3530 3791 4335
4  3333  168 3791 4335
4  3141 1607 3933 4337
4  2781 3141 3393 4337
4  3264 1875 4183 4337
4  1875 2781 4183 4337
4  3264 3731 3933 4337
4  1604 1607 3141 4337
4  1607 1604 2930 4337
4  3141 3933 4291 4337
4  3393 3141 4291 4337
4  3731 3264 4183 4337
4  3933 3731 4291 4337
4  3393 3731 4183 4337
4  2781 3393 4183 4337
4  3731 3393 3925 4337
4  3925 3393 4291 4337
4  3731 3925 4291 4337
4   132  131 3437 4338
4  3119  132 3437 4338
4  3437 4177  131 3680
4  4177 3437  131 4338
4  2215 2451 3436 4338
4  4181 3306 4339 4384
4   771 3176 3216 4384
4  1092 4181 4339 4384
4  3123  974 4181 4384
4  2699 3119 3436 4338
4  2451 2699 3436 4338
4  2699 4338 3206 3119
4   794  631 2878 4385
4  1270  794 1482 4385
4  2003 1497 3612 4386
4   606 1223 2878 4385
4  4221 3007 4347 4386
4   606 2878 4345 4385
4  1729  606 2601 4385
4  1497 3095 3612 4386
4  3007 4221 4328 4386
4  3561 3447 4197 4340
4  3447 3522 4197 4340
4  1092 3561 4197 4340
4  3522 1092 4197 4340
4  3501 3566 4181 4340
4   139 3446 4289 4340
4  3446  139 3501 4340
4  3501  139 3566 4340
4  3566  139 4140 4340
4  4140  139 4289 4340
4  3566 4140 4289 4340
4  1140  475 1403 4342
4   341 1403 4191 4342
4   341 4191 4192 4342
4   341  312 1078 4342
4  1078  312 1403 4342
4   341 1078 1403 4342
4  1403  475 4191 4342
4  4191  475 4192 4342
4  3099 4110 4207 4344
4  3077 3099 4207 4344
4  1894 3077 4207 4344
4  1894 2465 3077 4344
4  3077 2465 3099 4344
4   801 2104 2601 4345
4   606  801 2601 4345
4   801  606 2104 4345
4  2878  631 3629 4345
4  1377 2878 3629 4345
4   631 1377 3629 4345
4  1377 3024 4209 4345
4  3024 3902 4209 4345
4  2878 1377 3677 4345
4  3677 1377 3902 4345
4  3902 1377 4209 4345
4   729  514  892 4346
4   636  729  892 4346
4   892  432 2219 4346
4  2219  432 3672 4346
4   432  383 3672 4346
4   383  432  514 4346
4   514  432  892 4346
4  2831 3108 3703 4365
4  2338 2526 3902 4365
4  1472 2831 3703 4365
4   452 2534 4255 4389
4   567 1452 4349 4387
4   930  530 1558 4417
4  1355 1178 1385 4406
4  1452  640 4349 4387
4   662  492 1784 4350
4   927 1091 1237 4350
4  1237 1091 4126 4350
4  1091  927 4234 4350
4   444  375  492 4350
4   444  492  662 4350
4   444 1091 4234 4350
4  1091  444 4126 4350
4  1737 2618 4003 4353
4  3690 1737 4003 4353
4  2618  966 4003 4353
4  4003  966 4316 4353
4  1162 2011 2775 4353
4  2775 2011 3370 4353
4  1162 2775 3370 4353
4   748  966 2618 4353
4   966  748 2011 4353
4  2618  908 3448 4353
4   748 2618 3448 4353
4  3370  748 3448 4353
4  2752 3370 3448 4353
4  2752 1162 3370 4353
4  1009  748 3370 4353
4   748 1009 2011 4353
4  2011 1009 3370 4353
4   908 1162 2752 4353
4   908 2752 3448 4353
4   300  286  458 4404
4  1195  419 1572 4404
4  1043 1820 3317 4355
4  1820 2619 3317 4355
4  1820 1653 2619 4355
4  1533 1375 2416 4356
4  2416 1375 2480 4356
4  2480 1375 4278 4356
4   603 3135 3261 4358
4   604  603 1207 4358
4  1207  603 3261 4358
4   604 1207 3261 4358
4  2094  604 4269 4358
4   604 2094 2445 4358
4   647  889 3261 4358
4   647  722  889 4358
4   722  647 3135 4358
4  3135  647 3261 4358
4   722 3243 4269 2109
4  3243  722 4269 4358
4   722 2094 4269 4358
4  2094  722 2445 4358
4  2757 3160 3524 4359
4  3434 2757 3524 4359
4  3434 3524 4270 4359
4  3117 3434 4270 4359
4  3524 3160 4270 4359
4  3857 3117 4270 4359
4  3187 3857 4270 4359
4  3187 2869 3857 4359
4  3160 2869 3187 4359
4  3160 3187 4270 4359
4  2213 2325 3865 4360
4  2325 2213 3315 4360
4  1946 2325 3315 4360
4  3227 3865 4271 4360
4  3620 2983 4271 4360
4  2983 1606 3272 4360
4  1606 2841 3272 4360
4  2841 3227 3272 4360
4  3272 3227 4271 4360
4  2983 3272 4271 4360
4   602 1208 4277 4394
4  2439 1257 4281 4362
4  1045 2439 4281 4362
4  2852 1045 4277 4362
4  1208 4330 4362 4394
4  1208  900 2406 4394
4  4277 1208 4362 4394
4   549  875 3158 4394
4  4267 3845 4357 4363
4  2035 4267 4357 4363
4  3845 2035 4357 4363
4  3738 3120 4268 4363
4  3120 3738 3845 4363
4  2474 1389 4282 4363
4  1389 2474 4268 4363
4  4268 2474 4282 4363
4  2046 1531 3199 4364
4  2003 2046 3199 4364
4  1531 2003 3199 4364
4  1531 2046 2104 4364
4  2104 2046 2338 4364
4  1531 2104 2338 4364
4  1472 2338 3902 4365
4  3108 1472 3677 4365
4  3108 1992 3616 4365
4  1574 3108 3616 4365
4  1992 1574 3616 4365
4  2677 1992 3677 4365
4  1992 2677 3239 4365
4  3677 1472 3902 4365
4  2677 3677 3902 4365
4  3743 2677 3902 4365
4  2526 3743 3902 4365
4  3239 2677 3743 4365
4  2526 3239 3743 4365
4  4204 3710 4326 4366
4  3780 4204 4326 4366
4   683  741  895 4399
4   895  956 2402 4399
4  3346 3558 4218 4368
4    74 3346 4218 4368
4  3346   74 3558 4368
4  1055 1242 1287 4397
4  2882  437 3803 4409
4  1922 3558 4395 4396
4  4368 3916 4395 4396
4    76   75 4220 4368
4  3558   76 4220 4368
4   325  476  877 4369
4   877  476 3223 4369
4  3223 3142 4203 4369
4   645  445 2912 4369
4    14  445  589 4369
4  3142  589 4319 4369
4   363 3142 4319 4369
4  3142  363 4203 4369
4  4203  363 4319 4369
4  3223   14 4214 4369
4    14  589 4214 4369
4   589  645 4319 4369
4   589  445  645 4369
4  3142 3223 4214 4369
4   589 3142 4214 4369
4  2676 3469 4230 4370
4  4230 3469 4289 4370
4  4230 4289 4318 4370
4  3133 4230 4318 4370
4  1257 3815 3987 4371
4  2439 1257 3987 4371
4  1257 1870 3815 4371
4  1870 1257 2439 4371
4  2465 3077 4341 4371
4  3077 2465 3408 4371
4  3408 2465 4341 4371
4  1307 3764 4235 4373
4  3111 3764 4297 4373
4  3764 3111 4235 4373
4  1307 1031 3764 4373
4  3764 1031 4297 4373
4  2038 1027 3603 4374
4  3603 1027 3678 4374
4  2038 3603 3678 4374
4  4299 1229 4352 4374
4  1229 1027 4352 4374
4  2589 1241 4013 4374
4  1027 4013 4352 4374
4  1241 2814 3901 4374
4  3901 2814 4299 4374
4  1241 3901 4013 4374
4  3901 4299 4352 4374
4  4013 3901 4352 4374
4  1522 2036 4313 4376
4  1258   92 1522 4376
4    92 1047 4058 4376
4  1522   92 2036 4376
4  2036   92 4058 4376
4  1047 1258   92 3657
4  1258 1047   92 4376
4  3148 3102 4100 4377
4  3756   66 4317 4379
4  3861   65 4144 4379
4    65 2256 4144 4379
4  2866 2933 3877 4401
4  2839 1673 3715 4401
4  2256 1236 3266 4379
4  1390 2933 2866 4401
4  1390 2839 2933 4401
4  1390 2866 3756 4401
4  4144 2256 4344 4379
4  3861 4144 4344 4379
4  3756 2256 4226 4379
4    66 3756 4226 4379
4  2256   66 4226 4379
4  1753 1204 2282 4380
4  2067 1753 2282 4380
4  1705 2067 2282 4380
4  1699 3628 4324 4380
4  2966 1699 4324 4380
4  1202 1004 3628 4380
4  1004 1202 1699 4380
4  1699 1202 3628 4380
4  3628 4138 4380 2282
4  2282 1204 3772 4380
4  1705 2282 3628 4380
4  2282 3772 4138 4380
4  4138 3772 4324 4380
4  3130 3821 2442 3836
4  2353 3437 4383 3680
4  1372 2353 3425 4383
4  3425 2353 4338 4383
4  1642 1372 3436 4383
4  1372 1642 1666 4383
4  2783 2645 3086 4383
4  1566 2783 3086 4383
4  1372 3425 3436 4383
4  3436 3425 4338 4383
4  1372 1609 2353 4383
4  1609 1372 1666 4383
4  1609 2374 1666 1993
4  2374 1609 1666 4383
4  3123 1092 4097 4384
4  1092 2703 4097 4384
4  4328 4221 4347 4386
4  4238 4328 4347 4386
4  4238 2955 4328 4386
4  2955 2046 4091 4386
4  2003 2046 4347 4386
4  2046 2003 4091 4386
4  2046 4238 4347 4386
4  2046 2955 4238 4386
4  1101 2536 4255 4389
4  1572  486 2882 4404
4     1  558  567 4387
4   567  558  936 4387
4   764  317  927 4388
4   927  317 1237 4388
4   764  927 1237 4388
4   963  558 4387 4388
4   261  963 4387 4388
4   335  286  486 4416
4   335 1100 4411 4416
4   335  824 3736 4416
4  3527  637 4193 4416
4   458 1572 4243 4404
4  1100  335 3736 4416
4   419  458 4243 4404
4   286 3527 4193 4416
4   458  286 4193 4416
4   286  458  486 4416
4  1153  728 2025 4391
4  2025  728 3785 4391
4  1153 2025 3785 4391
4  2416 1153 3679 4391
4  3679 1153 3785 4391
4  2416 3679 3785 4391
4   424  372 3219 4407
4   602  907 4393 4407
4   424  583  907 4407
4   907  610 2852 4393
4  1257 3311 4281 4393
4  4281 3311 4330 4393
4  4330 1208 4362 4393
4  2439 1257 4362 4393
4  1257 2439 2852 4393
4  4277 2852 4362 4393
4  1208 4277 4362 4393
4  4281 4330 4362 4393
4  1257 4281 4362 4393
4  1045 2439 4362 4393
4  2439 1045 2852 4393
4  2852 1045 4362 4393
4   549  366  875 4394
4   706 2294 4277 4394
4  2294  706 3158 4394
4  3158  706 4277 4394
4  1417 2417 2960 4408
4  1358 1055 4397 4408
4  4141 4394 1208 4407
4   613  437 3803 4413
4   685  761 3803 4413
4  2882  328 4390 4409
4  1287 1409 2951 4395
4  1409 1287 2868 4395
4  2868 1287 2951 4395
4  3439 3558 4220 4395
4  4220 3558 4368 4395
4  3709 1333 4218 4396
4  1333 2868 3916 4396
4  1333 1409 2868 4396
4  1055 1287 1358 4397
4  3689 3780 4366 4397
4  1242 3689 4366 4397
4  3689 1242 3780 4397
4  4273 1242 4366 4397
4  1358 1287 4273 4397
4  1287 1242 4273 4397
4  1145 3349 3780 4397
4  3780 3349 4366 4397
4  3349 4273 4366 4397
4  1145 1358 3417 4397
4  3417 1358 4273 4397
4  1145 1490 3349 4397
4  3349 1490 4273 4397
4  1490 3417 4273 4397
4  1490 1145 3417 4397
4  1008  741 2415 4399
4   741 1008 2402 4399
4   689 4013 4372 4399
4   689 1071 4013 4399
4  2415  689 4372 4399
4  1008 2415 4372 4399
4  2402 1008 4372 4399
4  3756 2256 3225 4226
4  2256 3756 3225 4400
4  1390 1577 3715 4401
4  3715 1577 3756 4401
4  3756 2866 4378 4401
4  3779 2018 3789 4401
4  3756 3779 3789 4401
4  3779 3756 4378 4401
4  3779 3877 4401 4378
4   182 4077 4381 4402
4  2877  182 4381 4402
4  2534 4389 4354 4403
4  2534  698 2974 4403
4  1101 4354 4389 4403
4  2111  827 3631 4410
4  1355 1178 2111 4410
4  1158  437 4409 3803
4  2534 2974 4255 4403
4  2534 4255 4389 4403
4  1158 1101 1413 4403
4  1413 1101 2974 4403
4  1158 1413 2974 4403
4  2974 1101 4255 4403
4  4255 1101 4389 4403
4  1101 2536 4389 4405
4  1466 1155 4392 4405
4  1502 1466 4392 4405
4  2536 1155 3783 4405
4   335  394 3219 4411
4   303  438 1457 4417
4  1466 1502 3783 4405
4  1155 1466 3783 4405
4  1514 2536 2973 4405
4  2973 2536 3783 4405
4  1502 1514 2973 4405
4  1502 2973 3783 4405
4  4394 4141 1208  900
4   583 1208 4393 4407
4   907  583 4393 4407
4   583  424 4141 4407
4  4141 1208  900  583
4  1149 1055 4106 4408
4   617 1149 4106 4408
4  1417 1358 4082 4408
4  4082 1358 4397 4408
4  2417 1417 4082 4408
4  2417 4082 4397 4408
4  1115  617 2960 4408
4  2417 1115 2960 4408
4   328  324 1228 4409
4   324  328  709 4409
4   551 1228 1886 4409
4   551  342 1228 4409
4   342  551 1158 4409
4  1158  551 1886 4409
4  3631  973 3754 4410
4  1355 3631 3754 4410
4  1101 1155 4405 4410
4  1155 1101 1178 4410
4  1155 1355 4405 4410
4  1155 1178 1355 4410
4   394  335  887 4411
4   887  335 1100 4411
4   394  887  907 4411
4   907  887 1100 4411
4   617  740 2960 4412
4  1181 2960 2986 4412
4  1417 1181 2986 4412
4  1181 1417 2960 4412
4   709  437 4260 4413
4   437  709 3803 4413
4  3803  709 4260 4413
4  4260  685 4413 4414
4   661 4260 4413 4414
4  1572 1195 4404 4418
4   328 2882 4390 4418
4   827  357  973 4414
4   437  613  973 4414
4   328 1195 2882 4418
4   412  419 1195 4418
4   357  824  973 4414
4   303  357  827 4414
4   661  437  824 4414
4   824  437  973 4414
4   303  661  824 4414
4   357  303  824 4414
4   335  698 4390 4415
4   698  335 3219 4415
4   329  372 3527 4415
4  3527  372 4411 4415
4   372 3219 4411 4415
4   372  329 3219 4415
4   824  335 4354 4416
4   486  824 4354 4416
4   335  486 4354 4416
4   372 3527 4411 4416
4   372  637 3527 4416
4  1100  637 1144 4416
4   637  372 1144 4416
4  1144  372 4411 4416
4   907 1144 4411 4416
4  1100  907 4411 4416
4   907 1100 1144 4416
4   303 1457 1848 4417
4   661  685 4414 4417
4   827  303 4414 4417
4   344  685  697 4417
4   438  344  697 4417
4  1457 1167 2754 4417
4   930 1457 2754 4417
4  1167  930 2754 4417
4   685  827 4414 4417
4   827  303  438  357
4   303  827  438 4417
4   685  344  827 4417
4   344  438  827 4417
4   284  300 4404 4418
4   300  284  947 4418

CELL_TYPES 26277
10
10
10
10
10
10
10
10
10
10
10
10
10
10
10
10
10
10
10
10
10
10
10
10
10
10
10
10
10
10
10
10
10
10
10
10
10
10
10
10
10
10
10
10
10
10
10
10
10
10
10
10
10
10
10
10
10
10
10
10
10
10
10
10
10
10
10
10
10
10
10
10
10
10
10
10
10
10
10
10
10
10
10
10
10
10
10
10
10
10
10
10
10
10
10
10
10
10
10
10
10
10
10
10
10
10
10
10
10
10
10
10
10
10
10
10
10
10
10
10
10
10
10
10
10
10
10
10
10
10
10
10
10
10
10
10
10
10
10
10
10
10
10
10
10
10
10
10
10
10
10
10
10
10
10
10
10
10
10
10
10
10
10
10
10
10
10
10
10
10
10
10
10
10
10
10
10
10
10
10
10
10
10
10
10
10
10
10
10
10
10
10
10
10
10
10
10
10
10
10
10
10
10
10
10
10
10
10
10
10
10
10
10
10
10
10
10
10
10
10
10
10
10
10
10
10
10
10
10
10
10
10
10
10
10
10
10
10
10
10
10
10
10
10
10
10
10
10
10
10
10
10
10
10
10
10
10
10
10
10
10
10
10
10
10
10
10
10
10
10
10
10
10
10
10
10
10
10
10
10
10
10
10
10
10
10
10
10
10
10
10
10
10
10
10
10
10
10
10
10
10
10
10
10
10
10
10
10
10
10
10
10
10
10
10
10
10
10
10
10
10
10
10
10
10
10
10
10
10
10
10
10
10
10
10
10
10
10
10
10
10
10
10
10
10
10
10
10
10
10
10
10
10
10
10
10
10
10
10
10
10
10
10
10
10
10
10
10
10
10
10
10
10
10
10
10
10
10
10
10
10
10
10
10
10
10
10
10
10
10
10
10
10
10
10
10
10
10
10
10
10
10
10
10
10
10
10
10
10
10
10
10
10
10
10
10
10
10
10
10
10
10
10
10
10
10
10
10
10
10
10
10
10
10
10
10
10
10
10
10
10
10
10
10
10
10
10
10
10
10
10
10
10
10
10
10
10
10
10
10
10
10
10
10
10
10
10
10
10
10
10
10
10
10
10
10
10
10
10
10
10
10
10
10
10
10
10
10
10
10
10
10
10
10
10
10
10
10
10
10
10
10
10
10
10
10
10
10
10
10
10
10
10
10
10
10
10
10
10
10
10
10
10
10
10
10
10
10
10
10
10
10
10
10
10
10
10
10
10
10
10
10
10
10
10
10
10
10
10
10
10
10
10
10
10
10
10
10
10
10
10
10
10
10
10
10
10
10
10
10
10
10
10
10
10
10
10
10
10
10
10
10
10
10
10
10
10
10
10
10
10
10
10
10
10
10
10
10
10
10
10
10
10
10
10
10
10
10
10
10
10
10
10
10
10
10
10
10
10
10
10
10
10
10
10
10
10
10
10
10
10
10
10
10
10
10
10
10
10
10
10
10
10
10
10
10
10
10
10
10
10
10
10
10
10
10
10
10
10
10
10
10
10
10
10
10
10
10
10
10
10
10
10
10
10
10
10
10
10
10
10
10
10
10
10
10
10
10
10
10
10
10
10
10
10
10
10
10
10
10
10
10
10
10
10
10
10
10
10
10
10
10
10
10
10
10
10
10
10
10
10
10
10
10
10
10
10
10
10
10
10
10
10
10
10
10
10
10
10
10
10
10
10
10
10
10
10
10
10
10
10
10
10
10
10
10
10
10
10
10
10
10
10
10
10
10
10
10
10
10
10
10
10
10
10
10
10
10
10
10
10
10
10
10
10
10
10
10
10
10
10
10
10
10
10
10
10
10
10
10
10
10
10
10
10
10
10
10
10
10
10
10
10
10
10
10
10
10
10
10
10
10
10
10
10
10
10
10
10
10
10
10
10
10
10
10
10
10
10
10
10
10
10
10
10
10
10
10
10
10
10
10
10
10
10
10
10
10
10
10
10
10
10
10
10
10
10
10
10
10
10
10
10
10
10
10
10
10
10
10
10
10
10
10
10
10
10
10
10
10
10
10
10
10
10
10
10
10
10
10
10
10
10
10
10
10
10
10
10
10
10
10
10
10
10
10
10
10
10
10
10
10
10
10
10
10
10
10
10
10
10
10
10
10
10
10
10
10
10
10
10
10
10
10
10
10
10
10
10
10
10
10
10
10
10
10
10
10
10
10
10
10
10
10
10
10
10
10
10
10
10
10
10
10
10
10
10
10
10
10
10
10
10
10
10
10
10
10
10
10
10
10
10
10
10
10
10
10
10
10
10
10
10
10
10
10
10
10
10
10
10
10
10
10
10
10
10
10
10
10
10
10
10
10
10
10
10
10
10
10
10
10
10
10
10
10
10
10
10
10
10
10
10
10
10
10
10
10
10
10
10
10
10
10
10
10
10
10
10
10
10
10
10
10
10
10
10
10
10
10
10
10
10
10
10
10
10
10
10
10
10
10
10
10
10
10
10
10
10
10
10
10
10
10
10
10
10
10
10
10
10
10
10
10
10
10
10
10
10
10
10
10
10
10
10
10
10
10
10
10
10
10
10
10
10
10
10
10
10
10
10
10
10
10
10
10
10
10
10
10
10
10
10
10
10
10
10
10
10
10
10
10
10
10
10
10
10
10
10
10
10
10
10
10
10
10
10
10
10
10
10
10
10
10
10
10
10
10
10
10
10
10
10
10
10
10
10
10
10
10
10
10
10
10
10
10
10
10
10
10
10
10
10
10
10
10
10
10
10
10
10
10
10
10
10
10
10
10
10
10
10
10
10
10
10
10
10
10
10
10
10
10
10
10
10
10
10
10
10
10
10
10
10
10
10
10
10
10
10
10
10
10
10
10
10
10
10
10
10
10
10
10
10
10
10
10
10
10
10
10
10
10
10
10
10
10
10
10
10
10
10
10
10
10
10
10
10
10
10
10
10
10
10
10
10
10
10
10
10
10
10
10
10
10
10
10
10
10
10
10
10
10
10
10
10
10
10
10
10
10
10
10
10
10
10
10
10
10
10
10
10
10
10
10
10
10
10
10
10
10
10
10
10
10
10
10
10
10
10
10
10
10
10
10
10
10
10
10
10
10
10
10
10
10
10
10
10
10
10
10
10
10
10
10
10
10
10
10
10
10
10
10
10
10
10
10
10
10
10
10
10
10
10
10
10
10
10
10
10
10
10
10
10
10
10
10
10
10
10
10
10
10
10
10
10
10
10
10
10
10
10
10
10
10
10
10
10
10
10
10
10
10
10
10
10
10
10
10
10
10
10
10
10
10
10
10
10
10
10
10
10
10
10
10
10
10
10
10
10
10
10
10
10
10
10
10
10
10
10
10
10
10
10
10
10
10
10
10
10
10
10
10
10
10
10
10
10
10
10
10
10
10
10
10
10
10
10
10
10
10
10
10
10
10
10
10
10
10
10
10
10
10
10
10
10
10
10
10
10
10
10
10
10
10
10
10
10
10
10
10
10
10
10
10
10
10
10
10
10
10
10
10
10
10
10
10
10
10
10
10
10
10
10
10
10
10
10
10
10
10
10
10
10
10
10
10
10
10
10
10
10
10
10
10
10
10
10
10
10
10
10
10
10
10
10
10
10
10
10
10
10
10
10
10
10
10
10
10
10
10
10
10
10
10
10
10
10
10
10
10
10
10
10
10
10
10
10
10
10
10
10
10
10
10
10
10
10
10
10
10
10
10
10
10
10
10
10
10
10
10
10
10
10
10
10
10
10
10
10
10
10
10
10
10
10
10
10
10
10
10
10
10
10
10
10
10
10
10
10
10
10
10
10
10
10
10
10
10
10
10
10
10
10
10
10
10
10
10
10
10
10
10
10
10
10
10
10
10
10
10
10
10
10
10
10
10
10
10
10
10
10
10
10
10
10
10
10
10
10
10
10
10
10
10
10
10
10
10
10
10
10
10
10
10
10
10
10
10
10
10
10
10
10
10
10
10
10
10
10
10
10
10
10
10
10
10
10
10
10
10
10
10
10
10
10
10
10
10
10
10
10
10
10
10
10
10
10
10
10
10
10
10
10
10
10
10
10
10
10
10
10
10
10
10
10
10
10
10
10
10
10
10
10
10
10
10
10
10
10
10
10
10
10
10
10
10
10
10
10
10
10
10
10
10
10
10
10
10
10
10
10
10
10
10
10
10
10
10
10
10
10
10
10
10
10
10
10
10
10
10
10
10
10
10
10
10
10
10
10
10
10
10
10
10
10
10
10
10
10
10
10
10
10
10
10
10
10
10
10
10
10
10
10
10
10
10
10
10
10
10
10
10
10
10
10
10
10
10
10
10
10
10
10
10
10
10
10
10
10
10
10
10
10
10
10
10
10
10
10
10
10
10
10
10
10
10
10
10
10
10
10
10
10
10
10
10
10
10
10
10
10
10
10
10
10
10
10
10
10
10
10
10
10
10
10
10
10
10
10
10
10
10
10
10
10
10
10
10
10
10
10
10
10
10
10
10
10
10
10
10
10
10
10
10
10
10
10
10
10
10
10
10
10
10
10
10
10
10
10
10
10
10
10
10
10
10
10
10
10
10
10
10
10
10
10
10
10
10
10
10
10
10
10
10
10
10
10
10
10
10
10
10
10
10
10
10
10
10
10
10
10
10
10
10
10
10
10
10
10
10
10
10
10
10
10
10
10
10
10
10
10
10
10
10
10
10
10
10
10
10
10
10
10
10
10
10
10
10
10
10
10
10
10
10
10
10
10
10
10
10
10
10
10
10
10
10
10
10
10
10
10
10
10
10
10
10
10
10
10
10
10
10
10
10
10
10
10
10
10
10
10
10
10
10
10
10
10
10
10
10
10
10
10
10
10
10
10
10
10
10
10
10
10
10
10
10
10
10
10
10
10
10
10
10
10
10
10
10
10
10
10
10
10
10
10
10
10
10
10
10
10
10
10
10
10
10
10
10
10
10
10
10
10
10
10
10
10
10
10
10
10
10
10
10
10
10
10
10
10
10
10
10
10
10
10
10
10
10
10
10
10
10
10
10
10
10
10
10
10
10
10
10
10
10
10
10
10
10
10
10
10
10
10
10
10
10
10
10
10
10
10
10
10
10
10
10
10
10
10
10
10
10
10
10
10
10
10
10
10
10
10
10
10
10
10
10
10
10
10
10
10
10
10
10
10
10
10
10
10
10
10
10
10
10
10
10
10
10
10
10
10
10
10
10
10
10
10
10
10
10
10
10
10
10
10
10
10
10
10
10
10
10
10
10
10
10
10
10
10
10
10
10
10
10
10
10
10
10
10
10
10
10
10
10
10
10
10
10
10
10
10
10
10
10
10
10
10
10
10
10
10
10
10
10
10
10
10
10
10
10
10
10
10
10
10
10
10
10
10
10
10
10
10
10
10
10
10
10
10
10
10
10
10
10
10
10
10
10
10
10
10
10
10
10
10
10
10
10
10
10
10
10
10
10
10
10
10
10
10
10
10
10
10
10
10
10
10
10
10
10
10
10
10
10
10
10
10
10
10
10
10
10
10
10
10
10
10
10
10
10
10
10
10
10
10
10
10
10
10
10
10
10
10
10
10
10
10
10
10
10
10
10
10
10
10
10
10
10
10
10
10
10
10
10
10
10
10
10
10
10
10
10
10
10
10
10
10
10
10
10
10
10
10
10
10
10
10
10
10
10
10
10
10
10
10
10
10
10
10
10
10
10
10
10
10
10
10
10
10
10
10
10
10
10
10
10
10
10
10
10
10
10
10
10
10
10
10
10
10
10
10
10
10
10
10
10
10
10
10
10
10
10
10
10
10
10
10
10
10
10
10
10
10
10
10
10
10
10
10
10
10
10
10
10
10
10
10
10
10
10
10
10
10
10
10
10
10
10
10
10
10
10
10
10
10
10
10
10
10
10
10
10
10
10
10
10
10
10
10
10
10
10
10
10
10
10
10
10
10
10
10
10
10
10
10
10
10
10
10
10
10
10
10
10
10
10
10
10
10
10
10
10
10
10
10
10
10
10
10
10
10
10
10
10
10
10
10
10
10
10
10
10
10
10
10
10
10
10
10
10
10
10
10
10
10
10
10
10
10
10
10
10
10
10
10
10
10
10
10
10
10
10
10
10
10
10
10
10
10
10
10
10
10
10
10
10
10
10
10
10
10
10
10
10
10
10
10
10
10
10
10
10
10
10
10
10
10
10
10
10
10
10
10
10
10
10
10
10
10
10
10
10
10
10
10
10
10
10
10
10
10
10
10
10
10
10
10
10
10
10
10
10
10
10
10
10
10
10
10
10
10
10
10
10
10
10
10
10
10
10
10
10
10
10
10
10
10
10
10
10
10
10
10
10
10
10
10
10
10
10
10
10
10
10
10
10
10
10
10
10
10
10
10
10
10
10
10
10
10
10
10
10
10
10
10
10
10
10
10
10
10
10
10
10
10
10
10
10
10
10
10
10
10
10
10
10
10
10
10
10
10
10
10
10
10
10
10
10
10
10
10
10
10
10
10
10
10
10
10
10
10
10
10
10
10
10
10
10
10
10
10
10
10
10
10
10
10
10
10
10
10
10
10
10
10
10
10
10
10
10
10
10
10
10
10
10
10
10
10
10
10
10
10
10
10
10
10
10
10
10
10
10
10
10
10
10
10
10
10
10
10
10
10
10
10
10
10
10
10
10
10
10
10
10
10
10
10
10
10
10
10
10
10
10
10
10
10
10
10
10
10
10
10
10
10
10
10
10
10
10
10
10
10
10
10
10
10
10
10
10
10
10
10
10
10
10
10
10
10
10
10
10
10
10
10
10
10
10
10
10
10
10
10
10
10
10
10
10
10
10
10
10
10
10
10
10
10
10
10
10
10
10
10
10
10
10
10
10
10
10
10
10
10
10
10
10
10
10
10
10
10
10
10
10
10
10
10
10
10
10
10
10
10
10
10
10
10
10
10
10
10
10
10
10
10
10
10
10
10
10
10
10
10
10
10
10
10
10
10
10
10
10
10
10
10
10
10
10
10
10
10
10
10
10
10
10
10
10
10
10
10
10
10
10
10
10
10
10
10
10
10
10
10
10
10
10
10
10
10
10
10
10
10
10
10
10
10
10
10
10
10
10
10
10
10
10
10
10
10
10
10
10
10
10
10
10
10
10
10
10
10
10
10
10
10
10
10
10
10
10
10
10
10
10
10
10
10
10
10
10
10
10
10
10
10
10
10
10
10
10
10
10
10
10
10
10
10
10
10
10
10
10
10
10
10
10
10
10
10
10
10
10
10
10
10
10
10
10
10
10
10
10
10
10
10
10
10
10
10
10
10
10
10
10
10
10
10
10
10
10
10
10
10
10
10
10
10
10
10
10
10
10
10
10
10
10
10
10
10
10
10
10
10
10
10
10
10
10
10
10
10
10
10
10
10
10
10
10
10
10
10
10
10
10
10
10
10
10
10
10
10
10
10
10
10
10
10
10
10
10
10
10
10
10
10
10
10
10
10
10
10
10
10
10
10
10
10
10
10
10
10
10
10
10
10
10
10
10
10
10
10
10
10
10
10
10
10
10
10
10
10
10
10
10
10
10
10
10
10
10
10
10
10
10
10
10
10
10
10
10
10
10
10
10
10
10
10
10
10
10
10
10
10
10
10
10
10
10
10
10
10
10
10
10
10
10
10
10
10
10
10
10
10
10
10
10
10
10
10
10
10
10
10
10
10
10
10
10
10
10
10
10
10
10
10
10
10
10
10
10
10
10
10
10
10
10
10
10
10
10
10
10
10
10
10
10
10
10
10
10
10
10
10
10
10
10
10
10
10
10
10
10
10
10
10
10
10
10
10
10
10
10
10
10
10
10
10
10
10
10
10
10
10
10
10
10
10
10
10
10
10
10
10
10
10
10
10
10
10
10
10
10
10
10
10
10
10
10
10
10
10
10
10
10
10
10
10
10
10
10
10
10
10
10
10
10
10
10
10
10
10
10
10
10
10
10
10
10
10
10
10
10
10
10
10
10
10
10
10
10
10
10
10
10
10
10
10
10
10
10
10
10
10
10
10
10
10
10
10
10
10
10
10
10
10
10
10
10
10
10
10
10
10
10
10
10
10
10
10
10
10
10
10
10
10
10
10
10
10
10
10
10
10
10
10
10
10
10
10
10
10
10
10
10
10
10
10
10
10
10
10
10
10
10
10
10
10
10
10
10
10
10
10
10
10
10
10
10
10
10
10
10
10
10
10
10
10
10
10
10
10
10
10
10
10
10
10
10
10
10
10
10
10
10
10
10
10
10
10
10
10
10
10
10
10
10
10
10
10
10
10
10
10
10
10
10
10
10
10
10
10
10
10
10
10
10
10
10
10
10
10
10
10
10
10
10
10
10
10
10
10
10
10
10
10
10
10
10
10
10
10
10
10
10
10
10
10
10
10
10
10
10
10
10
10
10
10
10
10
10
10
10
10
10
10
10
10
10
10
10
10
10
10
10
10
10
10
10
10
10
10
10
10
10
10
10
10
10
10
10
10
10
10
10
10
10
10
10
10
10
10
10
10
10
10
10
10
10
10
10
10
10
10
10
10
10
10
10
10
10
10
10
10
10
10
10
10
10
10
10
10
10
10
10
10
10
10
10
10
10
10
10
10
10
10
10
10
10
10
10
10
10
10
10
10
10
10
10
10
10
10
10
10
10
10
10
10
10
10
10
10
10
10
10
10
10
10
10
10
10
10
10
10
10
10
10
10
10
10
10
10
10
10
10
10
10
10
10
10
10
10
10
10
10
10
10
10
10
10
10
10
10
10
10
10
10
10
10
10
10
10
10
10
10
10
10
10
10
10
10
10
10
10
10
10
10
10
10
10
10
10
10
10
10
10
10
10
10
10
10
10
10
10
10
10
10
10
10
10
10
10
10
10
10
10
10
10
10
10
10
10
10
10
10
10
10
10
10
10
10
10
10
10
10
10
10
10
10
10
10
10
10
10
10
10
10
10
10
10
10
10
10
10
10
10
10
10
10
10
10
10
10
10
10
10
10
10
10
10
10
10
10
10
10
10
10
10
10
10
10
10
10
10
10
10
10
10
10
10
10
10
10
10
10
10
10
10
10
10
10
10
10
10
10
10
10
10
10
10
10
10
10
10
10
10
10
10
10
10
10
10
10
10
10
10
10
10
10
10
10
10
10
10
10
10
10
10
10
10
10
10
10
10
10
10
10
10
10
10
10
10
10
10
10
10
10
10
10
10
10
10
10
10
10
10
10
10
10
10
10
10
10
10
10
10
10
10
10
10
10
10
10
10
10
10
10
10
10
10
10
10
10
10
10
10
10
10
10
10
10
10
10
10
10
10
10
10
10
10
10
10
10
10
10
10
10
10
10
10
10
10
10
10
10
10
10
10
10
10
10
10
10
10
10
10
10
10
10
10
10
10
10
10
10
10
10
10
10
10
10
10
10
10
10
10
10
10
10
10
10
10
10
10
10
10
10
10
10
10
10
10
10
10
10
10
10
10
10
10
10
10
10
10
10
10
10
10
10
10
10
10
10
10
10
10
10
10
10
10
10
10
10
10
10
10
10
10
10
10
10
10
10
10
10
10
10
10
10
10
10
10
10
10
10
10
10
10
10
10
10
10
10
10
10
10
10
10
10
10
10
10
10
10
10
10
10
10
10
10
10
10
10
10
10
10
10
10
10
10
10
10
10
10
10
10
10
10
10
10
10
10
10
10
10
10
10
10
10
10
10
10
10
10
10
10
10
10
10
10
10
10
10
10
10
10
10
10
10
10
10
10
10
10
10
10
10
10
10
10
10
10
10
10
10
10
10
10
10
10
10
10
10
10
10
10
10
10
10
10
10
10
10
10
10
10
10
10
10
10
10
10
10
10
10
10
10
10
10
10
10
10
10
10
10
10
10
10
10
10
10
10
10
10
10
10
10
10
10
10
10
10
10
10
10
10
10
10
10
10
10
10
10
10
10
10
10
10
10
10
10
10
10
10
10
10
10
10
10
10
10
10
10
10
10
10
10
10
10
10
10
10
10
10
10
10
10
10
10
10
10
10
10
10
10
10
10
10
10
10
10
10
10
10
10
10
10
10
10
10
10
10
10
10
10
10
10
10
10
10
10
10
10
10
10
10
10
10
10
10
10
10
10
10
10
10
10
10
10
10
10
10
10
10
10
10
10
10
10
10
10
10
10
10
10
10
10
10
10
10
10
10
10
10
10
10
10
10
10
10
10
10
10
10
10
10
10
10
10
10
10
10
10
10
10
10
10
10
10
10
10
10
10
10
10
10
10
10
10
10
10
10
10
10
10
10
10
10
10
10
10
10
10
10
10
10
10
10
10
10
10
10
10
10
10
10
10
10
10
10
10
10
10
10
10
10
10
10
10
10
10
10
10
10
10
10
10
10
10
10
10
10
10
10
10
10
10
10
10
10
10
10
10
10
10
10
10
10
10
10
10
10
10
10
10
10
10
10
10
10
10
10
10
10
10
10
10
10
10
10
10
10
10
10
10
10
10
10
10
10
10
10
10
10
10
10
10
10
10
10
10
10
10
10
10
10
10
10
10
10
10
10
10
10
10
10
10
10
10
10
10
10
10
10
10
10
10
10
10
10
10
10
10
10
10
10
10
10
10
10
10
10
10
10
10
10
10
10
10
10
10
10
10
10
10
10
10
10
10
10
10
10
10
10
10
10
10
10
10
10
10
10
10
10
10
10
10
10
10
10
10
10
10
10
10
10
10
10
10
10
10
10
10
10
10
10
10
10
10
10
10
10
10
10
10
10
10
10
10
10
10
10
10
10
10
10
10
10
10
10
10
10
10
10
10
10
10
10
10
10
10
10
10
10
10
10
10
10
10
10
10
10
10
10
10
10
10
10
10
10
10
10
10
10
10
10
10
10
10
10
10
10
10
10
10
10
10
10
10
10
10
10
10
10
10
10
10
10
10
10
10
10
10
10
10
10
10
10
10
10
10
10
10
10
10
10
10
10
10
10
10
10
10
10
10
10
10
10
10
10
10
10
10
10
10
10
10
10
10
10
10
10
10
10
10
10
10
10
10
10
10
10
10
10
10
10
10
10
10
10
10
10
10
10
10
10
10
10
10
10
10
10
10
10
10
10
10
10
10
10
10
10
10
10
10
10
10
10
10
10
10
10
10
10
10
10
10
10
10
10
10
10
10
10
10
10
10
10
10
10
10
10
10
10
10
10
10
10
10
10
10
10
10
10
10
10
10
10
10
10
10
10
10
10
10
10
10
10
10
10
10
10
10
10
10
10
10
10
10
10
10
10
10
10
10
10
10
10
10
10
10
10
10
10
10
10
10
10
10
10
10
10
10
10
10
10
10
10
10
10
10
10
10
10
10
10
10
10
10
10
10
10
10
10
10
10
10
10
10
10
10
10
10
10
10
10
10
10
10
10
10
10
10
10
10
10
10
10
10
10
10
10
10
10
10
10
10
10
10
10
10
10
10
10
10
10
10
10
10
10
10
10
10
10
10
10
10
10
10
10
10
10
10
10
10
10
10
10
10
10
10
10
10
10
10
10
10
10
10
10
10
10
10
10
10
10
10
10
10
10
10
10
10
10
10
10
10
10
10
10
10
10
10
10
10
10
10
10
10
10
10
10
10
10
10
10
10
10
10
10
10
10
10
10
10
10
10
10
10
10
10
10
10
10
10
10
10
10
10
10
10
10
10
10
10
10
10
10
10
10
10
10
10
10
10
10
10
10
10
10
10
10
10
10
10
10
10
10
10
10
10
10
10
10
10
10
10
10
10
10
10
10
10
10
10
10
10
10
10
10
10
10
10
10
10
10
10
10
10
10
10
10
10
10
10
10
10
10
10
10
10
10
10
10
10
10
10
10
10
10
10
10
10
10
10
10
10
10
10
10
10
10
10
10
10
10
10
10
10
10
10
10
10
10
10
10
10
10
10
10
10
10
10
10
10
10
10
10
10
10
10
10
10
10
10
10
10
10
10
10
10
10
10
10
10
10
10
10
10
10
10
10
10
10
10
10
10
10
10
10
10
10
10
10
10
10
10
10
10
10
10
10
10
10
10
10
10
10
10
10
10
10
10
10
10
10
10
10
10
10
10
10
10
10
10
10
10
10
10
10
10
10
10
10
10
10
10
10
10
10
10
10
10
10
10
10
10
10
10
10
10
10
10
10
10
10
10
10
10
10
10
10
10
10
10
10
10
10
10
10
10
10
10
10
10
10
10
10
10
10
10
10
10
10
10
10
10
10
10
10
10
10
10
10
10
10
10
10
10
10
10
10
10
10
10
10
10
10
10
10
10
10
10
10
10
10
10
10
10
10
10
10
10
10
10
10
10
10
10
10
10
10
10
10
10
10
10
10
10
10
10
10
10
10
10
10
10
10
10
10
10
10
10
10
10
10
10
10
10
10
10
10
10
10
10
10
10
10
10
10
10
10
10
10
10
10
10
10
10
10
10
10
10
10
10
10
10
10
10
10
10
10
10
10
10
10
10
10
10
10
10
10
10
10
10
10
10
10
10
10
10
10
10
10
10
10
10
10
10
10
10
10
10
10
10
10
10
10
10
10
10
10
10
10
10
10
10
10
10
10
10
10
10
10
10
10
10
10
10
10
10
10
10
10
10
10
10
10
10
10
10
10
10
10
10
10
10
10
10
10
10
10
10
10
10
10
10
10
10
10
10
10
10
10
10
10
10
10
10
10
10
10
10
10
10
10
10
10
10
10
10
10
10
10
10
10
10
10
10
10
10
10
10
10
10
10
10
10
10
10
10
10
10
10
10
10
10
10
10
10
10
10
10
10
10
10
10
10
10
10
10
10
10
10
10
10
10
10
10
10
10
10
10
10
10
10
10
10
10
10
10
10
10
10
10
10
10
10
10
10
10
10
10
10
10
10
10
10
10
10
10
10
10
10
10
10
10
10
10
10
10
10
10
10
10
10
10
10
10
10
10
10
10
10
10
10
10
10
10
10
10
10
10
10
10
10
10
10
10
10
10
10
10
10
10
10
10
10
10
10
10
10
10
10
10
10
10
10
10
10
10
10
10
10
10
10
10
10
10
10
10
10
10
10
10
10
10
10
10
10
10
10
10
10
10
10
10
10
10
10
10
10
10
10
10
10
10
10
10
10
10
10
10
10
10
10
10
10
10
10
10
10
10
10
10
10
10
10
10
10
10
10
10
10
10
10
10
10
10
10
10
10
10
10
10
10
10
10
10
10
10
10
10
10
10
10
10
10
10
10
10
10
10
10
10
10
10
10
10
10
10
10
10
10
10
10
10
10
10
10
10
10
10
10
10
10
10
10
10
10
10
10
10
10
10
10
10
10
10
10
10
10
10
10
10
10
10
10
10
10
10
10
10
10
10
10
10
10
10
10
10
10
10
10
10
10
10
10
10
10
10
10
10
10
10
10
10
10
10
10
10
10
10
10
10
10
10
10
10
10
10
10
10
10
10
10
10
10
10
10
10
10
10
10
10
10
10
10
10
10
10
10
10
10
10
10
10
10
10
10
10
10
10
10
10
10
10
10
10
10
10
10
10
10
10
10
10
10
10
10
10
10
10
10
10
10
10
10
10
10
10
10
10
10
10
10
10
10
10
10
10
10
10
10
10
10
10
10
10
10
10
10
10
10
10
10
10
10
10
10
10
10
10
10
10
10
10
10
10
10
10
10
10
10
10
10
10
10
10
10
10
10
10
10
10
10
10
10
10
10
10
10
10
10
10
10
10
10
10
10
10
10
10
10
10
10
10
10
10
10
10
10
10
10
10
10
10
10
10
10
10
10
10
10
10
10
10
10
10
10
10
10
10
10
10
10
10
10
10
10
10
10
10
10
10
10
10
10
10
10
10
10
10
10
10
10
10
10
10
10
10
10
10
10
10
10
10
10
10
10
10
10
10
10
10
10
10
10
10
10
10
10
10
10
10
10
10
10
10
10
10
10
10
10
10
10
10
10
10
10
10
10
10
10
10
10
10
10
10
10
10
10
10
10
10
10
10
10
10
10
10
10
10
10
10
10
10
10
10
10
10
10
10
10
10
10
10
10
10
10
10
10
10
10
10
10
10
10
10
10
10
10
10
10
10
10
10
10
10
10
10
10
10
10
10
10
10
10
10
10
10
10
10
10
10
10
10
10
10
10
10
10
10
10
10
10
10
10
10
10
10
10
10
10
10
10
10
10
10
10
10
10
10
10
10
10
10
10
10
10
10
10
10
10
10
10
10
10
10
10
10
10
10
10
10
10
10
10
10
10
10
10
10
10
10
10
10
10
10
10
10
10
10
10
10
10
10
10
10
10
10
10
10
10
10
10
10
10
10
10
10
10
10
10
10
10
10
10
10
10
10
10
10
10
10
10
10
10
10
10
10
10
10
10
10
10
10
10
10
10
10
10
10
10
10
10
10
10
10
10
10
10
10
10
10
10
10
10
10
10
10
10
10
10
10
10
10
10
10
10
10
10
10
10
10
10
10
10
10
10
10
10
10
10
10
10
10
10
10
10
10
10
10
10
10
10
10
10
10
10
10
10
10
10
10
10
10
10
10
10
10
10
10
10
10
10
10
10
10
10
10
10
10
10
10
10
10
10
10
10
10
10
10
10
10
10
10
10
10
10
10
10
10
10
10
10
10
10
10
10
10
10
10
10
10
10
10
10
10
10
10
10
10
10
10
10
10
10
10
10
10
10
10
10
10
10
10
10
10
10
10
10
10
10
10
10
10
10
10
10
10
10
10
10
10
10
10
10
10
10
10
10
10
10
10
10
10
10
10
10
10
10
10
10
10
10
10
10
10
10
10
10
10
10
10
10
10
10
10
10
10
10
10
10
10
10
10
10
10
10
10
10
10
10
10
10
10
10
10
10
10
10
10
10
10
10
10
10
10
10
10
10
10
10
10
10
10
10
10
10
10
10
10
10
10
10
10
10
10
10
10
10
10
10
10
10
10
10
10
10
10
10
10
10
10
10
10
10
10
10
10
10
10
10
10
10
10
10
10
10
10
10
10
10
10
10
10
10
10
10
10
10
10
10
10
10
10
10
10
10
10
10
10
10
10
10
10
10
10
10
10
10
10
10
10
10
10
10
10
10
10
10
10
10
10
10
10
10
10
10
10
10
10
10
10
10
10
10
10
10
10
10
10
10
10
10
10
10
10
10
10
10
10
10
10
10
10
10
10
10
10
10
10
10
10
10
10
10
10
10
10
10
10
10
10
10
10
10
10
10
10
10
10
10
10
10
10
10
10
10
10
10
10
10
10
10
10
10
10
10
10
10
10
10
10
10
10
10
10
10
10
10
10
10
10
10
10
10
10
10
10
10
10
10
10
10
10
10
10
10
10
10
10
10
10
10
10
10
10
10
10
10
10
10
10
10
10
10
10
10
10
10
10
10
10
10
10
10
10
10
10
10
10
10
10
10
10
10
10
10
10
10
10
10
10
10
10
10
10
10
10
10
10
10
10
10
10
10
10
10
10
10
10
10
10
10
10
10
10
10
10
10
10
10
10
10
10
10
10
10
10
10
10
10
10
10
10
10
10
10
10
10
10
10
10
10
10
10
10
10
10
10
10
10
10
10
10
10
10
10
10
10
10
10
10
10
10
10
10
10
10
10
10
10
10
10
10
10
10
10
10
10
10
10
10
10
10
10
10
10
10
10
10
10
10
10
10
10
10
10
10
10
10
10
10
10
10
10
10
10
10
10
10
10
10
10
10
10
10
10
10
10
10
10
10
10
10
10
10
10
10
10
10
10
10
10
10
10
10
10
10
10
10
10
10
10
10
10
10
10
10
10
10
10
10
10
10
10
10
10
10
10
10
10
10
10
10
10
10
10
10
10
10
10
10
10
10
10
10
10
10
10
10
10
10
10
10
10
10
10
10
10
10
10
10
10
10
10
10
10
10
10
10
10
10
10
10
10
10
10
10
10
10
10
10
10
10
10
10
10
10
10
10
10
10
10
10
10
10
10
10
10
10
10
10
10
10
10
10
10
10
10
10
10
10
10
10
10
10
10
10
10
10
10
10
10
10
10
10
10
10
10
10
10
10
10
10
10
10
10
10
10
10
10
10
10
10
10
10
10
10
10
10
10
10
10
10
10
10
10
10
10
10
10
10
10
10
10
10
10
10
10
10
10
10
10
10
10
10
10
10
10
10
10
10
10
10
10
10
10
10
10
10
10
10
10
10
10
10
10
10
10
10
10
10
10
10
10
10
10
10
10
10
10
10
10
10
10
10
10
10
10
10
10
10
10
10
10
10
10
10
10
10
10
10
10
10
10
10
10
10
10
10
10
10
10
10
10
10
10
10
10
10
10
10
10
10
10
10
10
10
10
10
10
10
10
10
10
10
10
10
10
10
10
10
10
10
10
10
10
10
10
10
10
10
10
10
10
10
10
10
10
10
10
10
10
10
10
10
10
10
10
10
10
10
10
10
10
10
10
10
10
10
10
10
10
10
10
10
10
10
10
10
10
10
10
10
10
10
10
10
10
10
10
10
10
10
10
10
10
10
10
10
10
10
10
10
10
10
10
10
10
10
10
10
10
10
10
10
10
10
10
10
10
10
10
10
10
10
10
10
10
10
10
10
10
10
10
10
10
10
10
10
10
10
10
10
10
10
10
10
10
10
10
10
10
10
10
10
10
10
10
10
10
10
10
10
10
10
10
10
10
10
10
10
10
10
10
10
10
10
10
10
10
10
10
10
10
10
10
10
10
10
10
10
10
10
10
10
10
10
10
10
10
10
10
10
10
10
10
10
10
10
10
10
10
10
10
10
10
10
10
10
10
10
10
10
10
10
10
10
10
10
10
10
10
10
10
10
10
10
10
10
10
10
10
10
10
10
10
10
10
10
10
10
10
10
10
10
10
10
10
10
10
10
10
10
10
10
10
10
10
10
10
10
10
10
10
10
10
10
10
10
10
10
10
10
10
10
10
10
10
10
10
10
10
10
10
10
10
10
10
10
10
10
10
10
10
10
10
10
10
10
10
10
10
10
10
10
10
10
10
10
10
10
10
10
10
10
10
10
10
10
10
10
10
10
10
10
10
10
10
10
10
10
10
10
10
10
10
10
10
10
10
10
10
10
10
10
10
10
10
10
10
10
10
10
10
10
10
10
10
10
10
10
10
10
10
10
10
10
10
10
10
10
10
10
10
10
10
10
10
10
10
10
10
10
10
10
10
10
10
10
10
10
10
10
10
10
10
10
10
10
10
10
10
10
10
10
10
10
10
10
10
10
10
10
10
10
10
10
10
10
10
10
10
10
10
10
10
10
10
10
10
10
10
10
10
10
10
10
10
10
10
10
10
10
10
10
10
10
10
10
10
10
10
10
10
10
10
10
10
10
10
10
10
10
10
10
10
10
10
10
10
10
10
10
10
10
10
10
10
10
10
10
10
10
10
10
10
10
10
10
10
10
10
10
10
10
10
10
10
10
10
10
10
10
10
10
10
10
10
10
10
10
10
10
10
10
10
10
10
10
10
10
10
10
10
10
10
10
10
10
10
10
10
10
10
10
10
10
10
10
10
10
10
10
10
10
10
10
10
10
10
10
10
10
10
10
10
10
10
10
10
10
10
10
10
10
10
10
10
10
10
10
10
10
10
10
10
10
10
10
10
10
10
10
10
10
10
10
10
10
10
10
10
10
10
10
10
10
10
10
10
10
10
10
10
10
10
10
10
10
10
10
10
10
10
10
10
10
10
10
10
10
10
10
10
10
10
10
10
10
10
10
10
10
10
10
10
10
10
10
10
10
10
10
10
10
10
10
10
10
10
10
10
10
10
10
10
10
10
10
10
10
10
10
10
10
10
10
10
10
10
10
10
10
10
10
10
10
10
10
10
10
10
10
10
10
10
10
10
10
10
10
10
10
10
10
10
10
10
10
10
10
10
10
10
10
10
10
10
10
10
10
10
10
10
10
10
10
10
10
10
10
10
10
10
10
10
10
10
10
10
10
10
10
10
10
10
10
10
10
10
10
10
10
10
10
10
10
10
10
10
10
10
10
10
10
10
10
10
10
10
10
10
10
10
10
10
10
10
10
10
10
10
10
10
10
10
10
10
10
10
10
10
10
10
10
10
10
10
10
10
10
10
10
10
10
10
10
10
10
10
10
10
10
10
10
10
10
10
10
10
10
10
10
10
10
10
10
10
10
10
10
10
10
10
10
10
10
10
10
10
10
10
10
10
10
10
10
10
10
10
10
10
10
10
10
10
10
10
10
10
10
10
10
10
10
10
10
10
10
10
10
10
10
10
10
10
10
10
10
10
10
10
10
10
10
10
10
10
10
10
10
10
10
10
10
10
10
10
10
10
10
10
10
10
10
10
10
10
10
10
10
10
10
10
10
10
10
10
10
10
10
10
10
10
10
10
10
10
10
10
10
10
10
10
10
10
10
10
10
10
10
10
10
10
10
10
10
10
10
10
10
10
10
10
10
10
10
10
10
10
10
10
10
10
10
10
10
10
10
10
10
10
10
10
10
10
10
10
10
10
10
10
10
10
10
10
10
10
10
10
10
10
10
10
10
10
10
10
10
10
10
10
10
10
10
10
10
10
10
10
10
10
10
10
10
10
10
10
10
10
10
10
10
10
10
10
10
10
10
10
10
10
10
10
10
10
10
10
10
10
10
10
10
10
10
10
10
10
10
10
10
10
10
10
10
10
10
10
10
10
10
10
10
10
10
10
10
10
10
10
10
10
10
10
10
10
10
10
10
10
10
10
10
10
10
10
10
10
10
10
10
10
10
10
10
10
10
10
10
10
10
10
10
10
10
10
10
10
10
10
10
10
10
10
10
10
10
10
10
10
10
10
10
10
10
10
10
10
10
10
10
10
10
10
10
10
10
10
10
10
10
10
10
10
10
10
10
10
10
10
10
10
10
10
10
10
10
10
10
10
10
10
10
10
10
10
10
10
10
10
10
10
10
10
10
10
10
10
10
10
10
10
10
10
10
10
10
10
10
10
10
10
10
10
10
10
10
10
10
10
10
10
10
10
10
10
10
10
10
10
10
10
10
10
10
10
10
10
10
10
10
10
10
10
10
10
10
10
10
10
10
10
10
10
10
10
10
10
10
10
10
10
10
10
10
10
10
10
10
10
10
10
10
10
10
10
10
10
10
10
10
10
10
10
10
10
10
10
10
10
10
10
10
10
10
10
10
10
10
10
10
10
10
10
10
10
10
10
10
10
10
10
10
10
10
10
10
10
10
10
10
10
10
10
10
10
10
10
10
10
10
10
10
10
10
10
10
10
10
10
10
10
10
10
10
10
10
10
10
10
10
10
10
10
10
10
10
10
10
10
10
10
10
10
10
10
10
10
10
10
10
10
10
10
10
10
10
10
10
10
10
10
10
10
10
10
10
10
10
10
10
10
10
10
10
10
10
10
10
10
10
10
10
10
10
10
10
10
10
10
10
10
10
10
10
10
10
10
10
10
10
10
10
10
10
10
10
10
10
10
10
10
10
10
10
10
10
10
10
10
10
10
10
10
10
10
10
10
10
10
10
10
10
10
10
10
10
10
10
10
10
10
10
10
10
10
10
10
10
10
10
10
10
10
10
10
10
10
10
10
10
10
10
10
10
10
10
10
10
10
10
10
10
10
10
10
10
10
10
10
10
10
10
10
10
10
10
10
10
10
10
10
10
10
10
10
10
10
10
10
10
10
10
10
10
10
10
10
10
10
10
10
10
10
10
10
10
10
10
10
10
10
10
10
10
10
10
10
10
10
10
10
10
10
10
10
10
10
10
10
10
10
10
10
10
10
10
10
10
10
10
10
10
10
10
10
10
10
10
10
10
10
10
10
10
10
10
10
10
10
10
10
10
10
10
10
10
10
10
10
10
10
10
10
10
10
10
10
10
10
10
10
10
10
10
10
10
10
10
10
10
10
10
10
10
10
10
10
10
10
10
10
10
10
10
10
10
10
10
10
10
10
10
10
10
10
10
10
10
10
10
10
10
10
10
10
10
10
10
10
10
10
10
10
10
10
10
10
10
10
10
10
10
10
10
10
10
10
10
10
10
10
10
10
10
10
10
10
10
10
10
10
10
10
10
10
10
10
10
10
10
10
10
10
10
10
10
10
10
10
10
10
10
10
10
10
10
10
10
10
10
10
10
10
10
10
10
10
10
10
10
10
10
10
10
10
10
10
10
10
10
10
10
10
10
10
10
10
10
10
10
10
10
10
10
10
10
10
10
10
10
10
10
10
10
10
10
10
10
10
10
10
10
10
10
10
10
10
10
10
10
10
10
10
10
10
10
10
10
10
10
10
10
10
10
10
10
10
10
10
10
10
10
10
10
10
10
10
10
10
10
10
10
10
10
10
10
10
10
10
10
10
10
10
10
10
10
10
10
10
10
10
10
10
10
10
10
10
10
10
10
10
10
10
10
10
10
10
10
10
10
10
10
10
10
10
10
10
10
10
10
10
10
10
10
10
10
10
10
10
10
10
10
10
10
10
10
10
10
10
10
10
10
10
10
10
10
10
10
10
10
10
10
10
10
10
10
10
10
10
10
10
10
10
10
10
10
10
10
10
10
10
10
10
10
10
10
10
10
10
10
10
10
10
10
10
10
10
10
10
10
10
10
10
10
10
10
10
10
10
10
10
10
10
10
10
10
10
10
10
10
10
10
10
10
10
10
10
10
10
10
10
10
10
10
10
10
10
10
10
10
10
10
10
10
10
10
10
10
10
10
10
10
10
10
10
10
10
10
10
10
10
10
10
10
10
10
10
10
10
10
10
10
10
10
10
10
10
10
10
10
10
10
10
10
10
10
10
10
10
10
10
10
10
10
10
10
10
10
10
10
10
10
10
10
10
10
10
10
10
10
10
10
10
10
10
10
10
10
10
10
10
10
10
10
10
10
10
10
10
10
10
10
10
10
10
10
10
10
10
10
10
10
10
10
10
10
10
10
10
10
10
10
10
10
10
10
10
10
10
10
10
10
10
10
10
10
10
10
10
10
10
10
10
10
10
10
10
10
10
10
10
10
10
10
10
10
10
10
10
10
10
10
10
10
10
10
10
10
10
10
10
10
10
10
10
10
10
10
10
10
10
10
10
10
10
10
10
10
10
10
10
10
10
10
10
10
10
10
10
10
10
10
10
10
10
10
10
10
10
10
10
10
10
10
10
10
10
10
10
10
10
10
10
10
10
10
10
10
10
10
10
10
10
10
10
10
10
10
10
10
10
10
10
10
10
10
10
10
10
10
10
10
10
10
10
10
10
10
10
10
10
10
10
10
10
10
10
10
10
10
10
10
10
10
10
10
10
10
10
10
10
10
10
10
10
10
10
10
10
10
10
10
10
10
10
10
10
10
10
10
10
10
10
10
10
10
10
10
10
10
10
10
10
10
10
10
10
10
10
10
10
10
10
10
10
10
10
10
10
10
10
10
10
10
10
10
10
10
10
10
10
10
10
10
10
10
10
10
10
10
10
10
10
10
10
10
10
10
10
10
10
10
10
10
10
10
10
10
10
10
10
10
10
10
10
10
10
10
10
10
10
10
10
10
10
10
10
10
10
10
10
10
10
10
10
10
10
10
10
10
10
10
10
10
10
10
10
10
10
10
10
10
10
10
10
10
10
10
10
10
10
10
10
10
10
10
10
10
10
10
10
10
10
10
10
10
10
10
10
10
10
10
10
10
10
10
10
10
10
10
10
10
10
10
10
10
10
10
10
10
10
10
10
10
10
10
10
10
10
10
10
10
10
10
10
10
10
10
10
10
10
10
10
10
10
10
10
10
10
10
10
10
10
10
10
10
10
10
10
10
10
10
10
10
10
10
10
10
10
10
10
10
10
10
10
10
10
10
10
10
10
10
10
10
10
10
10
10
10
10
10
10
10
10
10
10
10
10
10
10
10
10
10
10
10
10
10
10
10
10
10
10
10
10
10
10
10
10
10
10
10
10
10
10
10
10
10
10
10
10
10
10
10
10
10
10
10
10
10
10
10
10
10
10
10
10
10
10
10
10
10
10
10
10
10
10
10
10
10
10
10
10
10
10
10
10
10
10
10
10
10
10
10
10
10
10
10
10
10
10
10
10
10
10
10
10
10
10
10
10
10
10
10
10
10
10
10
10
10
10
10
10
10
10
10
10
10
10
10
10
10
10
10
10
10
10
10
10
10
10
10
10
10
10
10
10
10
10
10
10
10
10
10
10
10
10
10
10
10
10
10
10
10
10
10
10
10
10
10
10
10
10
10
10
10
10
10
10
10
10
10
10
10
10
10
10
10
10
10
10
10
10
10
10
10
10
10
10
10
10
10
10
10
10
10
10
10
10
10
10
10
10
10
10
10
10
10
10
10
10
10
10
10
10
10
10
10
10
10
10
10
10
10
10
10
10
10
10
10
10
10
10
10
10
10
10
10
10
10
10
10
10
10
10
10
10
10
10
10
10
10
10
10
10
10
10
10
10
10
10
10
10
10
10
10
10
10
10
10
10
10
10
10
10
10
10
10
10
10
10
10
10
10
10
10
10
10
10
10
10
10
10
10
10
10
10
10
10
10
10
10
10
10
10
10
10
10
10
10
10
10
10
10
10
10
10
10
10
10
10
10
10
10
10
10
10
10
10
10
10
10
10
10
10
10
10
10
10
10
10
10
10
10
10
10
10
10
10
10
10
10
10
10
10
10
10
10
10
10
10
10
10
10
10
10
10
10
10
10
10
10
10
10
10
10
10
10
10
10
10
10
10
10
10
10
10
10
10
10
10
10
10
10
10
10
10
10
10
10
10
10
10
10
10
10
10
10
10
10
10
10
10
10
10
10
10
10
10
10
10
10
10
10
10
10
10
10
10
10
10
10
10
10
10
10
10
10
10
10
10
10
10
10
10
10
10
10
10
10
10
10
10
10
10
10
10
10
10
10
10
10
10
10
10
10
10
10
10
10
10
10
10
10
10
10
10
10
10
10
10
10
10
10
10
10
10
10
10
10
10
10
10
10
10
10
10
10
10
10
10
10
10
10
10
10
10
10
10
10
10
10
10
10
10
10
10
10
10
10
10
10
10
10
10
10
10
10
10
10
10
10
10
10
10
10
10
10
10
10
10
10
10
10
10
10
10
10
10
10
10
10
10
10
10
10
10
10
10
10
10
10
10
10
10
10
10
10
10
10
10
10
10
10
10
10
10
10
10
10
10
10
10
10
10
10
10
10
10
10
10
10
10
10
10
10
10
10
10
10
10
10
10
10
10
10
10
10
10
10
10
10
10
10
10
10
10
10
10
10
10
10
10
10
10
10
10
10
10
10
10
10
10
10
10
10
10
10
10
10
10
10
10
10
10
10
10
10
10
10
10
10
10
10
10
10
10
10
10
10
10
10
10
10
10
10
10
10
10
10
10
10
10
10
10
10
10
10
10
10
10
10
10
10
10
10
10
10
10
10
10
10
10
10
10
10
10
10
10
10
10
10
10
10
10
10
10
10
10
10
10
10
10
10
10
10
10
10
10
10
10
10
10
10
10
10
10
10
10
10
10
10
10
10
10
10
10
10
10
10
10
10
10
10
10
10
10
10
10
10
10
10
10
10
10
10
10
10
10
10
10
10
10
10
10
10
10
10
10
10
10
10
10
10
10
10
10
10
10
10
10
10
10
10
10
10
10
10
10
10
10
10
10
10
10
10
10
10
10
10
10
10
10
10
10
10
10
10
10
10
10
10
10
10
10
10
10
10
10
10
10
10
10
10
10
10
10
10
10
10
10
10
10
10
10
10
10
10
10
10
10
10
10
10
10
10
10
10
10
10
10
10
10
10
10
10
10
10
10
10
10
10
10
10
10
10
10
10
10
10
10
10
10
10
10
10
10
10
10
10
10
10
10
10
10
10
10
10
10
10
10
10
10
10
10
10
10
10
10
10
10
10
10
10
10
10
10
10
10
10
10
10
10
10
10
10
10
10
10
10
10
10
10
10
10
10
10
10
10
10
10
10
10
10
10
10
10
10
10
10
10
10
10
10
10
10
10
10
10
10
10
10
10
10
10
10
10
10
10
10
10
10
10
10
10
10
10
10
10
10
10
10
10
10
10
10
10
10
10
10
10
10
10
10
10
10
10
10
10
10
10
10
10
10
10
10
10
10
10
10
10
10
10
10
10
10
10
10
10
10
10
10
10
10
10
10
10
10
10
10
10
10
10
10
10
10
10
10
10
10
10
10
10
10
10
10
10
10
10
10
10
10
10
10
10
10
10
10
10
10
10
10
10
10
10
10
10
10
10
10
10
10
10
10
10
10
10
10
10
10
10
10
10
10
10
10
10
10
10
10
10
10
10
10
10
10
10
10
10
10
10
10
10
10
10
10
10
10
10
10
10
10
10
10
10
10
10
10
10
10
10
10
10
10
10
10
10
10
10
10
10
10
10
10
10
10
10
10
10
10
10
10
10
10
10
10
10
10
10
10
10
10
10
10
10
10
10
10
10
10
10
10
10
10
10
10
10
10
10
10
10
10
10
10
10
10
10
10
10
10
10
10
10
10
10
10
10
10
10
10
10
10
10
10
10
10
10
10
10
10
10
10
10
10
10
10
10
10
10
10
10
10
10
10
10
10
10
10
10
10
10
10
10
10
10
10
10
10
10
10
10
10
10
10
10
10
10
10
10
10
10
10
10
10
10
10
10
10
10
10
10
10
10
10
10
10
10
10
10
10
10
10
10
10
10
10
10
10
10
10
10
10
10
10
10
10
10
10
10
10
10
10
10
10
10
10
10
10
10
10
10
10
10
10
10
10
10
10
10
10
10
10
10
10
10
10
10
10
10
10
10
10
10
10
10
10
10
10
10
10
10
10
10
10
10
10
10
10
10
10
10
10
10
10
10
10
10
10
10
10
10
10
10
10
10
10
10
10
10
10
10
10
10
10
10
10
10
10
10
10
10
10
10
10
10
10
10
10
10
10
10
10
10
10
10
10
10
10
10
10
10
10
10
10
10
10
10
10
10
10
10
10
10
10
10
10
10
10
10
10
10
10
10
10
10
10
10
10
10
10
10
10
10
10
10
10
10
10
10
10
10
10
10
10
10
10
10
10
10
10
10
10
10
10
10
10
10
10
10
10
10
10
10
10
10
10
10
10
10
10
10
10
10
10
10
10
10
10
10
10
10
10
10
10
10
10
10
10
10
10
10
10
10
10
10
10
10
10
10
10
10
10
10
10
10
10
10
10
10
10
10
10
10
10
10
10
10
10
10
10
10
10
10
10
10
10
10
10
10
10
10
10
10
10
10
10
10
10
10
10
10
10
10
10
10
10
10
10
10
10
10
10
10
10
10
10
10
10
10
10
10
10
10
10
10
10
10
10
10
10
10
10
10
10
10
10
10
10
10
10
10
10
10
10
10
10
10
10
10
10
10
10
10
10
10
10
10
10
10
10
10
10
10
10
10
10
10
10
10
10
10
10
10
10
10
10
10
10
10
10
10
10
10
10
10
10
10
10
10
10
10
10
10
10
10
10
10
10
10
10
10
10
10
10
10
10
10
10
10
10
10
10
10
10
10
10
10
10
10
10
10
10
10
10
10
10
10
10
10
10
10
10
10
10
10
10
10
10
10
10
10
10
10
10
10
10
10
10
10
10
10
10
10
10
10
10
10
10
10
10
10
10
10
10
10
10
10
10
10
10
10
10
10
10
10
10
10
10
10
10
10
10
10
10
10
10
10
10
10
10
10
10
10
10
10
10
10
10
10
10
10
10
10
10
10
10
10
10
10
10
10
10
10
10
10
10
10
10
10
10
10
10
10
10
10
10
10
10
10
10
10
10
10
10
10
10
10
10
10
10
10
10
10
10
10
10
10
10
10
10
10
10
10
10
10
10
10
10
10
10
10
10
10
10
10
10
10
10
10
10
10
10
10
10
10
10
10
10
10
10
10
10
10
10
10
10
10
10
10
10
10
10
10
10
10
10
10
10
10
10
10
10
10
10
10
10
10
10
10
10
10
10
10
10
10
10
10
10
10
10
10
10
10
10
10
10
10
10
10
10
10
10
10
10
10
10
10
10
10
10
10
10
10
10
10
10
10
10
10
10
10
10
10
10
10
10
10
10
10
10
10
10
10
10
10
10
10
10
10
10
10
10
10
10
10
10
10
10
10
10
10
10
10
10
10
10
10
10
10
10
10
10
10
10
10
10
10
10
10
10
10
10
10
10
10
10
10
10
10
10
10
10
10
10
10
10
10
10
10
10
10
10
10
10
10
10
10
10
10
10
10
10
10
10
10
10
10
10
10
10
10
10
10
10
10
10
10
10
10
10
10
10
10
10
10
10
10
10
10
10
10
10
10
10
10
10
10
10
10
10
10
10
10
10
10
10
10
10
10
10
10
10
10
10
10
10
10
10
10
10
10
10
10
10
10
10
10
10
10
10
10
10
10
10
10
10
10
10
10
10
10
10
10
10
10
10
10
10
10
10
10
10
10
10
10
10
10
10
10
10
10
10
10
10
10
10
10
10
10
10
10
10
10
10
10
10
10
10
10
10
10
10
10
10
10
10
10
10
10
10
10
10
10
10
10
10
10
10
10
10
10
10
10
10
10
10
10
10
10
10
10
10
10
10
10
10
10
10
10
10
10
10
10
10
10
10
10
10
10
10
10
10
10
10
10
10
10
10
10
10
10
10
10
10
10
10
10
10
10
10
10
10
10
10
10
10
10
10
10
10
10
10
10
10
10
10
10
10
10
10
10
10
10
10
10
10
10
10
10
10
10
10
10
10
10
10
10
10
10
10
10
10
10
10
10
10
10
10
10
10
10
10
10
10
10
10
10
10
10
10
10
10
10
10
10
10
10
10
10
10
10
10
10
10
10
10
10
10
10
10
10
10
10
10
10
10
10
10
10
10
10
10
10
10
10
10
10
10
10
10
10
10
10
10
10
10
10
10
10
10
10
10
10
10
10
10
10
10
10
10
10
10
10
10
10
10
10
10
10
10
10
10
10
10
10
10
10
10
10
10
10
10
10
10
10
10
10
10
10
10
10
10
10
10
10
10
10
10
10
10
10
10
10
10
10
10
10
10
10
10
10
10
10
10
10
10
10
10
10
10
10
10
10
10
10
10
10
10
10
10
10
10
10
10
10
10
10
10
10
10
10
10
10
10
10
10
10
10
10
10
10
10
10
10
10
10
10
10
10
10
10
10
10
10
10
10
10
10
10
10
10
10
10
10
10
10
10
10
10
10
10
10
10
10
10
10
10
10
10
10
10
10
10
10
10
10
10
10
10
10
10
10
10
10
10
10
10
10
10
10
10
10
10
10
10
10
10
10
10
10
10
10
10
10
10
10
10
10
10
10
10
10
10
10
10
10
10
10
10
10
10
10
10
10
10
10
10
10
10
10
10
10
10
10
10
10
10
10
10
10
10
10
10
10
10
10
10
10
10
10
10
10
10
10
10
10
10
10
10
10
10
10
10
10
10
10
10
10
10
10
10
10
10
10
10
10
10
10
10
10
10
10
10
10
10
10
10
10
10
10
10
10
10
10
10
10
10
10
10
10
10
10
10
10
10
10
10
10
10
10
10
10
10
10
10
10
10
10
10
10
10
10
10
10
10
10
10
10
10
10
10
10
10
10
10
10
10
10
10
10
10
10
10
10
10
10
10
10
10
10
10
10
10
10
10
10
10
10
10
10
10
10
10
10
10
10
10
10
10
10
10
10
10
10
10
10
10
10
10
10
10
10
10
10
10
10
10
10
10
10
10
10
10
10
10
10
10
10
10
10
10
10
10
10
10
10
10
10
10
10
10
10
10
10
10
10
10
10
10
10
10
10
10
10
10
10
10
10
10
10
10
10
10
10
10
10
10
10
10
10
10
10
10
10
10
10
10
10
10
10
10
10
10
10
10
10
10
10
10
10
10
10
10
10
10
10
10
10
10
10
10
10
10
10
10
10
10
10
10
10
10
10
10
10
10
10
10
10
10
10
10
10
10
10
10
10
10
10
10
10
10
10
10
10
10
10
10
10
10
10
10
10
10
10
10
10
10
10
10
10
10
10
10
10
10
10
10
10
10
10
10
10
10
10
10
10
10
10
10
10
10
10
10
10
10
10
10
10
10
10
10
10
10
10
10
10
10
10
10
10
10
10
10
10
10
10
10
10
10
10
10
10
10
10
10
10
10
10
10
10
10
10
10
10
10
10
10
10
10
10
10
10
10
10
10
10
10
10
10
10
10
10
10
10
10
10
10
10
10
10
10
10
10
10
10
10
10
10
10
10
10
10
10
10
10
10
10
10
10
10
10
10
10
10
10
10
10
10
10
10
10
10
10
10
10
10
10
10
10
10
10
10
10
10
10
10
10
10
10
10
10
10
10
10
10
10
10
10
10
10
10
10
10
10
10
10
10
10
10
10
10
10
10
10
10
10
10
10
10
10
10
10
10
10
10
10
10
10
10
10
10
10
10
10
10
10
10
10
10
10
10
10
10
10
10
10
10
10
10
10
10
10
10
10
10
10
10
10
10
10
10
10
10
10
10
10
10
10
10
10
10
10
10
10
10
10
10
10
10
10
10
10
10
10
10
10
10
10
10
10
10
10
10
10
10
10
10
10
10
10
10
10
10
10
10
10
10
10
10
10
10
10
10
10
10
10
10
10
10
10
10
10
10
10
10
10
10
10
10
10
10
10
10
10
10
10
10
10
10
10
10
10
10
10
10
10
10
10
10
10
10
10
10
10
10
10
10
10
10
10
10
10
10
10
10
10
10
10
10
10
10
10
10
10
10
10
10
10
10
10
10
10
10
10
10
10
10
10
10
10
10
10
10
10
10
10
10
10
10
10
10
10
10
10
10
10
10
10
10
10
10
10
10
10
10
10
10
10
10
10
10
10
10
10
10
10
10
10
10
10
10
10
10
10
10
10
10
10
10
10
10
10
10
10
10
10
10
10
10
10
10
10
10
10
10
10
10
10
10
10
10
10
10
10
10
10
10
10
10
10
10
10
10
10
10
10
10
10
10
10
10
10
10
10
10
10
10
10
10
10
10
10
10
10
10
10
10
10
10
10
10
10
10
10
10
10
10
10
10
10
10
10
10
10
10
10
10
10
10
10
10
10
10
10
10
10
10
10
10
10
10
10
10
10
10
10
10
10
10
10
10
10
10
10
10
10
10
10
10
10
10
10
10
10
10
10
10
10
10
10
10
10
10
10
10
10
10
10
10
10
10
10
10
10
10
10
10
10
10
10
10
10
10
10
10
10
10
10
10
10
10
10
10
10
10
10
10
10
10
10
10
10
10
10
10
10
10
10
10
10
10
10
10
10
10
10
10
10
10
10
10
10
10
10
10
10
10
10
10
10
10
10
10
10
10
10
10
10
10
10
10
10
10
10
10
10
10
10
10
10
10
10
10
10
10
10
10
10
10
10
10
10
10
10
10
10
10
10
10
10
10
10
10
10
10
10
10
10
10
10
10
10
10
10
10
10
10
10
10
10
10
10
10
10
10
10
10
10
10
10
10
10
10
10
10
10
10
10
10
10
10
10
10
10
10
10
10
10
10
10
10
10
10
10
10
10
10
10
10
10
10
10
10
10
10
10
10
10
10
10
10
10
10
10
10
10
10
10
10
10
10
10
10
10
10
10
10
10
10
10
10
10
10
10
10
10
10
10
10
10
10
10
10
10
10
10
10
10
10
10
10
10
10
10
10
10
10
10
10
10
10
10
10
10
10
10
10
10
10
10
10
10
10
10
10
10
10
10
10
10
10
10
10
10
10
10
10
10
10
10
10
10
10
10
10
10
10
10
10
10
10
10
10
10
10
10
10
10
10
10
10
10
10
10
10
10
10
10
10
10
10
10
10
10
10
10
10
10
10
10
10
10
10
10
10
10
10
10
10
10
10
10
10
10
10
10
10
10
10
10
10
10
10
10
10
10
10
10
10
10
10
10
10
10
10
10
10
10
10
10
10
10
10
10
10
10
10
10
10
10
10
10
10
10
10
10
10
10
10
10
10
10
10
10
10
10
10
10
10
10
10
10
10
10
10
10
10
10
10
10
10
10
10
10
10
10
10
10
10
10
10
10
10
10
10
10
10
10
10
10
10
10
10
10
10
10
10
10
10
10
10
10
10
10
10
10
10
10
10
10
10
10
10
10
10
10
10
10
10
10
10
10
10
10
10
10
10
10
10
10
10
10
10
10
10
10
10
10
10
10
10
10
10
10
10
10
10
10
10
10
10
10
10
10
10
10
10
10
10
10
10
10
10
10
10
10
10
10
10
10
10
10
10
10
10
10
10
10
10
10
10
10
10
10
10
10
10
10
10
10
10
10
10
10
10
10
10
10
10
10
10
10
10
10
10
10
10
10
10
10
10
10
10
10
10
10
10
10
10
10
10
10
10
10
10
10
10
10
10
10
10
10
10
10
10
10
10
10
10
10
10
10
10
10
10
10
10
10
10
10
10
10
10
10
10
10
10
10
10
10
10
10
10
10
10
10
10
10
10
10
10
10
10
10
10
10
10
10
10
10
10
10
10
10
10
10
10
10
10
10
10
10
10
10
10
10
10
10
10
10
10
10
10
10
10
10
10
10
10
10
10
10
10
10
10
10
10
10
10
10
10
10
10
10
10
10
10
10
10
10
10
10
10
10
10
10
10
10
10
10
10
10
10
10
10
10
10
10
10
10
10
10
10
10
10
10
10
10
10
10
10
10
10
10
10
10
10
10
10
10
10
10
10
10
10
10
10
10
10
10
10
10
10
10
10
10
10
10
10
10
10
10
10
10
10
10
10
10
10
10
10
10
10
10
10
10
10
10
10
10
10
10
10
10
10
10
10
10
10
10
10
10
10
10
10
10
10
10
10
10
10
10
10
10
10
10
10
10
10
10
10
10
10
10
10
10
10
10
10
10
10
10
10
10
10
10
10
10
10
10
10
10
10
10
10
10
10
10
10
10
10
10
10
10
10
10
10
10
10
10
10
10
10
10
10
10
10
10
10
10
10
10
10
10
10
10
10
10
10
10
10
10
10
10
10
10
10
10
10
10
10
10
10
10
10
10
10
10
10
10
10
10
10
10
10
10
10
10
10
10
10
10
10
10
10
10
10
10
10
10
10
10
10
10
10
10
10
10
10
10
10
10
10
10
10
10
10
10
10
10
10
10
10
10
10
10
10
10
10
10
10
10
10
10
10
10
10
10
10
10
10
10
10
10
10
10
10
10
10
10
10
10
10
10
10
10
10
10
10
10
10
10
10
10
10
10
10
10
10
10
10
10
10
10
10
10
10
10
10
10
10
10
10
10
10
10
10
10
10
10
10
10
10
10
10
10
10
10
10
10
10
10
10
10
10
10
10
10
10
10
10
10
10
10
10
10
10
10
10
10
10
10
10
10
10
10
10
10
10
10
10
10
10
10
10
10
10
10
10
10
10
10
10
10
10
10
10
10
10
10
10
10
10
10
10
10
10
10
10
10
10
10
10
10
10
10
10
10
10
10
10
10
10
10
10
10
10
10
10
10
10
10
10
10
10
10
10
10
10
10
10
10
10
10
10
10
10
10
10
10
10
10
10
10
10
10
10
10
10
10
10
10
10
10
10
10
10
10
10
10
10
10
10
10
10
10
10
10
10
10
10
10
10
10
10
10
10
10
10
10
10
10
10
10
10
10
10
10
10
10
10
10
10
10
10
10
10
10
10
10
10
10
10
10
10
10
10
10
10
10
10
10
10
10
10
10
10
10
10
10
10
10
10
10
10
10
10
10
10
10
10
10
10
10
10
10
10
10
10
10
10
10
10
10
10
10
10
10
10
10
10
10
10
10
10
10
10
10
10
10
10
10
10
10
10
10
10
10
10
10
10
10
10
10
10
10
10
10
10
10
10
10
10
10
10
10
10
10
10
10
10
10
10
10
10
10
10
10
10
10
10
10
10
10
10
10
10
10
10
10
10
10
10
10
10
10
10
10
10
10
10
10
10
10
10
10
10
10
10
10
10
10
10
10
10
10
10
10
10
10
10
10
10
10
10
10
10
10
10
10
10
10
10
10
10
10
10
10
10
10
10
10
10
10
10
10
10
10
10
10
10
10
10
10
10
10
10
10
10
10
10
10
10
10
10
10
10
10
10
10
10
10
10
10
10
10
10
10
10
10
10
10
10
10
10
10
10
10
10
10
10
10
10
10
10
10
10
10
10
10
10
10
10
10
10
10
10
10
10
10
10
10
10
10
10
10
10
10
10
10
10
10
10
10
10
10
10
10
10
10
10
10
10
10
10
10
10
10
10
10
10
10
10
10
10
10
10
10
10
10
10
10
10
10
10
10
10
10
10
10
10
10
10
10
10
10
10
10
10
10
10
10
10
10
10
10
10
10
10
10
10
10
10
10
10
10
10
10
10
10
10
10
10
10
10
10
10
10
10
10
10
10
10
10
10
10
10
10
10
10
10
10
10
10
10
10
10
10
10
10
10
10
10
10
10
10
10
10
10
10
10
10
10
10
10
10
10
10
10
10
10
10
10
10
10
10
10
10
10
10
10
10
10
10
10
10
10
10
10
10
10
10
10
10
10
10
10
10
10
10
10
10
10
10
10
10
10
10
10
10
10
10
10
10
10
10
10
10
10
10
10
10
10
10
10
10
10
10
10
10
10
10
10
10
10
10
10
10
10
10
10
10
10
10
10
10
10
10
10
10
10
10
10
10
10
10
10
10
10
10
10
10
10
10
10
10
10
10
10
10
10
10
10
10
10
10
10
10
10
10
10
10
10
10
10
10
10
10
10
10
10
10
10
10
10
10
10
10
10
10
10
10
10
10
10
10
10
10
10
10
10
10
10
10
10
10
10
10
10
10
10
10
10
10
10
10
10
10
10
10
10
10
10
10
10
10
10
10
10
10
10
10
10
10
10
10
10
10
10
10
10
10
10
10
10
10
10
10
10
10
10
10
10
10
10
10
10
10
10
10
10
10
10
10
10
10
10
10
10
10
10
10
10
10
10
10
10
10
10
10
10
10
10
10
10
10
10
10
10
10
10
10
10
10
10
10
10
10
10
10
10
10
10
10
10
10
10
10
10
10
10
10
10
10
10
10
10
10
10
10
10
10
10
10
10
10
10
10
10
10
10
10
10
10
10
10
10
10
10
10
10
10
10
10
10
10
10
10
10
10
10
10
10
10
10
10
10
10
10
10
10
10
10
10
10
10
10
10
10
10
10
10
10
10
10
10
10
10
10
10
10
10
10
10
10
10
10
10
10
10
10
10
10
10
10
10
10
10
10
10
10
10
10
10
10
10
10
10
10
10
10
10
10
10
10
10
10
10
10
10
10
10
10
10
10
10
10
10
10
10
10
10
10
10
10
10
10
10
10
10
10
10
10
10
10
10
10
10
10
10
10
10
10
10
10
10
10
10
10
10
10
10
10
10
10
10
10
10
10
10
10
10
10
10
10
10
10
10
10
10
10
10
10
10
10
10
10
10
10
10
10
10
10
10
10
10
10
10
10
10
10
10
10
10
10
10
10
10
10
10
10
10
10
10
10
10
10
10
10
10
10
10
10
10
10
10
10
10
10
10
10
10
10
10
10
10
10
10
10
10
10
10
10
10
10
10
10
10
10
10
10
10
10
10
10
10
10
10
10
10
10
10
10
10
10
10
10
10
10
10
10
10
10
10
10
10
10
10
10
10
10
10
10
10
10
10
10
10
10
10
10
10
10
10
10
10
10
10
10
10
10
10
10
10
10
10
10
10
10
10
10
10
10
10
10
10
10
10
10
10
10
10
10
10
10
10
10
10
10
10
10
10
10
10
10
10
10
10
10
10
10
10
10
10
10
10
10
10
10
10
10
10
10
10
10
10
10
10
10
10
10
10
10
10
10
10
10
10
10
10
10
10
10
10
10
10
10
10
10
10
10
10
10
10
10
10
10
10
10
10
10
10
10
10
10
10
10
10
10
10
10
10
10
10
10
10
10
10
10
10
10
10
10
10
10
10
10
10
10
10
10
10
10
10
10
10
10
10
10
10
10
10
10
10
10
10
10
10
10
10
10
10
10
10
10
10
10
10
10
10
10
10
10
10
10
10
10
10
10
10
10
10
10
10
10
10
10
10
10
10
10
10
10
10
10
10
10
10
10
10
10
10
10
10
10
10
10
10
10
10
10
10
10
10
10
10
10
10
10
10
10
10
10
10
10
10
10
10
10
10
10
10
10
10
10
10
10
10
10
10
10
10
10
10
10
10
10
10
10
10
10
10
10
10
10
10
10
10
10
10
10
10
10
10
10
10
10
10
10
10
10
10
10
10
10
10
10
10
10
10
10
10
10
10
10
10
10
10
10
10
10
10
10
10
10
10
10
10
10
10
10
10
10
10
10
10
10
10
10
10
10
10
10
10
10
10
10
10
10
10
10
10
10
10
10
10
10
10
10
10
10
10
10
10
10
10
10
10
10
10
10
10
10
10
10
10
10
10
10
10
10
10
10
10
10
10
10
10
10
10
10
10
10
10
10
10
10
10
10
10
10
10
10
10
10
10
10
10
10
10
10
10
10
10
10
10
10
10
10
10
10
10
10
10
10
10
10
10
10
10
10
10
10
10
10
10
10
10
10
10
10
10
10
10
10
10
10
10
10
10
10
10
10
10
10
10
10
10
10
10
10
10
10
10
10
10
10
10
10
10
10
10
10
10
10
10
10
10
10
10
10
10
10
10
10
10
10
10
10
10
10
10
10
10
10
10
10
10
10
10
10
10
10
10
10
10
10
10
10
10
10
10
10
10
10
10
10
10
10
10
10
10
10
10
10
10
10
10
10
10
10
10
10
10
10
10
10
10
10
10
10
10
10
10
10
10
10
10
10
10
10
10
10
10
10
10
10
10
10
10
10
10
10
10
10
10
10
10
10
10
10
10
10
10
10
10
10
10
10
10
10
10
10
10
10
10
10
10
10
10
10
10
10
10
10
10
10
10
10
10
10
10
10
10
10
10
10
10
10
10
10
10
10
10
10
10
10
10
10
10
10
10
10
10
10
10
10
10
10
10
10
10
10
10
10
10
10
10
10
10
10
10
10
10
10
10
10
10
10
10
10
10
10
10
10
10
10
10
10
10
10
10
10
10
10
10
10
10
10
10
10
10
10
10
10
10
10
10
10
10
10
10
10
10
10
10
10
10
10
10
10
10
10
10
10
10
10
10
10
10
10
10
10
10
10
10
10
10
10
10
10
10
10
10
10
10
10
10
10
10
10
10
10
10
10
10
10
10
10
10
10
10
10
10
10
10
10
10
10
10
10
10
10
10
10
10
10
10
10
10
10
10
10
10
10
10
10
10
10
10
10
10
10
10
10
10
10
10
10
10
10
10
10
10
10
10
10
10
10
10
10
10
10
10
10
10
10
10
10
10
10
10
10
10
10
10
10
10
10
10
10
10
10
10
10
10
10
10
10
10
10
10
10
10
10
10
10
10
10
10
10
10
10
10
10
10
10
10
10
10
10
10
10
10
10
10
10
10
10
10
10
10
10
10
10
10
10
10
10
10
10
10
10
10
10
10
10
10
10
10
10
10
10
10
10
10
10
10
10
10
10
10
10
10
10
10
10
10
10
10
10
10
10
10
10
10
10
10
10
10
10
10
10
10
10
10
10
10
10
10
10
10
10
10
10
10
10
10
10
10
10
10
10
10
10
10
10
10
10
10
10
10
10
10
10
10
10
10
10
10
10
10
10
10
10
10
10
10
10
10
10
10
10
10
10
10
10
10
10
10
10
10
10
10
10
10
10
10
10
10
10
10
10
10
10
10
10
10
10
10
10
10
10
10
10
10
10
10
10
10
10
10
10
10
10
10
10
10
10
10
10
10
10
10
10
10
10
10
10
10
10
10
10
10
10
10
10
10
10
10
10
10
10
10
10
10
10
10
10
10
10
10
10
10
10
10
10
10
10
10
10
10
10
10
10
10
10
10
10
10
10
10
10
10
10
10
10
10
10
10
10
10
10
10
10
10
10
10
10
10
10
10
10
10
10
10
10
10
10
10
10
10
10
10
10
10
10
10
10
10
10
10
10
10
10
10
10
10
10
10
10
10
10
10
10
10
10
10
10
10
10
10
10
10
10
10
10
10
10
10
10
10
10
10
10
10
10
10
10
10
10
10
10
10
10
10
10
10
10
10
10
10
10
10
10
10
10
10
10
10
10
10
10
10
10
10
10
10
10
10
10
10
10
10
10
10
10
10
10
10
10
10
10
10
10
10
10
10
10
10
10
10
10
10
10
10
10
10
10
10
10
10
10
10
10
10
10
10
10
10
10
10
10
10
10
10
10
10
10
10
10
10
10
10
10
10
10
10
10
10
10
10
10
10
10
10
10
10
10
10
10
10
10
10
10
10
10
10
10
10
10
10
10
10
10
10
10
10
10
10
10
10
10
10
10
10
10
10
10
10
10
10
10
10
10
10
10
10
10
10
10
10
10
10
10
10
10
10
10
10
10
10
10
10
10
10
10
10
10
10
10
10
10
10
10
10
10
10
10
10
10
10
10
10
10
10
10
10
10
10
10
10
10
10
10
10
10
10
10
10
10
10
10
10
10
10
10
10
10
10
10
10
10
10
10
10
10
10
10
10
10
10
10
10
10
10
10
10
10
10
10
10
10
10
10
10
10
10
10
10
10
10
10
10
10
10
10
10
10
10
10
10
10
10
10
10
10
10
10
10
10
10
10
10
10
10
10
10
10
10
10
10
10
10
10
10
10
10
10
10
10
10
10
10
10
10
10
10
10
10
10
10
10
10
10
10
10
10
10
10
10
10
10
10
10
10
10
10
10
10
10
10
10
10
10
10
10
10
10
10
10
10
10
10
10
10
10
10
10
10
10
10
10
10
10
10
10
10
10
10
10
10
10
10
10
10
10
10
10
10
10
10
10
10
10
10
10
10
10
10
10
10
10
10
10
10
10
10
10
10
10
10
10
10
10
10
10
10
10
10
10
10
10
10
10
10
10
10
10
10
10
10
10
10
10
10
10
10
10
10
10
10
10
10
10
10
10
10
10
10
10
10
10
10
10
10
10
10
10
10
10
10
10
10
10
10
10
10
10
10
10
10
10
10
10
10
10
10
10
10
10
10
10
10
10
10
10
10
10
10
10
10
10
10
10
10
10
10
10
10
10
10
10
10
10
10
10
10
10
10
10
10
10
10
10
10
10
10
10
10
10
10
10
10
10
10
10
10
10
10
10
10
10
10
10
10
10
10
10
10
10
10
10
10
10
10
10
10
10
10
10
10
10
10
10
10
10
10
10
10
10
10
10
10
10
10
10
10
10
10
10
10
10
10
10
10
10
10
10
10
10
10
10
10
10
10
10
10
10
10
10
10
10
10
10
10
10
10
10
10
10
10
10
10
10
10
10
10
10
10
10
10
10
10
10
10
10
10
10
10
10
10
10
10
10
10
10
10
10
10
10
10
10
10
10
10
10
10
10
10
10
10
10
10
10
10
10
10
10
10
10
10
10
10
10
10
10
10
10
10
10
10
10
10
10
10
10
10
10
10
10
10
10
10
10
10
10
10
10
10
10
10
10
10
10
10
10
10
10
10
10
10
10
10
10
10
10
10
10
10
10
10
10
10
10
10
10
10
10
10
10
10
10
10
10
10
10
10
10
10
10
10
10
10
10
10
10
10
10
10
10
10
10
10
10
10
10
10
10
10
10
10
10
10
10
10
10
10
10
10
10
10
10
10
10
10
10
10
10
10
10
10
10
10
10
10
10
10
10
10
10
10
10
10
10
10
10
10
10
10
10
10
10
10
10
10
10
10
10
10
10
10
10
10
10
10
10
10
10
10
10
10
10
10
10
10
10
10
10
10
10
10
10
10
10
10
10
10
10
10
10
10
10
10
10
10
10
10
10
10
10
10
10
10
10
10
10
10
10
10
10
10
10
10
10
10
10
10
10
10
10
10
10
10
10
10
10
10
10
10
10
10
10
10
10
10
10
10
10
10
10
10
10
10
10
10
10
10
10
10
10
10
10
10
10
10
10
10
10
10
10
10
10
10
10
10
10
10
10
10
10
10
10
10
10
10
10
10
10
10
10
10
10
10
10
10
10
10
10
10
10
10
10
10
10
10
10
10
10
10
10
10
10
10
10
10
10
10
10
10
10
10
10
10
10
10
10
10
10
10
10
10
10
10
10
10
10
10
10
10
10
10
10
10
10
10
10
10
10
10
10
10
10
10
10
10
10
10
10
10
10
10
10
10
10
10
10
10
10
10
10
10
10
10
10
10
10
10
10
10
10
10
10
10
10
10
10
10
10
10
10
10
10
10
10
10
10
10
10
10
10
10
10
10
10
10
10
10
10
10
10
10
10
10
10
10
10
10
10
10
10
10
10
10
10
10
10
10
10
10
10
10
10
10
10
10
10
10
10
10
10
10
10
10
10
10
10
10
10
10
10
10
10
10
10
10
10
10
10
10
10
10
10
10
10
10
10
10
10
10
10
10
10
10
10
10
10
10
10
10
10
10
10
10
10
10
10
10
10
10
10
10
10
10
10
10
10
10
10
10
10
10
10
10
10
10
10
10
10
10
10
10
10
10
10
10
10
10
10
10
10
10
10
10
10
10
10
10
10
10
10
10
10
10
10
10
10
10
10
10
10
10
10
10
10
10
10
10
10
10
10
10
10
10
10
10
10
10
10
10
10
10
10
10
10
10
10
10
10
10
10
10
10
10
10
10
10
10
10
10
10
10
10
10
10
10
10
10
10
10
10
10
10
10
10
10
10
10
10
10
10
10
10
10
10
10
10
10
10
10
10
10
10
10
10
10
10
10
10
10
10
10
10
10
10
10
10
10
10
10
10
10
10
10
10
10
10
10
10
10
10
10
10
10
10
10
10
10
10
10
10
10
10
10
10
10
10
10
10
10
10
10
10
10
10
10
10
10
10
10
10
10
10
10
10
10
10
10
10
10
10
10
10
10
10
10
10
10
10
10
10
10
10
10
10
10
10
10
10
10
10
10
10
10
10
10
10
10
10
10
10
10
10
10
10
10
10
10
10
10
10
10
10
10
10
10
10
10
10
10
10
10
10
10
10
10
10
10
10
10
10
10
10
10
10
10
10
10
10
10
10
10
10
10
10
10
10
10
10
10
10
10
10
10
10
10
10
10
10
10
10
10
10
10
10
10
10
10
10
10
10
10
10
10
10
10
10
10
10
10
10
10
10
10
10
10
10
10
10
10
10
10
10
10
10
10
10
10
10
10
10
10
10
10
10
10
10
10
10
10
10
10
10
10
10
10
10
10
10
10
10
10
10
10
10
10
10
10
10
10
10
10
10
10
10
10
10
10
10
10
10
10
10
10
10
10
10
10
10
10
10
10
10
10
10
10
10
10
10
10
10
10
10
10
10
10
10
10
10
10
10
10
10
10
10
10
10
10
10
10
10
10
10
10
10
10
10
10
10
10
10
10
10
10
10
10
10
10
10
10
10
10
10
10
10
10
10
10
10
10
10
10
10
10
10
10
10
10
10
10
10
10
10
10
10
10
10
10
10
10
10
10
10
10
10
10
10
10
10
10
10
10
10
10
10
10
10
10
10
10
10
10
10
10
10
10
10
10
10
10
10
10
10
10
10
10
10
10
10
10
10
10
10
10
10
10
10
10
10
10
10
10
10
10
10
10
10
10
10
10
10
10
10
10
10
10
10
10
10
10
10
10
10
10
10
10
10
10
10
10
10
10
10
10
10
10
10
10
10
10
10
10
10
10
10
10
10
10
10
10
10
10
10
10
10
10
10
10
10
10
10
10
10
10
10
10
10
10
10
10
10
10
10
10
10
10
10
10
10
10
10
10
10
10
10
10
10
10
10
10
10
10
10
10
10
10
10
10
10
10
10
10
10
10
10
10
10
10
10
10
10
10
10
10
10
10
10
10
10
10
10
10
10
10
10
10
10
10
10
10
10
10
10
10
10
10
10
10
10
10
10
10
10
10
10
10
10
10
10
10
10
10
10
10
10
10
10
10
10
10
10
10
10
10
10
10
10
10
10
10
10
10
10
10
10
10
10
10
10
10
10
10
10
10
10
10
10
10
10
10
10
10
10
10
10
10
10
10
10
10
10
10
10
10
10
10
10
10
10
10
10
10
10
10
10
10
10
10
10
10
10
10
10
10
10
10
10
10
10
10
10
10
10
10
10
10
10
10
10
10
10
10
10
10
10
10
10
10
10
10
10
10
10
10
10
10
10
10
10
10
10
10
10
10
10
10
10
10
10
10
10
10
10
10
10
10
10
10
10
10
10
10
10
10
10
10
10
10
10
10
10
10
10
10
10
10
10
10
10
10
10
10
10
10
10
10
10
10
10
10
10
10
10
10
10
10
10
10
10
10
10
10
10
10
10
10
10
10
10
10
10
10
10
10
10
10
10
10
10
10
10
10
10
10
10
10
10
10
10
10
10
10
10
10
10
10
10
10
10
10
10
10
10
10
10
10
10
10
10
10
10
10
10
10
10
10
10
10
10
10
10
10
10
10
10
10
10
10
10
10
10
10
10
10
10
10
10
10
10
10
10
10
10
10
10
10
10
10
10
10
10
10
10
10
10
10
10
10
10
10
10
10
10
10
10
10
10
10
10
10
10
10
10
10
10
10
10
10
10
10
10
10
10
10
10
10
10
10
10
10
10
10
10
10
10
10
10
10
10
10
10
10
10
10
10
10
10
10
10
10
10
10
10
10
10
10
10
10
10
10
10
10
10
10
10
10
10
10
10
10
10
10
10
10
10
10
10
10
10
10
10
10
10
10
10
10
10
10
10
10
10
10
10
10
10
10
10
10
10
10
10
10
10
10
10
10
10
10
10
10
10
10
10
10
10
10
10
10
10
10
10
10
10
10
10
10
10
10
10
10
10
10
10
10
10
10
10
10
10
10
10
10
10
10
10
10
10
10
10
10
10
10
10
10
10
10
10
10
10
10
10
10
10
10
10
10
10
10
10
10
10
10
10
10
10
10
10
10
10
10
10
10
10
10
10
10
10
10
10
10
10
10
10
10
10
10
10
10
10
10
10
10
10
10
10
10
10
10
10
10
10
10
10
10
10
10
10
10
10
10
10
10
10
10
10
10
10
10
10
10
10
10
10
10
10
10
10
10
10
10
10
10
10
10
10
10
10
10
10
10
10
10
10
10
10
10
10
10
10
10
10
10
10
10
10
10
10
10
10
10
10
10
10
10
10
10
10
10
10
10
10
10
10
10
10
10
10
10
10
10
10
10
10
10
10
10
10
10
10
10
10
10
10
10
10
10
10
10
10
10
10
10
10
10
10
10
10
10
10
10
10
10
10
10
10
10
10
10
10
10
10
10
10
10
10
10
10
10
10
10
10
10
10
10
10
10
10
10
10
10
10
10
10
10
10
10
10
10
10
10
10
10
10
10
10
10
10
10
10
10
10
10
10
10
10
10
10
10
10
10
10
10
10
10
10
10
10
10
10
10
10
10
10
10
10
10
10
10
10
10
10
10
10
10
10
10
10
10
10
10
10
10
10
10
10
10
10
10
10
10
10
10
10
10
10
10
10
10
10
10
10
10
10
10
10
10
10
10
10
10
10
10
10
10
10
10
10
10
10
10
10
10
10
10
10
10
10
10
10
10
10
10
10
10
10
10
10
10
10
10
10
10
10
10
10
10
10
10
10
10
10
10
10
10
10
10
10
10
10
10
10
10
10
10
10
10
10
10
10
10
10
10
10
10
10
10
10
10
10
10
10
10
10
10
10
10
10
10
10
10
10
10
10
10
10
10
10
10
10
10
10
10
10
10
10
10
10
10
10
10
10
10
10
10
10
10
10
10
10
10
10
10
10
10
10
10
10
10
10
10
10
10
10
10
10
10
10
10
10
10
10
10
10
10
10
10
10
10
10
10
10
10
10
10
10
10
10
10
10
10
10
10
10
10
10
10
10
10
10
10
10
10
10
10
10
10
10
10
10
10
10
10
10
10
10
10
10
10
10
10
10
10
10
10
10
10
10
10
10
10
10
10
10
10
10
10
10
10
10
10
10
10
10
10
10
10
10
10
10
10
10
10
10
10
10
10
10
10
10
10
10
10
10
10
10
10
10
10
10
10
10
10
10
10
10
10
10
10
10
10
10
10
10
10
10
10
10
10
10
10
10
10
10
10
10
10
10
10
10
10
10
10
10
10
10
10
10
10
10
10
10
10
10
10
10
10
10
10
10
10
10
10
10
10
10
10
10
10
10
10
10
10
10
10
10
10
10
10
10
10
10
10
10
10
10
10
10
10
10
10
10
10
10
10
10
10
10
10
10
10
10
10
10
10
10
10
10
10
10
10
10
10
10
10
10
10
10
10
10
10
10
10
10
10
10
10
10
10
10
10
10
10
10
10
10
10
10
10
10
10
10
10
10
10
10
10
10
10
10
10
10
10
10
10
10
10
10
10
10
10
10
10
10
10
10
10
10
10
10
10
10
10
10
10
10
10
10
10
10
10
10
10
10
10
10
10
10
10
10
10
10
10
10
10
10
10
10
10
10
10
10
10
10
10
10
10
10
10
10
10
10
10
10
10
10
10
10
10
10
10
10
10
10
10
10
10
10
10
10
10
10
10
10
10
10
10
10
10
10
10
10
10
10
10
10
10
10
10
10
10
10
10
10
10
10
10
10
10
10
10
10
10
10
10
10
10
10
10
10
10
10
10
10
10
10
10
10
10
10
10
10
10
10
10
10
10
10
10
10
10
10
10
10
10
10
10
10
10
10
10
10
10
10
10
10
10
10
10
10
10
10
10
10
10
10
10
10
10
10
10
10
10
10
10
10
10
10
10
10
10
10
10
10
10
10
10
10
10
10
10
10
10
10
10
10
10
10
10
10
10
10
10
10
10
10
10
10
10
10
10
10
10
10
10
10
10
10
10
10
10
10
10
10
10
10
10
10
10
10
10
10
10
10
10
10
10
10
10
10
10
10
10
10
10
10
10
10
10
10
10
10
10
10
10
10
10
10
10
10
10
10
10
10
10
10
10
10
10
10
10
10
10
10
10
10
10
10
10
10
10
10
10
10
10
10
10
10
10
10
10
10
10
10
10
10
10
10
10
10
10
10
10
10
10
10
10
10
10
10
10
10
10
10
10
10
10
10
10
10
10
10
10
10
10
10
10
10
10
10
10
10
10
10
10
10
10
10
10
10
10
10
10
10
10
10
10
10
10
10
10
10
10
10
10
10
10
10
10
10
10
10
10
10
10
10
10
10
10
10
10
10
10
10
10
10
10
10
10
10
10
10
10
10
10
10
10
10
10
10
10
10
10
10
10
10
10
10
10
10
10
10
10
10
10
10
10
10
10
10
10
10
10
10
10
10
10
10
10
10
10
10
10
10
10
10
10
10
10
10
10
10
10
10
10
10
10
10
10
10
10
10
10
10
10
10
10
10
10
10
10
10
10
10
10
10
10
10
10
10
10
10
10
10
10
10
10
10
10
10
10
10
10
10
10
10
10
10
10
10
10
10
10
10
10
10
10
10
10
10
10
10
10
10
10
10
10
10
10
10
10
10
10
10
10
10
10
10
10
10
10
10
10
10
10
10
10
10
10
10
10
10
10
10
10
10
10
10
10
10
10
10
10
10
10
10
10
10
10
10
10
10
10
10
10
10
10
10
10
10
10
10
10
10
10
10
10
10
10
10
10
10
10
10
10
10
10
10
10
10
10
10
10
10
10
10
10
10
10
10
10
10
10
10
10
10
10
10
10
10
10
10
10
10
10
10
10
10
10
10
10
10
10
10
10
10
10
10
10
10
10
10
10
10
10
10
10
10
10
10
10
10
10
10
10
10
10
10
10
10
10
10
10
10
10
10
10
10
10
10
10
10
10
10
10
10
10
10
10
10
10
10
10
10
10
10
10
10
10
10
10
10
10
10
10
10
10
10
10
10
10
10
10
10
10
10
10
10
10
10
10
10
10
10
10
10
10
10
10
10
10
10
10
10
10
10
10
10
10
10
10
10
10
10
10
10
10
10
10
10
10
10
10
10
10
10
10
10
10
10
10
10
10
10
10
10
10
10
10
10
10
10
10
10
10
10
10
10
10
10
10
10
10
10
10
10
10
10
10
10
10
10
10
10
10
10
10
10
10
10
10
10
10
10
10
10
10
10
10
10
10
10
10
10
10
10
10
10
10
10
10
10
10
10
10
10
10
10
10
10
10
10
10
10
10
10
10
10
10
10
10
10
10
10
10
10
10
10
10
10
10
10
10
10
10
10
10
10
10
10
10
10
10
10
10
10
10
10
10
10
10
10
10
10
10
10
10
10
10
10
10
10
10
10
10
10
10
10
10
10
10
10
10
10
10
10
10
10
10
10
10
10
10
10
10
10
10
10
10
10
10
10
10
10
10
10
10
10
10
10
10
10
10
10
10
10
10
10
10
10
10
10
10
10
10
10
10
10
10
10
10
10
10
10
10
10
10
10
10
10
10
10
10
10
10
10
10
10
10
10
10
10
10
10
10
10
10
10
10
10
10
10
10
10
10
10
10
10
10
10
10
10
10
10
10
10
10
10
10
10
10
10
10
10
10
10
10
10
10
10
10
10
10
10
10
10
10
10
10
10
10
10
10
10
10
10
10
10
10
10
10
10
10
10
10
10
10
10
10
10
10
10
10
10
10
10
10
10
10
10
10
10
10
10
10
10
10
10
10
10
10
10
10
10
10
10
10
10
10
10
10
10
10
10
10
10
10
10
10
10
10
10
10
10
10
10
10
10
10
10
10
10
10
10
10
10
10
10
10
10
10
10
10
10
10
10
10
10
10
10
10
10
10
10
10
10
10
10
10
10
10
10
10
10
10
10
10
10
10
10
10
10
10
10
10
10
10
10
10
10
10
10
10
10
10
10
10
10
10
10
10
10
10
10
10
10
10
10
10
10
10
10
10
10
10
10
10
10
10
10
10
10
10
10
10
10
10
10
10
10
10
10
10
10
10
10
10
10
10
10
10
10
10
10
10
10
10
10
10
10
10
10
10
10
10
10
10
10
10
10
10
10
10
10
10
10
10
10
10
10
10
10
10
10
10
10
10
10
10
10
10
10
10
10
10
10
10
10
10
10
10
10
10
10
10
10
10
10
10
10
10
10
10
10
10
10
10
10
10
10
10
10
10
10
10
10
10
10
10
10
10
10
10
10
10
10
10
10
10
10
10
10
10
10
10
10
10
10
10
10
10
10
10
10
10
10
10
10
10
10
10
10
10
10
10
10
10
10
10
10
10
10
10
10
10
10
10
10
10
10
10
10
10
10
10
10
10
10
10
10
10
10
10
10
10
10
10
10
10
10
10
10
10
10
10
10
10
10
10
10
10
10
10
10
10
10
10
10
10
10
10
10
10
10
10
10
10
10
10
10
10
10
10
10
10
10
10
10
10
10
10
10
10
10
10
10
10
10
10
10
10
10
10
10
10
10
10
10
10
10
10
10
10
10
10
10
10
10
10
10
10
10
10
10
10
10
10
10
10
10
10
10
10
10
10
10
10
10
10
10
10
10
10
10
10
10
10
10
10
10
10
10
10
10
10
10
10
10
10
10
10
10
10
10
10
10
10
10
10
10
10
10
10
10
10
10
10
10
10
10
10
10
10
10
10
10
10
10
10
10
10
10
10
10
10
10
10
10
10
10
10
10
10
10
10
10
10
10
10
10
10
10
10
10
10
10
10
10
10
10
10
10
10
10
10
10
10
10
10
10
10
10
10
10
10
10
10
10
10
10
10
10
10
10
10
10
10
10
10
10
10
10
10
10
10
10
10
10
10
10
10
10
10
10
10
10
10
10
10
10
10
10
10
10
10
10
10
10
10
10
10
10
10
10
10
10
10
10
10
10
10
10
10
10
10
10
10
10
10
10
10
10
10
10
10
10
10
10
10
10
10
10
10
10
10
10
10
10
10
10
10
10
10
10
10
10
10
10
10
10
10
10
10
10
10
10
10
10
10
10
10
10
10
10
10
10
10
10
10
10
10
10
10
10
10
10
10
10
10
10
10
10
10
10
10
10
10
10
10
10
10
10
10
10
10
10
10
10
10
10
10
10
10
10
10
10
10
10
10
10
10
10
10
10
10
10
10
10
10
10
10
10
10
10
10
10
10
10
10
10
10
10
10
10
10
10
10
10
10
10
10
10
10
10
10
10
10
10
10
10
10
10
10
10
10
10
10
10
10
10
10
10
10
10
10
10
10
10
10
10
10
10
10
10
10
10
10
10
10
10
10
10
10
10
10
10
10
10
10
10
10
10
10
10
10
10
10
10
10
10
10
10
10
10
10
10
10
10
10
10
10
10
10
10
10
10
10
10
10
10
10
10
10
10
10
10
10
10
10
10
10
10
10
10
10
10
10
10
10
10
10
10
10
10
10
10
10
10
10
10
10
10
10
10
10
10
10
10
10
10
10
10
10
10
10
10
10
10
10
10
10
10
10
10
10
10
10
10
10
10
10
10
10
10
10
10
10
10
10
10
10
10
10
10
10
10
10
10
10
10
10
10
10
10
10
10
10
10
10
10
10
10
10
10
10
10
10
10
10
10
10
10
10
10
10
10
10
10
10
10
10
10
10
10
10
10
10
10
10
10
10
10
10
10
10
10
10
10
10
10
10
10
10
10
10
10
10
10
10
10
10
10
10
10
10
10
10
10
10
10
10
10
10
10
10
10
10
10
10
10
10
10
10
10
10
10
10
10
10
10
10
10
10
10
10
10
10
10
10
10
10
10
10
10
10
10
10
10
10
10
10
10
10
10
10
10
10
10
10
10
10
10
10
10
10
10
10
10
10
10
10
10
10
10
10
10
10
10
10
10
10
10
10
10
10
10
10
10
10
10
10
10
10
10
10
10
10
10
10
10
10
10
10
10
10
10
10
10
10
10
10
10
10
10
10
10
10
10
10
10
10
10
10
10
10
10
10
10
10
10
10
10
10
10
10
10
10
10
10
10
10
10
10
10
10
10
10
10
10
10
10
10
10
10
10
10
10
10
10
10
10
10
10
10
10
10
10
10
10
10
10
10
10
10
10
10
10
10
10
10
10
10
10
10
10
10
10
10
10
10
10
10
10
10
10
10
10
10
10
10
10
10
10
10
10
10
10
10
10
10
10
10
10
10
10
10
10
10
10
10
10
10
10
10
10
10
10
10
10
10
10
10
10
10
10
10
10
10
10
10
10
10
10
10
10
10
10
10
10
10
10
10
10
10
10
10
10
10
10
10
10
10
10
10
10
10
10
10
10
10
10
10
10
10
10
10
10
10
10
10
10
10
10
10
10
10
10
10
10
10
10
10
10
10
10
10
10
10
10
10
10
10
10
10
10
10
10
10
10
10
10
10
10
10
10
10
10
10
10
10
10
10
10
10
10
10
10
10
10
10
10
10
10
10
10
10
10
10
10
10
10
10
10
10
10
10
10
10
10
10
10
10
10
10
10
10
10
10
10
10
10
10
10
10
10
10
10
10
10
10
10
10
10
10
10
10
10
10
10
10
10
10
10
10
10
10
10
10
10
10
10
10
10
10
10
10
10
10
10
10
10
10
10
10
10
10
10
10
10
10
10
10
10
10
10
10
10
10
10
10
10
10
10
10
10
10
10
10
10
10
10
10
10
10
10
10
10
10
10
10
10
10
10
10
10
10
10
10
10
10
10
10
10
10
10
10
10
10
10
10
10
10
10
10
10
10
10
10
10
10
10
10
10
10
10
10
10
10
10
10
10
10
10
10
10
10
10
10
10
10
10
10
10
10
10
10
10
10
10
10
10
10
10
10
10
10
10
10
10
10
10
10
10
10
10
10
10
10
10
10
10
10
10
10
10
10
10
10
10
10
10
10
10
10
10
10
10
10
10
10
10
10
10
10
10
10
10
10
10
10
10
10
10
10
10
10
10
10
10
10
10
10
10
10
10
10
10
10
10
10
10
10
10
10
10
10
10
10
10
10
10
10
10
10
10
10
10
10
10
10
10
10
10
10
10
10
10
10
10
10
10
10
10
10
10
10
10
10
10
10
10
10
10
10
10
10
10
10
10
10
10
10
10
10
10
10
10
10
10
10
10
10
10
10
10
10
10
10
10
10
10
10
10
10
10
10
10
10
10
10
10
10
10
10
10
10
10
10
10
10
10
10
10
10
10
10
10
10
10
10
10
10
10
10
10
10
10
10
10
10
10
10
10
10
10
10
10
10
10
10
10
10
10
10
10
10
10
10
10
10
10
10
10
10
10
10
10
10
10
10
10
10
10
10
10
10
10
10
10
10
10
10
10
10
10
10
10
10
10
10
10
10
10
10
10
10
10
10
10
10
10
10
10
10
10
10
10
10
10
10
10
10
10
10
10
10
10
10
10
10
10
10
10
10
10
10
10
10
10
10
10
10
10
10
10
10
10
10
10
10
10
10
10
10
10
10
10
10
10
10
10
10
10
10
10
10
10
10
10
10
10
10
10
10
10
10
10
10
10
10
10
10
10
10
10
10
10
10
10
10
10
10
10
10
10
10
10
10
10
10
10
10
10
10
10
10
10
10
10
10
10
10
10
10
10
10
10
10
10
10
10
10
10
10
10
10
10
10
10
10
10
10
10
10
10
10
10
10
10
10
10
10
10
10
10
10
10
10
10
10
10
10
10
10
10
10
10
10
10
10
10
10
10
10
10
10
10
10
10
10
10
10
10
10
10
10
10
10
10
10
10
10
10
10
10
10
10
10
10
10
10
10
10
10
10
10
10
10
10
10
10
10
10
10
10
10
10
10
10
10
10
10
10
10
10
10
10
10
10
10
10
10
10
10
10
10
10
10
10
10
10
10
10
10
10
10
10
10
10
10
10
10
10
10
10
10
10
10
10
10
10
10
10
10
10
10
10
10
10
10
10
10
10
10
10
10
10
10
10
10
10
10
10
10
10
10
10
10
10
10
10
10
10
10
10
10
10
10
10
10
10
10
10
10
10
10
10
10
10
10
10
10
10
10
10
10
10
10
10
10
10
10
10
10
10
10
10
10
10
10
10
10
10
10
10
10
10
10
10
10
10
10
10
10
10
10
10
10
10
10
10
10
10
10
10
10
10
10
10
10
10
10
10
10
10
10
10
10
10
10
10
10
10
10
10
10
10
10
10
10
10
10
10
10
10
10
10
10
10
10
10
10
10
10
10
10
10
10
10
10
10
10
10
10
10
10
10
10
10
10
10
10
10
10
10
10
10
10
10
10
10
10
10
10
10
10
10
10
10
10
10
10
10
10
10
10
10
10
10
10
10
10
10
10
10
10
10
10
10
10
10
10
10
10
10
10
10
10
10
10
10
10
10
10
10
10
10
10
10
10
10
10
10
10
10
10
10
10
10
10
10
10
10
10
10
10
10
10
10
10
10
10
10
10
10
10
10
10
10
10
10
10
10
10
10
10
10
10
10
10
10
10
10
10
10
10
10
10
10
10
10
10
10
10
10
10
10
10
10
10
10
10
10
10
10
10
10
10
10
10
10
10
10
10
10
10
10
10
10
10
10
10
10
10
10
10
10
10
10
10
10
10
10
10
10
10
10
10
10
10
10
10
10
10
10
10
10
10
10
10
10
10
10
10
10
10
10
10
10
10
10
10
10
10
10
10
10
10
10
10
10
10
10
10
10
10
10
10
10
10
10
10
10
10
10
10
10
10
10
10
10
10
10
10
10
10
10
10
10
10
10
10
10
10
10
10
10
10
10
10
10
10
10
10
10
10
10
10
10
10
10
10
10
10
10
10
10
10
10
10
10
10
10
10
10
10
10
10
10
10
10
10
10
10
10
10
10
10
10
10
10
10
10
10
10
10
10
10
10
10
10
10
10
10
10
10
10
10
10
10
10
10
10
10
10
10
10
10
10
10
10
10
10
10
10
10
10
10
10
10
10
10
10
10
10
10
10
10
10
10
10
10
10
10
10
10
10
10
10
10
10
10
10
10
10
10
10
10
10
10
10
10
10
10
10
10
10
10
10
10
10
10
10
10
10
10
10
10
10
10
10
10
10
10
10
10
10
10
10
10
10
10
10
10
10
10
10
10
10
10
10
10
10
10
10
10
10
10
10
10
10
10
10
10
10
10
10
10
10
10
10
10
10
10
10
10
10
10
10
10
10
10
10
10
10
10
10
10
10
10
10
10
10
10
10
10
10
10
10
10
10
10
10
10
10
10
10
10
10
10
10
10
10
10
10
10
10
10
10
10
10
10
10
10
10
10
10
10
10
10
10
10
10
10
10
10
10
10
10
10
10
10
10
10
10
10
10
10
10
10
10
10
10
10
10
10
10
10
10
10
10
10
10
10
10
10
10
10
10
10
10
10
10
10
10
10
10
10
10
10
10
10
10
10
10
10
10
10
10
10
10
10
10
10
10
10
10
10
10
10
10
10
10
10
10
10
10
10
10
10
10
10
10
10
10
10
10
10
10
10
10
10
10
10
10
10
10
10
10
10
10
10
10
10
10
10
10
10
10
10
10
10
10
10
10
10
10
10
10
10
10
10
10
10
10
10
10
10
10
10
10
10
10
10
10
10
10
10
10
10
10
10
10
10
10
10
10
10
10
10
10
10
10
10
10
10
10
10
10
10
10
10
10
10
10
10
10
10
10
10
10
10
10
10
10
10
10
10
10
10
10
10
10
10
10
10
10
10
10
10
10
10
10
10
10
10
10
10
10
10
10
10
10
10
10
10
10
10
10
10
10
10
10
10
10
10
10
10
10
10
10
10
10
10
10
10
10
10
10
10
10
10
10
10
10
10
10
10
10
10
10
10
10
10
10
10
10
10
10
10
10
10
10
10
10
10
10
10
10
10
10
10
10
10
10
10
10
10
10
10
10
10
10
10
10
10
10
10
10
10
10
10
10
10
10
10
10
10
10
10
10
10
10
10
10
10
10
10
10
10
10
10
10
10
10
10
10
10
10
10
10
10
10
10
10
10
10
10
10
10
10
10
10
10
10
10
10
10
10
10
10
10
10
10
10
10
10
10
10
10
10
10
10
10
10
10
10
10
10
10
10
10
10
10
10
10
10
10
10
10
10
10
10
10
10
10
10
10
10
10
10
10
10
10
10
10
10
10
10
10
10
10
10
10
10
10
10
10
10
10
10
10
10
10
10
10
10
10
10
10
10
10
10
10
10
10
10
10
10
10
10
10
10
10
10
10
10
10
10
10
10
10
10
10
10
10
10
10
10
10
10
10
10
10
10
10
10
10
10
10
10
10
10
10
10
10
10
10
10
10
10
10
10
10
10
10
10
10
10
10
10
10
10
10
10
10
10
10
10
10
10
10
10
10
10
10
10
10
10
10
10
10
10
10
10
10
10
10
10
10
10
10
10
10
10
10
10
10
10
10
10
10
10
10
10
10
10
10
10
10
10
10
10
10
10
10
10
10
10
10
10
10
10
10
10
10
10
10
10
10
10
10
10
10
10
10
10
10
10
10
10
10
10
10
10
10
10
10
10
10
10
10
10
10
10
10
10
10
10
10
10
10
10
10
10
10
10
10
10
10
10
10
10
10
10
10
10
10
10
10
10
10
10
10
10
10
10
10
10
10
10
10
10
10
10
10
10
10
10
10
10
10
10
10
10
10
10
10
10
10
10
10
10
10
10
10
10
10
10
10
10
10
10
10
10
10
10
10
10
10
10
10
10
10
10
10
10
10
10
10
10
10
10
10
10
10
10
10
10
10
10
10
10
10
10
10
10
10
10
10
10
10
10
10
10
10
10
10
10
10
10
10
10
10
10
10
10
10
10
10
10
10
10
10
10
10
10
10
10
10
10
10
10
10
10
10
10
10
10
10
10
10
10
10
10
10
10
10
10
10
10
10
10
10
10
10
10
10
10
10
10
10
10
10
10
10
10
10
10
10
10
10
10
10
10
10
10
10
10
10
10
10
10
10
10
10
10
10
10
10
10
10
10
10
10
10
10
10
10
10
10
10
10
10
10
10
10
10
10
10
10
10
10
10
10
10
10
10
10
10
10
10
10
10
10
10
10
10
10
10
10
10
10
10
10
10
10
10
10
10
10
10
10
10
10
10
10
10
10
10
10
10
10
10
10
10
10
10
10
10
10
10
10
10
10
10
10
10
10
10
10
10
10
10
10
10
10
10
10
10
10
10
10
10
10
10
10
10
10
10
10
10
10
10
10
10
10
10
10
10
10
10
10
10
10
10
10
10
10
10
10
10
10
10
10
10
10
10
10
10
10
10
10
10
10
10
10
10
10
10
10
10
10
10
10
10
10
10
10
10
10
10
10
10
10
10
10
10
10
10
10
10
10
10
10
10
10
10
10
10
10
10
10
10
10
10
10
10
10
10
10
10
10
10
10
10
10
10
10
10
10
10
10
10
10
10
10
10
10
10
10
10
10
10
10
10
10
10
10
10
10
10
10
10
10
10
10
10
10
10
10
10
10
10
10
10
10
10
10
10
10
10
10
10
10
10
10
10
10
10
10
10
10
10
10
10
10
10
10
10
10
10
10
10
10
10
10
10
10
10
10
10
10
10
10
10
10
10
10
10
10
10
10
10
10
10
10
10
10
10
10
10
10
10
10
10
10
10
10
10
10
10
10
10
10
10
10
10
10
10
10
10
10
10
10
10
10
10
10
10
10
10
10
10
10
10
10
10
10
10
10
10
10
10
10
10
10
10
10
10
10
10
10
10
10
10
10
10
10
10
10
10
10
10
10
10
10
10
10
10
10
10
10
10
10
10
10
10
10
10
10
10
10
10
10
10
10
10
10
10
10
10
10
10
10
10
10
10
10
10
10
10
10
10
10
10
10
10
10
10
10
10
10
10
10
10
10
10
10
10
10
10
10
10
10
10
10
10
10
10
10
10
10
10
10
10
10
10
10
10
10
10
10
10
10
10
10
10
10
10
10
10
10
10
10
10
10
10
10
10
10
10
10
10
10
10
10
10
10
10
10
10
10
10
10
10
10
10
10
10
10
10
10
10
10
10
10
10
10
10
10
10
10
10
10
10
10
10
10
10
10
10
10
10
10
10
10
10
10
10
10
10
10
10
10
10
10
10
10
10
10
10
10
10
10
10
10
10
10
10
10
10
10
10
10
10
10
10
10
10
10
10
10
10
10
10
10
10
10
10
10
10
10
10
10
10
10
10
10
10
10
10
10
10
10
10
10
10
10
10
10
10
10
10
10
10
10
10
10
10
10
10
10
10
10
10
10
10
10
10
10
10
10
10
10
10
10
10
10
10
10
10
10
10
10
10
10
10
10
10
10
10
10
10
10
10
10
10
10
10
10
10
10
10
10
10
10
10
10
10
10
10
10
10
10
10
10
10
10
10
10
10
10
10
10
10
10
10
10
10
10
10
10
10
10
10
10
10
10
10
10
10
10
10
10
10
10
10
10
10
10
10
10
10
10
10
10
10
10
10
10
10
10
10
10
10
10
10
10
10
10
10
10
10
10
10
10
10
10
10
10
10
10
10
10
10
10
10
10
10
10
10
10
10
10
10
10
10
10
10
10
10
10
10
10
10
10
10
10
10
10
10
10
10
10
10
10
10
10
10
10
10
10
10
10
10
10
10
10
10
10
10
10
10
10
10
10
10
10
10
10
10
10
10
10
10
10
10
10
10
10
10
10
10
10
10
10
10
10
10
10
10
10
10
10
10
10
10
10
10
10
10
10
10
10
10
10
10
10
10
10
10
10
10
10
10
10
10
10
10
10
10
10
10
10
10
10
10
10
10
10
10
10
10
10
10
10
10
10
10
10
10
10
10
10
10
10
10
10
10
10
10
10
10
10
10
10
10
10
10
10
10
10
10
10
10
10
10
10
10
10
10
10
10
10
10
10
10
10
10
10
10
10
10
10
10
10
10
10
10
10
10
10
10
10
10
10
10
10
10
10
10
10
10
10
10
10
10
10
10
10
10
10
10
10
10
10
10
10
10
10
10
10
10
10
10
10
10
10
10
10
10
10
10
10
10
10
10
10
10
10
10
10
10
10
10
10
10
10
10
10
10
10
10
10
10
10
10
10
10
10
10
10
10
10
10
10
10
10
10
10
10
10
10
10
10
10
10
10
10
10
10
10
10
10
10
10
10
10
10
10
10
10
10
10
10
10
10
10
10
10
10
10
10
10
10
10
10
10
10
10
10
10
10
10
10
10
10
10
10
10
10
10
10
10
10
10
10
10
10
10
10
10
10
10
10
10
10
10
10
10
10
10
10
10
10
10
10
10
10
10
10
10
10
10
10
10
10
10
10
10
10
10
10
10
10
10
10
10
10
10
10
10
10
10
10
10
10
10
10
10
10
10
10
10
10
10
10
10
10
10
10
10
10
10
10
10
10
10
10
10
10
10
10
10
10
10
10
10
10
10
10
10
10
10
10
10
10
10
10
10
10
10
10
10
10
10
10
10
10
10
10
10
10
10
10
10
10
10
10
10
10
10
10
10
10
10
10
10
10
10
10
10
10
10
10
10
10
10
10
10
10
10
10
10
10
10
10
10
10
10
10
10
10
10
10
10
10
10
10
10
10
10
10
10
10
10
10
10
10
10
10
10
10
10
10
10
10
10
10
10
10
10
10
10
10
10
10
10
10
10
10
10
10
10
10
10
10
10
10
10
10
10
10
10
10
10
10
10
10
10
10
10
10
10
10
10
10
10
10
10
10
10
10
10
10
10
10
10
10
10
10
10
10
10
10
10
10
10
10
10
10
10
10
10
10
10
10
10
10
10
10
10
10
10
10
10
10
10
10
10
10
10
10
10
10
10
10
10
10
10
10
10
10
10
10
10
10
10
10
10
10
10
10
10
10
10
10
10
10
10
10
10
10
10
10
10
10
10
10
10
10
10
10
10
10
10
10
10
10
10
10
10
10
10
10
10
10
10
10
10
10
10
10
10
10
10
10
10
10
10
10
10
10
10
10
10
10
10
10
10
10
10
10
10
10
10
10
10
10
10
10
10
10
10
10
10
10
10
10
10
10
10
10
10
10
10
10
10
10
10
10
10
10
10
10
10
10
10
10
10
10
10
10
10
10
10
10
10
10
10
10
10
10
10
10
10
10
10
10
10
10
10
10
10
10
10
10
10
10
10
10
10
10
10
10
10
10
10
10
10
10
10
10
10
10
10
10
10
10
10
10
10
10
10
10
10
10
10
10
10
10
10
10
10
10
10
10
10
10
10
10
10
10
10
10
10
10
10
10
10
10
10
10
10
10
10
10
10
10
10
10
10
10
10
10
10
10
10
10
10
10
10
10
10
10
10
10
10
10
10
10
10
10
10
10
10
10
10
10
10
10
10
10
10
10
10
10
10
10
10
10
10
10
10
10
10
10
10
10
10
10
10
10
10
10
10
10
10
10
10
10
10
10
10
10
10
10
10
10
10
10
10
10
10
10
10
10
10
10
10
10
10
10
10
10
10
10
10
10
10
10
10
10
10
10
10
10
10
10
10
10
10
10
10
10
10
10
10
10
10
10
10
10
10
10
10
10
10
10
10
10
10
10
10
10
10
10
10
10
10
10
10
10
10
10
10
10
10
10
10
10
10
10
10
10
10
10
10
10
10
10
10
10
10
10
10
10
10
10
10
10
10
10
10
10
10
10
10
10
10
10
10
10
10
10
10
10
10
10
10
10
10
10
10
10
10
10
10
10
10
10
10
10
10
10
10
10
10
10
10
10
10
10
10
10
10
10
10
10
10
10
10
10
10
10
10
10
10
10
10
10
10
10
10
10
10
10
10
10
10
10
10
10
10
10
10
10
10
10
10
10
10
10
10
10
10
10
10
10
10
10
10
10
10
10
10
10
10
10
10
10
10
10
10
10
10
10
10
10
10
10
10
10
10
10
10
10
10
10
10
10
10
10
10
10
10
10
10
10
10
10
10
10
10
10
10
10
10
10
10
10
10
10
10
10
10
10
10
10
10
10
10
10
10
10
10
10
10
10
10
10
10
10
10
10
10
10
10
10
10
10
10
10
10
10
10
10
10
10
10
10
10
10
10
10
10
10
10
10
10
10
10
10
10
10
10
10
10
10
10
10
10
10
10
10
10
10
10
10
10
10
10
10
10
10
10
10
10
10
10
10
10
10
10
10
10
10
10
10
10
10
10
10
10
10
10
10
10
10
10
10
10
10
10
10
10
10
10
10
10
10
10
10
10
10
10
10
10
10
10
10
10
10
10
10
10
10
10
10
10
10
10
10
10
10
10
10
10
10
10
10
10
10
10
10
10
10
10
10
10
10
10
10
10
10
10
10
10
10
10
10
10
10
10
10
10
10
10
10
10
10
10
10
10
10
10
10
10
10
10
10
10
10
10
10
10
10
10
10
10
10
10
10
10
10
10
10
10
10
10
10
10
10
10
10
10
10
10
10
10
10
10
10
10
10
10
10
10
10
10
10
10
10
10
10
10
10
10
10
10
10
10
10
10
10
10
10
10
10
10
10
10
10
10
10
10
10
10
10
10
10
10
10
10
10
10
10
10
10
10
10
10
10
10
10
10
10
10
10
10
10
10
10
10
10
10
10
10
10
10
10
10
10
10
10
10
10
10
10
10
10
10
10
10
10
10
10
10
10
10
10
10
10
10
10
10
10
10
10
10
10
10
10
10
10
10
10
10
10
10
10
10
10
10
10
10
10
10
10
10
10
10
10
10
10
10
10
10
10
10
10
10
10
10
10
10
10
10
10
10
10
10
10
10
10
10
10
10
10
10
10
10
10
10
10
10
10
10
10
10
10
10
10
10
10
10
10
10
10
10
10
10
10
10
10
10
10
10
10
10
10
10
10
10
10
10
10
10
10
10
10
10
10
10
10
10
10
10
10
10
10
10
10
10
10
10
10
10
10
10
10
10
10
10
10
10
10
10
10
10
10
10
10
10
10
10
10
10
10
10
10
10
10
10
10
10
10
10
10
10
10
10
10
10
10
10
10
10
10
10
10
10
10
10
10
10
10
10
10
10
10
10
10
10
10
10
10
10
10
10
10
10
10
10
10
10
10
10
10
10
10
10
10
10
10
10
10
10
10
10
10
10
10
10
10
10
10
10
10
10
10
10
10
10
10
10
10
10
10
10
10
10
10
10
10
10
10
10
10
10
10
10
10
10
10
10
10
10
10
10
10
10
10
10
10
10
10
10
10
10
10
10
10
10
10
10
10
10
10
10
10
10
10
10
10
10
10
10
10
10
10
10
10
10
10
10
10
10
10
10
10
10
10
10
10
10
10
10
10
10
10
10
10
10
10
10
10
10
10
10
10
10
10
10
10
10
10
10
10
10
10
10
10
10
10
10
10
10
10
10
10
10
10
10
10
10
10
10
10
10
10
10
10
10
10
10
10
10
10
10
10
10
10
10
10
10
10
10
10
10
10
10
10
10
10
10
10
10
10
10
10
10
10
10
10
10
10
10
10
10
10
10
10
10
10
10
10
10
10
10
10
10
10
10
10
10
10
10
10
10
10
10
10
10
10
10
10
10
10
10
10
10
10
10
10
10
10
10
10
10
10
10
10
10
10
10
10
10
10
10
10
10
10
10
10
10
10
10
10
10
10
10
10
10
10
10
10
10
10
10
10
10
10
10
10
10
10
10
10
10
10
10
10
10
10
10
10
10
10
10
10
10
10
10
10
10
10
10
10
10
10
10
10
10
10
10
10
10
10
10
10
10
10
10
10
10
10
10
10
10
10
10
10
10
10
10
10
10
10
10
10
10
10
10
10
10
10
10
10
10
10
10
10
10
10
10
10
10
10
10
10
10
10
10
10
10
10
10
10
10
10
10
10
10
10
10
10
10
10
10
10
10
10
10
10
10
10
10
10
10
10
10
10
10
10
10
10
10
10
10
10
10
10
10
10
10
10
10
10
10
10
10
10
10
10
10
10
10
10
10
10
10
10
10
10
10
10
10
10
10
10
10
10
10
10
10
10
10
10
10
10
10
10
10
10
10
10
10
10
10
10
10
10
10
10
10
10
10
10
10
10
10
10
10
10
10
10
10
10
10
10
10
10
10
10
10
10
10
10
10
10
10
10
10
10
10
10
10
10
10
10
10
10
10
10
10
10
10
10
10
10
10
10
10
10
10
10
10
10
10
10
10
10
10
10
10
10
10
10
10
10
10
10
10
10
10
10
10
10
10
10
10
10
10
10
10
10
10
10
10
10
10
10
10
10
10
10
10
10
10
10
10
10
10
10
10
10
10
10
10
10
10
10
10
10
10
10
10
10
10
10
10
10
10
10
10
10
10
10
10
10
10
10
10
10
10
10
10
10
10
10
10
10
10
10
10
10
10
10
10
10
10
10
10
10
10
10
10
10
10
10
10
10
10
10
10
10
10
10
10
10
10
10
10
10
10
10
10
10
10
10
10
10
10
10
10
10
10
10
10
10
10
10
10
10
10
10
10
10
10
10
10
10
10
10
10
10
10
10
10
10
10
10
10
10
10
10
10
10
10
10
10
10
10
10
10
10
10
10
10
10
10
10
10
10
10
10
10
10
10
10
10
10
10
10
10
10
10
10
10
10
10
10
10
10
10
10
10
10
10
10
10
10
10
10
10
10
10
10
10
10
10
10
10
10
10
10
10
10
10
10
10
10
10
10
10
10
10
10
10
10
10
10
10
10
10
10
10
10
10
10
10
10
10
10
10
10
10
10
10
10
10
10
10
10
10
10
10
10
10
10
10
10
10
10
10
10
10
10
10
10
10
10
10
10
10
10
10
10
10
10
10
10
10
10
10
10
10
10
10
10
10
10
10
10
10
10
10
10
10
10
10
10
10
10
10
10
10
10
10
10
10
10
10
10
10
10
10
10
10
10
10
10
10
10
10
10
10
10
10
10
10
10
10
10
10
10
10
10
10
10
10
10
10
10
10
10
10
10
10
10
10
10
10
10
10
10
10
10
10
10
10
10
10
10
10
10
10
10
10
10
10
10
10
10
10
10
10
10
10
10
10
10
10
10
10
10
10
10
10
10
10
10
10
10
10
10
10
10
10
10
10
10
10
10
10
10
10
10
10
10
10
10
10
10
10
10
10
10
10
10
10
10
10
10
10
10
10
10
10
10
10
10
10
10
10
10
10
10
10
10
10
10
10
10
10
10
10
10
10
10
10
10
10
10
10
10
10
10
10
10
10
10
10
10
10
10
10
10
10
10
10
10
10
10
10
10
10
10
10
10
10
10
10
10
10
10
10
10
10
10
10
10
10
10
10
10
10
10
10
10
10
10
10
10
10
10
10
10
10
10
10
10
10
10
10
10
10
10
10
10
10
10
10
10
10
10
10
10
10
10
10
10
10
10
10
10
10
10
10
10
10
10
10

CELL_DATA 26277
SCALARS cell_scalars int 1
LOOKUP_TABLE default
1
1
1
1
1
2
2
1
1
2
1
2
2
2
1
1
1
1
2
2
2
2
2
2
2
1
2
2
2
2
2
1
1
2
1
1
2
1
2
2
1
1
1
2
2
1
1
2
2
2
2
2
1
1
2
2
1
2
2
2
2
2
1
1
1
2
1
1
1
1
2
2
2
2
2
1
1
1
1
1
2
1
2
2
2
2
1
2
2
1
1
1
2
2
2
2
2
2
1
2
2
2
2
1
1
1
1
1
1
1
3
2
2
1
1
2
2
1
2
1
1
2
1
2
1
1
2
1
2
2
1
1
2
2
1
1
1
1
1
2
1
2
1
1
1
2
2
2
2
2
1
2
2
1
1
1
2
2
2
2
2
1
2
2
2
1
1
2
2
1
2
2
2
2
1
1
1
2
2
1
1
1
1
2
1
2
1
1
1
2
2
1
1
2
1
1
2
1
2
2
2
2
1
1
1
1
1
1
1
2
1
1
2
1
1
2
2
2
2
1
2
1
3
1
1
1
2
2
1
1
1
2
1
2
1
2
1
1
1
2
2
2
2
1
2
1
2
2
1
1
2
1
2
2
1
2
1
1
2
1
1
2
2
1
2
2
2
2
2
2
1
2
1
1
1
2
2
2
1
2
1
2
2
2
2
2
2
1
2
2
2
2
1
2
2
2
1
2
2
2
1
2
1
1
2
1
2
1
2
2
2
1
1
2
1
1
2
2
2
2
2
2
1
1
1
1
2
1
2
1
1
2
2
2
1
2
2
1
1
2
1
2
2
2
3
2
2
1
2
2
2
2
3
1
2
1
1
1
1
1
2
3
2
2
2
1
1
2
1
1
1
1
1
1
2
2
1
1
1
2
2
2
1
1
2
1
1
3
2
1
1
1
2
2
2
1
2
2
1
1
2
2
2
2
2
2
1
1
2
1
2
2
2
1
1
2
2
1
1
1
2
1
2
2
1
2
2
2
1
1
1
2
1
1
2
1
2
1
1
2
1
2
1
1
1
2
1
1
2
1
2
2
1
2
2
2
2
1
1
2
2
2
1
2
2
1
2
2
1
2
1
2
2
2
2
2
1
2
2
1
2
2
2
2
1
2
2
2
2
1
1
1
2
2
1
2
2
1
1
2
1
2
2
1
1
2
1
2
2
2
1
2
1
2
2
2
1
2
1
2
2
1
2
1
2
1
2
1
2
2
1
2
2
1
2
2
2
1
2
2
1
2
1
1
1
1
2
1
2
2
1
1
2
2
2
1
1
2
2
1
2
2
1
1
1
2
1
2
2
2
2
1
2
2
2
2
1
2
1
1
2
1
2
2
2
1
2
1
1
1
2
1
2
1
1
2
2
1
1
2
1
1
2
2
2
1
2
1
2
2
1
1
1
1
1
2
1
1
2
2
2
1
2
2
1
1
1
1
1
1
1
1
2
1
2
1
2
1
1
3
2
3
1
2
1
1
2
2
1
2
2
2
2
1
2
1
1
1
2
2
1
1
2
1
1
1
1
1
1
2
2
2
2
2
2
2
2
2
1
1
2
1
2
2
1
2
2
1
1
1
1
1
2
1
1
3
1
1
2
2
2
1
2
2
1
2
2
2
1
1
2
1
1
2
1
1
1
1
2
2
1
1
2
1
2
2
2
2
2
1
1
2
2
2
1
1
1
1
2
1
2
1
1
3
1
1
1
1
1
2
2
1
2
2
2
2
1
2
1
2
1
1
1
2
2
2
2
2
1
1
2
2
2
2
2
1
2
1
1
2
1
1
2
1
1
2
2
2
1
1
1
1
2
2
1
1
1
2
2
2
1
1
1
1
2
2
1
1
1
2
1
1
2
1
1
2
1
2
1
2
1
2
1
2
2
1
2
2
1
1
2
1
2
1
1
2
1
1
2
1
2
1
1
2
2
2
2
2
2
1
2
2
2
2
1
2
2
1
2
1
1
2
2
1
2
1
2
2
2
1
2
1
2
2
2
1
2
1
2
2
2
2
2
2
1
2
1
2
2
1
1
1
1
1
2
2
1
2
1
1
2
1
1
1
2
1
2
1
2
2
2
2
1
2
1
1
2
2
1
2
1
2
2
2
2
1
1
1
1
2
2
2
2
1
2
2
2
2
1
2
2
1
1
1
1
1
2
2
1
2
2
2
2
2
2
1
1
1
2
2
2
2
1
1
1
2
1
1
2
2
1
2
2
1
2
1
2
1
2
1
1
2
2
2
1
1
1
1
2
2
2
2
2
1
2
2
1
1
1
1
2
1
1
2
1
1
1
2
2
2
2
1
1
2
1
1
1
2
2
1
2
1
1
2
2
2
1
2
1
2
1
2
2
2
1
2
1
1
2
1
1
3
1
1
2
2
1
2
2
2
1
1
3
1
1
1
1
2
1
2
1
1
2
2
2
1
2
2
2
2
2
2
1
2
2
1
2
2
2
2
1
2
1
2
1
1
1
1
1
1
2
2
2
1
2
1
1
1
2
1
2
2
2
2
2
2
3
1
1
1
1
1
1
2
2
2
2
1
1
1
1
1
1
2
1
1
2
2
2
2
2
2
2
1
1
1
2
1
1
1
1
2
1
2
1
1
1
1
2
1
2
1
1
1
2
1
1
2
1
1
1
2
1
1
1
2
2
1
2
2
1
1
1
2
2
2
1
1
1
1
1
1
2
1
2
2
1
1
2
1
1
1
1
1
1
1
2
1
2
2
1
1
2
2
2
1
1
2
2
1
2
2
2
2
1
2
1
1
2
2
2
2
2
2
1
2
2
2
1
1
2
1
2
2
2
2
1
1
2
2
1
1
2
1
2
1
1
2
1
2
1
2
1
2
1
2
1
1
2
1
2
1
1
2
2
2
2
1
2
2
1
2
2
2
1
1
1
1
1
1
1
1
2
2
1
2
2
2
2
2
1
2
2
1
2
1
1
1
2
1
1
1
2
2
2
1
1
2
1
1
2
1
2
2
1
2
1
2
1
2
1
2
1
1
1
1
1
2
2
1
2
2
2
1
2
1
2
1
1
2
1
2
1
2
2
2
2
1
2
1
1
2
2
1
1
1
2
1
1
2
2
2
1
2
2
2
2
2
2
2
2
1
2
2
1
2
2
2
1
2
2
1
2
1
1
2
1
1
1
2
1
2
1
2
2
1
1
2
2
2
2
2
1
1
1
2
1
1
2
2
2
2
2
2
2
1
2
2
2
1
2
1
1
2
1
1
2
1
2
1
2
2
2
2
2
2
1
2
2
2
2
2
1
1
1
1
1
2
2
1
1
2
1
2
2
2
2
2
2
1
2
2
1
2
2
2
1
1
1
2
1
1
2
1
2
2
2
2
2
1
2
2
2
1
2
2
2
1
1
1
2
2
2
2
2
2
1
2
2
2
1
2
2
2
1
1
2
1
1
2
1
1
1
2
1
3
1
1
2
2
1
2
2
1
2
2
2
1
2
2
2
2
1
1
1
2
2
2
1
2
2
1
2
2
2
1
2
1
1
2
1
1
2
1
2
1
2
2
2
2
2
3
2
2
2
2
2
2
1
1
1
2
1
2
2
2
1
1
1
1
2
1
1
1
2
1
2
2
1
1
1
2
2
1
1
2
2
2
2
2
1
1
2
2
1
2
2
1
1
2
1
1
2
2
2
2
2
1
2
1
2
1
2
1
1
1
2
1
2
2
2
1
1
1
1
1
1
2
1
2
2
1
1
1
1
1
1
1
1
2
1
1
2
1
1
2
1
1
1
1
1
2
2
1
2
1
1
1
1
2
1
2
1
1
1
1
2
1
2
2
2
2
2
1
3
1
2
1
2
1
1
2
1
1
2
1
1
2
2
1
2
1
2
2
1
1
2
2
1
1
1
1
1
1
2
1
2
2
1
2
2
2
2
1
1
2
2
2
2
1
2
1
2
2
1
1
2
2
1
1
2
1
2
2
1
2
1
1
2
1
1
1
1
1
1
1
1
1
1
1
1
1
2
2
1
2
1
1
2
1
2
1
1
2
2
2
2
2
2
2
2
2
1
2
1
1
1
1
2
2
2
1
1
2
2
1
1
2
1
2
2
1
1
2
2
2
1
2
2
1
2
1
2
2
2
1
1
1
2
1
2
1
1
2
2
2
2
1
2
1
2
2
1
1
1
1
2
2
1
2
2
2
2
2
2
2
2
1
2
2
2
2
2
1
1
1
1
1
2
2
1
2
1
2
2
1
1
1
2
1
1
2
1
1
1
2
1
2
1
1
1
2
2
1
2
1
1
2
2
2
1
2
2
1
1
2
1
1
1
2
1
2
1
2
2
2
2
2
1
2
1
2
1
1
2
1
2
2
1
1
1
1
2
1
1
1
1
1
2
2
1
1
2
1
2
2
2
2
1
2
2
1
2
2
1
1
1
1
2
1
2
1
1
2
2
1
1
1
2
1
1
1
2
1
1
1
1
2
1
2
1
1
2
2
1
2
1
2
2
2
2
1
1
1
2
2
2
2
1
1
2
2
2
2
2
2
1
2
1
1
1
1
1
2
2
1
2
2
2
2
2
1
2
1
1
2
1
1
2
1
2
2
2
2
2
1
2
1
2
2
2
2
2
2
1
1
1
1
2
1
2
1
2
2
1
2
1
1
1
2
1
1
1
2
2
1
2
1
1
1
1
3
1
2
2
1
1
2
1
2
2
2
2
2
1
1
1
2
1
1
1
2
1
2
1
1
2
2
1
2
1
2
2
1
2
2
2
1
1
2
1
2
1
2
1
1
2
2
2
2
2
1
2
1
1
2
1
2
1
1
1
2
1
1
1
2
1
2
1
2
1
1
2
2
1
1
3
1
2
1
1
2
2
3
2
1
2
1
1
2
2
2
2
2
2
2
2
2
1
1
1
2
1
1
1
1
2
2
1
2
2
1
1
1
1
2
1
1
1
2
1
1
1
1
2
2
2
2
2
1
2
1
1
2
2
1
2
1
2
2
1
2
2
1
2
1
2
1
1
2
2
1
1
2
1
1
2
2
2
2
2
1
2
2
2
1
1
1
2
2
1
2
2
1
2
1
1
1
2
1
2
1
2
1
2
2
2
2
1
2
2
2
2
2
2
1
2
1
1
1
1
1
1
2
2
1
3
2
2
1
2
1
1
2
1
2
3
2
2
2
2
2
1
2
1
2
1
2
1
1
1
1
1
1
1
2
2
1
2
2
2
1
1
1
1
1
2
2
1
2
2
2
2
1
1
1
2
1
2
2
1
2
2
1
2
1
2
1
1
1
1
1
1
1
1
2
2
2
2
1
2
1
2
2
1
1
2
1
1
2
1
2
2
1
2
2
1
1
2
1
1
1
1
2
2
1
1
2
2
1
2
2
1
1
2
1
2
2
2
2
2
2
2
1
1
1
1
2
1
1
1
1
2
1
2
1
2
1
1
1
1
2
1
1
1
1
1
2
1
2
2
1
1
2
2
1
2
1
1
1
2
1
2
1
2
1
1
1
2
2
2
1
2
1
1
2
1
2
1
2
2
1
1
2
2
2
1
1
1
1
2
1
2
1
2
1
2
2
2
2
1
1
1
2
1
1
2
1
2
1
3
2
2
2
1
1
2
1
1
2
1
2
2
1
2
1
2
1
2
2
1
1
1
1
1
2
2
2
1
1
2
2
2
2
1
2
1
2
2
1
2
1
1
1
1
2
2
1
2
1
2
2
2
1
1
2
1
1
1
2
1
1
1
1
2
2
1
2
2
2
1
2
2
2
1
2
2
2
2
2
1
2
1
2
1
2
1
1
1
1
1
2
1
2
1
2
1
1
2
2
1
2
2
2
2
1
2
2
1
2
1
1
2
2
1
1
2
1
1
1
1
2
2
2
2
1
2
1
2
2
2
2
1
1
2
2
1
1
1
1
1
2
1
1
2
2
2
1
2
1
1
2
2
1
2
2
2
2
1
2
2
1
1
1
1
1
2
2
2
2
2
1
1
2
2
2
1
1
2
2
2
1
2
1
1
1
1
2
2
1
1
2
2
1
1
2
2
2
2
2
2
1
2
1
1
2
1
1
1
2
2
1
2
2
1
1
1
1
2
2
2
1
2
2
2
1
1
1
1
1
1
1
1
2
2
2
1
2
1
2
2
1
1
2
2
1
2
2
2
2
1
1
2
2
1
2
1
2
2
2
2
1
1
1
1
1
1
2
2
1
1
2
1
2
2
2
2
1
1
1
1
1
2
1
2
1
2
1
2
1
2
2
1
1
1
2
1
1
1
1
2
2
2
2
1
2
2
1
1
1
2
2
1
2
1
1
2
2
1
2
2
2
2
1
1
1
2
1
1
2
1
1
1
2
1
1
2
1
1
1
2
2
1
2
1
2
1
1
2
2
2
2
1
2
2
2
1
1
2
1
2
2
2
2
1
1
2
1
1
2
1
2
2
2
1
2
2
1
1
2
2
2
1
1
1
1
2
2
2
2
1
1
1
2
1
1
2
2
2
1
2
2
1
2
2
1
2
2
1
2
2
2
1
1
2
2
2
1
2
2
1
1
1
2
1
2
1
2
1
2
1
1
1
1
2
2
1
2
1
2
2
1
2
1
2
2
1
2
1
1
2
1
2
1
1
2
2
1
2
1
2
2
1
1
2
2
1
2
2
2
2
2
1
2
2
1
1
1
1
1
2
2
2
1
1
1
2
1
2
2
1
2
2
1
1
1
2
1
2
2
1
1
2
1
2
1
2
1
2
1
2
2
1
1
1
1
2
2
2
2
1
2
1
2
2
1
1
1
1
2
2
1
2
1
2
1
2
2
2
1
2
1
1
1
2
1
1
1
1
1
2
1
2
1
2
1
2
2
1
2
2
2
2
2
1
2
2
1
2
2
1
1
2
1
1
1
1
2
1
1
2
2
1
2
2
2
2
2
3
2
2
1
1
2
2
2
1
2
1
2
2
1
1
2
1
1
1
2
2
1
1
2
2
2
1
2
1
3
1
2
2
1
1
2
1
1
2
1
1
1
1
1
1
2
1
1
1
1
2
1
2
1
1
2
1
1
1
1
1
2
1
2
2
2
2
1
1
1
2
1
2
1
1
1
2
1
2
1
2
2
1
2
2
2
2
2
1
2
1
2
2
2
2
2
1
2
1
1
1
2
1
1
1
1
1
2
2
1
1
1
1
2
2
1
2
1
2
2
2
1
2
1
1
1
2
1
1
2
1
2
2
2
1
2
1
2
2
2
2
1
2
1
2
1
1
2
2
1
2
1
1
1
2
1
1
2
1
2
1
2
2
2
1
1
1
2
1
2
2
1
1
1
2
1
1
1
1
1
2
1
1
2
2
2
2
1
1
2
2
1
2
2
2
1
1
2
1
1
2
1
2
1
2
1
2
1
2
1
2
2
1
1
2
1
2
1
2
2
2
1
3
2
2
1
1
1
1
1
1
2
1
1
1
2
2
2
2
1
2
1
1
1
2
1
2
1
2
2
1
1
1
1
1
2
1
3
2
2
1
1
1
2
1
2
2
2
2
2
1
2
2
1
2
1
1
2
1
2
2
1
1
1
2
2
2
2
2
2
2
2
2
2
1
1
3
1
1
1
2
1
2
2
2
2
2
2
1
2
2
1
1
2
1
1
2
1
1
2
2
2
1
1
1
2
2
2
2
2
1
1
2
2
2
2
2
1
2
1
1
1
1
1
1
2
1
2
1
2
2
1
1
1
2
2
2
2
1
2
1
1
1
2
2
1
1
1
2
2
1
2
2
2
2
1
1
1
2
1
1
1
2
2
2
1
2
1
1
2
2
1
1
1
1
1
1
2
1
1
2
1
1
1
1
1
1
1
2
2
1
2
2
1
2
1
1
2
1
1
1
1
2
2
2
1
1
2
2
2
2
1
2
1
1
2
2
1
2
2
1
2
1
1
1
2
1
2
2
2
2
1
2
2
2
2
2
2
1
1
1
1
1
1
1
1
1
2
3
2
2
2
1
2
2
1
1
2
1
2
2
2
1
1
2
2
1
2
2
2
2
2
2
1
1
2
1
1
1
1
2
1
1
2
2
2
1
1
1
1
2
2
2
1
1
2
1
1
1
2
2
1
2
2
1
2
2
2
2
1
1
1
1
2
1
1
2
1
2
1
2
1
1
1
1
2
2
2
2
1
1
2
1
2
1
1
2
1
1
2
2
2
2
2
1
1
2
1
2
2
1
1
1
2
2
1
1
1
2
1
1
2
2
1
2
1
1
1
1
2
2
2
2
1
1
1
1
2
2
2
2
1
2
2
1
1
1
2
1
2
1
2
2
2
1
2
1
1
1
2
1
1
1
2
1
2
2
2
2
2
1
1
2
1
1
2
1
1
1
2
1
1
2
1
1
2
2
1
1
1
1
2
1
1
1
1
2
1
1
1
1
1
1
1
2
2
2
1
2
1
1
2
1
1
1
2
2
2
1
1
1
1
2
2
1
2
1
2
1
1
1
1
2
1
2
2
2
1
2
1
2
1
1
1
1
1
2
2
2
2
1
2
1
2
2
2
1
2
1
2
2
2
1
1
2
2
1
1
1
2
1
1
2
1
2
1
1
2
2
2
2
1
1
2
2
1
2
1
1
1
1
2
1
1
1
2
1
1
1
1
1
1
2
1
1
1
1
2
2
2
2
1
2
2
1
1
1
1
2
2
1
1
2
2
1
2
1
1
1
1
1
1
1
1
2
1
2
2
2
1
2
2
2
2
1
1
1
1
1
1
1
2
2
2
2
2
2
2
2
1
1
2
2
2
1
1
2
1
1
2
1
2
1
1
2
2
2
2
1
2
2
1
1
1
2
2
1
2
2
1
1
1
1
2
1
2
2
1
1
1
1
2
2
2
2
1
2
1
2
2
2
1
2
2
2
2
2
1
2
2
1
2
2
1
1
1
2
2
2
1
1
1
2
1
2
1
2
1
1
2
1
1
2
1
1
2
1
1
1
1
2
2
2
2
1
2
1
2
2
1
2
1
1
2
2
1
1
2
2
2
2
2
2
1
2
2
1
1
2
1
2
1
1
1
2
2
1
1
2
1
2
1
2
2
2
1
1
1
1
1
1
1
2
1
1
2
1
1
2
1
2
2
1
2
2
2
1
2
2
1
1
1
1
2
2
2
1
1
1
1
1
1
1
1
1
1
2
1
1
1
2
1
2
1
2
1
1
1
2
1
1
2
2
1
2
2
2
2
1
1
2
2
1
1
2
1
2
1
1
2
1
1
1
2
2
1
2
2
2
2
2
1
2
2
2
2
2
1
2
1
2
2
2
1
2
1
2
1
2
2
2
2
1
2
2
2
1
2
1
1
1
1
1
2
1
1
2
2
2
2
2
1
1
2
2
2
1
2
1
2
1
1
1
2
2
2
1
2
1
2
2
1
1
1
1
1
1
1
1
2
1
2
1
2
1
2
1
2
1
2
1
2
1
1
2
2
1
1
2
2
2
1
2
2
2
2
1
1
2
2
1
1
2
2
2
2
1
2
2
1
2
2
1
2
1
1
2
2
2
2
1
2
1
2
2
2
1
2
1
1
2
1
2
1
2
2
1
1
2
1
2
2
1
2
2
2
2
1
2
1
1
1
1
1
2
1
2
2
1
1
2
1
2
2
1
1
1
2
2
1
2
1
2
1
2
2
1
2
2
2
1
1
1
1
1
1
1
2
2
1
1
2
2
1
2
1
2
1
1
2
2
1
2
1
1
2
1
2
1
1
2
1
2
2
2
1
2
1
1
1
1
2
1
2
2
2
2
2
1
1
2
1
1
2
2
1
1
1
1
1
1
2
1
2
2
1
1
1
2
2
2
2
1
2
1
1
2
1
1
2
2
1
1
2
2
2
2
1
1
2
1
2
2
1
2
2
2
2
1
1
2
2
2
1
2
2
1
1
2
2
1
1
1
2
1
1
2
2
2
2
1
2
1
2
2
2
2
1
2
1
2
2
2
2
1
2
1
2
2
2
2
1
2
1
1
2
2
1
1
2
1
1
1
2
1
1
2
2
1
2
1
1
2
2
2
1
1
2
2
1
1
2
1
1
1
2
2
1
2
1
2
2
2
2
2
2
2
1
1
2
1
1
1
2
2
1
1
2
1
2
1
1
1
2
1
1
1
2
1
2
2
1
1
1
2
2
1
1
1
2
1
1
2
1
2
1
1
1
1
1
1
1
1
2
2
2
2
2
1
2
1
2
2
1
1
1
2
2
2
2
1
2
1
1
1
2
1
2
1
2
2
2
2
1
2
2
1
1
1
1
2
1
1
1
2
2
2
2
1
2
2
2
2
1
2
2
2
2
1
2
1
1
2
2
1
1
1
2
2
2
2
2
1
2
1
2
2
1
2
2
2
1
1
2
1
2
2
2
1
1
1
1
2
1
1
2
1
2
1
2
1
1
1
2
1
2
1
1
2
1
2
1
1
2
1
1
1
2
2
1
2
1
2
1
2
2
2
2
1
2
2
2
1
2
2
2
1
1
1
1
1
1
2
1
1
1
1
2
2
2
1
1
2
1
1
2
1
1
1
2
2
1
2
2
1
1
2
2
1
2
1
2
1
2
1
2
2
1
2
2
2
1
2
1
1
1
1
1
2
2
1
2
1
2
2
1
2
2
1
2
2
1
2
1
1
2
2
2
2
2
2
2
1
1
1
2
2
1
2
2
1
1
1
2
1
2
1
1
2
2
2
2
1
2
1
1
1
1
2
2
1
1
2
2
1
1
1
1
1
2
2
1
1
2
1
2
1
1
2
1
2
1
2
1
1
2
2
1
1
2
1
2
1
1
1
2
1
2
1
2
2
2
2
1
1
1
2
1
1
1
1
2
1
2
1
1
2
2
1
2
1
1
1
2
2
2
1
1
1
1
1
1
2
2
2
1
2
2
2
2
1
1
2
2
2
2
2
2
2
2
2
2
1
1
2
2
1
1
1
2
2
2
2
1
2
2
1
1
1
1
2
1
1
1
1
2
1
1
1
2
1
1
2
2
2
1
1
1
2
1
1
1
2
2
1
2
2
2
2
1
1
2
1
2
2
1
1
1
2
2
2
2
2
1
2
1
1
2
2
2
1
1
1
2
1
2
1
1
2
2
1
1
2
2
1
1
1
2
2
2
1
1
2
2
2
2
1
2
2
2
1
1
2
2
1
1
1
2
2
2
1
1
2
1
2
2
1
2
2
1
1
1
1
1
2
1
1
2
2
1
1
1
2
1
1
2
2
2
2
1
1
1
1
2
1
2
1
1
2
2
2
2
2
1
2
2
1
2
1
1
2
1
2
1
2
1
1
2
1
1
1
1
1
2
1
1
2
1
1
1
2
2
2
1
1
1
1
2
1
1
1
1
2
1
1
1
2
2
2
2
2
2
2
2
2
2
1
1
1
1
2
1
2
2
2
2
2
1
2
1
1
1
2
1
1
2
1
2
2
1
1
1
1
2
2
1
1
1
2
1
1
2
2
2
2
2
2
1
1
2
2
1
1
2
2
2
2
1
2
2
1
1
2
2
1
2
2
2
2
2
1
2
1
2
2
2
2
1
2
1
1
2
1
2
1
2
2
1
1
1
1
2
2
2
1
2
1
1
2
2
2
1
1
2
1
2
1
2
1
1
1
1
1
2
2
2
2
1
2
2
1
1
1
1
1
1
2
1
2
1
1
3
2
1
2
2
2
1
2
2
1
1
1
2
2
2
2
1
1
2
1
2
2
1
2
2
2
1
1
1
2
1
1
1
2
1
1
2
2
2
2
2
1
2
1
2
2
2
1
1
1
1
1
2
1
2
2
2
2
2
2
2
1
1
1
2
1
1
1
2
1
1
1
2
2
2
1
1
1
2
1
1
1
2
1
2
1
2
2
1
2
1
1
1
2
2
1
1
1
1
1
1
2
1
1
1
2
2
1
1
2
1
2
1
2
1
2
2
1
1
1
1
2
3
1
2
1
1
1
2
2
2
2
2
1
2
2
2
2
2
1
2
1
2
1
2
1
1
2
1
1
2
1
2
2
1
1
1
1
2
2
1
2
1
1
2
2
2
1
2
1
1
1
1
2
2
2
2
1
2
2
2
2
2
1
1
2
2
1
2
1
1
2
2
1
2
1
2
2
1
1
1
2
2
1
1
2
2
1
2
2
2
1
1
1
2
1
1
1
1
3
1
1
1
1
1
1
2
2
2
1
1
2
1
1
1
2
2
1
2
1
1
2
2
2
1
1
1
2
1
2
2
1
2
2
2
1
2
2
2
1
1
3
2
1
2
2
1
1
1
2
1
2
1
2
1
2
1
2
2
2
1
1
2
1
1
1
2
2
1
1
1
2
1
1
2
1
2
2
1
2
1
1
2
1
2
2
1
1
2
1
2
1
1
1
2
2
2
1
2
2
2
2
2
2
1
1
2
1
2
2
1
1
2
2
2
2
1
2
2
1
2
1
2
1
2
1
1
2
1
2
1
2
2
1
2
1
1
2
2
2
1
1
1
1
1
2
2
1
2
1
2
1
2
1
2
2
1
1
1
1
1
1
1
2
2
2
2
1
2
1
1
1
1
2
1
1
2
2
1
1
1
2
1
1
1
1
1
2
2
2
1
1
1
2
2
1
2
1
1
1
2
2
2
2
2
2
2
1
2
2
2
1
2
2
1
1
1
2
1
1
1
1
2
2
1
2
2
1
1
1
1
2
1
2
2
2
2
1
2
1
2
1
2
2
2
1
2
2
2
1
2
1
2
1
1
1
2
2
2
2
1
2
1
2
1
2
2
2
1
2
1
1
1
1
1
1
2
2
1
2
1
1
1
1
2
2
1
2
1
2
1
2
1
2
1
1
2
2
1
1
2
2
2
2
2
2
2
2
2
1
2
1
2
1
1
1
1
2
1
2
2
2
1
2
2
1
1
2
1
2
2
1
2
1
1
2
1
2
2
2
1
1
1
2
2
2
2
2
2
2
2
2
2
2
2
2
1
2
1
1
2
2
1
1
1
1
1
2
1
1
2
1
1
2
1
1
2
1
2
2
2
2
2
2
2
2
1
1
1
1
2
2
2
2
1
2
2
2
1
2
1
1
2
2
1
2
2
1
1
2
2
1
2
2
2
2
2
1
2
1
2
1
1
1
2
2
2
2
1
1
2
2
2
2
1
2
2
1
2
1
1
2
2
1
1
1
1
1
1
2
1
1
2
2
1
1
1
2
2
2
1
1
1
2
1
2
1
1
2
2
1
2
1
2
1
2
2
2
1
2
1
2
1
2
1
1
2
2
1
1
2
2
1
1
2
2
2
1
1
2
1
1
1
1
1
1
2
1
1
1
2
2
2
1
2
2
1
1
2
1
2
1
1
2
1
2
2
2
1
1
2
2
2
2
1
2
2
2
1
2
1
1
1
1
2
1
1
1
1
2
2
2
2
2
1
2
1
1
1
2
2
2
1
2
2
2
2
2
1
2
2
2
1
2
1
2
2
2
1
2
2
1
1
1
1
2
1
1
2
2
1
2
1
2
1
1
2
1
1
1
1
2
2
1
2
2
1
1
1
1
1
1
2
1
1
2
2
1
2
1
1
1
2
2
2
2
2
2
2
1
1
1
1
1
1
1
1
1
2
1
2
2
1
2
2
1
1
1
2
2
2
2
2
2
1
1
1
1
1
2
1
1
1
2
2
1
1
1
1
2
1
1
2
2
1
1
2
2
2
1
2
1
2
2
2
1
1
2
2
1
2
1
2
1
2
1
1
2
1
1
1
1
1
1
2
1
1
1
2
2
2
2
2
2
2
1
2
1
1
2
1
2
1
1
1
2
1
3
2
1
1
1
1
2
2
1
2
2
2
1
1
1
2
2
2
1
2
2
1
1
1
1
2
2
2
1
2
1
2
2
2
1
1
1
1
1
2
1
2
2
1
1
2
1
2
2
2
2
2
1
1
2
1
1
2
1
2
1
2
1
2
2
2
2
2
2
2
1
2
1
2
1
1
2
2
2
2
2
1
1
2
1
1
1
2
2
2
2
2
2
2
2
1
2
2
2
2
1
1
2
1
2
2
2
1
1
1
1
1
2
1
1
1
2
1
2
2
1
2
2
1
2
1
1
1
2
2
1
1
1
2
1
2
2
1
2
1
2
1
1
2
2
1
2
2
2
2
2
1
2
1
1
1
2
1
1
2
1
1
2
1
2
2
1
1
1
2
1
2
2
1
2
1
2
2
2
1
2
1
2
1
2
1
2
1
1
1
1
2
1
1
1
1
1
1
1
1
1
2
2
1
1
2
2
1
1
1
2
2
1
2
1
2
1
1
2
2
1
2
2
1
1
1
1
1
2
1
2
2
1
1
1
2
2
1
1
1
2
2
2
1
2
2
1
2
2
1
1
1
2
2
1
2
2
2
1
1
2
1
2
1
1
1
2
1
1
1
1
1
1
2
1
2
1
2
1
1
2
2
2
1
1
2
2
2
2
2
1
2
2
1
2
2
2
1
2
1
1
2
2
1
1
1
1
1
2
1
2
2
2
2
1
2
1
2
1
2
2
2
2
2
2
2
1
1
2
1
2
2
1
2
2
1
1
1
1
2
2
2
1
2
1
2
2
2
2
2
1
2
1
1
2
2
2
2
1
2
1
2
1
1
1
2
2
1
1
1
2
2
2
1
2
2
1
1
1
1
1
2
2
2
1
2
1
2
1
1
1
1
1
2
2
1
2
2
2
1
2
1
2
2
2
1
2
1
2
2
2
2
1
2
2
1
1
1
1
1
1
2
2
1
1
1
1
2
2
2
2
2
2
1
2
2
1
1
2
2
2
2
1
1
1
1
2
1
1
1
1
2
2
2
2
2
2
2
1
1
2
2
1
1
1
2
2
1
1
1
2
1
1
1
2
1
1
1
1
2
1
1
2
1
2
2
1
2
2
2
2
2
2
2
1
1
2
1
1
1
2
1
1
1
1
2
1
1
1
1
1
1
2
1
1
1
1
2
2
2
2
1
1
2
2
2
1
2
2
1
1
2
1
2
2
1
1
1
1
1
2
2
2
2
2
1
1
1
2
1
2
2
1
1
1
2
2
2
2
1
1
1
1
2
1
2
1
2
2
1
2
1
2
1
2
2
2
2
2
2
1
2
2
1
2
1
1
2
1
1
1
1
2
1
2
1
1
1
1
2
1
1
2
1
2
2
1
2
2
1
1
1
1
1
1
2
2
2
1
1
1
2
2
2
2
1
1
1
1
1
1
1
2
1
2
1
1
1
1
1
1
2
2
2
1
2
2
2
2
2
2
1
2
1
2
2
1
2
2
2
1
1
1
1
2
2
2
1
1
2
2
2
1
1
1
1
1
1
1
1
2
2
1
2
2
1
1
1
2
1
1
1
2
1
1
2
2
2
2
1
2
2
1
2
2
1
2
1
2
1
2
2
2
1
2
1
1
1
1
2
1
1
2
2
1
2
1
2
1
1
1
1
2
1
2
2
1
2
2
2
2
2
1
1
1
2
2
2
1
2
1
1
2
2
2
1
1
1
2
2
1
1
2
1
1
2
1
1
1
2
2
2
2
1
2
2
1
2
1
2
2
2
1
1
1
2
2
1
1
2
1
1
1
2
2
2
2
2
1
1
1
1
2
1
2
2
1
1
1
2
1
1
1
1
2
2
1
2
2
1
1
1
1
1
1
2
1
1
2
2
1
2
2
1
1
2
1
2
1
2
1
2
2
2
1
2
1
1
1
1
1
1
1
1
1
2
2
2
2
2
1
2
1
2
2
2
1
1
2
2
2
2
2
1
2
2
1
1
1
2
1
2
2
2
1
2
2
2
1
1
2
1
1
2
2
2
1
1
2
2
1
1
2
1
1
1
2
2
2
1
2
2
2
1
2
1
2
2
2
2
2
2
2
1
1
2
2
2
2
2
1
1
2
2
1
2
2
1
1
2
2
2
2
1
2
2
2
2
1
1
1
1
2
2
2
1
2
1
2
1
2
1
2
1
1
1
1
2
1
2
1
2
1
1
1
2
1
1
1
1
1
2
1
1
1
1
1
1
1
1
1
2
1
2
1
2
2
1
1
1
1
2
1
1
1
2
1
1
1
2
2
2
2
1
1
1
1
2
2
1
1
2
1
2
1
1
2
1
1
1
1
1
2
2
2
2
2
1
1
2
1
2
2
2
2
1
1
2
1
2
1
2
2
1
1
1
1
1
1
2
1
2
2
1
2
2
2
1
2
1
2
2
1
2
1
1
1
2
2
1
2
1
2
2
1
1
2
1
2
2
2
2
1
2
1
2
1
1
1
1
2
1
2
1
2
2
1
2
1
2
2
1
1
1
2
1
2
1
2
2
1
2
2
2
1
1
2
1
2
1
2
1
1
2
2
2
1
2
2
2
1
2
2
2
2
1
1
1
2
2
2
2
2
1
1
1
2
2
2
2
1
2
1
1
1
1
2
1
1
2
2
2
2
2
2
1
2
1
2
2
2
2
1
1
1
1
2
1
1
1
2
2
2
2
1
2
1
2
1
2
2
1
1
2
1
1
2
1
2
2
2
1
2
2
1
2
2
1
3
1
1
2
1
1
2
1
1
1
1
2
1
2
2
1
2
1
1
2
1
2
1
2
2
1
2
1
2
2
2
1
2
1
1
2
2
2
2
1
2
2
2
1
1
1
1
1
1
2
2
2
1
2
1
1
1
2
2
1
2
2
2
2
2
2
2
2
1
2
1
2
1
2
2
2
1
1
2
1
1
1
2
1
1
1
2
2
2
2
2
1
1
2
1
1
1
1
1
1
2
1
2
1
1
1
2
2
1
1
2
1
2
1
1
2
1
2
2
1
1
1
1
2
2
1
2
2
2
2
1
1
2
1
1
1
1
1
1
2
2
1
2
1
2
2
2
1
2
2
2
2
1
2
1
2
2
1
2
1
1
1
2
2
1
2
1
1
2
2
1
1
2
2
1
2
1
2
1
1
1
2
2
2
1
1
2
1
1
1
2
1
2
1
1
2
1
1
1
2
1
2
1
2
2
2
1
2
1
1
2
1
2
2
1
1
2
1
2
2
1
2
1
1
1
2
2
2
1
1
2
1
1
1
2
2
1
1
2
2
1
2
2
1
1
2
1
2
2
1
2
2
1
1
2
2
1
2
2
1
1
2
1
2
2
1
1
1
1
1
1
1
1
1
2
1
2
2
2
2
2
2
1
1
2
2
1
1
1
1
1
1
1
2
1
2
1
1
1
2
1
1
2
2
1
2
1
1
1
1
1
1
1
2
1
2
1
1
2
2
2
2
1
1
2
1
2
1
2
1
1
1
1
1
1
1
1
2
2
2
2
2
1
1
2
1
1
2
2
1
2
2
2
2
2
2
2
2
2
2
2
2
1
2
2
2
2
2
2
2
1
1
2
2
2
1
2
2
1
2
1
1
1
2
1
1
2
1
1
2
1
1
2
2
1
1
1
1
1
2
1
2
2
1
2
1
1
1
1
1
2
2
2
1
2
2
2
1
1
1
2
2
2
2
2
2
2
2
2
2
2
2
2
2
2
2
2
2
2
2
2
1
2
1
1
2
1
1
2
2
2
1
2
2
2
2
1
1
2
2
2
1
1
2
2
2
2
1
1
1
2
2
2
1
1
1
1
2
2
2
1
2
1
2
1
2
1
2
1
2
2
2
2
1
1
1
2
1
2
2
2
1
2
2
2
1
2
2
2
1
2
2
2
1
1
2
1
1
1
2
1
2
2
1
2
1
1
2
1
1
1
1
1
2
1
2
2
1
1
2
2
1
1
2
1
2
1
2
1
2
2
2
1
2
1
2
1
2
1
2
2
1
2
1
1
1
1
2
1
2
2
2
1
2
2
2
1
2
2
1
2
2
1
1
2
1
2
2
2
2
2
1
2
2
2
2
1
2
1
1
2
2
2
1
2
2
1
2
1
2
1
2
2
1
2
2
2
1
1
1
2
1
2
2
2
1
1
1
2
2
2
1
1
2
2
2
1
2
2
2
1
1
1
1
2
1
2
2
2
1
2
1
1
2
1
2
1
2
2
1
1
2
1
1
1
1
2
2
2
1
1
1
1
1
2
1
2
1
2
2
1
2
2
2
1
2
2
1
2
1
1
2
1
1
2
2
1
2
2
2
2
1
1
1
1
1
1
2
2
1
2
2
2
1
1
1
2
2
2
1
1
2
1
1
2
2
1
2
1
2
2
2
1
2
2
2
2
2
1
1
2
2
2
2
1
1
2
2
2
2
2
2
2
2
1
2
1
2
1
2
2
2
2
2
1
2
2
1
1
2
2
1
2
2
1
2
2
1
1
2
1
2
2
1
1
2
2
1
2
2
1
1
1
1
2
2
1
2
2
2
2
1
2
2
2
1
2
2
1
1
1
2
2
2
2
1
1
2
2
1
1
1
2
1
1
1
1
2
2
1
2
2
2
1
2
2
2
2
2
2
1
1
2
1
1
2
1
2
1
1
1
1
2
1
2
1
2
1
2
2
2
1
1
1
1
1
2
1
1
1
1
2
1
2
2
2
2
1
2
2
1
1
2
1
1
1
1
2
2
1
2
2
2
2
2
2
2
2
2
2
2
1
2
1
2
2
2
1
1
1
2
1
2
2
2
1
1
1
1
1
1
2
1
2
1
2
1
2
1
1
1
1
1
2
2
2
2
1
2
1
1
1
2
1
1
2
1
2
1
1
2
2
1
1
2
2
2
2
2
2
2
1
1
1
2
1
2
1
2
2
1
2
1
2
1
2
2
1
2
2
2
1
1
1
1
2
2
2
1
1
2
2
1
2
2
2
1
2
2
2
1
1
2
1
2
1
1
1
2
1
1
1
1
1
1
1
2
2
2
1
1
2
1
1
2
2
1
2
1
2
2
2
2
2
2
2
1
2
2
2
2
2
2
1
2
1
2
1
2
1
2
2
1
1
2
1
2
2
1
2
2
2
2
1
1
2
2
2
1
2
2
1
1
2
2
1
2
2
1
1
2
2
1
1
1
2
1
2
2
1
1
1
2
1
1
1
1
2
2
2
2
2
2
2
1
2
1
1
2
2
2
2
1
1
1
1
2
1
1
2
1
2
2
1
1
1
2
1
2
2
2
2
2
1
2
1
2
1
2
1
1
1
1
2
1
2
2
1
1
2
1
1
2
2
1
1
2
1
1
1
1
1
2
1
2
2
2
1
2
2
1
2
2
2
2
2
2
2
1
1
1
2
1
2
1
1
2
1
2
2
2
1
1
1
1
1
1
1
2
1
2
2
2
1
1
1
2
2
2
2
1
2
2
2
2
2
1
1
1
2
2
1
1
1
1
2
2
2
2
2
2
1
1
1
2
1
2
2
1
2
1
1
2
1
2
1
1
1
2
1
1
1
2
1
1
2
2
1
1
1
2
2
2
1
2
1
2
1
1
2
2
1
2
2
1
2
1
2
2
2
2
2
2
1
1
2
1
2
2
2
2
2
2
2
2
2
2
2
2
2
1
2
2
2
2
1
1
1
1
1
1
1
2
1
2
2
2
1
2
1
1
1
1
2
1
1
2
2
2
1
1
1
1
1
1
1
1
2
1
2
1
1
2
2
1
1
2
1
1
1
1
2
1
2
2
1
2
1
2
2
2
2
2
2
1
2
2
1
1
1
2
1
2
2
1
1
2
2
1
1
2
1
1
2
1
2
1
2
1
2
2
1
2
2
1
2
1
2
1
1
2
1
1
1
1
1
1
2
1
1
2
1
1
2
2
1
1
2
2
1
1
2
1
2
2
2
1
2
2
1
2
2
2
1
1
2
2
2
1
2
2
1
2
2
2
1
2
1
1
2
1
1
2
2
1
2
1
1
1
1
1
1
2
1
2
1
1
2
1
2
1
2
1
2
1
1
1
2
1
2
1
2
1
2
1
1
2
1
2
2
1
2
1
1
1
1
2
2
1
1
1
1
2
1
1
2
1
2
1
1
2
1
2
2
1
1
2
2
2
2
2
2
2
1
2
1
2
1
1
2
1
2
2
1
2
1
2
1
2
1
2
1
2
2
1
1
1
1
2
2
1
1
2
1
1
1
2
2
2
2
2
1
1
2
1
2
2
2
1
2
2
1
1
2
2
2
1
1
1
1
2
1
2
1
1
1
1
2
1
1
1
1
1
1
2
1
1
2
2
2
2
1
2
2
2
2
1
1
2
1
1
2
1
2
2
2
2
1
2
2
2
2
1
2
1
1
2
1
2
2
2
1
1
1
1
1
1
1
1
1
2
2
1
2
2
2
2
2
1
1
1
1
1
2
2
1
1
2
1
1
2
2
2
2
2
2
2
1
1
2
1
2
2
1
2
2
1
1
1
1
2
2
2
2
2
1
2
2
1
1
1
1
2
2
1
1
1
1
1
2
2
1
2
2
1
1
2
1
1
2
1
1
1
1
1
1
1
1
1
2
1
2
1
2
1
2
1
1
2
1
1
1
1
2
1
2
1
1
1
2
2
2
2
1
1
2
2
1
1
2
1
1
1
1
1
1
2
2
2
1
2
2
1
2
2
1
1
1
1
1
2
2
2
2
2
2
2
2
2
1
1
2
1
2
1
2
2
2
1
2
1
2
2
2
2
1
1
1
1
1
2
2
2
1
1
1
2
1
2
2
1
1
1
2
2
1
2
1
1
1
2
1
2
2
2
2
1
2
1
1
1
1
1
2
1
2
2
2
2
1
2
2
2
1
2
2
2
2
2
2
2
2
1
1
1
1
1
1
1
1
1
1
1
2
2
1
2
1
2
2
2
2
1
2
1
2
2
2
2
1
1
2
1
1
2
1
1
1
2
1
2
2
2
2
1
2
2
1
2
2
2
1
2
2
1
2
1
2
2
1
2
1
1
1
2
2
1
2
2
1
2
1
2
1
1
2
1
2
1
2
1
1
1
1
2
1
2
1
2
1
1
2
2
2
1
1
2
2
1
2
2
1
1
2
2
1
2
2
1
1
2
2
2
1
1
2
2
2
2
2
1
2
2
2
1
1
1
2
2
1
2
1
1
2
1
1
1
1
1
1
1
2
1
1
1
2
1
1
1
2
2
1
1
1
1
1
1
2
1
2
2
1
1
1
1
1
2
1
1
2
1
2
1
2
2
1
2
2
1
1
1
1
1
2
1
2
1
1
1
1
1
1
2
1
1
2
1
2
1
1
1
1
1
1
2
2
2
2
2
1
1
2
2
2
1
2
1
2
2
2
2
2
2
2
2
1
2
1
1
2
1
2
1
1
2
1
1
2
1
1
1
1
1
1
2
1
1
1
1
2
2
2
2
1
1
2
1
2
1
1
2
1
1
2
1
2
1
2
2
2
1
2
1
1
1
1
2
2
2
2
2
1
2
2
2
1
2
2
1
1
2
1
2
2
1
2
1
1
2
2
1
2
1
2
2
2
2
2
1
2
1
2
2
2
2
1
1
2
1
1
1
2
1
1
1
2
2
1
2
2
1
2
2
1
2
1
2
2
1
2
2
2
1
2
1
1
1
2
2
2
2
2
1
2
1
1
2
2
1
2
1
1
2
2
2
2
2
2
2
2
1
2
2
1
1
1
1
1
2
2
1
1
1
2
1
1
1
1
1
1
2
1
1
2
2
1
2
2
2
2
2
1
1
2
2
2
2
2
2
1
1
1
2
2
1
1
2
1
1
1
2
1
1
1
1
1
2
2
2
2
1
1
2
1
2
1
1
2
1
1
1
1
1
1
1
1
1
1
1
1
2
2
2
2
2
2
2
1
2
1
1
1
2
2
2
2
2
2
2
2
1
2
1
2
2
2
1
1
2
2
2
2
2
1
2
1
2
2
2
1
1
1
1
1
1
1
1
1
2
1
2
2
2
2
2
2
1
1
1
1
2
1
1
2
1
1
2
1
2
2
2
1
1
1
1
1
2
1
2
2
1
2
2
1
1
2
2
2
2
2
2
2
1
1
2
1
2
2
1
2
1
2
1
2
1
1
2
1
1
1
2
2
2
1
1
1
1
2
2
1
1
2
1
1
1
2
1
1
1
1
1
1
1
2
2
2
1
1
1
2
2
1
1
1
1
2
1
2
1
2
2
2
1
1
2
2
2
1
1
2
1
2
2
1
2
1
1
1
1
1
2
1
2
1
1
1
2
1
2
1
2
2
2
2
1
1
1
1
1
1
2
1
1
2
2
1
2
1
2
1
1
1
2
1
2
1
2
1
2
2
2
1
2
2
1
2
1
1
1
1
1
2
1
1
1
2
1
1
2
1
1
2
1
1
2
1
1
2
2
2
2
2
2
2
2
2
1
2
1
1
1
1
1
1
1
2
1
1
1
1
1
2
1
1
1
2
2
2
2
1
1
1
1
2
2
2
2
2
2
1
1
1
1
2
1
2
2
2
2
2
1
1
1
2
2
2
2
2
2
2
2
2
2
2
2
2
2
2
2
1
2
2
2
1
2
2
1
2
2
1
2
2
1
1
1
2
2
1
1
2
1
1
2
2
1
2
1
1
1
2
2
2
2
2
2
1
1
2
1
1
2
2
1
2
1
1
2
2
2
2
1
1
2
2
2
2
2
2
2
2
1
1
2
2
1
1
1
1
2
1
1
2
1
2
2
2
1
2
1
2
1
1
1
2
1
1
1
1
1
1
1
2
2
2
2
1
1
2
1
1
1
1
1
2
2
1
1
2
1
2
2
1
1
2
1
2
1
1
2
1
1
1
2
2
1
2
2
2
1
2
2
2
2
2
2
1
2
2
2
2
2
2
2
2
2
1
1
2
1
2
1
2
2
2
2
2
1
1
2
2
1
1
2
1
1
2
2
2
1
1
1
2
2
2
2
2
2
1
1
1
2
2
1
1
1
2
2
1
2
1
2
2
1
1
2
1
1
1
2
1
2
2
1
2
1
3
1
1
2
2
1
1
2
1
1
1
2
1
1
3
2
3
2
2
3
3
3
2
2
1
2
2
2
1
1
1
2
1
2
2
2
1
1
1
2
1
1
2
2
2
1
2
1
2
1
1
2
2
1
2
2
1
1
1
1
1
2
2
1
1
2
2
2
2
1
2
2
1
1
2
2
1
2
2
2
1
1
2
1
2
1
1
1
2
1
2
1
1
1
1
1
1
1
1
1
1
1
1
1
2
1
2
1
2
2
1
2
2
1
1
1
2
2
1
1
1
2
2
2
2
1
1
1
2
2
1
1
2
1
1
1
1
2
1
1
2
1
2
2
2
2
1
2
2
2
2
1
2
2
2
1
2
1
1
1
1
1
1
2
2
2
1
1
1
1
2
2
2
1
2
1
1
2
1
2
2
2
2
2
1
1
2
1
1
2
2
1
1
1
1
1
1
1
1
1
1
1
1
1
2
2
2
1
1
2
1
1
2
1
1
1
1
2
1
2
2
1
2
1
2
2
1
2
2
1
2
1
2
2
2
1
1
2
2
2
2
2
2
1
1
1
2
2
1
1
2
2
2
1
2
2
1
2
2
2
1
1
2
2
2
1
2
2
2
1
2
2
1
1
1
1
1
2
2
2
2
2
1
1
1
1
2
2
1
1
2
1
1
2
2
1
1
2
1
1
1
2
2
2
1
1
2
2
1
1
1
1
2
2
2
1
1
2
2
1
1
2
2
2
1
1
1
2
1
1
2
2
2
1
1
1
2
1
2
2
2
1
2
2
1
2
1
1
2
2
1
1
2
1
1
1
2
1
2
1
2
1
1
2
1
1
2
2
2
1
2
2
2
2
2
1
1
2
1
1
1
2
2
1
2
2
1
2
2
2
2
2
1
1
2
2
2
2
1
1
2
2
2
1
1
1
2
2
1
2
1
2
1
1
1
2
1
1
1
2
1
1
2
2
2
2
2
2
2
2
2
2
1
2
1
1
1
2
1
1
1
2
2
1
2
1
1
2
1
1
1
2
1
1
2
2
1
1
1
1
2
2
2
2
1
2
1
1
2
2
2
2
2
1
1
2
1
1
2
1
1
2
1
2
2
1
1
2
1
2
1
1
2
1
2
2
2
2
2
1
2
2
1
1
2
1
1
1
2
2
1
2
1
1
1
2
1
1
2
2
1
2
1
1
2
1
1
2
1
2
1
1
1
1
1
1
1
1
2
1
2
2
2
2
1
2
2
2
2
1
1
2
2
1
2
2
2
2
2
2
1
2
2
2
2
1
1
1
1
1
1
1
1
1
1
2
2
1
1
1
2
2
1
1
2
1
2
2
1
1
1
2
1
2
1
2
1
2
2
1
2
2
1
2
2
2
2
1
2
1
2
1
2
1
1
1
1
2
1
1
1
1
1
1
2
2
1
1
2
2
1
1
1
2
2
2
2
1
1
1
2
1
1
1
2
1
2
1
1
2
2
1
2
1
1
1
2
2
1
1
2
2
2
2
1
2
2
1
2
1
2
2
2
1
2
1
1
1
2
2
2
2
1
1
1
1
1
1
1
1
1
1
1
1
1
1
1
1
1
2
1
2
2
2
2
1
1
2
2
1
2
2
2
2
2
2
2
2
2
2
2
1
2
1
1
1
1
2
2
1
2
2
1
1
1
1
1
1
2
2
2
1
2
2
1
2
1
2
2
1
2
2
2
1
2
1
1
2
1
2
2
2
1
2
1
2
1
2
1
2
2
1
2
1
2
1
2
2
1
2
1
1
1
2
2
2
2
2
2
2
1
2
2
2
2
1
1
2
2
1
2
2
2
1
1
1
2
1
1
2
1
1
2
2
2
1
2
2
1
1
2
2
1
1
2
2
2
2
2
2
1
1
2
2
1
1
2
2
2
2
1
1
1
1
1
2
2
1
1
1
2
2
1
2
1
1
2
2
2
2
2
2
2
2
2
2
1
2
2
1
2
1
2
2
1
1
1
2
2
1
2
2
2
1
1
1
1
1
1
2
1
1
1
2
2
2
1
2
1
1
1
2
2
1
2
2
1
1
1
1
1
2
1
2
2
2
1
1
2
2
2
2
1
1
2
2
2
1
2
1
1
2
1
2
1
1
2
2
2
2
1
1
2
1
1
2
1
2
2
2
2
2
1
2
2
2
2
2
2
2
2
2
2
1
1
1
1
2
2
1
1
2
1
1
1
1
2
2
2
2
1
2
1
2
1
2
1
2
1
2
2
2
1
2
1
1
2
1
2
2
1
2
1
1
1
1
1
1
1
2
1
1
2
1
2
2
2
2
1
1
1
1
1
2
2
2
1
2
2
1
1
1
2
1
2
1
1
2
1
1
1
2
2
2
2
1
2
2
2
1
2
1
2
1
2
2
2
2
2
1
2
2
2
2
1
1
1
1
2
1
2
2
1
2
2
2
1
2
2
2
1
1
2
2
1
1
1
1
1
1
1
1
1
1
2
2
1
2
1
1
1
1
1
1
2
2
2
2
2
2
2
2
2
2
1
2
2
2
1
2
2
1
2
2
2
1
2
2
1
1
2
1
2
1
1
2
2
1
2
1
2
2
1
1
2
2
1
2
1
1
2
1
2
1
1
1
2
2
2
2
2
1
2
2
1
2
1
2
2
1
2
1
2
1
2
2
1
1
1
2
1
1
1
2
2
2
2
1
1
2
1
2
1
1
1
1
1
2
2
2
2
1
2
2
2
2
1
2
2
1
2
2
2
2
1
2
2
1
2
1
1
1
1
1
1
2
1
1
1
1
2
1
1
2
2
2
1
1
2
2
1
2
2
2
2
2
1
1
1
1
2
2
1
1
2
1
2
2
2
1
2
1
2
1
1
1
2
1
1
1
1
2
1
2
1
2
1
2
2
1
1
2
2
2
2
2
1
1
1
1
2
1
1
1
1
1
2
2
2
2
1
2
1
1
2
1
1
2
1
2
2
2
1
2
1
1
2
1
2
2
2
2
2
2
1
1
2
1
2
2
2
1
1
1
1
2
2
1
2
1
1
1
2
2
2
2
2
1
1
2
2
1
2
1
2
2
2
2
2
2
2
2
1
1
1
1
1
2
2
1
1
1
1
2
1
1
1
2
2
2
1
1
1
1
2
2
1
2
1
1
2
2
1
1
1
2
2
2
2
2
2
2
1
1
1
2
2
1
1
2
1
2
1
2
2
2
1
2
2
2
2
1
2
2
1
2
2
1
2
2
2
1
2
2
2
1
2
2
1
1
1
2
2
1
1
1
1
2
1
1
1
1
1
1
1
2
2
1
1
1
2
2
1
1
1
2
1
1
2
2
2
1
1
1
2
1
1
1
2
2
1
2
2
1
2
1
2
2
2
1
1
1
2
1
1
1
1
2
1
1
2
1
2
2
2
2
1
2
1
2
2
1
1
1
1
1
1
2
2
2
2
1
1
2
1
1
2
2
2
2
2
2
2
2
2
1
1
2
1
2
2
1
1
1
1
1
1
2
2
2
1
2
2
2
2
2
2
1
2
2
1
2
2
2
1
1
1
2
2
1
2
1
1
1
2
2
1
1
1
1
1
1
1
1
1
2
2
1
2
2
2
2
1
1
2
2
1
2
1
2
2
2
1
2
2
2
2
2
2
1
1
2
2
2
1
1
1
2
1
2
2
1
2
1
1
2
1
2
2
1
2
1
1
1
2
1
1
1
1
2
2
2
2
1
1
2
2
2
1
1
1
1
1
1
1
1
2
2
1
1
1
1
1
2
1
2
2
1
2
2
2
2
1
1
2
2
2
1
2
1
2
2
1
1
1
1
1
2
2
2
1
1
1
2
2
2
1
2
2
1
1
1
1
1
1
2
1
2
2
2
2
1
1
1
1
1
2
2
2
2
2
2
2
2
2
2
2
2
2
1
2
1
2
1
1
1
1
2
1
1
2
1
1
2
1
1
2
1
1
2
2
1
1
1
2
1
1
2
1
1
2
1
2
1
2
1
2
1
2
2
2
1
2
2
1
2
1
2
2
2
2
1
2
1
1
2
2
2
2
1
2
2
2
1
2
1
1
1
1
1
1
1
1
1
2
1
2
1
1
2
1
1
2
2
2
1
1
2
1
2
2
2
2
1
1
2
2
2
2
2
2
2
2
2
2
2
2
2
2
2
2
2
1
1
1
1
2
1
2
2
2
2
2
2
1
2
1
1
1
2
2
1
2
1
1
1
2
1
1
1
1
1
2
1
2
2
2
2
1
1
2
2
2
1
1
1
1
1
1
2
1
2
2
2
2
2
2
2
2
1
1
1
1
1
1
2
1
1
2
2
1
1
1
2
2
1
2
2
2
1
2
1
1
1
2
1
2
1
2
2
2
1
2
2
2
2
1
2
1
2
1
1
2
1
1
2
1
1
2
1
1
1
1
2
2
1
2
2
2
2
2
1
1
1
2
2
2
2
1
1
2
2
2
2
2
1
2
1
1
2
1
1
1
1
1
2
2
2
1
1
2
2
1
1
1
2
2
2
2
1
2
2
2
2
2
2
2
2
1
2
1
2
2
2
1
1
1
2
1
1
1
2
2
1
2
2
1
2
1
1
1
1
2
1
1
1
1
1
1
1
1
2
2
2
1
1
2
2
2
1
2
2
1
2
2
2
1
1
2
1
2
1
2
2
1
2
1
1
1
1
2
2
2
1
1
1
1
2
2
2
2
2
2
1
2
1
2
2
2
1
2
2
2
1
2
1
2
1
2
1
2
1
1
1
1
2
1
2
2
2
2
1
2
2
2
2
2
1
1
1
1
1
2
1
1
1
2
2
1
2
2
2
2
2
1
2
1
2
2
2
2
1
1
1
1
2
2
1
2
1
1
1
2
2
2
2
2
1
1
2
1
2
2
1
1
2
2
2
1
2
2
1
2
1
2
2
2
2
1
2
1
2
1
2
1
2
2
1
2
2
1
2
1
2
1
1
1
2
1
2
1
2
2
2
2
1
1
2
1
2
1
1
1
1
1
2
2
1
1
2
1
1
2
1
1
2
2
2
2
1
1
2
2
1
2
2
2
2
2
1
2
1
2
1
2
1
2
2
2
1
1
2
1
2
2
1
1
1
1
1
1
1
2
2
2
2
1
2
2
2
2
1
2
2
2
1
2
2
2
2
1
1
1
1
1
2
2
1
2
1
1
2
1
1
2
2
1
2
2
2
1
1
2
2
2
2
1
2
2
2
1
2
2
1
2
2
2
2
1
1
1
2
1
1
2
2
2
1
1
2
2
1
2
2
1
1
2
1
1
1
1
1
1
2
1
2
2
2
2
1
1
1
1
1
1
2
1
1
2
1
2
2
2
1
2
1
2
2
1
1
1
2
2
2
1
2
1
2
1
2
1
2
2
1
1
1
1
1
1
1
2
2
1
1
1
2
1
2
2
2
1
1
2
1
1
1
1
1
2
1
1
1
1
2
2
1
1
2
2
1
1
2
2
1
2
2
2
1
2
1
1
2
1
2
1
1
2
1
1
1
2
1
1
2
1
1
1
1
1
2
1
2
2
1
1
2
1
2
2
2
2
2
2
2
2
1
2
1
2
2
2
2
2
1
2
2
2
1
2
1
1
1
1
1
1
1
1
1
2
1
2
2
2
2
2
2
1
2
1
2
2
1
2
2
1
1
2
1
1
1
1
1
2
2
1
1
1
1
2
2
2
2
2
1
2
2
2
1
1
1
1
1
1
1
1
1
2
2
1
1
1
2
2
2
1
2
1
1
1
2
2
2
2
1
2
1
2
2
2
1
1
1
2
2
2
2
2
2
2
1
1
1
2
1
1
2
1
2
1
2
2
1
2
2
2
1
1
1
2
2
1
2
1
1
2
1
1
1
1
2
1
2
2
1
1
2
2
1
2
1
1
1
1
1
1
2
1
1
2
2
2
1
2
1
1
1
1
1
2
2
2
1
1
2
1
2
2
2
1
1
1
1
2
1
2
2
2
2
2
2
1
1
1
2
2
1
2
2
1
2
2
2
2
2
1
1
1
1
1
1
1
1
2
1
2
2
1
2
1
2
2
1
1
1
2
1
1
1
2
2
2
2
1
1
2
2
2
2
1
1
1
2
2
1
1
2
2
1
2
1
2
2
1
2
1
2
2
1
1
1
1
2
2
2
2
2
2
2
2
2
1
2
1
2
2
2
2
2
1
1
1
1
2
2
2
1
2
2
1
1
1
2
2
2
2
1
1
2
2
2
2
1
2
1
2
2
2
2
2
1
1
1
1
2
1
1
2
2
2
1
1
1
1
1
1
2
2
2
2
2
2
2
1
1
2
1
2
2
2
2
2
1
2
2
1
1
1
2
2
2
1
1
1
1
1
1
1
1
1
1
1
2
1
1
2
2
2
1
2
2
1
1
1
2
2
2
2
2
1
1
2
2
1
2
2
2
1
2
1
2
1
1
1
2
1
2
1
2
2
1
1
1
2
1
2
2
1
1
1
1
2
2
2
1
1
2
2
2
2
2
1
1
1
2
1
1
2
1
1
1
2
2
1
2
1
2
2
1
1
1
2
2
2
1
1
1
2
1
2
2
2
1
2
2
2
1
1
2
1
1
1
2
2
1
2
2
1
1
1
2
1
2
2
1
1
1
1
1
1
1
1
2
2
1
1
2
1
1
1
2
1
2
2
2
2
2
1
2
2
2
2
2
1
2
2
2
1
1
2
1
2
1
2
2
2
1
2
2
2
2
1
1
2
2
1
2
2
2
1
2
1
1
2
1
2
2
1
1
2
1
1
1
1
2
2
1
2
1
2
1
1
1
1
1
1
2
2
2
2
2
1
2
1
1
2
1
2
2
2
1
1
1
1
2
1
2
2
2
2
1
1
2
2
1
2
1
2
1
2
1
2
2
1
1
1
1
1
2
2
2
2
2
2
1
2
1
1
1
1
2
2
2
2
2
2
1
1
1
1
1
1
2
1
2
2
1
1
1
2
1
2
2
1
2
1
1
2
1
1
1
1
2
1
1
2
1
2
1
1
2
1
2
1
1
1
1
2
2
1
1
2
2
1
1
2
2
2
1
2
1
1
2
1
1
1
1
2
2
2
1
2
2
2
2
1
2
2
1
1
1
1
1
2
2
1
2
2
2
2
1
1
2
2
2
1
1
2
1
1
2
2
2
2
2
2
2
2
2
1
2
2
2
2
1
1
2
2
2
2
1
2
2
2
1
1
1
1
2
2
1
2
1
1
1
1
2
1
1
1
1
1
1
2
1
1
1
1
1
1
2
2
2
1
2
2
1
1
2
1
1
1
1
2
1
1
1
2
2
1
2
2
2
1
2
1
1
2
2
1
2
2
2
1
1
1
2
2
1
2
1
2
2
1
1
2
2
1
2
2
1
1
2
1
2
2
1
2
2
2
2
1
2
2
1
2
2
2
2
2
2
1
1
2
2
2
2
1
2
1
1
1
1
2
2
1
2
2
2
1
1
2
2
2
1
1
1
1
1
1
1
2
1
1
1
2
2
1
2
2
2
2
2
2
2
2
1
2
1
2
2
2
2
2
1
2
1
1
2
2
1
1
1
1
1
1
1
2
1
1
1
1
1
2
1
1
1
2
1
1
1
1
2
2
2
2
2
1
1
2
1
2
2
2
2
2
2
2
2
1
1
2
2
1
2
2
2
1
1
2
2
2
1
2
2
2
1
1
2
1
2
1
1
2
1
2
2
1
2
1
2
1
2
2
1
2
1
2
1
1
2
2
1
1
1
1
2
1
1
2
2
2
1
2
1
1
1
1
1
2
1
1
1
2
2
1
2
2
2
1
1
1
1
2
1
2
1
1
1
1
1
1
1
1
1
1
2
1
1
2
2
1
1
1
1
2
2
1
2
1
1
2
2
2
2
1
1
1
2
1
2
2
1
1
1
1
1
1
1
1
1
2
2
2
2
2
2
1
2
2
2
2
1
1
2
1
1
1
1
1
2
2
1
1
1
1
2
2
1
1
1
1
1
1
1
2
1
1
2
1
1
1
1
1
1
1
1
2
2
2
2
1
1
1
2
1
2
2
2
2
1
2
2
1
1
1
1
1
2
2
2
1
1
1
1
1
1
1
1
1
2
2
1
1
1
2
2
1
1
1
1
2
2
2
1
2
1
1
1
1
1
2
1
2
2
1
2
2
2
2
2
2
2
1
1
1
2
1
2
1
2
1
1
1
2
1
1
1
1
1
2
2
2
2
2
2
2
2
1
2
2
1
2
1
2
2
1
1
2
2
2
1
1
1
2
1
2
2
2
1
1
2
2
2
1
2
2
2
2
2
2
2
2
1
2
2
2
2
2
2
2
2
2
2
2
1
2
1
1
2
2
2
2
1
1
1
1
1
2
2
2
2
2
1
1
2
2
1
1
1
2
2
2
1
1
2
1
2
1
2
2
2
2
2
1
1
2
2
1
1
2
1
2
1
2
1
1
2
1
2
2
2
2
2
2
2
2
1
1
1
1
1
1
1
2
1
2
1
1
1
1
1
2
2
1
2
2
1
1
1
1
1
1
2
2
1
2
1
1
1
1
1
1
1
2
2
2
2
1
2
1
1
1
1
2
2
1
2
2
1
1
1
2
2
2
1
2
2
1
1
2
1
2
2
2
2
2
2
2
2
2
1
2
1
1
2
2
1
1
1
2
2
2
1
1
1
1
1
2
1
1
1
1
1
2
2
2
1
1
2
1
1
2
2
1
2
2
1
2
2
2
2
1
2
1
1
1
1
1
1
1
1
1
1
2
1
1
1
2
2
2
1
1
1
2
2
2
2
2
1
2
1
2
2
2
1
1
1
1
1
1
1
1
2
1
1
2
2
2
2
2
1
2
1
2
2
2
2
1
1
2
2
2
1
1
1
1
1
1
1
1
2
2
2
1
2
1
2
1
2
1
2
1
1
1
1
2
2
1
1
2
2
1
1
1
2
2
2
2
1
2
1
2
2
2
2
2
2
1
1
2
1
1
1
2
1
2
2
2
2
2
2
2
2
2
2
1
1
2
2
2
2
2
1
1
1
1
1
2
2
2
2
2
2
2
1
1
2
2
2
2
2
1
1
2
2
2
2
2
1
2
2
1
1
1
1
2
2
1
2
1
2
1
1
1
2
1
1
2
1
1
2
2
2
1
1
1
1
2
1
1
1
2
1
1
2
2
2
1
2
2
1
1
2
2
1
1
2
1
1
2
1
1
1
1
1
2
2
2
2
2
2
1
1
2
1
1
1
2
1
1
1
1
2
2
2
1
2
1
2
2
1
2
1
1
1
1
2
2
1
2
2
2
2
1
2
2
2
2
2
1
1
1
1
2
2
2
2
1
2
2
2
2
1
1
2
2
2
2
2
1
2
2
2
1
2
2
2
2
1
2
2
2
2
2
2
2
1
1
1
1
1
2
2
1
2
1
2
2
1
1
1
2
1
1
2
1
1
2
2
1
2
2
1
1
2
2
1
1
1
2
1
2
1
2
2
2
1
1
1
2
2
2
2
2
2
2
1
1
2
1
1
1
2
2
1
1
1
1
1
1
1
2
2
2
2
1
1
1
2
2
1
1
1
1
1
2
1
1
2
2
2
2
1
2
1
1
1
2
2
2
1
2
2
2
2
2
2
1
1
2
2
1
2
1
2
1
2
1
1
1
2
2
2
1
1
1
2
2
2
2
2
2
1
2
1
2
2
2
1
2
2
1
1
1
1
1
1
1
1
1
1
1
2
1
2
1
2
1
1
1
2
1
1
2
1
1
1
1
1
2
2
2
2
2
2
1
2
1
1
2
2
1
1
2
2
1
2
1
1
1
1
2
1
1
2
2
2
2
2
2
2
2
2
1
1
1
1
2
2
2
1
2
1
1
1
1
1
1
2
2
1
1
1
1
1
2
1
1
1
2
2
2
2
1
1
2
2
2
2
2
2
1
1
2
1
1
2
2
1
2
2
1
2
2
1
2
2
2
2
1
1
1
1
1
2
2
1
2
2
1
2
2
1
2
2
1
2
1
2
1
1
1
2
2
2
2
1
1
2
2
1
1
2
1
1
1
2
1
2
1
1
1
1
1
2
1
1
1
1
1
1
2
2
2
1
2
2
1
2
1
1
1
1
1
1
2
2
2
2
1
1
1
1
1
2
2
2
1
2
1
2
2
2
1
2
1
1
2
1
2
2
1
2
1
1
1
2
2
1
1
1
1
1
1
2
1
1
2
2
2
1
1
1
2
1
2
1
1
1
1
1
1
1
1
1
1
1
1
2
2
2
2
1
1
1
2
2
1
2
1
2
2
1
1
1
2
1
2
2
2
2
1
2
2
1
1
1
1
2
2
2
1
1
2
2
2
2
1
1
2
1
1
1
1
1
1
1
2
1
1
2
2
1
1
1
2
2
2
2
2
2
2
2
2
2
1
1
1
2
1
2
1
1
1
2
2
2
2
2
1
2
1
2
1
2
1
1
1
2
2
2
1
1
1
2
1
2
1
2
2
1
1
1
1
1
2
2
2
2
2
2
2
2
2
1
1
1
1
2
2
1
1
1
2
2
2
2
1
1
2
2
2
2
1
1
1
1
1
1
1
1
1
1
1
1
2
2
2
1
1
1
2
2
2
1
1
2
2
2
1
1
2
2
1
2
2
2
2
1
1
1
2
2
2
1
1
1
2
2
2
2
2
1
1
1
1
1
1
1
2
2
1
1
2
2
1
1
1
1
2
2
1
2
2
1
2
1
2
2
2
2
1
2
2
2
1
1
2
2
1
1
2
1
1
2
1
2
2
2
2
2
1
1
2
2
2
2
2
2
2
1
1
1
2
2
2
2
2
2
2
2
2
1
2
2
2
2
2
2
2
2
2
1
1
2
1
1
1
1
2
2
2
2
1
2
2
2
2
2
1
1
1
2
1
1
1
1
1
1
1
1
1
1
1
1
1
1
2
2
2
2
1
1
1
1
1
2
2
2
2
1
2
2
1
2
1
1
1
1
1
2
1
1
1
1
1
1
2
1
2
2
2
2
1
2
2
2
2
2
1
2
2
2
2
2
2
2
2
2
2
2
2
2
2
2
2
2
2
2
1
1
2
1
1
1
2
2
1
1
1
1
1
1
1
2
1
1
2
2
2
1
1
1
1
2
2
2
2
1
1
1
1
1
1
1
1
1
1
1
2
2
1
2
1
1
1
1
1
2
1
1
2
1
1
1
1
1
1
2
1
2
1
2
2
1
1
2
1
2
1
2
1
1
2
2
2
1
1
2
2
2
1
1
2
1
2
2
1
1
1
1
2
1
1
1
1
2
1
2
1
1
2
2
2
1
1
1
1
1
1
1
1
1
2
1
1
2
1
1
2
2
1
2
2
1
1
2
2
2
2
2
1
2
2
1
2
1
1
1
1
2
1
2
2
2
2
2
1
1
1
1
2
2
1
1
1
2
2
2
1
1
1
2
2
2
2
1
2
2
1
2
1
2
2
1
1
2
2
2
2
2
2
2
2
2
2
1
1
2
1
1
1
1
1
1
1
1
1
2
1
1
2
2
1
2
1
1
1
1
1
1
1
1
1
1
1
1
1
1
2
1
1
1
1
1
1
1
1
1
1
1
1
1
1
1
1
2
2
1
1
2
2
2
2
2
1
1
1
1
2
1
2
2
1
2
1
1
1
1
2
1
1
1
1
1
2
2
2
2
1
2
1
2
2
2
2
1
1
1
1
1
1
1
1
2
1
1
1
2
1
2
1
2
1
1
1
2
2
2
1
1
2
1
2
2
1
1
2
2
1
2
1
2
1
1
1
2
2
1
1
2
1
1
1
1
1
1
1
1
1
2
2
2
2
2
1
2
1
2
2
2
1
1
2
2
1
2
2
2
1
2
2
1
1
2
2
1
1
1
1
1
2
1
1
1
2
2
1
2
2
2
1
2
1
2
2
2
1
1
2
2
2
2
1
2
2
1
1
2
2
1
1
2
1
2
1
1
2
2
2
1
1
1
2
1
2
2
2
2
2
2
1
2
1
1
1
1
1
1
1
1
2
2
2
2
1
2
1
2
2
2
2
1
1
2
1
1
1
1
2
2
2
1
1
2
2
2
2
1
1
2
1
2
2
2
2
2
2
1
1
1
1
1
2
1
1
1
1
1
1
1
2
1
2
2
2
2
1
2
1
2
2
2
2
2
2
1
2
1
1
1
2
1
1
2
1
2
2
1
1
2
1
1
1
1
1
1
2
1
2
1
1
1
1
2
2
1
1
2
1
1
1
1
1
2
1
2
1
2
2
2
1
1
2
2
2
2
2
1
2
1
2
1
2
1
1
1
2
2
1
1
1
1
1
1
1
1
1
1
1
1
2
2
2
2
2
2
2
1
1
2
1
1
2
2
2
2
2
2
1
1
2
2
2
2
2
1
1
2
1
1
1
1
1
1
1
1
1
1
1
1
1
1
1
1
2
2
2
1
2
2
1
2
2
2
1
2
1
1
1
1
1
2
2
1
1
2
2
2
2
1
2
2
1
2
2
2
2
2
1
1
1
1
1
1
1
2
2
1
1
2
2
2
1
1
2
2
2
1
2
1
2
2
2
2
2
2
2
1
1
2
2
2
1
1
1
1
1
1
1
1
1
2
1
1
2
1
1
1
2
2
2
2
1
1
1
1
1
1
1
1
2
1
1
1
1
2
2
1
2
2
1
1
2
1
1
1
1
1
1
1
2
1
2
2
2
2
1
1
1
2
2
1
1
1
1
1
1
1
1
1
2
1
1
2
2
2
1
2
1
2
2
2
2
1
2
2
1
1
1
1
1
1
2
1
1
1
1
1
1
2
1
1
1
2
2
1
1
2
2
2
2
2
2
2
1
2
1
2
2
1
1
2
1
2
2
2
2
2
1
1
2
1
2
2
1
2
2
1
2
1
2
2
1
1
2
2
2
1
1
1
1
1
1
1
1
2
1
1
2
2
1
2
1
2
1
1
1
1
1
1
1
1
1
1
1
1
1
1
1
1
1
1
1
1
2
2
1
1
2
2
1
2
1
2
1
1
1
1
1
1
1
2
2
2
1
1
1
1
1
1
1
1
1
2
1
1
1
2
1
2
1
1
2
2
2
2
2
1
2
1
1
1
2
2
1
1
2
2
2
2
2
1
1
1
2
2
1
1
2
2
1
2
2
2
2
2
2
1
1
1
1
1
1
1
1
2
2
1
2
2
2
1
1
1
2
2
1
1
1
1
2
1
2
2
2
1
1
1
1
2
2
1
1
2
2
1
1
1
1
2
1
1
1
1
1
1
1
2
2
1
2
2
2
1
2
2
2
2
2
2
2
2
2
2
2
1
1
1
2
1
2
1
2
2
2
2
1
1
1
1
1
1
2
1
2
2
1
1
1
1
1
2
2
1
2
2
2
1
2
1
2
2
1
2
1
1
1
1
2
1
1
1
2
2
2
2
1
2
1
2
2
2
1
1
2
2
1
1
2
1
2
2
1
2
1
2
2
2
2
1
1
1
1
1
2
2
2
2
2
2
2
1
2
2
1
1
1
1
1
1
1
1
1
1
1
1
1
1
1
1
2
2
2
1
1
1
2
1
2
2
1
2
1
1
2
1
2
2
1
1
2
1
2
1
2
1
1
1
1
1
2
2
1
1
1
1
1
1
1
1
1
1
2
2
1
1
2
1
2
1
2
2
1
2
2
1
2
1
1
2
2
1
1
2
1
1
1
1
1
2
2
1
1
1
1
1
2
1
1
1
1
1
1
2
1
2
1
2
2
2
2
1
2
2
1
1
1
1
1
1
2
1
1
2
2
1
1
1
1
1
1
1
1
2
1
1
1
2
2
2
2
1
2
1
1
2
2
2
2
2
2
2
2
2
2
2
2
1
1
1
2
1
2
2
2
2
2
2
2
2
2
2
2
1
2
1
1
1
2
2
2
1
1
1
2
2
1
1
2
1
2
1
1
2
2
1
1
2
1
1
2
1
2
1
2
1
2
1
2
1
1
1
1
2
2
2
2
1
2
2
2
2
2
1
1
2
2
2
2
2
2
1
1
2
2
2
1
1
2
1
2
2
1
2
2
2
2
2
2
1
1
1
2
1
2
2
1
1
1
2
2
2
2
2
2
2
2
1
1
1
1
1
1
1
1
1
1
1
1
2
2
2
2
2
2
2
2
2
2
2
1
1
1
1
2
2
2
2
2
2
2
2
1
2
2
1
2
1
2
2
2
1
2
1
1
1
1
2
2
2
2
2
1
1
1
1
2
2
1
1
1
2
1
1
1
1
2
2
2
2
2
2
2
1
2
1
1
2
2
1
2
2
2
2
2
2
2
1
2
2
1
2
2
1
2
2
1
2
2
2
1
1
1
1
1
1
2
2
1
2
1
2
2
2
1
1
1
1
2
2
2
1
2
2
2
1
2
1
2
2
1
1
1
1
1
2
2
1
2
1
2
2
2
2
1
1
1
2
2
1
2
2
1
1
2
2
2
2
2
2
2
2
1
2
1
1
1
1
1
1
1
1
1
1
1
1
1
1
2
2
1
1
2
1
2
1
2
2
2
1
1
2
2
2
2
2
2
2
1
1
1
2
2
2
1
1
2
2
1
2
2
2
2
2
2
1
2
1
2
2
2
2
2
2
2
1
2
1
1
1
2
1
1
2
1
2
1
1
1
1
2
1
1
2
1
1
1
1
1
2
1
1
1
2
1
1
2
1
2
2
2
1
2
1
2
1
2
1
2
1
2
1
2
2
2
2
1
1
1
2
2
2
2
1
1
2
1
1
2
2
1
2
1
1
1
1
2
1
2
1
1
1
1
2
1
1
1
1
2
2
2
2
2
1
1
1
1
2
2
2
1
2
1
1
2
1
2
2
1
2
2
2
2
2
1
2
2
2
2
2
1
1
2
2
2
1
2
1
1
2
1
2
1
1
2
2
2
2
1
2
1
2
2
1
1
1
1
1
1
1
2
2
2
2
2
1
1
1
1
1
1
1
1
1
2
1
1
1
1
2
1
2
2
1
2
2
2
2
2
1
2
2
2
1
1
1
2
1
1
1
2
2
2
2
1
1
1
2
2
1
2
1
1
1
1
2
1
2
1
1
1
2
2
2
2
2
1
2
2
1
1
2
2
1
2
2
1
2
1
1
1
1
1
2
2
2
2
2
1
2
2
1
2
2
1
1
1
1
1
2
2
2
1
2
2
2
2
1
2
2
2
1
1
1
1
2
1
1
1
1
2
1
1
1
1
1
2
1
1
2
1
2
1
2
2
1
1
2
2
2
2
2
2
1
1
1
2
2
2
1
1
1
2
2
2
2
2
2
2
2
2
2
2
2
1
1
1
2
1
1
1
2
2
2
2
2
2
2
2
2
2
2
2
2
2
2
1
1
1
2
2
2
2
2
1
2
2
2
2
2
1
1
1
2
1
2
1
2
1
2
1
1
1
2
2
1
1
1
2
2
2
2
1
1
1
1
2
1
1
1
1
1
1
1
2
1
2
1
1
1
2
2
1
1
1
1
1
1
2
2
1
1
2
1
1
1
1
1
1
1
1
1
1
1
1
1
1
1
2
2
2
1
1
1
1
1
2
2
1
1
1
2
2
2
2
2
2
2
1
1
1
1
1
1
2
2
2
1
1
1
1
1
1
1
1
2
1
2
2
1
1
1
1
1
1
1
1
1
1
1
2
2
2
1
2
2
1
1
1
1
1
2
2
2
1
1
1
1
2
1
2
1
1
1
1
1
1
1
2
2
1
2
2
1
1
1
1
1
2
2
2
2
2
2
2
2
1
1
1
1
1
1
2
1
1
1
1
1
1
1
1
1
1
1
1
1
2
1
1
1
2
1
1
1
1
1
1
1
1
2
2
2
2
2
2
1
1
2
1
2
1
1
2
1
1
2
2
2
2
2
2
1
2
2
2
2
2
2
2
2
1
2
2
1
2
2
1
1
1
2
1
2
2
1
2
2
2
2
1
2
1
1
1
1
2
2
1
1
2
2
2
1
2
1
2
2
2
2
2
2
2
1
2
2
1
2
2
2
2
1
2
2
2
1
2
1
2
1
2
1
2
2
2
2
1
2
2
2
1
2
2
1
2
1
2
1
1
1
2
1
2
1
1
1
2
1
1
1
2
2
2
1
2
2
2
2
2
2
1
1
1
1
1
1
1
1
1
1
1
1
1
1
1
1
1
1
1
2
1
1
2
2
2
1
1
1
1
2
1
2
1
2
2
2
2
2
2
2
2
2
2
2
2
1
1
1
2
1
1
2
2
2
2
1
2
2
2
2
2
1
2
2
2
1
1
2
1
1
1
1
1
1
1
1
1
1
2
2
1
1
1
1
2
2
1
2
1
1
1
2
2
1
1
2
2
2
2
2
2
2
2
2
1
1
2
2
1
1
1
1
1
1
2
2
2
2
1
1
1
1
1
1
2
2
1
2
2
2
2
2
1
1
1
1
2
2
1
1
1
1
1
2
2
2
2
2
1
1
2
1
1
2
2
2
1
1
1
1
1
1
1
1
2
2
1
1
1
1
2
1
1
2
2
2
2
2
1
2
1
2
1
2
1
2
2
2
1
2
2
2
2
2
2
2
2
1
2
1
1
1
2
2
2
2
1
1
2
2
2
1
2
1
2
2
2
2
2
2
2
2
2
2
2
2
2
1
2
1
1
1
1
1
1
1
2
2
2
2
2
2
2
2
2
2
2
2
1
1
1
1
2
2
1
1
1
1
1
1
1
1
1
2
2
2
1
1
2
2
2
1
2
2
1
1
2
1
2
2
1
1
1
1
2
2
2
2
1
1
2
2
2
2
1
2
2
1
1
2
1
2
1
1
1
1
2
1
1
1
1
1
1
2
2
2
1
1
1
1
1
1
1
1
1
2
1
1
1
2
1
1
2
2
2
1
1
1
1
2
2
1
1
2
1
2
1
1
2
1
2
2
2
1
2
1
2
2
2
2
2
2
2
2
2
2
2
2
2
2
2
2
2
2
2
1
2
1
1
2
2
2
2
2
2
2
1
2
1
1
1
1
2
1
2
2
1
1
1
2
1
1
1
2
1
1
1
1
1
1
2
2
2
1
1
1
2
1
1
2
1
1
2
1
2
1
1
2
1
1
1
1
2
2
2
1
2
1
2
2
1
1
2
2
1
1
2
1
1
1
2
1
1
1
1
1
1
1
2
1
1
2
1
1
1
2
2
1
2
2
2
2
2
2
2
1
2
2
1
1
2
2
1
2
1
1
1
1
1
1
1
1
2
2
2
2
2
1
1
2
2
1
2
2
2
1
1
1
1
2
1
2
2
2
1
2
1
2
2
1
2
2
2
1
1
1
1
1
1
1
2
1
1
1
2
1
2
2
2
2
2
2
2
1
1
2
1
2
2
1
2
2
2
2
2
2
2
2
2
2
2
2
1
2
1
2
2
2
1
1
2
1
2
1
1
2
2
1
1
1
2
2
2
2
2
2
1
1
1
1
1
1
1
1
1
2
1
1
1
1
1
2
1
1
1
2
1
1
1
2
1
1
1
1
2
1
2
2
1
1
2
1
2
2
1
1
2
2
1
2
1
1
1
2
1
2
2
2
2
2
2
1
2
2
2
2
2
2
2
1
1
2
1
2
1
1
1
2
2
2
2
2
2
2
1
1
1
1
1
1
2
1
1
1
2
1
1
1
1
1
2
2
2
2
2
2
2
1
1
2
1
2
2
1
1
2
1
1
1
1
1
1
1
1
1
1
2
1
2
1
2
1
1
1
1
2
2
2
2
1
2
2
2
1
1
1
2
2
1
1
1
1
1
1
1
1
1
1
1
1
1
1
1
1
1
1
1
1
1
1
1
1
1
1
1
2
2
1
1
1
1
1
1
1
1
1
1
2
2
2
1
1
1
1
1
2
1
2
2
1
1
2
1
2
1
2
1
2
1
2
2
2
2
2
2
2
2
2
2
2
1
1
1
1
2
2
2
2
2
2
2
2
2
1
2
2
2
2
2
2
2
2
2
2
2
1
1
1
2
2
1
1
2
1
1
2
2
1
2
2
2
2
2
2
2
2
2
2
1
1
1
1
2
2
1
1
1
2
2
2
2
1
1
1
1
1
1
2
2
2
2
2
2
1
2
1
1
1
2
2
1
1
1
1
2
1
1
1
1
2
2
2
2
1
1
1
1
2
1
2
2
2
2
2
2
2
2
2
2
2
2
1
2
2
1
1
1
1
2
1
1
1
2
2
1
1
2
2
1
1
1
1
1
1
1
1
1
1
1
1
1
1
2
1
1
1
1
2
1
1
2
2
2
2
2
2
2
2
2
1
2
2
2
1
2
1
1
1
2
2
1
1
2
1
1
2
2
1
1
1
2
2
1
1
1
2
2
1
1
1
2
1
1
2
2
2
1
1
2
2
2
2
2
1
1
1
1
1
1
2
1
1
2
1
1
1
1
1
1
1
1
1
2
2
1
1
1
1
1
1
1
1
1
2
1
2
2
1
1
1
2
2
2
2
1
1
1
2
1
1
1
1
1
1
2
2
1
1
2
2
2
2
1
2
2
2
2
2
1
2
2
1
2
2
2
2
1
1
1
1
1
1
2
2
2
2
2
2
2
2
2
2
2
1
1
1
1
1
2
2
1
1
2
1
1
2
2
2
1
1
2
2
2
2
1
1
1
1
1
1
2
1
2
2
1
2
2
1
1
1
1
1
2
1
2
1
1
2
2
2
2
2
2
2
2
2
2
2
1
1
1
1
2
2
2
1
1
1
1
2
2
2
2
2
1
2
2
2
2
2
2
2
1
1
1
1
1
1
2
1
2
1
2
2
2
2
2
2
1
2
1
2
2
1
1
1
1
1
1
2
1
2
2
2
1
1
1
1
1
1
2
2
2
1
2
2
1
1
2
2
1
1
2
1
2
2
2
2
2
1
1
1
1
2
1
1
2
2
1
1
2
1
1
1
1
1
1
1
1
1
1
1
1
1
1
1
1
1
1
1
1
1
1
1
1
1
1
1
1
1
2
1
1
1
2
1
1
1
1
1
1
1
2
2
2
1
1
1
1
1
1
1
1
2
1
2
2
2
2
2
2
2
2
2
1
2
2
2
1
1
1
2
1
1
2
2
2
2
1
2
1
2
2
2
2
2
1
1
2
1
1
1
2
1
2
2
1
1
2
1
1
1
1
1
1
1
1
1
1
2
1
2
2
2
2
2
1
2
2
2
1
2
2
2
2
1
2
1
1
1
1
1
2
1
2
2
1
1
1
1
1
1
1
1
1
2
1
1
1
1
2
2
2
2
1
1
1
1
2
2
2
1
2
2
2
2
2
2
2
1
2
1
1
2
2
2
2
1
2
2
2
2
2
2
2
2
2
2
2
2
2
2
2
1
1
1
1
1
1
2
1
2
2
1
1
2
1
1
1
1
1
2
2
2
2
1
1
2
2
2
2
2
2
2
2
2
2
2
2
2
2
2
2
2
2
2
2
2
2
2
1
2
2
2
2
1
1
2
1
1
2
2
2
1
1
1
1
1
2
2
2
2
2
2
2
2
2
2
1
2
1
1
2
1
2
2
1
1
2
2
1
1
2
2
1
1
1
1
1
2
2
2
1
1
1
2
2
1
1
2
2
1
1
1
1
1
1
1
1
1
1
1
1
2
2
2
2
2
2
2
2
2
2
2
1
2
2
2
2
1
1
2
2
1
2
2
2
2
1
2
2
1
2
2
2
2
2
2
2
2
2
2
2
2
2
1
2
2
2
2
2
1
1
2
2
1
1
1
1
1
2
2
2
1
1
1
1
1
1
1
1
1
1
1
1
1
1
1
2
2
1
2
1
2
1
2
2
1
1
1
1
1
1
1
1
2
2
2
2
2
2
1
1
1
2
1
2
2
2
2
2
2
2
2
2
2
2
2
2
2
2
2
1
1
2
1
1
1
2
2
2
2
2
2
1
1
1
2
1
1
1
1
1
1
1
1
1
1
1
1
1
2
2
2
2
2
1
2
1
2
2
2
1
2
2
2
2
2
2
2
2
2
2
2
2
2
1
1
1
2
1
2
2
1
1
1
1
1
2
1
1
2
1
2
1
2
2
1
2
2
2
2
1
1
2
2
1
2
1
1
2
1
2
2
1
1
1
1
2
1
2
1
1
2
2
2
1
2
2
2
2
1
2
2
2
2
2
1
2
1
2
2
2
2
2
2
2
2
2
2
2
2
2
1
2
2
2
1
1
2
2
2
1
2
2
1
1
1
1
1
2
2
2
2
2
1
1
2
1
2
2
2
2
2
1
1
2
1
1
1
1
2
2
1
2
2
2
1
2
2
2
1
1
1
2
2
1
1
1
1
2
2
2
1
1
2
2
2
1
1
1
1
1
2
2
2
2
2
2
2
2
1
1
1
2
2
1
1
1
2
1
2
1
1
1
1
2
1
1
1
2
2
2
1
2
2
2
1
2
1
1
1
1
2
2
2
2
2
2
2
2
2
2
2
2
1
2
1
2
1
1
1
2
1
1
1
2
2
2
2
2
2
2
2
2
1
1
2
2
2
2
2
1
1
2
2
1
2
2
1
1
2
2
2
2
2
1
1
2
1
1
2
2
2
2
2
2
2
2
2
2
2
2
2
2
1
2
2
2
2
1
1
1
1
2
2
2
2
2
2
2
2
2
2
1
1
2
2
2
2
1
2
2
2
2
1
1
1
2
2
1
1
2
1
1
1
1
2
2
2
2
1
1
1
1
1
1
1
1
2
1
1
2
1
1
1
1
2
2
1
1
1
1
1
1
1
1
1
2
1
2
1
1
2
2
2
2
1
1
2
2
2
2
2
2
2
2
2
2
2
2
2
2
2
2
2
2
2
2
2
2
1
2
1
2
2
1
1
1
2
2
2
2
1
2
1
2
2
2
2
1
1
1
2
2
1
1
2
1
2
2
2
2
2
1
1
1
2
1
1
2
2
1
1
1
1
1
2
2
2
2
1
1
1
1
1
1
1
1
1
1
1
1
1
1
1
2
1
1
1
1
2
1
1
2
1
2
1
2
1
2
2
2
1
2
2
2
2
1
1
1
1
1
1
1
1
1
2
2
2
2
2
2
2
2
2
2
2
1
1
1
2
1
2
2
2
1
1
2
1
1
1
2
2
1
2
2
1
1
2
2
2
2
2
1
1
1
1
1
1
2
2
2
1
1
1
1
2
2
2
1
1
1
1
1
1
1
1
1
1
2
1
1
2
2
2
2
2
2
2
2
2
2
2
2
1
2
2
2
2
2
2
1
1
1
1
1
1
1
1
2
2
2
1
1
2
2
1
1
1
1
1
1
2
1
1
1
2
2
2
2
2
2
1
2
1
1
1
2
1
2
1
1
1
1
2
2
1
2
1
1
1
1
2
1
1
2
2
1
1
1
1
1
1
2
1
1
2
2
1
1
1
1
1
1
1
1
1
1
1
1
2
1
1
2
1
2
2
1
2
2
2
2
2
2
2
2
2
1
2
2
2
2
2
1
2
1
2
2
2
1
1
1
1
2
2
2
2
1
2
1
1
1
2
1
2
2
2
2
2
2
2
2
2
2
2
1
2
2
1
1
2
2
2
2
1
2
2
2
2
2
2
2
2
2
2
2
1
1
2
1
1
1
1
1
1
1
1
1
1
1
2
2
1
2
2
2
2
1
2
1
2
2
1
2
2
1
1
2
2
1
2
1
1
2
1
1
2
1
1
1
1
1
1
1
1
1
1
1
2
1
2
1
1
2
2
2
2
2
2
2
2
2
2
2
2
1
1
1
2
2
1
2
2
2
1
2
2
2
2
2
2
1
1
2
2
2
1
1
1
1
1
1
2
1
1
1
1
1
1
1
1
1
1
1
1
1
1
1
1
1
2
1
1
2
2
2
1
1
2
2
2
2
1
1
2
2
1
1
2
2
1
2
1
1
1
2
2
2
2
2
2
1
2
1
1
1
1
1
1
2
1
2
2
1
2
2
1
1
2
1
2
1
1
1
1
1
2
2
1
1
1
1
1
1
2
2
1
1
1
2
2
2
1
1
1
1
1
1
1
1
1
2
2
2
2
2
2
2
2
2
1
2
1
1
2
2
2
2
2
1
1
1
1
1
1
2
1
1
1
1
1
1
1
1
1
1
1
1
1
2
2
2
1
1
1
2
1
2
2
1
1
1
2
1
1
2
1
1
1
1
1
1
1
2
2
2
2
2
2
2
2
2
2
2
2
1
2
2
1
1
2
2
2
2
2
2
2
2
2
2
2
2
2
2
2
2
1
1
2
1
2
2
2
2
2
2
2
1
2
2
1
2
2
2
2
2
2
2
2
2
2
2
2
2
1
1
1
2
1
2
1
2
1
1
1
1
2
2
2
2
2
1
1
2
2
2
2
2
1
1
1
1
2
1
2
2
1
1
2
2
2
2
2
2
2
2
2
2
2
1
1
2
1
1
1
1
2
2
2
1
2
2
2
1
1
1
1
1
2
1
1
2
2
1
2
2
2
2
2
2
2
2
2
2
2
1
1
1
2
2
2
2
2
2
2
2
2
1
1
1
1
1
1
1
1
1
1
1
1
1
1
1
1
1
1
1
1
1
1
2
1
1
1
1
2
2
2
2
2
1
1
2
1
2
1
1
1
2
2
2
2
2
2
2
2
2
1
2
1
1
1
2
1
1
2
2
2
2
1
2
1
2
1
1
1
1
1
1
2
1
1
1
1
1
1
1
1
1
1
1
1
2
2
1
1
1
1
1
1
2
1
1
1
1
1
1
1
2
2
2
2
2
2
2
2
1
1
1
2
1
1
2
2
1
1
1
1
1
2
2
2
2
2
2
2
2
2
2
2
2
2
2
2
1
1
1
2
1
1
1
2
1
1
1
1
1
1
1
1
2
1
2
1
1
1
1
2
2
2
1
1
1
2
2
2
2
2
1
1
1
1
2
2
2
2
2
2
2
1
2
1
1
1
1
1
1
2
1
1
2
1
1
1
2
2
2
2
2
2
2
2
2
2
2
2
2
2
1
2
1
1
1
1
1
1
1
1
1
1
1
1
1
1
1
1
1
1
2
2
1
1
1
2
1
1
2
2
1
1
1
1
1
2
1
2
2
2
2
1
1
1
1
1
1
2
2
1
2
2
2
1
1
1
1
1
1
2
2
2
2
2
2
2
2
2
2
2
2
2
2
2
2
2
2
1
2
1
1
1
2
2
2
2
2
2
1
1
2
1
2
2
1
2
1
2
2
2
2
1
2
2
2
2
2
2
2
2
2
2
2
2
2
2
2
2
2
2
2
2
2
2
1
1
1
2
2
2
1
2
1
1
1
1
1
2
1
1
2
2
1
1
1
1
1
1
1
2
1
1
2
2
2
2
2
1
1
1
1
1
1
2
2
2
2
2
1
1
2
2
2
2
2
2
2
2
2
2
2
2
2
2
2
2
2
2
2
2
2
2
2
2
2
2
1
1
2
2
2
2
2
2
1
2
2
2
1
1
1
1
1
1
1
1
2
1
1
1
1
2
1
2
2
2
1
2
2
2
1
1
1
2
2
1
2
2
2
1
1
1
1
1
1
2
2
1
1
1
1
1
1
2
2
2
2
2
2
2
2
2
2
2
2
2
2
2
2
2
2
2
2
2
2
2
2
2
1
1
1
1
1
1
2
2
1
1
2
1
2
1
2
2
2
2
2
2
2
2
2
2
1
1
1
1
2
2
2
2
2
2
2
1
1
2
1
2
1
2
1
1
1
1
1
2
1
2
2
2
2
2
2
2
2
2
2
2
2
2
2
2
2
2
2
2
2
2
2
2
2
2
2
2
2
1
1
1
1
1
1
1
2
1
1
1
2
2
1
1
2
1
2
2
2
2
2
1
1
2
2
2
1
1
1
1
1
2
2
2
2
2
2
2
1
1
2
1
1
1
1
2
1
1
1
1
1
2
1
1
1
2
2
2
2
1
2
1
2
2
2
2
1
1
2
2
2
1
2
2
2
1
2
1
2
2
1
2
2
2
2
2
2
2
2
2
2
2
2
1
1
2
2
2
2
1
1
2
1
2
2
2
1
1
2
2
2
2
1
2
2
2
2
2
2
2
2
2
2
1
1
1
1
1
1
2
2
2
2
1
1
1
1
2
2
2
2
2
1
1
1
1
1
1
1
2
2
2
2
2
1
2
1
2
2
2
2
1
1
2
2
2
2
2
2
2
1
2
2
2
2
1
2
2
2
2
2
1
1
2
2
2
1
2
2
2
1
1
1
1
2
1
2
1
2
2
2
2
2
2
2
2
2
2
1
2
2
2
2
2
2
2
2
2
2
1
2
2
2
2
2
2
1
2
1
1
2
2
2
1
1
2
2
2
2
1
1
1
1
1
1
2
1
1
1
1
2
2
2
2
2
2
2
2
2
2
2
1
1
1
1
1
1
2
2
2
2
2
1
1
1
1
2
2
2
2
2
2
2
2
2
2
2
2
2
1
2
2
2
2
2
1
1
1
2
1
1
1
2
2
2
1
2
2
2
2
2
2
2
1
2
2
2
2
2
2
1
1
2
2
2
2
2
1
1
1
1
1
1
1
1
1
1
1
1
1
2
2
2
2
2
1
1
2
2
2
2
1
1
1
1
2
2
2
2
1
1
2
1
1
2
1
2
1
2
2
2
2
1
2
2
1
1
2
1
1
1
1
1
1
1
1
2
2
2
1
1
1
1
2
2
1
2
1
1
2
1
1
2
2
2
2
2
2
2
1
2
2
1
1
2
2
2
2
2
2
1
2
2
2
2
2
2
2
1
2
2
2
1
2
2
2
1
1
2
1
2
2
1
1
1
1
1
1
1
1
2
2
2
2
2
2
2
2
2
2
2
2
2
1
1
1
1
2
2
2
2
2
2
2
2
2
2
2
2
2
2
2
2
1
1
1
1
1
2
2
2
2
1
1
1
1
2
1
2
1
1
1
1
2
2
1
2
2
2
2
2
2
2
1
1
2
2
2
2
2
2
2
2
2
2
1
1
1
1
1
1
1
1
2
1
1
1
1
2
2
1
1
2
2
2
2
2
1
2
2
2
1
2
2
2
2
2
2
2
2
2
2
2
2
2
2
2
2
2
2
2
2
2
2
1
1
1
1
1
1
1
1
2
1
1
1
1
1
1
1
2
2
1
1
1
2
2
2
1
1
1
1
1
2
2
2
2
2
2
2
2
2
2
2
2
2
2
2
2
2
1
2
1
1
1
1
1
1
1
2
1
2
2
1
2
2
2
1
1
1
1
2
2
2
2
2
2
2
2
1
2
1
2
2
1
2
2
1
2
2
2
2
2
2
2
2
2
2
2
2
2
2
2
2
2
2
2
2
2
1
1
1
1
1
2
2
2
2
2
2
2
2
2
2
2
2
2
2
2
2
2
1
2
2
2
2
2
2
2
2
1
1
2
2
2
2
1
1
1
2
1
1
2
2
2
2
1
1
1
1
2
2
2
2
2
2
2
2
2
2
1
1
1
1
1
1
2
1
1
1
1
1
1
1
1
2
2
1
2
2
2
2
2
1
2
1
2
2
1
2
2
1
2
1
1
2
2
2
2
2
2
2
2
1
2
2
2
2
2
1
2
1
1
2
2
1
2
1
2
2
1
1
2
2
1
2
2
2
2
2
2
1
2
2
2
2
1
1
2
2
2
2
1
2
2
2
2
1
2
2
2
2
2
2
2
1
2
1
2
2
2
1
1
1
1
2
2
1
2
1
1
1
1
1
1
1
1
2
2
1
2
2
2
1
2
2
1
1
1
2
2
1
1
1
2
1
1
1
2
2
2
2
1
1
1
2
1
1
2
2
1
1
1
2
2
2
2
1
1
2
2
2
1
1
2
2
1
2
2
1
1
1
1
1
1
1
2
2
1
2
2
2
2
2
2
1
1
1
2
1
2
1
1
1
1
1
1
2
1
1
1
1
1
2
2
1
2
2
1
2
2
2
2
2
2
2
2
1
1
2
2
2
2
2
2
2
1
1
1
1
1
2
1
1
2
2
1
1
1
1
1
1
1
1
1
1
1
1
1
1
1
1
1
1
1
1
1
1
1
1
1
1
1
1
1
1
1
1
2
1
1
2
2
1
1
1
1
2
1
1
2
1
1
1
2
2
2
2
2
2
2
2
2
2
2
2
1
2
2
2
2
2
2
1
2
2
1
1
2
1
1
1
1
1
1
1
2
1
1
1
1
1
1
1
1
2
1
2
1
2
1
2
1
1
2
2
1
2
2
2
2
2
2
2
2
2
2
2
2
2
2
2
2
1
1
1
2
2
2
2
2
2
2
2
1
1
1
1
1
1
1
2
2
2
2
2
1
1
1
2
1
2
2
2
1
1
2
1
1
1
1
1
1
2
2
2
2
1
1
2
1
2
1
2
1
2
1
2
2
2
2
2
2
2
1
2
2
1
2
1
1
2
1
2
1
1
2
2
2
2
2
2
2
2
2
1
2
2
1
1
2
2
1
1
1
1
1
1
1
1
2
1
1
1
1
1
2
2
2
2
1
1
1
2
1
1
1
1
2
2
2
2
2
2
2
1
1
2
2
2
2
2
1
2
1
1
1
1
1
2
1
1
2
2
2
2
2
2
1
2
2
2
2
2
2
1
2
2
2
2
2
1
1
1
1
1
2
2
1
1
1
1
1
1
1
1
1
1
1
1
1
1
1
1
1
1
1
1
1
1
2
2
2
1
2
1
2
1
1
2
1
1
2
2
2
2
2
1
2
1
2
1
2
1
2
2
2
1
1
1
1
1
2
2
2
1
1
2
2
2
1
2
1
2
2
2
2
1
2
1
1
1
1
1
1
1
1
1
1
1
1
1
1
1
1
1
1
1
1
1
2
2
2
2
2
2
2
2
2
2
2
2
2
2
2
2
2
2
2
2
1
1
1
2
2
2
1
2
2
2
2
1
1
1
1
1
1
1
1
1
1
1
1
1
1
1
1
1
1
1
2
2
1
1
1
1
1
2
2
2
1
1
1
1
1
1
2
2
2
2
2
2
2
2
1
1
2
2
2
2
2
2
2
2
1
1
1
2
2
1
1
1
2
2
2
1
1
1
2
2
2
1
2
2
1
2
2
1
1
2
1
1
2
1
2
2
1
2
2
2
2
1
1
1
1
1
1
1
1
1
1
1
1
1
2
1
1
1
2
2
2
2
2
1
1
1
2
1
1
1
2
2
2
1
1
1
1
1
1
2
2
2
2
2
1
1
1
1
1
2
1
1
1
1
1
1
1
1
1
1
1
1
1
1
1
1
1
1
1
1
1
1
1
1
1
1
1
1
1
1
1
1
1
2
2
2
2
2
1
1
2
1
1
1
2
2
1
1
1
2
1
2
1
1
1
2
1
1
2
2
2
2
2
1
1
1
1
1
1
1
1
1
1
2
2
2
2
1
2
2
1
2
2
2
2
2
2
1
1
2
1
1
2
2
1
2
2
2
2
2
1
2
2
2
2
1
2
1
2
1
2
2
2
2
2
2
2
2
2
2
2
2
2
2
1
1
2
2
2
2
1
1
1
2
1
2
1
1
1
1
2
2
1
1
1
1
2
2
2
1
1
1
1
1
2
1
1
1
1
1
1
1
1
2
2
2
1
1
2
2
2
2
2
2
2
2
2
1
1
2
1
1
1
1
2
1
1
2
1
2
1
1
1
2
2
1
1
2
1
1
1
2
2
2
2
2
2
1
1
2
2
1
1
2
2
1
2
1
1
1
2
1
2
2
2
2
2
1
1
1
2
2
2
2
1
1
2
1
1
1
1
1
2
2
2
2
2
2
2
2
2
2
2
2
2
2
2
2
2
2
2
2
2
2
2
2
2
1
1
1
1
1
1
1
1
2
1
1
1
1
1
1
1
1
2
1
1
2
2
1
2
1
2
2
2
1
2
1
2
1
1
2
1
1
1
1
1
1
1
1
1
2
1
1
2
1
2
2
2
2
2
1
2
1
1
2
2
1
2
1
1
2
1
1
1
1
1
2
2
2
2
1
1
2
2
2
1
1
2
2
2
2
2
2
2
1
1
1
1
1
1
1
1
1
1
1
1
1
1
1
1
1
1
1
1
1
1
1
1
1
1
1
1
1
1
1
1
1
1
1
2
2
2
2
2
2
2
2
2
2
2
2
2
2
2
1
1
1
1
1
1
1
2
1
2
2
1
1
2
2
1
1
1
1
1
1
1
2
1
1
1
1
1
1
1
1
1
2
2
2
2
2
1
2
1
1
1
1
1
1
1
1
2
1
1
1
1
1
1
2
2
2
1
2
1
1
1
1
2
1
1
1
2
2
2
2
1
1
2
2
2
2
2
2
2
2
2
2
2
2
2
1
1
1
1
1
1
1
1
1
2
1
1
1
1
1
2
2
2
2
2
2
1
1
2
1
1
1
2
2
2
1
1
1
1
2
2
1
1
2
2
2
2
1
2
2
1
1
1
1
1
1
1
1
1
1
1
1
1
1
1
1
1
2
2
2
2
2
2
2
2
1
2
2
2
2
1
1
2
2
2
2
1
1
1
1
1
2
2
2
1
2
2
2
2
2
2
2
2
2
2
2
2
1
1
2
1
1
2
1
2
2
2
2
1
1
1
1
1
1
1
1
1
1
1
1
1
1
1
1
1
1
1
2
2
2
2
2
2
2
2
2
2
2
1
1
1
1
2
1
2
2
2
1
1
1
2
2
2
2
2
2
2
2
2
2
2
2
2
2
2
2
2
2
2
2
2
2
2
2
2
2
2
2
2
2
2
2
2
2
2
1
1
2
1
2
2
1
2
2
2
2
2
2
1
2
1
2
2
2
2
2
2
2
2
2
2
2
2
1
1
1
1
1
2
2
2
2
2
2
2
2
2
2
2
2
2
1
1
1
1
1
1
1
1
1
1
1
1
1
1
1
1
1
1
1
1
2
2
2
2
2
2
1
1
2
1
1
1
2
2
1
1
1
1
1
1
1
1
1
1
1
1
1
1
1
2
1
1
1
1
1
1
1
1
1
1
1
1
2
2
2
2
2
2
1
1
1
1
1
1
2
2
2
2
2
2
2
2
2
2
2
2
2
2
2
2
2
2
1
1
2
1
1
1
1
1
1
1
2
1
1
1
1
2
1
1
1
1
1
1
2
1
1
1
1
2
1
2
2
1
1
1
1
1
1
1
1
1
1
1
1
1
1
1
1
1
1
1
1
1
1
1
1
1
2
1
1
2
1
1
1
1
1
1
1
1
1
1
1
1
1
1
1
2
1
1
1
1
1
2
1
2
2
2
2
2
2
2
2
2
2
2
2
2
2
2
2
2
1
1
1
1
1
1
1
1
1
1
1
1
2
2
1
1
1
2
1
2
1
2
1
2
2
2
1
1
1
1
1
1
1
1
1
1
2
2
2
2
1
1
2
1
2
1
2
1
1
2
1
1
2
2
2
1
1
2
1
2
2
1
2
2
2
2
2
2
2
2
1
1
2
1
1
2
1
1
1
2
2
2
2
2
2
2
2
2
2
2
1
1
1
2
2
2
1
2
2
1
1
2
2
2
1
2
2
2
2
1
2
2
2
2
1
1
1
1
1
1
1
1
1
1
1
1
2
1
2
2
1
2
2
2
2
2
1
1
2
2
2
1
2
2
2
1
1
1
2
2
2
2
1
1
2
2
1
1
1
1
1
1
1
2
1
2
2
1
1
1
2
2
2
1
1
2
2
2
2
2
2
1
1
2
2
1
1
1
2
1
1
2
2
2
2
1
1
1
1
1
1
1
2
2
2
2
2
2
2
2
2
2
2
2
1
1
1
1
1
1
2
2
2
2
2
2
2
2
2
2
2
2
2
2
2
2
2
2
2
2
2
2
2
2
2
2
2
2
2
2
2
2
1
1
1
1
1
1
2
2
2
2
2
2
2
2
1
1
1
1
1
1
1
1
2
2
1
1
1
1
1
1
2
2
2
2
2
2
2
2
2
2
2
1
1
1
1
1
1
1
1
1
1
1
1
1
1
1
1
1
1
1
1
1
1
1
1
1
1
1
1
1
1
1
1
1
1
1
1
1
1
1
1
2
2
2
2
2
2
2
2
2
2
2
1
1
2
1
1
2
1
1
2
2
1
1
1
1
1
1
1
2
1
1
1
1
1
1
1
1
1
2
2
2
2
2
2
2
1
1
1
1
1
2
2
2
2
1
1
1
1
1
1
1
1
1
2
2
2
1
1
1
1
1
2
2
2
2
2
1
1
1
1
1
2
1
1
1
1
1
2
2
2
1
1
2
2
2
1
1
1
1
1
1
1
1
1
2
2
1
2
2
1
1
2
2
2
2
2
2
2
1
1
2
2
2
2
2
2
2
1
1
1
1
1
1
1
1
1
1
1
1
1
1
1
1
1
1
1
1
1
1
1
1
2
2
2
2
2
2
2
2
2
2
2
2
2
2
2
1
1
2
1
1
1
2
2
2
2
1
1
1
1
1
1
1
2
2
2
2
2
2
1
1
1
1
1
1
1
1
1
2
2
2
2
2
2
2
2
1
1
1
1
1
1
1
1
1
1
1
1
1
1
1
2
2
2
2
2
2
2
1
1
1
1
1
1
1
1
1
1
1
1
1
1
1
1
1
1
1
1
1
1
1
2
1
2
2
2
2
1
1
1
1
1
1
1
1
1
2
1
2
1
1
1
1
1
1
1
1
1
1
1
1
1
1
1
1
1
1
1
1
1
1
1
1
1
1
1
1
1
1
2
2
1
1
1
1
1
1
2
1
2
1
1
1
2
1
1
1
1
2
1
1
2
2
2
1
1
1
1
1
1
1
1
1
1
1
1
1
1
1
1
1
2
2
2
2
2
2
2
2
2
2
2
1
1
1
1
1
1
1
1
1
1
1
1
1
2
1
2
1
1
1
2
2
2
2
2
2
2
2
2
2
2
2
1
1
2
2
2
2
2
2
2
2
2
2
2
2
2
2
2
2
2
2
2
2
2
2
1
2
2
2
2
2
2
2
2
2
2
2
2
2
2
2
2
2
2
2
2
2
1
1
1
1
1
1
1
1
1
1
1
1
1
1
1
1
2
2
2
2
2
1
2
2
2
1
1
1
1
2
2
1
2
2
1
2
1
2
2
2
2
1
1
2
2
1
1
1
1
1
1
1
1
1
1
1
1
1
2
2
2
1
2
2
1
2
2
2
2
2
2
2
2
2
1
1
2
1
2
2
2
1
2
2
2
2
2
2
2
2
2
1
2
2
2
2
2
2
2
1
1
1
1
1
1
1
1
1
1
1
2
2
2
2
1
1
1
1
1
1
1
1
1
1
2
2
1
1
1
2
1
1
1
1
1
1
1
2
1
1
1
2
1
2
1
1
1
1
1
1
1
2
2
2
2
2
2
2
2
2
2
1
1
1
1
1
1
1
1
1
2
2
2
2
2
2
1
2
2
2
2
2
2
1
1
1
1
1
1
1
1
1
1
1
1
1
1
1
1
1
1
1
1
1
1
2
2
2
2
2
2
2
2
2
2
2
2
1
1
1
1
1
1
1
2
1
2
1
1
1
1
1
1
2
1
1
1
1
1
1
1
1
2
2
2
1
1
1
1
1
1
1
1
1
2
2
2
2
2
2
2
2
2
2
2
2
1
1
1
1
1
1
1
1
1
1
1
1
1
2
2
2
2
2
2
2
2
2
2
1
1
1
1
1
1
1
1
1
1
1
1
1
1
1
1
1
1
2
2
1
1
1
1
1
1
1
1
1
1
1
1
1
1
1
1
1
1
1
1
1
1
1
1
1
1
2
1
2
1
1
1
1
1
1
1
2
2
2
2
2
2
1
2
2
2
2
2
1
2
2
1
2
1
1
1
1
2
2
1
1
1
1
1
2
2
2
2
2
2
1
1
1
1
1
2
2
1
2
2
1
1
1
1
1
1
1
2
2
2
2
2
2
2
2
2
1
1
1
1
1
1
1
1
2
2
2
2
2
2
2
2
2
2
2
2
2
2
2
2
2
1
1
1
1
1
1
2
1
1
1
1
1
1
1
1
2
2
1
1
1
1
1
1
1
2
1
2
2
2
2
2
2
2
2
2
2
2
2
2
2
2
2
2
2
2
2
2
2
2
2
2
2
2
2
2
2
2
1
1
1
1
1
1
1
2
2
2
1
1
1
1
1
1
2
1
1
1
1
1
1
1
1
2
2
2
2
2
2
2
1
1
1
1
1
1
2
2
1
2
2
2
2
2
2
1
2
2
1
1
2
2
1
1
2
1
1
1
2
2
1
1
1
1
1
1
2
2
2
2
2
2
2
2
2
2
2
1
1
1
1
1
2
2
2
2
2
2
2
2
2
2
2
2
2
2
2
2
2
2
2
2
2
2
1
2
2
2
2
2
2
1
1
2
2
1
2
1
2
1
1
1
1
1
1
1
1
1
1
1
1
1
1
1
1
1
1
1
1
1
1
1
1
1
1
1
1
1
1
1
2
2
2
2
2
1
1
1
1
1
1
2
1
1
1
2
1
1
1
2
1
1
1
1
1
1
1
1
2
1
1
1
1
1
1
1
1
1
1
1
1
1
1
1
1
1
1
1
1
1
1
1
1
1
1
1
1
1
1
1
1
1
1
2
2
2
2
2
2
2
2
2
2
2
2
2
2
2
2
1
1
1
1
1
1
1
1
1
1
1
1
2
2
1
2
1
1
1
1
2
2
2
2
1
1
1
2
1
1
1
1
1
1
1
1
1
1
1
1
1
1
1
1
1
1
1
1
1
2
2
2
2
1
1
1
1
1
1
1
1
1
1
1
1
1
1
1
1
1
1
1
1
1
1
1
1
1
1
1
1
1
1
1
1
1
2
1
1
1
1
2
2
2
2
1
1
1
1
1
1
1
2
2
2
2
1
1
1
1
1
1
1
1
1
1
1
1
2
2
2
2
1
2
1
2
2
1
1
1
2
2
2
2
2
2
2
2
2
1
1
1
1
1
2
2
1
1
1
2
1
2
2
2
1
1
1
2
2
2
2
2
2
2
2
1
1
2
2
2
2
2
2
2
2
2
2
2
2
2
2
2
2
2
2
2
2
2
2
2
2
2
2
2
2
2
2
2
2
2
1
2
2
2
2
2
2
2
2
2
2
2
2
2
1
1
1
1
1
1
2
2
2
2
2
2
2
1
1
2
2
2
2
2
2
2
2
2
2
2
2
2
2
2
2
2
2
2
2
2
2
2
2
2
2
2
2
2
2
2
2
2
2
2
2
2
2
1
1
1
1
1
1
1
1
2
2
2
2
2
2
2
2
2
2
2
2
2
1
1
1
1
1
1
1
1
1
1
2
2
2
2
2
2
2
2
1
1
2
2
2
1
1
2
2
2
2
2
2
1
1
1
1
1
1
1
1
1
1
1
1
2
1
1
2
1
1
2
2
2
2
2
1
1
2
1
1
1
1
1
1
1
1
1
1
1
1
1
1
1
2
2
2
1
1
1
2
2
2
2
1
2
2
1
1
1
1
1
1
1
1
1
1
1
1
1
1
1
1
1
1
1
1
1
1
1
1
1
1
2
2
2
2
2
2
2
2
2
2
2
2
2
2
2
1
1
1
1
2
2
2
2
2
2
2
2
2
2
2
1
2
2
2
2
2
2
2
2
2
2
2
2
2
2
2
2
2
2
2
1
2
2
1
1
1
1
1
1
1
1
1
1
1
1
1
2
2
2
2
2
2
2
2
2
2
1
1
1
1
1
1
1
1
2
2
2
2
2
2
2
2
2
2
2
2
2
2
2
2
2
2
2
2
2
2
2
2
2
2
2
2
2
2
2
2
2
2
2
2
2
2
1
1
1
2
2
2
1
1
2
2
1
1
1
1
1
1
2
1
1
2
2
2
2
2
2
2
2
1
2
2
2
1
1
2
2
2
2
1
1
1
1
1
1
1
1
2
2
2
1
1
1
1
1
2
2
2
1
1
1
1
1
1
2
2
2
2
2
2
2
2
2
2
2
2
2
2
2
2
2
2
2
2
2
2
2
2
2
2
2
2
2
2
2
2
2
2
2
2
2
2
2
2
2
2
2
2
2
2
2
2
2
2
2
1
1
1
1
1
1
1
1
1
2
2
1
2
2
1
1
1
1
1
1
2
1
1
1
1
1
1
1
1
2
2
2
2
2
2
2
2
1
1
1
1
1
1
1
1
1
1
1
1
2
2
2
2
2
2
2
2
1
1
2
1
1
2
1
1
1
1
1
1
1
1
1
1
1
2
2
2
1
1
1
1
2
2
2
2
2
2
2
2
1
1
1
2
2
2
1
1
1
2
2
2
2
2
2
2
2
2
2
2
2
2
2
2
2
2
2
1
1
2
2
2
2
2
2
1
2
2
2
2
1
1
2
1
2
2
2
2
1
1
2
1
1
1
2
1
1
2
2
2
2
2
2
2
2
2
2
1
1
1
1
1
1
1
1
1
1
1
1
1
1
1
1
1
1
1
2
2
2
2
2
2
1
2
2
2
2
2
2
2
1
1
1
2
2
1
2
1
2
2
1
1
1
1
1
1
1
1
1
1
1
1
1
2
2
2
2
2
2
1
2
2
2
2
2
2
2
2
2
2
2
2
2
2
2
2
1
1
1
1
1
1
1
1
2
2
2
2
2
2
2
2
2
2
2
2
2
2
2
1
1
1
1
2
2
1
1
1
1
1
1
1
1
2
2
1
2
2
2
2
2
1
1
1
1
1
1
2
2
2
2
1
1
1
1
1
1
1
1
1
2
1
1
1
1
2
2
2
2
1
1
1
1
1
1
1
2
2
2
2
1
1
1
1
2
2
2
2
2
1
1
1
1
1
1
1
1
1
1
1
1
1
1
1
1
1
1
1
1
1
1
2
2
2
2
2
2
2
2
2
2
2
1
1
1
1
1
2
2
2
2
2
2
2
2
2
2
2
2
2
2
2
2
1
1
1
1
1
1
1
1
1
1
1
1
1
1
1
2
2
2
2
2
2
2
2
2
2
2
2
2
2
2
2
2
2
2
2
2
2
2
2
2
2
2
2
2
2
2
2
1
1
1
1
1
1
1
1
1
1
2
2
2
2
2
2
2
2
2
2
2
2
2
1
1
1
1
1
2
1
1
2
2
2
2
2
2
2
2
2
2
2
1
1
1
1
1
1
2
2
2
2
2
2
2
1
1
1
1
1
1
1
1
1
1
1
1
1
1
1
1
1
1
1
1
1
1
2
2
2
2
2
2
2
2
2
2
2
2
2
2
2
2
1
1
1
1
1
1
1
1
1
1
1
1
2
2
1
2
1
2
2
1
1
2
2
2
2
2
2
2
2
2
2
2
2
2
2
2
2
2
2
2
1
1
1
1
1
2
2
2
2
2
2
2
2
2
2
2
1
1
1
1
1
1
1
2
2
2
1
2
2
2
2
2
2
2
2
2
2
2
2
1
1
1
1
1
1
1
1
1
1
1
1
1
1
1
1
1
1
1
2
1
1
1
1
1
1
1
2
2
2
2
2
2
2
2
2
2
2
2
2
2
2
2
2
2
2
2
2
2
2
2
1
1
1
1
1
1
1
1
1
1
1
2
2
2
1
1
1
1
1
1
1
1
1
1
1
1
2
2
2
2
2
2
2
2
2
2
2
2
2
2
2
2
2
2
2
2
2
1
1
1
1
1
2
1
1
1
1
1
2
2
2
2
2
2
2
2
2
2
2
2
2
2
2
2
2
2
2
2
2
2
2
2
2
2
2
2
2
2
2
1
1
1
1
1
1
1
1
1
1
1
1
2
2
2
2
2
2
2
2
1
1
1
2
2
1
2
2
2
1
1
1
1
1
1
1
1
1
1
1
1
1
1
1
1
1
1
2
1
1
1
1
1
1
1
1
1
1
1
1
1
1
1
1
1
1
1
1
1
1
1
1
1
2
2
2
2
2
2
2
2
2
2
2
2
2
2
2
2
2
1
1
1
1
1
1
1
2
2
2
2
2
2
2
2
2
2
2
2
2
2
2
1
1
1
1
2
2
1
1
1
1
1
1
1
1
1
1
1
1
2
2
2
2
2
2
2
2
2
2
2
2
2
2
2
2
1
1
1
1
1
1
1
1
1
2
2
2
2
2
2
2
1
1
1
1
1
2
2
1
1
1
1
1
1
1
1
2
2
2
2
1
2
2
2
2
2
2
2
1
2
2
1
1
2
2
2
2
2
2
2
2
1
1
1
1
1
1
2
2
2
2
2
2
2
2
2
2
2
2
2
2
1
1
1
2
2
1
1
2
2
1
1
2
2
2
2
2
2
1
1
1
1
1
1
2
2
2
2
2
2
2
2
2
2
2
2
2
2
2
2
2
2
2
2
2
2
2
2
1
1

