4419  3  0  1
   1    -30000  -30000  -30000    1
   2    30000  -30000  -30000    1
   3    30000  30000  -30000    1
   4    -30000  30000  -30000    1
   5    -30000  -30000  30000    1
   6    30000  -30000  30000    1
   7    30000  30000  30000    1
   8    -30000  30000  30000    1
   9    -30000  -30000  0    1
  10    30000  -30000  0    1
  11    30000  30000  0    1
  12    -30000  30000  0    1
  13    900  -100  -600    0
  14    1100  -100  -600    0
  15    1100  -100  -200    0
  16    900  -100  -200    0
  17    900  1100  -600    0
  18    1100  1100  -600    0
  19    1100  1100  -200    0
  20    900  1100  -200    0
  21    199  -1  0    99
  22    201  -1  0    99
  23    200  1  0    99
  24    299  -1  0    99
  25    301  -1  0    99
  26    300  1  0    99
  27    399  -1  0    99
  28    401  -1  0    99
  29    400  1  0    99
  30    499  -1  0    99
  31    501  -1  0    99
  32    500  1  0    99
  33    599  -1  0    99
  34    601  -1  0    99
  35    600  1  0    99
  36    699  -1  0    99
  37    701  -1  0    99
  38    700  1  0    99
  39    799  -1  0    99
  40    801  -1  0    99
  41    800  1  0    99
  42    899  -1  0    99
  43    901  -1  0    99
  44    900  1  0    99
  45    999  -1  0    99
  46    1001  -1  0    99
  47    1000  1  0    99
  48    1099  -1  0    99
  49    1101  -1  0    99
  50    1100  1  0    99
  51    1199  -1  0    99
  52    1201  -1  0    99
  53    1200  1  0    99
  54    1299  -1  0    99
  55    1301  -1  0    99
  56    1300  1  0    99
  57    1399  -1  0    99
  58    1401  -1  0    99
  59    1400  1  0    99
  60    1499  -1  0    99
  61    1501  -1  0    99
  62    1500  1  0    99
  63    1599  -1  0    99
  64    1601  -1  0    99
  65    1600  1  0    99
  66    1699  -1  0    99
  67    1701  -1  0    99
  68    1700  1  0    99
  69    1799  -1  0    99
  70    1801  -1  0    99
  71    1800  1  0    99
  72    1899  -1  0    99
  73    1901  -1  0    99
  74    1900  1  0    99
  75    1999  -1  0    99
  76    2001  -1  0    99
  77    2000  1  0    99
  78    224  -1  0    99
  79    226  -1  0    99
  80    225  1  0    99
  81    324  -1  0    99
  82    326  -1  0    99
  83    325  1  0    99
  84    424  -1  0    99
  85    426  -1  0    99
  86    425  1  0    99
  87    524  -1  0    99
  88    526  -1  0    99
  89    525  1  0    99
  90    624  -1  0    99
  91    626  -1  0    99
  92    625  1  0    99
  93    724  -1  0    99
  94    726  -1  0    99
  95    725  1  0    99
  96    824  -1  0    99
  97    826  -1  0    99
  98    825  1  0    99
  99    924  -1  0    99
 100    926  -1  0    99
 101    925  1  0    99
 102    1024  -1  0    99
 103    1026  -1  0    99
 104    1025  1  0    99
 105    1124  -1  0    99
 106    1126  -1  0    99
 107    1125  1  0    99
 108    1224  -1  0    99
 109    1226  -1  0    99
 110    1225  1  0    99
 111    1324  -1  0    99
 112    1326  -1  0    99
 113    1325  1  0    99
 114    1424  -1  0    99
 115    1426  -1  0    99
 116    1425  1  0    99
 117    1524  -1  0    99
 118    1526  -1  0    99
 119    1525  1  0    99
 120    1624  -1  0    99
 121    1626  -1  0    99
 122    1625  1  0    99
 123    1724  -1  0    99
 124    1726  -1  0    99
 125    1725  1  0    99
 126    1824  -1  0    99
 127    1826  -1  0    99
 128    1825  1  0    99
 129    1924  -1  0    99
 130    1926  -1  0    99
 131    1925  1  0    99
 132    274  -1  0    99
 133    276  -1  0    99
 134    275  1  0    99
 135    374  -1  0    99
 136    376  -1  0    99
 137    375  1  0    99
 138    474  -1  0    99
 139    476  -1  0    99
 140    475  1  0    99
 141    574  -1  0    99
 142    576  -1  0    99
 143    575  1  0    99
 144    674  -1  0    99
 145    676  -1  0    99
 146    675  1  0    99
 147    774  -1  0    99
 148    776  -1  0    99
 149    775  1  0    99
 150    874  -1  0    99
 151    876  -1  0    99
 152    875  1  0    99
 153    974  -1  0    99
 154    976  -1  0    99
 155    975  1  0    99
 156    1074  -1  0    99
 157    1076  -1  0    99
 158    1075  1  0    99
 159    1174  -1  0    99
 160    1176  -1  0    99
 161    1175  1  0    99
 162    1274  -1  0    99
 163    1276  -1  0    99
 164    1275  1  0    99
 165    1374  -1  0    99
 166    1376  -1  0    99
 167    1375  1  0    99
 168    1474  -1  0    99
 169    1476  -1  0    99
 170    1475  1  0    99
 171    1574  -1  0    99
 172    1576  -1  0    99
 173    1575  1  0    99
 174    1674  -1  0    99
 175    1676  -1  0    99
 176    1675  1  0    99
 177    1774  -1  0    99
 178    1776  -1  0    99
 179    1775  1  0    99
 180    1874  -1  0    99
 181    1876  -1  0    99
 182    1875  1  0    99
 183    1974  -1  0    99
 184    1976  -1  0    99
 185    1975  1  0    99
 186    249  -1  0    99
 187    251  -1  0    99
 188    250  1  0    99
 189    349  -1  0    99
 190    351  -1  0    99
 191    350  1  0    99
 192    449  -1  0    99
 193    451  -1  0    99
 194    450  1  0    99
 195    549  -1  0    99
 196    551  -1  0    99
 197    550  1  0    99
 198    649  -1  0    99
 199    651  -1  0    99
 200    650  1  0    99
 201    749  -1  0    99
 202    751  -1  0    99
 203    750  1  0    99
 204    849  -1  0    99
 205    851  -1  0    99
 206    850  1  0    99
 207    949  -1  0    99
 208    951  -1  0    99
 209    950  1  0    99
 210    1049  -1  0    99
 211    1051  -1  0    99
 212    1050  1  0    99
 213    1149  -1  0    99
 214    1151  -1  0    99
 215    1150  1  0    99
 216    1249  -1  0    99
 217    1251  -1  0    99
 218    1250  1  0    99
 219    1349  -1  0    99
 220    1351  -1  0    99
 221    1350  1  0    99
 222    1449  -1  0    99
 223    1451  -1  0    99
 224    1450  1  0    99
 225    1549  -1  0    99
 226    1551  -1  0    99
 227    1550  1  0    99
 228    1649  -1  0    99
 229    1651  -1  0    99
 230    1650  1  0    99
 231    1749  -1  0    99
 232    1751  -1  0    99
 233    1750  1  0    99
 234    1849  -1  0    99
 235    1851  -1  0    99
 236    1850  1  0    99
 237    1949  -1  0    99
 238    1951  -1  0    99
 239    1950  1  0    99
 240    -50  0  0    0
 241    -45  0  0    0
 242    -40  0  0    0
 243    -35  0  0    0
 244    -30  0  0    0
 245    -25  0  0    0
 246    -20  0  0    0
 247    -15  0  0    0
 248    -10  0  0    0
 249    -5  0  0    0
 250    0  0  0    0
 251    5  0  0    0
 252    10  0  0    0
 253    15  0  0    0
 254    20  0  0    0
 255    25  0  0    0
 256    30  0  0    0
 257    35  0  0    0
 258    40  0  0    0
 259    45  0  0    0
 260    50  0  0    0
 261    900  -30000  0    1
 262    30000  -1  0    1
 263    900  30000  0    1
 264    -30000  0  0    1
 265    1100  500  -200    1
 266    1100  500  -600    1
 267    900  500  -200    1
 268    900  500  -600    1
 269    1100  200  -200    1
 270    900  200  -200    1
 271    0  0  -30000    1
 272    0  0  30000    1
 273    1887.5  15016.750541684723  0    99
 274    -42.5  -15014.805  0    99
 275    1100  -7551.3726679554256  0    99
 276    98.718710814520435  -3841.9120886364553  0    99
 277    1837.5  7508.9533138943389  0    99
 278    1550  -2195.6378443353674  0    99
 279    1237.5  3778.9408276709046  0    99
 280    837.5  -1213.9471114176738  0    99
 281    -7.5  2094.556815116222  0    99
 282    1962.5  1959.5147468423763  0    99
 283    725  -612.69029182242093  0    99
 284    875  -325.23598871253097  0    99
 285    1287.5  1096.5364953257667  0    99
 286    1012.5  583.21198838808789  0    99
 287    1612.5  596.90391016705121  0    99
 288    1337.5  362.27487402430222  0    99
 289    1162.5  223.80581376722881  0    99
 290    537.5  485.73714100728017  0    99
 291    865.08699676765684  310.68369984107608  0    99
 292    453.9721670074278  1354.1627485526794  0    99
 293    1125  -259.49686989097967  0    99
 294    774.7528575685958  535.67890261737705  0    99
 295    568.50757199625298  926.94932928063554  0    99
 296    1092.9196261345201  1944.2055789544079  0    99
 297    900  800  -200    1
 298    1100  800  -200    1
 299    874.64093215831144  1237.9834276809224  0    99
 300    841.37553171914192  820.78975474117931  0    99
 301    1308.7398416163276  754.83357877829906  0    99
 302    1092.7130401382024  912.91719281934309  0    99
 303    1069.2941601491887  1132.886966572235  0    99
 304    1987.5  5.9999999999999991  -965.59249999999997    0
 305    900  50  -200    1
 306    1000  -160.46930378345562  0    99
 307    687.5  -25  -225.1825    0
 308    662.5  6.0000000000007532  -115.71038670023212    0
 309    225.00000002241768  -0.24999997235045765  15000.84372500017    0
 310    1587.5  6  -507.25916666666666    0
 311    262.49999999959385  5.9999999943408087  7500.4639955467701    0
 312    1437.4999999999638  6.0000000018763098  3842.2558879500766    0
 313    2.4999999999823785  200  -1012.916666666693    0
 314    2880.4495133625874  997.47449257000358  0    99
 315    249.99999999987131  -491.27181003883277  2105.5336806916866    0
 316    537.5  5.999999999998308  -124.58969506779566    0
 317    -15025  -2503.5100617671183  0    99
 318    15290.078538994005  -6046.8802550030914  0    99
 319    449.99999999996123  -368.66074198247816  1033.7355733753661    0
 320    575  -0.24999999999965627  -68.088866048889628    0
 321    787.5  -174.72065455119963  0    99
 322    1000  -100  -200    1
 323    1525.0000000000036  -0.25000000000555644  -257.51689603180563    0
 324    30000  0  30000    1
 325    1737.5000000000009  6.0000000001066383  1386.4546123169366    0
 326    1300  -0.25  -224.87125    0
 327    1087.5  -104.32539889284625  0    99
 328    437.5  5.999999999999253  -101.69918990208933    0
 329    1737.5000000000121  311.93118691610965  692.05865561612882    0
 330    1587.5  267.92042329561764  312.09736649473012    0
 331    622.53237560488003  250.82046052783107  0    99
 332    1375.0000000000005  -251.13771307554794  559.78122072569306    0
 333    377.26488098553108  279.90477243308322  -594.72017974574123    0
 334    287.5  5.9999999999997096  -160.57883675467815    0
 335    -12.5  554.2445437025541  0    99
 336    1787.5  324.51710869315593  0    99
 337    1787.7731241887429  -979.66330714806725  0    99
 338    123.07742087302029  288.88686904695663  0    99
 339    1570.6667797159591  -514.40737711893587  0    99
 340    762.50000000000023  164.80753642881299  688.69871919601781    0
 341    1612.5  -259.27920966749275  0    99
 342    37.500000000002089  157.10798550742825  -269.12019894451487    0
 343    1837.5  5.9999999999902229  365.79261606195257    0
 344    799.99999999999955  -25  -137.62000000000023    0
 345    2122.7217345841095  -540.08032108021723  0    99
 346    512.50000000000011  -305.14234879178753  475.90277385635068    0
 347    962.50000000000045  5.9999999999874944  391.56781798465914    0
 348    -1483.3836700011045  -1979.3201072653058  0    99
 349    362.5  -414.14944823133783  0    99
 350    250.00000000000193  -0.25000000000534328  408.01136634387296    0
 351    1462.4999999999998  -173.44109632583394  265.44285215944126    0
 352    1537.5  6.0000000000002274  203.62719118958071    0
 353    1037.4999999999995  -64.120434066231098  203.98866405876493    0
 354    274.9999999999996  -0.24999999999972466  -80.892704600840617    0
 355    1262.4999999999998  5.9999999999985647  237.68967943772745    0
 356    1426.0559131052337  0.27795655261594809  -147.76414224640206    0
 357    1851.2435072919532  -429.41961493427937  0    99
 358    1962.4999999999989  5.9999999999930278  -392.06350353520179    0
 359    1250.000000000002  -0.25000000000154454  119.25240895043127    0
 360    2075.5603009909369  -267.44689453235202  0    99
 361    1062.5000000000002  5.9999999999994884  115.13384960593844    0
 362    371.44885075061245  252.06147836240814  0    99
 363    12.500000000000341  165.59551396420665  273.2229463613408    0
 364    1230.7305730601929  -151.82814645778825  0    99
 365    1687.5  6.0000000000012736  156.61656633169164    0
 366    687.49999999999955  5.9999999999982174  292.11939231715724    0
 367    1674.9999999999998  -0.24999999999987921  78.926832035030202    0
 368    687.5  5.9999999999999343  -59.772696232331867    0
 369    1100  50  -200    1
 370    1737.5  6.0000000000002061  63.308681328109444    0
 371    771.1258795399699  170.07198658233088  0    99
 372    1337.5  6.0000000000004077  -99.91559119834227    0
 373    1554.3877874316711  246.71400756725865  0    99
 374    1062.5  5.9999999999990177  56.77979746978118    0
 375    890.43358845722378  -118.14440677421766  0    99
 376    8050.7926334071662  -5438.6203682090436  0    99
 377    837.5  5.9999999999995461  184.26111411813753    0
 378    357.40208693060606  3.4510434653033886  -82.125037551006884    0
 379    325.00000000000023  -0.25000000000015632  -47.528454693834    0
 380    1837.5  -215.27590387205407  -219.67793725415765    0
 381    312.5  -210.44021263336651  0    99
 382    1387.5  -157.44803073985739  0    99
 383    1687.4999999999995  5.999999999995894  -179.75328156801837    0
 384    1311.162938720589  -97.517826977107376  0    99
 385    1338.2970338093646  181.44876605193826  0    99
 386    1424.9999999999993  -83.715123354332192  135.85193214006742    0
 387    312.49999999999989  5.9999999999971374  208.61837635954177    0
 388    1412.5  6.0000000000002762  -74.001364480826354    0
 389    -30000  15000  0    1
 390    123.31214139727341  -177.4909318062613  0    99
 391    1000  8.3333333333333286  -200    0
 392    1025  -71.560521481690259  -91.135041866563341    0
 393    981.42485187476962  2.9624259373842734  85.956823537860146    0
 394    987.5  179.78352552046707  0    99
 395    1708.7928431599389  172.21323584970202  0    99
 396    1487.5  5.999999999999531  107.50721142883978    0
 397    837.5  5.9999999999996554  -76.752159569830113    0
 398    437.49999999999977  6.0000000000014113  141.32354489536419    0
 399    1149.9999999999995  -0.25000000000038725  90.979122980711054    0
 400    807.33203707189989  -88.876945022792327  0    99
 401    925.00000000000023  -0.25000000000018208  61.548904244647744    0
 402    1867.3878776500023  -215.46297110008842  0    99
 403    812.5  6.0000000000011831  93.334690666215749    0
 404    787.5  5.9999999999994342  49.044542904731863    0
 405    1112.5  -25.535745184794152  52.696523235058024    0
 406    -387.59528013486761  -1400.5813239386518  0    99
 407    1129.8591011748144  1028.1034357545359  972.76988258590757    0
 408    637.5  -152.23882636019684  0    99
 409    1387.5473532835319  -78.804831843429525  0    99
 410    1012.5  -79.242562959441187  0    99
 411    687.5  5.9999999999998401  124.62260289059282    0
 412    1137.5  113.45483185826906  0    99
 413    1161.3562874355744  1536.2094234586286  531.6265393057048    0
 414    1410.0732944243946  186.35665942366956  208.84785421329974    0
 415    1575  -132.86001349886718  0    99
 416    1837.5  5.9999999999998721  109.20097245308568    0
 417    825  -46.708885183047506  0    99
 418    1774.9999999999986  -0.25000000000163514  -111.27750182222201    0
 419    1300.0000000000002  -49.899267735800358  70.413875031509534    0
 420    1533.9172770074133  1599.2682484758379  0    99
 421    1612.5  6.0000000000007576  -105.01892345198931    0
 422    1275  -56.028430467106304  -73.600992671190838    0
 423    712.5  5.9999999999999343  -33.598327230134444    0
 424    1483.3706395029603  -98.560571456169001  0    99
 425    1591.572822695646  126.52618317484693  0    99
 426    849.99999999999989  -0.25000000000018563  -39.638259253778863    0
 427    1262.5  5.9999999999998614  59.685165548303118    0
 428    -212.06273733823281  -755.65158154966787  0    99
 429    287.5  140.25478714606388  0    99
 430    1164.5505669565687  -707.39032885000586  0    99
 431    93.313057711926831  1028.5103622485169  917.26968134877359    0
 432    1524.9999999999993  -0.25000000000085087  -89.139764851875697    0
 433    1287.5  -51.474486933839543  0    99
 434    1995.2345887262629  -146.30473224430713  0    99
 435    719.93127076399867  -113.89789127824109  0    99
 436    32.500000000000711  -111.95959560907303  255.37096733286143    0
 437    1262.5  6.0000000000007674  -62.76839464431589    0
 438    2425.6380246658355  512.1255652538473  0    99
 439    1780.0400270926643  -699.98881021328634  -473.94158865663854    0
 440    -37.499999999999304  28.288635876875333  174.21205198260881    0
 441    812.5  6.0000000000000639  -35.764109600744945    0
 442    1275  -0.25000000000003375  31.465682904812972    0
 443    937.5  96.94647744431019  0    99
 444    472.38586165383663  -166.74201560717512  0    99
 445    6228.3060419411577  -1607.8810702762462  0    99
 446    1137.5  -25  -115.8075    0
 447    764.50260013441175  1658.868709077942  0    99
 448    -236.27811869162187  -355.25377898916298  0    99
 449    230.4868253560663  -121.72951809363677  0    99
 450    -85.383081245973983  -207.91136662032756  0    99
 451    1600  -0.24999999999955341  75.087787064766246    0
 452    375.00000000000148  -0.25000000000046185  84.614684550614982    0
 453    1937.5  197.29111753969215  0    99
 454    1137.5  6.0000000000003872  -61.270328157718708    0
 455    962.5  51.416006880434146  0    99
 456    1045.6756558471848  94.633590869424637  0    99
 457    839.07341069285428  98.836471764265681  0    99
 458    1262.5  106.71060788795936  0    99
 459    1565.5080886376541  877.60947344796534  -454.29289491402608    0
 460    687.5  105.75530302732983  0    99
 461    1399.9999999999998  -0.24999999999906741  89.536089036911335    0
 462    800  -0.24999999999995204  26.497516693985876    0
 463    637.5  -76.182190797517165  76.230528739124253    0
 464    637.5  6.000000000000882  71.614389112449544    0
 465    335.64473285482859  -106.77687039630932  0    99
 466    962.5  5.9999999999998677  41.043217387222221    0
 467    1326.9094797606397  0.70473988031974644  58.505984719432689    0
 468    557.02183147719791  134.40097851097158  0    99
 469    -8451.2502946925724  2849.277769882337  0    99
 470    1937.5  5.9999999999990736  -173.65030791910431    0
 471    287.5  70.066371567245838  0    99
 472    500  -86.168375293089966  0    99
 473    1726.0954582036152  -156.81169163868293  0    99
 474    262.5  6.000000000000024  -40.533272994130435    0
 475    200.00000000000006  -38.738538175351067  -75.561819976376469    0
 476    -204.48148987565921  288.84305637527137  0    99
 477    1485.3108283223669  -209.20320083642952  -192.81466185621045    0
 478    -40.688925993603192  190.86115824261233  0    99
 479    1187.5  -82.171063843370391  0    99
 480    937.49999999999989  5.9999999999995106  -102.34007802959482    0
 481    662.5  6.0000000000001599  38.905384776790761    0
 482    0  -30000  -30000    1
 483    563.31313619202297  -130.51832263530113  -115.78281603821347    0
 484    1125  -0.24999999999989342  -32.216271980723889    0
 485    -17.500000000000853  96.822890405672325  -129.50356817926095    0
 486    1162.5  6.000000000000183  -34.256411208936093    0
 487    2031.4937768417092  673.68489230547482  0    99
 488    600  -0.25000000000008166  -38.622549361059626    0
 489    -8488.6800051385744  -9902.7033327068093  0    99
 490    1237.5  5.9999999999999902  33.560005654053548    0
 491    652.81537902270884  -77.383982831883287  0    99
 492    437.5  5.9999999999999805  -49.958486574593991    0
 493    4264.7009671181067  -4890.9691151835186  0    99
 494    759.08683292135572  -85.5118859552461  94.283447550602773    0
 495    320.66587748278135  566.66123139209367  602.36847292484345    0
 496    537.5  6.0000000000001714  -43.326879431265326    0
 497    576.17023700188065  -77.64539877285722  0    99
 498    0  -30000  30000    1
 499    188.79101216258414  105.16057935665486  138.25074864289553    0
 500    974.99999999999989  -34.606675453155461  -60.573703216555863    0
 501    1962.5  6.0000000000011351  -88.102865486003097    0
 502    1037.8333853716147  349.5415910103419  313.70051115198345    0
 503    662.5  5.9999999999999343  -33.598327230134444    0
 504    650  -0.25000000000001688  -19.682491684838283    0
 505    15000  -30000  30000    1
 506    1750.3488808149179  -297.89873190649769  279.36862182728697    0
 507    1625  -0.24999999999989947  41.69528435351797    0
 508    637.5  -39.861705345591062  0    99
 509    191.03668642143566  -348.24394023796151  -394.93466745535216    0
 510    562.49999999999989  67.227330546138717  69.539777870955618    0
 511    925  -0.24999999999995914  -52.116637863119379    0
 512    1937.5  6.0000000000004192  99.55773239126114    0
 513    1700  -81.087880208755067  0    99
 514    1892.7740689578204  -109.64360925762001  0    99
 515    1233.6728960957291  -54.355248746952924  0    99
 516    1312.5  5.9999999999999396  29.718097655938148    0
 517    425.65423543967518  132.38148881520016  0    99
 518    1637.5  6.0000000000000577  -54.622176203604326    0
 519    -27.5  -111.99805528070389  0    99
 520    462.50000000000011  6.0000000000005924  72.231751464018558    0
 521    136.23669227947241  138.18280490462774  0    99
 522    700  -0.2500000000000453  38.007321886126007    0
 523    663.18437986281083  2901.1336929655668  -2133.1503505029846    0
 524    1150.782394248572  -153.20216010895831  134.23636601355798    0
 525    1787.5  5.9999999999998916  -55.701937538101078    0
 526    837.5  49.132361371234055  0    99
 527    752.38604180765537  -62.105326018327176  0    99
 528    -4124.7569890488867  -6971.8060314726172  6436.9869667940802    0
 529    -7714.2304527143215  -3528.9310195559933  0    99
 530    492.10868378467558  83.260509571976712  0    99
 531    4285.6510865100499  -650.51447024120978  0    99
 532    756.18771447525899  108.63414605490978  -124.02642997175442    0
 533    1050  -482.51196553766408  -333.63667723296828    0
 534    1050  -49.1013681924248  0    99
 535    1174.9999999999998  -0.25000000000025746  48.915828306162219    0
 536    1141.7476599879894  1532.7338765504526  0    99
 537    312.50000000000006  5.9999999999994795  64.549713797407705    0
 538    700  -0.25000000000001688  -19.682491684838283    0
 539    1099.8951233158405  63.514899214398049  0    99
 540    900  -59.958548037691337  0    99
 541    32.500000000000391  -72.042833003726031  115.14651960052842    0
 542    387.5  6.0000000000001101  -45.513850381254429    0
 543    786.47480694394847  -54.706838950382284  49.699280457577693    0
 544    369.98475215231446  327.12926615641561  346.29269180363463    0
 545    1325  -29.577710346119304  -52.982038050211784    0
 546    1287.5  56.072441889571749  0    99
 547    613.24967984844989  79.032868307517646  0    99
 548    1862.5  5.9999999999995994  56.632290477144394    0
 549    337.5  52.500560403252599  0    99
 550    1687.5  5.9999999999999618  39.552501691153708    0
 551    1137.5  42.318065286326117  0    99
 552    2036.0168261564115  -206.46512034000983  291.24717538315628    0
 553    -6086.1146238326965  11315.787658355153  0    99
 554    1612.5  5.9999999999999547  -31.373082980456587    0
 555    418.68063654728292  -103.31743194537445  0    99
 556    1141.7084808533145  170.50876535201101  188.12911299276351    0
 557    12.500000000000004  18.70423116961679  93.522810951076238    0
 558    1087.5  -38.293550649441073  0    99
 559    30000  0  -30000    1
 560    549.99999999999989  -43.784032458498139  83.204924273902719    0
 561    950.00000000000011  -319.87106428709876  -212.97375624162731    0
 562    1100  200  -600    1
 563    900  200  -600    1
 564    881.40034849396886  -66.381826486232839  -82.538771096772564    0
 565    662.5  54.557383911539006  0    99
 566    1337.5  6.0000000000000355  -38.200397515760301    0
 567    1624.8102363344094  -76.335447773423141  0    99
 568    15000  -15000  -30000    1
 569    1725  -0.24999999999999911  33.184541545951618    0
 570    451.46752952132408  -57.410811078102483  0    99
 571    1460.1899360366833  132.10591726910252  0    99
 572    30000  14999.5  0    1
 573    750.00000000000011  -31.591065516880114  34.185160029335279    0
 574    1525  -0.25000000000029399  60.468271553165167    0
 575    750  -0.25000000000009681  -38.284608264006366    0
 576    1037.5  6.0000000000000231  32.297538597785206    0
 577    966.93535710800302  3.7823214459984777  -42.387595763323333    0
 578    1523.8725176262653  82.014503261439444  0    99
 579    -5279.7939255426481  -15.938333234055335  0    99
 580    3219.9653150722206  -286.25661436297173  0    99
 581    375.1942849634919  154.53852521225397  -163.4785881442948    0
 582    1225  -0.24999999999996536  19.666623318054569    0
 583    330.11400989007609  1790.974562425135  693.72434185915938    0
 584    1612.5  64.885155298766819  0    99
 585    1459.8767189656703  66.18130694016881  0    99
 586    1371.7057457752373  94.934472417368113  0    99
 587    437.5  5.9999999999999227  39.187585824911118    0
 588    900  -0.24999999999993752  -32.039494287090264    0
 589    212.33487051485361  105.16057935665486  0    99
 590    1143.9061639312431  -66.394193378717745  -56.199136727718653    0
 591    412.5  66.75461912143443  0    99
 592    1937.7150955772095  -5335.3848498085554  -12351.416842506411    0
 593    37.500000000000057  -74.833060023443039  -168.55019220776342    0
 594    475  -34.104973159736716  -44.172374982478814    0
 595    -416.34903646544234  1325.7197269947601  0    99
 596    762.23810899740488  79.323897038139222  0    99
 597    512.5  -43.725085015535583  0    99
 598    350  -54.857804465939282  0    99
 599    682.00417917534207  77.627514251773107  79.721178128321483    0
 600    1101.4191578138084  799.99999999999977  -2595.7071342228573    0
 601    69.070223250513038  -96.009251841868078  0    99
 602    1212.5  64.940993671940078  0    99
 603    1695.7549957991689  87.050407805882955  0    99
 604    1087.5  32.236567241411684  -36.744507555934469    0
 605    1062.5  5.9999999999999929  -33.777378732897738    0
 606    887.5  49.413105843965113  0    99
 607    1287.5  5.9999999999998392  -34.919017692461821    0
 608    1197.1425692829835  1.1787153585082151  29.406596096226998    0
 609    1837.5  5.9999999999998916  -48.664876709092447    0
 610    -2747.6454285473469  228.16860480349885  0    99
 611    1709.9019361865994  4.7009680932995526  -74.288183295359218    0
 612    393.24716801297626  3.1264159935120928  44.046029491334004    0
 613    637.5  5.999999999999992  25.155630459126428    0
 614    2282.0579848462185  198.9042707193517  0    99
 615    622.12548718936284  -73.505597870176402  -82.73288398746611    0
 616    3234.7163759015775  -1984.1334587111246  0    99
 617    715.72555400061515  53.423561527946781  0    99
 618    1962.2582339311907  -76.958150212880284  0    99
 619    0  30000  -30000    1
 620    337.5  6.0000000000000222  -23.912165041194921    0
 621    916.78724398180179  120.79232165390471  142.23907211218614    0
 622    850  -30.680248969223708  56.683843337348975    0
 623    1798.819552740752  0.34022362962384634  61.58934939258797    0
 624    1112.5  5.9999999999999254  34.064645682685146    0
 625    362.5  6.0000000000000213  30.791067562011108    0
 626    512.5  -20.814856880554743  50.069235503004613    0
 627    237.5  6.0000000000001092  -25.740534448314524    0
 628    773.05459649328304  0.72270175335851494  26.894177237952185    0
 629    600  -25.80393629063542  48.385009785788597    0
 630    1112.5  27.331490885721781  0    99
 631    400.74108902688425  -55.843209740552716  0    99
 632    1287.5  27.117634854910797  0    99
 633    864.8086816916657  -40.2653745118198  0    99
 634    395.61809039884986  87.528677936025971  -88.629931715870242    0
 635    -27.500000000000639  -55.97112537015478  -88.552028941449308    0
 636    3525.774901553797  -1132.6022578386119  2021.9840288582288    0
 637    1203.117809343506  -79.450799904580251  94.088362405739502    0
 638    1409.2429555965641  258.74401028649567  -263.64224236935911    0
 639    1649.9372808773342  -148.68677080706988  -144.04219606222037    0
 640    437.5  6.0000000000001172  -23.16523717514853    0
 641    10810.366600912368  -15978.975678769795  0    99
 642    312.30684438700257  -112.5061201751291  136.5840450784728    0
 643    437.5  37.44169793573252  0    99
 644    989.93055555555554  125  -200    0
 645    1441.7010774545477  -58.406096882430603  0    99
 646    1212.5  -30.639296715961709  -53.940932842236677    0
 647    862.5  6.0000000000000249  39.9893381695789    0
 648    1037.5  47.339356458815956  0    99
 649    -1083.8351737287715  -386.69009556764041  1307.0283636719498    0
 650    1075  -0.25000000000017941  30.096051351083918    0
 651    900  -100  -400    1
 652    537.5  53.703983162260421  0    99
 653    31.236337330919355  108.97894857983182  0    99
 654    1829.2663886976327  128.93883899982785  0    99
 655    700.16364206878302  -53.862334829584938  0    99
 656    1798.8720612318748  -95.902059403513761  0    99
 657    276.80864788443421  -70.24849089972335  0    99
 658    -47.5  29.142915920041673  -82.608509827298647    0
 659    -415.14657528451551  -2675.1718978676081  1904.4509972195331    0
 660    1610.017190279779  875.25870316109149  -1586.2560854313338    0
 661    287.5  6.0000000000001092  -25.740534448314524    0
 662    2595.5506574212109  244.71888623610749  -651.77833813915538    0
 663    4430.331016420967  -1051.374207565435  -4057.7218933155059    0
 664    592.26904669850398  240.17287273735155  255.20636971111469    0
 665    1312.5  23.032639188193102  0    99
 666    958.11928544608145  -58.695429489408589  0    99
 667    1664.3205710944601  -48.406666524492891  0    99
 668    987.5  5.9999999999999449  25.927495807838071    0
 669    8919.5737588566208  5304.031040850412  0    99
 670    -3901.3474903355482  6141.8612738613392  0    99
 671    1875  -0.24999999999983036  -39.166031878582103    0
 672    1250  -0.25000000000014744  -32.927569596516072    0
 673    717.42875864547148  3.5356206772642378  -16.302304941015279    0
 674    537.5  6.0000000000001261  -19.571782038237039    0
 675    1075  -21.728234414783447  -24.207867176498976    0
 676    448.40170405370361  -99.079805422671072  -391.97687692472653    0
 677    1487.5  38.245328894578023  -52.11239627747716    0
 678    1851.627017672216  -63.111893203302785  0    99
 679    -4280.1810971314035  2870.1491685872911  5050.8565422597821    0
 680    37.499999999999943  54.640803837786677  -70.86098493114612    0
 681    1340.8598003472719  -53.484250742994476  0    99
 682    -1483.4376621796553  567.5948553639339  0    99
 683    1412.5  6.0000000000001856  -35.776042659294617    0
 684    804.21547962031639  75.062959779814491  0    99
 685    1923.4685709565347  99.641087371763817  0    99
 686    2648.3327841616433  -242.1737503611385  0    99
 687    1437.5  -28.704888363762219  52.117705681359141    0
 688    1912.5  5.9999999999998028  48.788123154914828    0
 689    1546.2852514424442  -70.028622104117773  0    99
 690    753.33557717852739  40.59686685337465  0    99
 691    17.5  55.32650275112907  0    99
 692    707.28330344702022  -198.28582812343217  -137.047403163083    0
 693    379.26135004032375  -170.93048922253672  -185.24237468140205    0
 694    0  30000  30000    1
 695    607.83284084058471  -396.41608690325779  0    99
 696    1787.5  71.176218143928025  0    99
 697    -30000  0  -30000    1
 698    2818.2737251184471  -1154.6426692042551  0    99
 699    1900.3368344803416  199.34361964896911  237.4967942575264    0
 700    1162.5  -44.620788432249242  0    99
 701    -1806.0060118169213  10074.888633236293  -9903.3880617271334    0
 702    893.33231461704975  -30.583884556048986  0    99
 703    1137.5  19.768213228976816  0    99
 704    1987.5  -42.302594392109093  64.820321286829795    0
 705    1563.759674933483  50.546623295588489  0    99
 706    1212.5  31.748667215979562  0    99
 707    1712.5  44.746555311094617  0    99
 708    1712.5  6.0000000000002043  -35.980968706310883    0
 709    1100  -0.24999999999993353  -25.783952924938141    0
 710    2674.2627062849415  208.63743421690762  876.52965699529148    0
 711    286.59416363368302  -120.13469693066463  -114.13887733535275    0
 712    1075  -0.24999999999995204  15.022067120684166    0
 713    -3824.7141852595946  -1854.4599129860676  -6270.5887715632507    0
 714    -1819.1960913475004  -705.86974428282565  0    99
 715    1844.6581966368758  -110.7328889169485  -121.88039527470946    0
 716    687.5  32.154839237106444  0    99
 717    1512.5  6.0000000000000551  30.350415766392111    0
 718    1937.5  5.9999999999999556  28.941787246171707    0
 719    1100  -21.728234414783429  0    99
 720    1037.5  6.0000000000000382  -23.457434731639182    0
 721    1337.5  6.0000000000000044  22.325038157729079    0
 722    912.5  5.9999999999999636  30.888690549251116    0
 723    1062.5  29.227473976060185  0    99
 724    937.5  6.0000000000000684  -26.193232661383682    0
 725    1512.5  41.34113419645351  0    99
 726    687.5  5.9999999999999698  19.188658192305315    0
 727    1387.5  48.463371781268584  0    99
 728    1562.5  6.000000000000032  40.686414860569712    0
 729    250.00000000000003  -0.24999999999972466  62.823017130503167    0
 730    1195.6202956918023  -51.975635487428946  46.158812806852517    0
 731    -30000  0  30000    1
 732    500  -4.4126158354195475  -38.997097728999691    0
 733    662.5  24.100327960858248  0    99
 734    1162.5  22.871976244941102  0    99
 735    337.5  25.233306417491207  0    99
 736    328.48294625536028  1.4914731276801509  34.315213932151913    0
 737    825  -23.843503799251799  25.680635705681695    0
 738    637.5  22.69612382987934  0    99
 739    1737.5  5.9999999999999636  -24.156938675467345    0
 740    2100.6827821870261  -1002.7117098862695  1072.2362382450879    0
 741    1910.12212128743  -56.323896810467794  0    99
 742    812.5  29.935565717286647  0    99
 743    1554.3670421528741  99.557448076523713  109.50115194256641    0
 744    -4498.5258423920322  -3157.3473693510946  0    99
 745    321.92564150604079  -1943.8115470779107  -2431.3164211612102    0
 746    312.37623805182096  5.9381190259104715  -21.441860054183241    0
 747    562.5  -39.679050717116262  0    99
 748    712.5  -27.619730094357873  0    99
 749    1787.5  6.0000000000002922  30.623503402924197    0
 750    15000  30000  -30000    1
 751    637.5  8.2471882928778228  0    99
 752    362.5  22.788259549299774  0    99
 753    1024.12443129855  -57.132457671409902  70.961443028460224    0
 754    1912.5  50.138365791613523  0    99
 755    1300  -27.775149143935341  0    99
 756    612.5  6.0000000000000178  21.397908224668569    0
 757    718.39137261656424  -53.049599504791843  -64.251716111384837    0
 758    425  -0.24999999999998845  -15.764531307377002    0
 759    -27.5  -13.303007681023416  -53.521134392566381    0
 760    -2488.3267371689658  1412.7675678049113  -3569.1496313700904    0
 761    1487.5  5.9999999999999947  22.485651394341907    0
 762    2355.6709479104838  -112.58472852159821  0    99
 763    362.5  6.000000000000016  -21.234832463054051    0
 764    1753.8415524524169  -59.091854112160732  0    99
 765    19783.575048330225  3938.1418492312969  0    99
 766    1744.586494459902  3407.5520055956376  3387.6871894376322    0
 767    762.5  19.885945140469378  0    99
 768    725  -0.25000000000000977  -10.300913495536301    0
 769    1437.5  5.9999999999999778  -24.089797253076807    0
 770    1900  -0.24999999999988623  -27.541921527846831    0
 771    975.98678547993313  -468.57060459301857  436.86753118226437    0
 772    483.70469511431133  4.10234755715544  38.662151399085303    0
 773    1850  -0.25000000000010747  30.026741776056312    0
 774    1818.753640132976  2.8731799335119583  30.725422668774328    0
 775    -30000  -15000  15000    1
 776    689.50384233885006  45.466687081813795  45.563860741849453    0
 777    372.42508834730535  73.977367597266664  65.105782353487456    0
 778    437.56795649845316  -30.005665427978297  -36.56186187487107    0
 779    1703.8083848972005  1.6541924486003283  23.188395291605431    0
 780    1896.611416549348  -156.35635508593438  179.52597781375272    0
 781    1987.5  6.0000000000000782  49.009049558871709    0
 782    1521.0547697751495  350  -968.95985243865744    0
 783    1612.5  31.71968009775911  0    99
 784    215.84762679978607  -61.977057297938565  0    99
 785    1825.1230298703827  68.145040963960071  62.169301878122432    0
 786    30000  -15000  30000    1
 787    387.5  -28.814328407261673  0    99
 788    667.42875864547148  3.5356206772642378  -16.302304941015279    0
 789    1362.5  6.0000000000000053  21.100911946658375    0
 790    625  -22.428320342052285  -26.523711432356361    0
 791    675  -0.25000000000000977  -10.300913495536301    0
 792    478.64789631458723  -35.691405032219066  0    99
 793    649.00085843291242  350  -1236.2820962642181    0
 794    495.14372808364487  68.013742934348258  -83.958287249531907    0
 795    1262.5  23.032639188193102  0    99
 796    1631.5545945587078  -132.48769102219109  139.31769172499432    0
 797    1187.5  6.0000000000001741  -23.605095394433    0
 798    234.70450856944504  55.030275088489418  0    99
 799    783.82320848198219  83.069107226112649  80.320762387611651    0
 800    1962.5  49.417656102459574  0    99
 801    1215.8411391616285  48.344830443959836  -60.726497186191494    0
 802    1312.5  5.9999999999999707  -23.81349629095498    0
 803    785.60133382634285  -39.825837203001953  0    99
 804    387.50000000000006  6.000000000000032  -20.765773063508441    0
 805    -936.819665164919  2.1625695299021004  0    99
 806    621.22600826463531  53.472351353468667  48.385009785787076    0
 807    1775  -0.24999999999994404  -29.590136278865351    0
 808    712.5  24.100327960858248  0    99
 809    875  -21.455055223582281  -26.245331183106519    0
 810    1332.0289556535859  67.759318988043077  49.790332568096844    0
 811    1512.5  6.0000000000001705  -40.289963437309822    0
 812    1362.5  29.66970422359428  0    99
 813    437.5  17.077013624689364  0    99
 814    147.53412361853211  60.023744787639046  0    99
 815    -684.17155083820614  -583.27276954293143  -917.36719238299634    0
 816    787.5  5.9999999999998321  -24.085900009352027    0
 817    400  -0.25000000000003864  22.652338494554776    0
 818    204.744193687973  -127.31518211745086  -329.76303371936967    0
 819    559.00299872853032  -194.53986546664794  268.84213142699986    0
 820    1337.5  22.653946707129716  0    99
 821    582.23804131993882  45.843033263830776  0    99
 822    -7.5000000000000924  33.255056109574923  44.086003371342137    0
 823    1199.5801814711153  -38.566680344771974  0    99
 824    987.5  5.9999999999999805  -24.102344957804071    0
 825    2006.8385790536665  431.07992909363406  -353.14126036370772    0
 826    925  -0.25000000000004796  18.580606419964042    0
 827    1887.5  30.338877537137325  0    99
 828    2171.84155323916  -116.40384241651498  -195.7065649373302    0
 829    687.5  14.069783504451548  0    99
 830    499.19915746644017  -24.432435971312689  0    99
 831    14.116744743144082  -63.727614082448461  0    99
 832    712.5  9.168177363945718  0    99
 833    1012.5  -38.293550649441066  0    99
 834    2201.0199587834572  15.310044764884868  0    99
 835    1378.1435695364398  -40.441175895987492  0    99
 836    309.23520795545954  -42.726661222319173  0    99
 837    -30000  15000  30000    1
 838    344.95061782753783  51.867087299158243  -55.937637630964019    0
 839    5950.1240807013119  -6600.1582945425071  8431.8367901511792    0
 840    1250  -0.24999999999996536  19.666623318054569    0
 841    500  -0.2499999999999849  -19.70067763191274    0
 842    -2793.6432027417586  3310.8093017650981  0    99
 843    1600  -42.746466664066169  0    99
 844    1047.3018494458336  35.642227996666136  -122.52449035903817    0
 845    1852.7625464938596  -60.196213462885986  -71.646781877657588    0
 846    1087.9084902888021  39.052001734563873  0    99
 847    800  -0.25000000000002781  13.219274451991662    0
 848    -498.09777665420876  -94.034104563940673  -530.57659506765208    0
 849    1587.5  6.0000000000000204  -22.758686747301489    0
 850    1125  -0.25000000000004502  -16.083885822606117    0
 851    323.00825731817923  -71.001899049212739  71.396099031443228    0
 852    417.80469543505023  -30.726218934589578  0    99
 853    1750  -0.25000000000003608  25.985763510199657    0
 854    2149.6586524177865  -131.11265456679365  0    99
 855    912.5  30.047700704473272  0    99
 856    682.97960721437846  -29.763415297952466  0    99
 857    1063.6069170038231  -25.852449400215313  0    99
 858    862.60810315531569  30.01978905910596  0    99
 859    1512.175453749883  2834.2316988184998  1055.8546893787693    0
 860    -32.499999999999993  -32.149982353121345  65.854499616915234    0
 861    -785.79333202747262  695.09463901739889  0    99
 862    1200  -0.25000000000001954  -15.906534500966    0
 863    825  -23.843503799251796  0    99
 864    1850  -10.024733624428851  -27.729100311774943    0
 865    1900  -0.24999999999996203  -13.742594914459712    0
 866    1130.9786749063994  -33.915268367328551  0    99
 867    -1419.3553822374415  675.42282808699213  -1608.2104599443953    0
 868    -30000  -15000  -15000    1
 869    1612.5  5.9999999999999458  21.016276354676659    0
 870    1148.7928789605639  31.043139257651468  38.884948657846721    0
 871    1209.8234842434865  -844.62949508409451  1244.440966158199    0
 872    1962.5  23.595263779661686  -42.024241936969226    0
 873    1537.5  5.9999999999999192  -25.651936331439124    0
 874    250  -0.24999999999999289  -16.633786594530861    0
 875    -3553.0015937111702  -1500.8346036742687  2068.9578897384508    0
 876    1700.5635819565205  73.322221504258181  76.55335583010023    0
 877    632.03595323796742  3.2679766189837274  12.233387425076668    0
 878    1365.9295312655208  -107.6990740352211  -139.9166674776589    0
 879    900  -0.24999999999993752  -15.995363175652269    0
 880    1400  -26.763809806611551  33.208475799622718    0
 881    999.99999999999989  800  -1095.499800410367    0
 882    699.35883567273322  -26.610244005743713  -46.073114611733402    0
 883    1187.5  22.651755064390581  0    99
 884    1825  -0.24999999999999334  16.130947543769519    0
 885    497.75125781644522  42.293041282420575  0    99
 886    193.92910704881336  2.7854464755932211  -49.169290275433283    0
 887    987.5  30.856824608379799  0    99
 888    1819.6199459919612  97.597784592405503  -102.77232602714659    0
 889    739.34514502634397  962.29904369071869  551.35215067958359    0
 890    1037.5  22.483746313857239  0    99
 891    -1670.7785942710689  2239.4850500888606  1641.4486380353389    0
 892    1662.5  -23.34344518803012  -35.133535796370907    0
 893    1236.2920804525177  -37.189240517881949  40.099986993063553    0
 894    48.797646814558902  -381.16961583900957  701.32624741182303    0
 895    -506.21739742381055  -19.094638583733399  0    99
 896    825.18749461851564  35.81172157153695  46.069870238909978    0
 897    626.90371021678573  -25.618125841499712  28.415747137774503    0
 898    1075  -0.24999999999995293  -19.756733117447439    0
 899    743.61149261384276  -31.945073170673759  0    99
 900    287.5  6.0000000000000915  35.712130078510128    0
 901    1616.3442894445566  48.302417698262964  46.539910200885579    0
 902    1000.0000000000002  1724.5461187604287  -585.97793257085539    0
 903    922.22846607995382  -83.201078807686727  156.50876612452976    0
 904    537.5  25.86965580093926  0    99
 905    1632.2193544665283  -44.905327642141962  0    99
 906    12.499999999999931  -31.835278306170604  -35.389963043138103    0
 907    -1017.7977133561783  -800.76100555285302  0    99
 908    1646.8115058483559  103.44740928479686  -90.640447459708    0
 909    1787.5  34.974840188768148  0    99
 910    437.5  4.380546411756872  0    99
 911    795.49436353357646  125.29229398901803  -58.882683339167954    0
 912    1002.7829359348772  68.574945646927276  61.03948931978978    0
 913    37.499999999999972  -34.217656773547063  58.783222214840485    0
 914    -15000  -15000  -30000    1
 915    912.5  12.834308732580352  0    99
 916    404.11224521851653  34.28369826961071  0    99
 917    1887.5  5.9999999999999556  28.941787246171707    0
 918    -281.10864067697486  62.128596946340537  0    99
 919    1100  -100  -400    1
 920    1962.5  6.0000000000000133  22.137144435891081    0
 921    1375  -19.60232205799149  21.56141393539653    0
 922    1512.5  19.233958186351686  0    99
 923    587.5  6.0000000000000551  -19.493325066025331    0
 924    887.5  5.9999999999999964  22.627394994594319    0
 925    1450  -0.25000000000001776  35.31068155403652    0
 926    1387.5  5.9999999999999778  -24.089797253076807    0
 927    249.74808972501191  -40.907495381779917  0    99
 928    13846.801840473301  606.22944911767172  0    99
 929    375  -17.697991969212758  22.508341524466118    0
 930    800  -0.25000000000000888  6.5505379159060633    0
 931    2867.5248193263328  -1649.1984552329147  -2174.56296994691    0
 932    903.21877234906253  1.3593861745312932  17.017523479981357    0
 933    1601.5664265015773  -50.967165569376199  -68.196003216223573    0
 934    514.37058035214295  1282.157896807912  2762.5202124941029    0
 935    1287.5  5.9999999999999796  15.956299180029003    0
 936    587.5  6.0000000000000071  21.067958300519905    0
 937    15000  0  -30000    1
 938    60.41397009981447  -47.830059126652287  0    99
 939    869.2228917259846  2.6385541370076631  -24.130664468182591    0
 940    537.5  10.293449482315188  0    99
 941    2066.3126468865294  -76.358226063410058  0    99
 942    425  -16.717109901963386  25.007363686159213    0
 943    1405.4285604422876  2.4642802211437513  -18.319779350309073    0
 944    1725  -0.24999999999999911  16.568728184661964    0
 945    1262.5  8.4704438897521612  0    99
 946    512.9047153151165  22.655544921908373  0    99
 947    1388.3344235353513  51.537305801276716  -54.888703570060372    0
 948    1242.5347572354572  949.10994111546745  483.9071269786408    0
 949    359.20381110105143  -28.090509472391293  0    99
 950    1750  -0.24999999999996028  12.96281721611896    0
 951    1537.1428371843754  -46.357184627751764  -53.709463853080486    0
 952    1100  -11.339995519553051  22.155081793905826    0
 953    421.42119088622957  -28.185675344937209  77.331344181604763    0
 954    837.5  5.9999999999999956  -19.99651506541192    0
 955    1751.7217542398773  53.075529166348076  0    99
 956    1562.3383888414498  5.919194420724943  -21.41241113706549    0
 957    818.75090031989441  15.468171791722771  19.858395572988677    0
 958    141.37754960723143  53.051205332488685  -186.90147636533908    0
 959    912.5  1.1373709106648904  0    99
 960    1662.5  6.0000000000000817  25.385883372300786    0
 961    658.11602491327335  -25.247711188512426  0    99
 962    1846.4054886483079  72.564767693695828  0    99
 963    1012.5  6.000000000000008  -21.187339015557651    0
 964    30000  7499.25  -14999.750008333333    1
 965    1791.2376338186625  -58.275440243253115  -52.501535816128268    0
 966    662.5  5.9999999999999325  17.123323317251725    0
 967    1775  -0.24999999999997247  18.475171599093777    0
 968    1800.0974514394991  -48.454649155650706  0    99
 969    112.28667455825646  -1.5617869060901484  -107.66915241332774    0
 970    604.39328749186291  148.08523129733135  -181.99730575537717    0
 971    1962.5  23.595263779661689  0    99
 972    1012.5  22.651283302440611  0    99
 973    1050  -0.25000000000000178  -15.858538086127776    0
 974    2109.8448119500108  184.039113804571  -177.58891596798597    0
 975    487.5  21.027025060455482  0    99
 976    1831.7866439582783  -34.955191514618235  0    99
 977    225  -0.24999999999999289  -16.633786594530861    0
 978    729.48520016625275  -19.500571405005559  0    99
 979    1212.5  13.833573078395192  0    99
 980    937.5  23.592475211205485  0    99
 981    1300  -14.368900539665852  20.243356049831267    0
 982    47.500000000000021  19.178630610889492  51.311927289762622    0
 983    1422.5670764699476  0.96646176502623082  -17.076250033410215    0
 984    1772.1714688995191  -32.908998962255708  0    99
 985    900  -0.25000000000001088  8.8433615220112056    0
 986    818.74887265219809  2.8755636739009662  -17.968960075456039    0
 987    1037.5  8.1054031084246247  0    99
 988    1612.5  13.816682055326787  0    99
 989    -72.897357905993275  96.774734453654347  0    99
 990    403.31254184914042  -19.305771754818544  0    99
 991    143.58277768871582  -20.532825566940588  97.338129033782593    0
 992    350  -16.090263309569828  -20.401192182124255    0
 993    1375  -3.8395932124115433  16.332298615736946    0
 994    750  -0.24999999999994524  -19.121897758909    0
 995    918.76974232506893  2.8651288374655381  9.4578252475559754    0
 996    937.5  8.8382278359936421  0    99
 997    1962.5  8.8400488865148414  0    99
 998    837.5  23.443052341727157  0    99
 999    1399.732552216896  -0.11627610844803549  27.276889425909427    0
1000    906.23025767493107  2.8651288374655381  -8.1922792979656407    0
1001    201.28588994301967  0.39294497150982355  -25.172657379935689    0
1002    13781.508319743434  5470.5775205871814  -15129.096582989167    0
1003    341.13295116270945  -68.182816050947679  -72.355741112311534    0
1004    1000  -0.24999999999999112  -15.165975634983639    0
1005    825  -4.0632533569714013  20.255920620533843    0
1006    221.86403436528602  -14.869245390920019  -46.248368736642341    0
1007    1512.5  5.8489581063279505  0    99
1008    199.99999999999972  -33.539687611618689  51.693661093231171    0
1009    787.5  22.852994851712893  0    99
1010    1800  -0.24999999999997247  18.475171599093777    0
1011    1437.5  36.233033378060036  0    99
1012    638.14241704937444  -18.919410922881251  0    99
1013    1325  -0.24999999999996181  -15.974819411299789    0
1014    1187.5  8.2176250017347101  0    99
1015    987.5  13.311757618879763  0    99
1016    932.22582797049859  3.3629139852493228  9.4913134675131676    0
1017    1025  -0.25000000000003375  19.148223876729812    0
1018    22.500000000000014  27.832700003867878  -36.578975243670328    0
1019    1175  -24.589935640979103  24.815133939309824    0
1020    1575  -0.24999999999999822  -15.30197144634969    0
1021    1362.5  12.609850158839931  0    99
1022    1178.4375682317552  -25.653813044313367  0    99
1023    850  -13.71438565908282  23.839722970460638    0
1024    1518.571474444796  2.9642627776020118  15.189939696934008    0
1025    1465.3684404338815  4.5657797830592983  19.834553473836472    0
1026    -30000  7500  15000    1
1027    1200  -19.772376302338845  0    99
1028    775  -0.25000000000002109  13.505990653362602    0
1029    1880.6003504374066  64.733761782716115  46.033803016072639    0
1030    1225  -19.531846184489794  -26.369773568011524    0
1031    1186.9602953149852  -26.407385441968522  -32.504119703320598    0
1032    612.5  6.0000000000000551  -19.493325066025331    0
1033    1813.3400662588556  -29.003989675108908  26.261954274218105    0
1034    825  -12.399863838827782  0    99
1035    837.25546364388401  44.865007679004854  -47.311722140739775    0
1036    587.5  -26.70925252176832  0    99
1037    1878.3253852947635  -37.750471276854583  0    99
1038    1904.892927577007  -28.772114015793353  0    99
1039    738.9907297833455  21.866328727607243  0    99
1040    536.37284293082541  -27.772909262616601  0    99
1041    537.5  -1.208439361143256  33.793670612670688    0
1042    1912.5  6.0000000000000133  22.137144435891081    0
1043    950  -0.25000000000002931  -16.795090713459487    0
1044    1637.5  5.9999999999999423  21.016276354676663    0
1045    928.59664716785574  -38.023389929819018  0    99
1046    1687.5  28.230842344544886  0    99
1047    210.95131730344801  206.16570912046609  -141.18796042844471    0
1048    725  -0.25000000000000028  -5.0746139596175137    0
1049    1237.5  22.653946707129716  0    99
1050    9742.4688310553502  514.52760209357155  7070.9710147267733    0
1051    887.5  23.493352431032982  0    99
1052    -289.4463443098291  -149.86572871060937  0    99
1053    -470.19403775645839  -29.322668009010584  629.95279079680017    0
1054    662.5  9.168177363945718  0    99
1055    875  -21.455055223582271  0    99
1056    1975  -40.041190245500616  0    99
1057    1712.5  21.087422759214782  0    99
1058    1507.4300961112442  64.685306250394717  62.934270281754088    0
1059    1100  -0.25000000000000933  -12.861676608824659    0
1060    -384.36303096265397  621.09947329382032  543.29844779613518    0
1061    300  -0.24999999999999289  -15.149220877659104    0
1062    1563.1552951249114  -36.723887202722153  0    99
1063    -14550  30000  0    1
1064    475.52440753324862  39.903656587369127  -45.952371270140439    0
1065    4969.2608860437158  5091.9230388976821  0    99
1066    47.934559822530218  -538.99623119175692  0    99
1067    717.66195539814896  3.419022300925513  22.499143030117853    0
1068    1837.5  36.244812955371124  0    99
1069    1637.5  6.0000000000000204  -22.758686747301489    0
1070    2997.0461267972782  614.72304096395419  2786.5450124867912    0
1071    537.5  -1.2084393611432553  0    99
1072    745.34502382175015  31.858165219130605  43.137970023109169    0
1073    936.88333419991568  -238.26355623447273  350.74616848032531    0
1074    1562.5  24.212526989077396  0    99
1075    102.9590716962187  1031.0964470210909  -643.69992728267948    0
1076    250  -0.24999999999999289  -8.2699256392664466    0
1077    1855.6743326534397  -26.058426124672479  0    99
1078    918.81502759070736  6.985839821622621  0    99
1079    -71.36736044660455  -122.72434595953777  -695.7477744890939    0
1080    1725  -0.25000000000001865  -16.088704297612153    0
1081    1462.5  25.268654683652638  0    99
1082    812.5  12.767818366387806  0    99
1083    645.71732497125026  70.310455645533395  -74.654356965182643    0
1084    1725  -0.25000000000001865  -7.9957932353256442    0
1085    625  -0.25000000000000222  8.5820083209409379    0
1086    802.07980587641487  -23.894801799030052  0    99
1087    1744.3477068234724  -47.994912935617471  53.365948343226776    0
1088    1225  -0.25000000000000328  9.7935869951963159    0
1089    1137.5  6.2214834043375102  0    99
1090    1337.5  -26.089763092203221  0    99
1091    1086.8393160938033  -18.495258437422788  -83.425832447737278    0
1092    7114.6854122077211  2026.8933438029235  0    99
1093    487.5  7.1125337396103427  0    99
1094    712.5  -2.4190433576457413  0    99
1095    1036.3930829961769  -25.852449400215303  0    99
1096    875  -0.24999999999998312  15.59501224975291    0
1097    3401.8182145963028  3587.2114521865451  0    99
1098    813.56543319414823  -35.276194491149653  -38.061554041117589    0
1099    1967.7735646929357  3.3632176535321676  10.548110798934102    0
1100    562.5  6.0000000000000258  -21.122365110569501    0
1101    1720.48447199012  277.71535213249797  -354.69491170263092    0
1102    2109.9330238173752  165.19768966591553  0    99
1103    1947.5531945560688  0.97340272196556032  16.549995298086671    0
1104    -11250  15000  30000    1
1105    1703.8336522441791  -41.085565032337783  0    99
1106    262.5  -21.334142593788428  0    99
1107    962.5  -28.867920149208295  0    99
1108    1644.1149781047905  -64.297866382893318  68.214331441939564    0
1109    816.73411729666179  3.882941351669098  11.481408038899893    0
1110    -1904.9469629967571  -139.55400294877631  4798.5048482854545    0
1111    493.28584406480047  3.1070779675997704  19.890657974685485    0
1112    1361.5065618479432  -22.830086196743643  0    99
1113    737.5  7.7423444135442363  0    99
1114    1066.2605911975124  64.827435120993741  49.011711176111767    0
1115    30000  -7500  15000.249983333333    1
1116    1939.6174186928504  -36.453704425010827  0    99
1117    923.61107218972722  21.441004718526813  0    99
1118    889.8606420608736  -14.583930648132705  0    99
1119    275  -0.24999999999999289  -16.633786594530861    0
1120    268.11932186040747  37.9096458903349  0    99
1121    337.5  9.8927844285608799  0    99
1122    1370.0815964537085  -31.393289185380375  -44.315805225590374    0
1123    1087.5  17.975082011912246  0    99
1124    562.5  22.858963154932955  0    99
1125    1108.4279755472178  3.9639877736088653  16.165012096839973    0
1126    1450  -0.25000000000001066  16.416495300844325    0
1127    1210.3887783263494  67.847570331195968  84.527828893459443    0
1128    1712.5  7.1544618259700812  0    99
1129    1275  -4.2479327007194909  15.803305504696302    0
1130    2014.2715734044698  -74.253012412941132  -80.418788816483058    0
1131    5517.1652448974273  -9593.3438867005698  -6469.6699709685017    0
1132    1760.8496358018608  26.707509895664796  0    99
1133    1864.8978814319948  -1631.7828070524797  2892.9246525398153    0
1134    229.9017370376265  72.168544577571893  -83.475646844600234    0
1135    191.59610005319698  65.850168736784042  0    99
1136    706.83658212688226  3.1682910634411052  -10.018642784087412    0
1137    1945.1518143772025  62.553198365574325  64.249759818716058    0
1138    1432.0676501620724  63.625813948697157  68.940302816382641    0
1139    1886.7122364844026  -18.770988453594779  0    99
1140    1259.5346903184948  -33.262749319802424  0    99
1141    -398.00017000153088  630.96406861576202  -521.14299183823414    0
1142    921.66275830986615  1.41862084506689  -18.069176174111256    0
1143    1062.5  12.346043355002283  0    99
1144    1981.1463328271996  -22.687736296530247  29.854919593257598    0
1145    1508.6832685896227  120.15387595535853  -173.32833044184446    0
1146    1975  -0.24999999999995026  -29.617678991476133    0
1147    661.54529594086262  -51.933953633338021  -37.657216578690139    0
1148    344.38635183956205  2.5568240802190054  20.364880209031295    0
1149    1850  -0.24999999999997868  -15.559212376656157    0
1150    2025.6656886030798  -45.604561505996998  0    99
1151    1933.4935202395304  29.319694334784753  0    99
1152    716.90999771413306  -15.019386726001807  0    99
1153    1162.5  6.0000000000000462  -14.48271540856685    0
1154    275  -14.984542313533614  23.456873385187297    0
1155    250  -0.25000000000000239  -4.0404940137360406    0
1156    2055.5175946758573  82.729885957276608  0    99
1157    1725  -0.25000000000000916  -3.9001889885374954    0
1158    1615.6771555598175  4.4114222200912501  -14.316970427368334    0
1159    2143.699995421543  82.322903502444419  253.51654332284375    0
1160    1086.5983362272589  5.5491681136294755  0    99
1161    1887.5  13.00658979279892  0    99
1162    648.1278347436172  0.68608262819141963  15.312492114964011    0
1163    1787.5  15.687924362662351  0    99
1164    1735.2480079272048  -32.285434224219912  0    99
1165    1283.4812389716717  41.595038372241262  41.112760949056309    0
1166    -194.53064556298193  -203.90507803981137  -258.017304295705    0
1167    932.22582797049859  3.3629139852493246  -10.62743226419861    0
1168    2368.486563265903  -1899.7386864506054  0    99
1169    1250  -0.25000000000000328  9.7935869951963159    0
1170    1487.5  5.9999999999999192  -25.651936331439124    0
1171    1862.5  23.657985695877887  0    99
1172    737.5  -4.1925883672856408  0    99
1173    17.500000000000025  -1.8935017471743869  -30.575393879319058    0
1174    1081.0041163157957  2.7520581578979177  -10.028762005162596    0
1175    1208.1236276740576  3.8118138370287689  15.614951120259191    0
1176    -18495.849193451999  10218.863135450409  0    99
1177    987.5  1.535551819499156  0    99
1178    1588.1288720355112  -31.425678799914841  -36.248814297566852    0
1179    2108.5281438514135  6.4166500467036904  0    99
1180    1437.5  -28.704888363762226  0    99
1181    1958.847220033852  -23.073455795307257  0    99
1182    1910.5258011596341  -32.642524356797892  -82.875618499607086    0
1183    687.5  2.146972046513548  0    99
1184    1539.2384360003284  30.220454552690985  27.108797701828767    0
1185    576.79608196650872  43.507963984579  -47.87134747923119    0
1186    115.41815902210601  12295.578440014157  12188.636609814996    0
1187    1706.7249935531738  3.1124967765868998  -17.230737168221484    0
1188    1031.2924325742556  -18.267284100590555  -73.936372182717633    0
1189    250  -0.24999999999999467  29.645237098740377    0
1190    1462.6073914049859  5.946304297507047  -21.433547846927723    0
1191    1174.9990300526326  15.434690033062646  22.953298569909308    0
1192    1499.8015994212958  -51.160627592557539  0    99
1193    137.77636403061962  -58.797743902188998  0    99
1194    139.3255233783338  0.88644097917715214  0    99
1195    771.94789661016262  271.22241534959602  -128.09472169731674    0
1196    2196.0551689432341  1347.9890670943689  903.02468962499267    0
1197    762.5  -20.100346900060853  0    99
1198    1925  -0.24999999999995809  -25.088934699940602    0
1199    1362.5  0.94631170541083387  0    99
1200    1880.5826299595499  2.5413149797749055  -19.652154771969148    0
1201    672.40472037913617  -17.28140059881202  0    99
1202    988.98250990834049  -25.716487441037799  0    99
1203    825  -6.6560717464268242  9.4795464244670171    0
1204    22.5  27.832700003867881  0    99
1205    837.5  8.7404934302881632  0    99
1206    300  -0.24999999999999289  -7.5230401299463985    0
1207    1361.0110454465412  6.7780809321253823  -25.869083161988506    0
1208    1035.443956944898  53.573501284061265  -63.879330278866455    0
1209    1657.7406367801937  62.396455792315358  0    99
1210    543.17264366075483  3.1636781696225809  -9.5030682757493903    0
1211    462.5  6.000000000000048  -21.160547720025598    0
1212    1223.3956233412605  22.791120147187378  -32.251980378641363    0
1213    587.5  21.988052150454639  0    99
1214    1735.5073098790986  32.9169890351547  0    99
1215    918.43476461831074  1.0628007490193569  0    99
1216    400  -0.24999999999996284  11.291680534326723    0
1217    913.71823351407238  -21.250451132761313  0    99
1218    1738.1791398194302  -19.478341633776783  19.474290363159188    0
1219    898.63446543664008  14.96107008567013  0    99
1220    1704.1243829204759  -36.678070929406154  42.858796243597013    0
1221    1364.434336671852  -33.286070930632647  70.682477117494869    0
1222    856.46315969068348  2.9815798453417521  17.683951231197707    0
1223    406.21755545576099  2.85877772788049  -18.042151326336203    0
1224    1267.8940410418245  3.3029794790876945  -20.670320600679677    0
1225    1587.5  22.70318228801106  0    99
1226    942.30779306750526  -21.445741097983948  0    99
1227    923.60691493439651  0.44654253280175293  -9.1031490450650576    0
1228    1000  -0.24999999999999112  -7.5314744814029844    0
1229    1894.0065702828608  -331.0413372061397  872.5082882410311    0
1230    775  -0.25000000000000216  6.6951506250188215    0
1231    633.1724306145054  -14.027285421173433  16.407547914609985    0
1232    1891.218390375552  -32.104990493435409  36.372023698739525    0
1233    -1528.2762100738744  2410.1423800844859  0    99
1234    1364.9917134127886  2634.4868277900009  -10609.98982403019    0
1235    1711.3224080730076  -28.153999030996538  -31.11652769505293    0
1236    700  -17.225935184811654  19.318092499814451    0
1237    1700  -0.24999999999998601  11.951429015162052    0
1238    10668.297973761475  2205.3273517216844  -6570.613294821288    0
1239    1940.9308800652675  -17.832932708574091  0    99
1240    1575  -20.811577928491815  26.261793433123231    0
1241    1431.5338455748231  -33.471441640713621  -43.910560651945325    0
1242    762.5  6.3062984764086192  0    99
1243    1978.4381189414134  -20.595852022525595  0    99
1244    1728.9465325408555  17.388808920914666  0    99
1245    417.67074271734191  19.596482316735401  0    99
1246    1908.6552435875917  25.04503927421429  -78.852606166615942    0
1247    -14550  -30000  0    1
1248    1737.5  6.659498024416  0    99
1249    1462.5  -23.745279148949834  0    99
1250    82.565346476080933  56.338455510715733  0    99
1251    213.13907760044535  42.330853786777226  -37.870571031767263    0
1252    1034.8530883541559  -33.730350801694698  39.696600931518191    0
1253    632.03595323796742  3.2679766189837256  -16.965211246278802    0
1254    4724.1178699671955  3778.5357179145485  -4694.0582937143981    0
1255    947.16142653806924  -39.419089491195287  44.296140028640899    0
1256    1987.5  22.670380899778859  0    99
1257    2271.2583552978494  3136.7090071418279  0    99
1258    1675.4227243391445  17.290363975695719  -35.175152794145788    0
1259    717.62264849792734  3.3745670031499886  0    99
1260    1224.3799468194079  -29.718805231245099  0    99
1261    1012.5  8.2173105001890185  0    99
1262    1975  -0.24999999999999067  8.2942269862795754    0
1263    417.45836860791684  3.5208156960415917  16.972009514440774    0
1264    612.49552020385931  22.658425747407744  0    99
1265    1462.5  9.9151542554572174  0    99
1266    813.52703944931739  -18.121683819039788  0    99
1267    1925  -0.25000000000003386  -12.513328124278033    0
1268    262.5  17.765925384356748  0    99
1269    875  -9.669708689587706  -14.31774565601066    0
1270    1950.1976701552799  -0.15116492236008583  -25.170912096139364    0
1271    1264.1773671198061  43.055045507047858  -39.128378515901872    0
1272    1931.9008229938404  3.2004114969202169  14.241559309653482    0
1273    1112.5  11.198765702174686  0    99
1274    1841.9038397999279  3.798080100036024  15.155872200923099    0
1275    170.78875426890198  53.683235351008129  77.78000495468369    0
1276    32.500000000000021  15.600520060659324  25.540753091722795    0
1277    32.500000000000028  13.655765807397787  -19.769238253221175    0
1278    885.78631696997286  9.7257553212868952  0    99
1279    1147.6699165561668  12.994848316657162  21.727370948193684    0
1280    4893.674487278  1939.5195610138292  0    99
1281    1350  -14.924673119442073  20.009654340710824    0
1282    612.5  -23.437752016539307  0    99
1283    1994.2080815470165  2.6459592264917586  24.708491665046221    0
1284    1262.5  -15.21806998042377  0    99
1285    332.59936311834008  3.5496815591700512  -11.240319362154235    0
1286    1112.5  -0.32124753188753807  0    99
1287    12.500000000000021  -16.238059660217907  35.161466053017122    0
1288    2004.7174486867625  -28.066472087955727  0    99
1289    1225  -0.25000000000001421  -20.204800916515339    0
1290    1150  -22.938537518400217  0    99
1291    1712.5  -20.330002036099831  0    99
1292    575  -16.873967252391946  20.655641996036589    0
1293    787.5  8.3514725594649004  0    99
1294    220.43917786234013  -31.557430685541298  0    99
1295    1025  -0.25000000000007166  9.5333118095890264    0
1296    560.93818241266797  5.219091206333939  23.602484185082172    0
1297    15000  -7500  30000    1
1298    680.65037294665638  8.1083777754825483  0    99
1299    1875  -13.716921044224243  21.07530425204078    0
1300    244.79726142163898  33.559954733848201  0    99
1301    745.41119896226326  7.450959555899054  27.330296484987052    0
1302    1058.6212357460904  4.0606178730452118  14.272827917470503    0
1303    1012.5  -17.873680544296587  0    99
1304    312.5  22.788259549299774  0    99
1305    1212.5  1.9589934201338033  0    99
1306    302.32920288827336  47.658965252421581  -36.828152221094335    0
1307    963.03312697304386  23.55517488941943  0    99
1308    625  -0.25000000000001199  -10.260311087072564    0
1309    917.36354454433422  -10.365878322557233  0    99
1310    1325  -0.25000000000003758  -7.9385046144632376    0
1311    240.76593521497057  -21.11511182355455  0    99
1312    1891.0711936770019  4.2144031614990762  13.190492570802068    0
1313    1213.1888583248594  33.560454275163224  36.846345561684359    0
1314    1012.5  -5.5180153408353281  0    99
1315    1457.6077454666367  3.5538727333183626  -9.9310927808580605    0
1316    587.5  7.7716701633992802  0    99
1317    1462.5  -1.6005140776191928  0    99
1318    1346.7818699810164  -349.88805993423586  -500    0
1319    999.99999999999989  350.00000000000006  -989.41477869388223    0
1320    625  -0.25000000000000222  4.1999706901237124    0
1321    1950  -0.24999999999991343  -12.555388442029859    0
1322    555.3464645299606  -20.756822515706574  0    99
1323    337.5  -20.798467077133889  0    99
1324    843.39463970275233  79.19623636278655  -132.95672006994232    0
1325    247.38358770340645  -1454.5061991910522  910.58922458033157    0
1326    678.71963025205287  -430.5468751944955  -500    0
1327    -186.74024512446221  -47.744020391652484  0    99
1328    1525  -0.25000000000000888  -16.602486193376947    0
1329    950.42026257225496  -0.039868713872492467  22.728332902429379    0
1330    3101.279807639226  2697.5772902650765  -2262.9212852917726    0
1331    1729.0472172068464  8.6949834898297169  0    99
1332    762.5  -7.0881944427387138  0    99
1333    1466.6578920470836  -6.0708905128245618  -73.23948489416567    0
1334    1987.5  -9.5187697994685152  0    99
1335    1297.0789321132372  151.82564775711558  -151.65624418065909    0
1336    -22.5  -42.334432803691939  0    99
1337    1257.1059589581755  3.3029794790876799  -11.800651547853102    0
1338    862.5  12.817967420958343  0    99
1339    1182.0268423931873  3.2634211965936917  14.592330924701086    0
1340    593.1059748800144  3.1970125599927757  -9.4114002430930448    0
1341    -861.19694443924561  1574.710769331758  -1071.5992750583691    0
1342    1242.9869231791433  -21.277442902205891  0    99
1343    1003.4354109758484  -11.695847942565958  21.579079883044709    0
1344    1262.5  -3.2470273319031175  0    99
1345    2183.6648459678308  -2668.4606806586962  1541.7328372484576    0
1346    1687.5  11.74643170027946  0    99
1347    747.16027268401365  -16.621336417517981  0    99
1348    383.22185574900726  -846.20217298749503  -1711.1941808287627    0
1349    1587.5  8.2518886228155104  0    99
1350    -103.95775113238879  -65.149455747646556  0    99
1351    -15000  -30000  -30000    1
1352    315.33576047563514  -21.409756033475681  0    99
1353    805.93902499469061  -17.311419765689564  -23.269447115491598    0
1354    1862.5  8.8809811381331105  0    99
1355    732.96350900336893  1.7748780231292982  0    99
1356    2051.7018047802485  25.600902390124425  -70.065616975326265    0
1357    1350  -0.24999999999995914  -16.202429784754294    0
1358    700  -2.2708561378269643  15.380090239644597    0
1359    1992.092403757674  -22.520888333302754  -24.904118651483508    0
1360    1373.7433218658866  2845.1403949896694  0    99
1361    1560.03324505312  -23.826879563193273  -27.380240969448209    0
1362    7.5  17.846080138959824  0    99
1363    56.435904241230311  33.860960713675532  0    99
1364    2160.8989550319925  -52.836002369527904  151.03707257273635    0
1365    1337.5  8.2190860221401074  0    99
1366    400  -0.25000000000000072  5.5766521602535883    0
1367    1318.445861493273  -20.165345407413799  0    99
1368    962.5  8.8201596837798686  0    99
1369    -37.413654590243077  54.862546309438727  0    99
1370    418.21315744946151  -15.302649599175915  0    99
1371    739.15666641567009  1.7748780231292973  14.268542359121916    0
1372    312.5  -8.1620081676053644  0    99
1373    263.52507006502924  5.4874649674853737  0    99
1374    1923.7233879912046  -25.975870402017932  0    99
1375    350  -1.3088926623483577  -15.528556868868296    0
1376    325  -13.468440732351574  18.315517902872937    0
1377    -190.0145463017098  157.64655519560529  0    99
1378    1287.5  11.067543507209496  0    99
1379    943.06319932689564  58.587337257433738  -58.283097461095586    0
1380    941.2892514486274  -34.562294042313013  -38.23861201154002    0
1381    517.06172414539253  3.7191379273037422  22.394820528038032    0
1382    1350  -0.24999999999995914  -8.0529968158059937    0
1383    433.07816614879528  -100.12724122943818  -117.83800689433014    0
1384    727.13448192723968  -36.408907192457889  -29.288388060271185    0
1385    512.5  8.2239332115478696  0    99
1386    2053.2548243871929  24.589711553219942  0    99
1387    531.28910553135051  2.894552765675269  -9.9155888169369923    0
1388    543.85510674255772  -18.843964267381686  -23.118851981291805    0
1389    1457.1773593658186  4.1573200889190121  0    99
1390    1215.9749709745229  -15.468086247185305  0    99
1391    1712.5  -7.2441529562386462  0    99
1392    1022.3692735457581  -28.083615596868825  -35.548433237214176    0
1393    967.78019062148644  3.3599046892567728  16.978981329154795    0
1394    89.28788557368469  22.097586325801476  -53.235893041222447    0
1395    1125  -17.985421975771377  0    99
1396    312.5  8.3084831183289243  0    99
1397    728.94895924015725  1.7244796200786394  10.220804960056162    0
1398    -27.499999999999986  -21.388667343292912  30.475487272414128    0
1399    287.65628798382477  22.561406785752855  0    99
1400    681.35806946190314  2.0057202857463126  0    99
1401    862.5  1.1235476195165326  0    99
1402    -17.5  -21.388667343292912  0    99
1403    680.20222437676705  15.539095814117481  -15.874858883509061    0
1404    -275.18442963717359  147.67530145395332  -302.71394576917123    0
1405    562.5  8.355432824730034  0    99
1406    787.5  -3.3953425882767321  0    99
1407    1330.8198717984374  -13.971209777207731  0    99
1408    887.5  -1.6652894287155215  0    99
1409    1252.4595330149823  -17.333417588249183  14.730105156625514    0
1410    2000  -14.371616105329577  15.254950461019247    0
1411    -42.500000000000028  27.610091956864352  -36.817927596318427    0
1412    1229.7928857648187  -16.922333239350149  0    99
1413    725.20993871349401  16.634252662401984  0    99
1414    2083.0708794637239  22.131806090632622  111.21289605091242    0
1415    962.5  -2.8235173835421365  0    99
1416    -47.499999999999957  -3.0808996694860227  -31.326516283247795    0
1417    -20.045038954472712  30.180569358492239  0    99
1418    1957.6286415383004  -38.394836823384281  -60.893599077597926    0
1419    337.5  -1.6241401122953307  0    99
1420    375  -17.697991969212751  -18.723672893011418    0
1421    550  -0.25000000000000311  -7.7349649406128531    0
1422    245.96516237227675  17.050924191428059  0    99
1423    -17.5  -10.54822826218625  16.878406492654943    0
1424    975  -0.24999999999999023  10.362234326130036    0
1425    300.14321710015952  15.548371333814348  0    99
1426    1324.8887520693527  15.499079884930374  0    99
1427    -32.499999999999986  17.556706913982904  28.359634712166805    0
1428    -37.5  20.034287914508212  0    99
1429    769.2022509861946  2.6488745069026733  -18.472125998843882    0
1430    1066.3787642539096  4.0606178730452003  0    99
1431    395.34086649122014  2.0795667543899325  -11.682524993841012    0
1432    -7500  -30000  -15109.125    1
1433    41.347620261097816  20.265297626298619  0    99
1434    950  -0.24999999999994205  11.334649895409385    0
1435    525  -0.25000000000001554  12.921196782717439    0
1436    1257.6752324463273  2.6117082789245218  0    99
1437    1962.5  -2.7999624960981433  0    99
1438    237.5  5.9999999999999991  15.059798301941596    0
1439    1937.5  12.684571158555938  0    99
1440    -178.12869338083016  55.11465044920638  0    99
1441    1586.2728968170888  15.477535455413285  27.732142398800846    0
1442    875  -11.203083776536975  0    99
1443    943.20829232249912  3.1458538387504289  -8.6037703398233134    0
1444    -12.499999999999989  15.929858184678533  -28.952977677780453    0
1445    1734.5810259763527  13.106567205848906  14.926661360106573    0
1446    3292.5135064163751  602.13951901676501  -3049.2525800580152    0
1447    1887.5  1.2823027792464154  0    99
1448    1279.3238651268871  -27.248748001476692  -25.726050734504039    0
1449    350  -0.25000000000000799  11.111215690185666    0
1450    1800  -0.24999999999997247  9.1952993181570033    0
1451    1437.5  16.399137357489145  0    99
1452    1530.8759422651663  -41.298245113561968  0    99
1453    10642.127338875869  -30000  -15305.763820166274    1
1454    1488.1053444067061  -87.675441229211515  -140.46931932312202    0
1455    830.67969702549465  -18.121683819039792  -23.404646484275574    0
1456    781.41131032875978  -21.342739497109743  0    99
1457    47.5  10.912350573133429  15.151855621202889    0
1458    1091.0843775127755  -1039.021177308545  -1104.7561257682075    0
1459    289.3147354848212  -25.494352910187857  0    99
1460    543.47778653944385  -13.671640676472741  0    99
1461    868.76783345113847  2.8660832744307378  7.9971759964463036    0
1462    725.54819795937374  -10.663674590829702  0    99
1463    1625.2577050210343  -25.804090949534086  -27.813775412616412    0
1464    224.16758390798444  23.804720433065953  0    99
1465    412.5  6.8160390530129806  0    99
1466    -32.5  10.485091709627721  13.01302858689583    0
1467    2019.4611922225072  55.019053217553761  0    99
1468    364.99126511534678  474.75547908828719  -304.28568219435226    0
1469    325  -13.468440732351564  -14.112124441445884    0
1470    1787.5  -18.563980646925415  0    99
1471    362.5  8.3084831183289243  0    99
1472    212.5  6.0000000000000115  22.262832192404325    0
1473    1291.9362959946297  3.7818520026851168  -16.769897234225226    0
1474    1536.1095664713928  1919.4148526032313  -6546.6091281350009    0
1475    743.11440055034336  3.1927997248283209  0    99
1476    1070.5009491120334  1.9995254439832615  7.6462118143510081    0
1477    726.64278734730544  33.624950516625702  -26.805903706774721    0
1478    612.5  -9.2718339003411057  0    99
1479    177.12137379585815  -39.149713217977009  0    99
1480    1342.9727082296865  3.2636458851567669  10.780240827225883    0
1481    -110.05080365586298  36.887875643657814  0    99
1482    731.63439876828897  -7.631850173718064  -7.6877637275768969    0
1483    1254.2090246653079  23.735393553670409  -26.319709277122307    0
1484    1529.5328414683381  -27.134240038877515  34.706613994050457    0
1485    1812.0563806671137  53.07552916634809  0    99
1486    -184.85329150056828  86.733629481587826  -169.24287143049679    0
1487    1957.5200747371955  3.0200431952083484  0    99
1488    856.23216654886153  2.8660832744307378  -14.686241070290968    0
1489    212.5  11.961278603425956  0    99
1490    254.51327831933526  10.917132793025917  0    99
1491    1987.5  6.0000000000000195  -15.046239934915738    0
1492    197.00103234700251  -25.202089809892513  0    99
1493    1435.6903588293694  5.0951794146846918  0    99
1494    729.26263792399288  9.2963566937086863  0    99
1495    1225  -9.6511331473288671  -10.412702939653157    0
1496    1451.1501960093206  17.591904469554926  0    99
1497    1175  -0.25000000000000133  9.3574585769939151    0
1498    1305.3442577392962  -14.568498222971625  0    99
1499    254.14527036231706  19.427540712881274  -18.291363036288715    0
1500    212.5  0.37890497262281508  0    99
1501    1187.5  -11.025425283790982  0    99
1502    1448.1471093685905  -16.885181401369493  0    99
1503    2001.7678751984495  40.536922592788414  -36.553153846054961    0
1504    734.63881984347358  15.184992906548487  -18.137969245449426    0
1505    853.73408294876913  -22.099266005983267  0    99
1506    1592.9625947550185  3.2687026224907294  -10.997683448754076    0
1507    1612.5  -22.160682808813096  0    99
1508    1442.9152350071831  3.2923824964084885  -11.654838270548712    0
1509    351.29000792110162  -15.699610586173714  0    99
1510    1600  -15.248701291530356  20.1133558492972    0
1511    404.51591894569259  2.0079594728462893  -8.5280621808595889    0
1512    750.21266217029086  14.552386170069719  0    99
1513    1812.7326426951738  26.450468934976168  0    99
1514    998.54287054922202  -15.202994688197663  0    99
1515    1962.1311124343413  96.874100542264046  -96.404705091709459    0
1516    1625  -15.248701291530335  20.113355849297182    0
1517    1601.9046572391971  -44.654350090747883  57.669380730744663    0
1518    -85.520940837965185  69.757728399791219  96.107765238930725    0
1519    343.13787580363038  3.1810620981848068  -8.2602247739930874    0
1520    868.76783345113847  2.8660832744307445  -11.193758241724893    0
1521    1635.6282727184832  -22.029280301947079  0    99
1522    1321.4140524547074  -10.638059988188463  0    99
1523    718.48362216891644  -7.3967336077323251  0    99
1524    1303.5966331694435  1.5483165847218281  16.303471783816249    0
1525    900  -0.25  -6.9621087317085326    0
1526    963.72338906289065  -15.845718766375221  14.798443993338468    0
1527    951.2576566896729  0.37882834483646421  -8.3978302870779764    0
1528    -330.10018315738233  127.37620933497324  341.89836449548409    0
1529    1624.0222204022189  -14.717316483389867  0    99
1530    1600  -0.24999999999999201  -8.2423213402798332    0
1531    902.90577586985421  -13.922132605617705  0    99
1532    1310.5083214006661  -5.4354032291990571  -11.95666201288156    0
1533    1530.6936235809158  -115.13139438723333  96.120536529464374    0
1534    346.38399617622292  -19.891516919076409  21.630520372744808    0
1535    -57.317772639349315  -74.846685319134551  0    99
1536    37.5  -29.338397579257585  0    99
1537    1137.0892795619159  -22.535020616763063  30.587511778246725    0
1538    1893.8855797467111  7.1444462860226672  0    99
1539    400  -0.24999999999999956  -5.6670112984534189    0
1540    1910.3711158783899  24.159234717159599  0    99
1541    387.5  -12.529792403320306  0    99
1542    1443.5106582164456  26.316085367774591  26.341021023367503    0
1543    1660.3304882244704  -23.95304586162484  0    99
1544    397.50837743538432  -11.012270204059138  0    99
1545    1897.4288679618226  21.672733664968121  0    99
1546    408.63936292820557  -9.4000653291395153  0    99
1547    732.13831000137225  -1.5274038459039296  -29.08277345940833    0
1548    37.5  -13.13840834248432  24.061407976615747    0
1549    401.48914129027042  -7.4187630006818708  -14.859680205730777    0
1550    1923.075781945146  21.615960747656306  -18.801131412109186    0
1551    978.00754275440784  -46.336554312061772  27.269251488496806    0
1552    1965.0240428877325  -13.72054909869069  13.511784205622845    0
1553    371.7184300892074  -17.339778170965033  0    99
1554    1719.7525734304234  13.831532769163308  -12.042248766468898    0
1555    232.67121853217986  12.697566818448447  0    99
1556    892.62776199585517  4.9305641892135563  0    99
1557    254.25488459690425  19.299714038002101  20.387777720760845    0
1558    516.76675289539878  39.07571917987736  63.295433102080715    0
1559    3015.8676368334568  -246.28041922409739  -1929.4741067031284    0
1560    550  -0.24999999999999836  -3.766480073269304    0
1561    1050  -0.24999999999999467  10.336362587180297    0
1562    701.78059936550278  -57.453489636180713  72.912340370199658    0
1563    1537.5  22.70318228801106  0    99
1564    506.04344955463671  2.7717247773183691  13.042427850219287    0
1565    1444.6783383047402  9.4531322414209846  0    99
1566    256.50296525093853  4.0260671666914227  0    99
1567    262.40940043352987  -7.9663902411080318  0    99
1568    241.74680554793798  7.4579297914690326  0    99
1569    1400  -0.24999999999999378  -10.122621947196516    0
1570    -2.5  -15.808023002753751  0    99
1571    562.5  -8.826539550891491  0    99
1572    1812.5  -21.507610233448776  0    99
1573    2266.9865257861557  1331.0866544566513  0    99
1574    61.986255128056897  -22.438988822806181  0    99
1575    1287.5  -14.644534281116702  0    99
1576    1487.5  22.791846600933621  0    99
1577    642.96404676203258  3.2679766189837274  -10.024973636218508    0
1578    1716.0361866557753  -0.04484556513428295  0    99
1579    1487.5  8.3108668602910214  0    99
1580    1562.5  9.2406238967145775  0    99
1581    1150  -8.4993081778971966  20.303125480404745    0
1582    1407.0901099255434  -30.872576870746297  0    99
1583    385.28317344161854  21.379268665740142  0    99
1584    1900  -0.24999999999998099  -6.8144486593963416    0
1585    28.050283894434411  14.401467479087854  0    99
1586    46.995713475392868  -16.138019673558507  0    99
1587    1300  -8.094901221988664  9.8259129382845991    0
1588    329.10056361390275  1.8002818069513715  15.504656654373168    0
1589    1144.8142571382707  2.3428714308646743  13.002098119608196    0
1590    22.500000000000004  8.0532736402337299  -11.409278331646705    0
1591    1719.840369644452  6.2918226906345236  0    99
1592    96.448527427710616  13.773545796433339  0    99
1593    1168.8882340568252  -4.7809084059432321  29.114897593703258    0
1594    233.57534985211956  3.7838739005469941  0    99
1595    1057.7173346013626  5.0564508657082241  0    99
1596    1387.5  23.085679779647631  0    99
1597    1537.5  8.2518886228155104  0    99
1598    255.1612916390624  -14.699697289430004  -12.451856116898655    0
1599    2826.3167508179195  1628.7719501176794  -1311.8652168491731    0
1600    1901.3504149326693  36.186542602732793  29.35257951839219    0
1601    17.5  10.848226274791323  15.191023315243463    0
1602    7.5000000000000018  -10.869277935505572  16.577256869893532    0
1603    1891.4526880079445  -8.9150913212855372  0    99
1604    1912.2598910636248  -13.580556898861039  0    99
1605    1557.3632625762202  3.4316312881101023  -10.024577175375535    0
1606    1912.5  -2.0364431557544256  0    99
1607    1387.5  8.5054799000265504  0    99
1608    1562.5  -2.3368141668996518  0    99
1609    1492.9442951071114  3.2778524464443191  -12.476654442281546    0
1610    257.71572694505619  -2.8273578227798559  0    99
1611    1150  -11.946477814289553  0    99
1612    287.5  -10.61479960494872  0    99
1613    -2.4999999999999964  11.54966729714023  16.181082208733169    0
1614    903.17868970584004  -25.160164464424849  25.45953402385657    0
1615    1050  -17.13105450145785  0    99
1616    -2823.5104622125841  -1876.2424219156551  -2879.7297749405925    0
1617    1743.397521942851  3.0512390285744813  0    99
1618    1114.1877719920676  -31.130249049043215  -28.226287075811904    0
1619    1905.951765179705  12.236496172787648  0    99
1620    1637.5  23.989314029537862  0    99
1621    262.5  -3.1706708753718709  -12.578496181256941    0
1622    2029.8224036751988  32.546196478357494  43.720388221795332    0
1623    1275  -13.511358347388962  -13.832423992826348    0
1624    1735.6379599894394  -3.0076491744652589  0    99
1625    1662.5  22.689611057280281  0    99
1626    1197.1708553337148  -10.510261130997506  0    99
1627    1894.8511503348734  14.605182369855591  -13.805656936962185    0
1628    1332.4834166002106  69.261932244381796  0    99
1629    -42.5  10.485091709627721  0    99
1630    1324.513422698469  -16.829664697132962  23.929200514681028    0
1631    1750.9590391682552  15.738498861881872  0    99
1632    -75.348865107633614  26.057002642717421  0    99
1633    1625  -0.24999999999999822  15.117660738095982    0
1634    574.64743228227076  -0.073716141135399482  -14.897178252482167    0
1635    375  -0.25000000000002043  -15.048015044125322    0
1636    575  -0.24999999999999556  15.1321940611756    0
1637    1898.7154824742606  -18.476292934171738  19.530218431963331    0
1638    229.42679464739462  1.9633973236973095  -8.436258580890895    0
1639    251.21005161271179  -13.482209530520091  15.171846950752814    0
1640    1568.1628008602252  -0.91827282227864337  20.906666258670288    0
1641    47.499999999999993  -7.8832467994803412  -25.579039822780512    0
1642    1662.5  8.242850666762763  0    99
1643    259.22563871126528  8.5449745850379983  12.953859654667278    0
1644    1543.4095162458939  3.0452418770530394  24.344047467405346    0
1645    -27.5  12.356882719122183  0    99
1646    254.93706737713427  0.21495469301723946  0    99
1647    571.07303568145369  -25.624711718760455  0    99
1648    1800.1879822229175  -18.43927813568272  13.835235458625389    0
1649    -42.5  4.9445036357715102  -16.600307468734616    0
1650    402.63637595701078  -7.1856199782739543  0    99
1651    525  -0.24999999999999659  6.4001357257761518    0
1652    295.18251399435201  -35.379327931998603  -44.709665292014762    0
1653    -60.278855881217773  -36.776107155092618  0    99
1654    1637.5  9.0963390005984781  0    99
1655    1193.4695192639588  -16.703990385451611  19.484883265734709    0
1656    630.06153550444083  28.267621515368283  -52.914005355052382    0
1657    1783.4237843613964  113.36913163596076  199.10150046404235    0
1658    1081.0041163157957  2.7520581578979177  7.7088307525328306    0
1659    1525  -0.25000000000001554  9.2439206348713938    0
1660    1726.6134120643721  74.799012005338341  -64.676536589733274    0
1661    1723.4978038851223  -13.787077496169241  0    99
1662    1947.4902039557714  23.89068905480466  0    99
1663    5033.9065351144627  -4640.5607129778982  4454.6027884621408    0
1664    -8773.7137191139736  5004.6162262087182  -8460.9550040350587    0
1665    274.46398435114889  68.364098860797156  72.268712587976765    0
1666    999.99999999999966  1416.0962764729434  -1119.8567362326032    0
1667    252.89377094219003  3.2817497149056578  8.5695028093083554    0
1668    812.5  -5.7295835077132589  0    99
1669    1356.2749325222185  6.7780809321253823  0    99
1670    1094.360211265104  2.5698943674480335  13.203866367580552    0
1671    1382.1171362179944  3.3085681089972132  -11.634681671779504    0
1672    -39.570140498875077  -27.189927893850616  0    99
1673    1332.0272917703135  3.2636458851567656  8.4185879681458839    0
1674    1719.945193310474  -7.2441529562386506  0    99
1675    803.61565124975641  -12.704515484918819  0    99
1676    1081.4572015857689  -20.734886085799829  0    99
1677    1351.4093389170953  21.139777191217107  0    99
1678    1825  -1.3279156530229095  -26.478142127625947    0
1679    1937.5  1.0102013850533682  0    99
1680    1932.7208238917663  -22.736339052716588  27.551794326246927    0
1681    1953.8500272431611  1.6750136215805373  9.0261763090205172    0
1682    656.41624481237056  2.9581224061852605  8.5985311262370949    0
1683    287.5  8.1578977100547192  0    99
1684    -56.377920129735976  -18.041897235648431  0    99
1685    -42.5  4.9445036357715102  10.348817387314183    0
1686    -43.15917434271433  -13.769523527751728  0    99
1687    1825  -0.2499999999999607  -13.231506374360119    0
1688    -9.4355129734047622  16.949815468849636  0    99
1689    326.22494098786865  -14.108480920799563  0    99
1690    -7.4999999999999956  8.4010488321145438  -14.560337706556227    0
1691    1182.0268423931873  3.2634211965936881  -11.441285192010898    0
1692    1457.0899113388052  -16.619608899037797  -21.4387223410729    0
1693    1746.5306948997932  1.4846525501033949  -13.934475353199147    0
1694    929.9676224081968  63.181807419160378  53.938810982596387    0
1695    1582.0374052449815  3.2687026224907427  14.16897397123121    0
1696    678.20297859194739  1.3514892959736806  12.13907821990173    0
1697    238.266532325844  -8.3491366281621922  0    99
1698    988.8475545176824  -25.419392327779693  -32.565517466755303    0
1699    452.23782488180979  75.328379008192073  58.676122597615141    0
1700    825  -0.24999999999999734  6.8219010616462787    0
1701    650  -0.24999999999999911  7.2007929363861036    0
1702    1145.6194519203736  -6.8277408890115421  -21.19292545921666    0
1703    200  -0.24999999999998002  -12.596347321976696    0
1704    1952.0522890629236  -13.057496350170084  0    99
1705    1200  -0.24999999999998165  -7.9041522154040162    0
1706    839.95009626923934  -1.0923446851358525  13.841007831950893    0
1707    825  -6.6560717464268233  0    99
1708    218.73904689947977  2.8804765502601195  -8.5051754824447734    0
1709    1589.2307437493698  -22.119224360046712  0    99
1710    406.63993213231271  3.0699660661563613  0    99
1711    1917.8117799740571  3.34411001297146  10.574005250609261    0
1712    1050  -0.24999999999998282  -7.8800053596299531    0
1713    1296.6105127519861  194.29916968059752  633.83949014655013    0
1714    1036.5830985039543  -11.173612367050572  0    99
1715    1944.4031229488303  2.5484385255848014  7.630918744607726    0
1716    451.19727496047136  -29.20570796439295  0    99
1717    1862.5  -2.7516586290335745  0    99
1718    1567.9611054052459  3.2694472973770168  -7.887429709128325    0
1719    1943.754767952383  6.8473862718046536  0    99
1720    581.8940251199856  3.1970125599927908  7.7992103309942111    0
1721    1035.7281436429089  -1.4716396362534772  0    99
1722    993.81741595340964  2.8412920232951775  13.123278902662619    0
1723    437.18860890465709  -16.362488300392918  0    99
1724    900  113.88888888888886  -404.16666666666663    0
1725    1100  113.88888888888886  -404.16666666666663    0
1726    512.281617616473  -19.312956140221402  19.144938528407959    0
1727    829.34362634254217  1.9218131712710576  -11.584564184545275    0
1728    518.34716747676077  -19.857852176597792  0    99
1729    320.58071914615823  -8.3234279338695121  0    99
1730    1315.4754391970748  53.267269877014584  -47.55769792002404    0
1731    650.59992256848318  -14.285444250360786  0    99
1732    1100  -11.339995519553053  0    99
1733    240.43067860354589  -0.53895846915697998  0    99
1734    251.07698560769123  -13.700142101453428  0    99
1735    17.499999999999993  -2.4940809437253062  13.044345443338759    0
1736    211.87884748373418  -16.730493123491868  0    99
1737    876.30283053068035  0.40141526534015659  7.7996234096304775    0
1738    1765.5355965172942  12.53863913670769  0    99
1739    1812.9314205612447  -77.529157438426481  99.235793020517093    0
1740    300.01182600820323  29.937627162200009  25.171336295178751    0
1741    650  -0.25000000000000383  3.4919014723083226    0
1742    18.005767631331249  -21.07800369943195  0    99
1743    1026.7182760397286  -18.38656198838726  14.340767843159488    0
1744    257.94783534128368  1.2051516739717565  -7.4747957045320996    0
1745    1586.9733100243425  61.647220864340873  -64.870884840315341    0
1746    218.47768017462866  6.1700917880243846  0    99
1747    17.5  10.848226274791321  0    99
1748    543.17264366075483  3.1636781696225729  16.896835306335344    0
1749    1587.5  -3.5212450567103635  0    99
1750    325  -5.9268348524311776  -8.1757418875244543    0
1751    1746.5306948997932  1.4846525501033965  -6.5269280968842036    0
1752    1509.0091109318387  -26.285977194929536  0    99
1753    362.5  -3.4494937282526865  0    99
1754    842.80656925279629  3.3467153736018349  0    99
1755    -1058.0171114298851  963.28463610138465  1744.9544186826224    0
1756    220.48740343784866  2.0062982810756713  12.442392674361329    0
1757    641.41398442257116  -8.6526178717528115  0    99
1758    1637.5  -2.501234199010018  0    99
1759    1759.4286482757807  21.641786690597108  -26.522566711009482    0
1760    930.68774499551193  -13.987518783328587  0    99
1761    1650  -14.779463194018904  -18.117782488672898    0
1762    245.92569626787966  -8.0226792108815541  0    99
1763    1738.8688349496165  -22.145120488786596  -27.700726802791021    0
1764    1000  -7.5305765614768161  10.453638317060578    0
1765    1907.4126849637737  4.2681555422172917  0    99
1766    1081.0041163157957  2.7520581578979115  0    99
1767    849.72484537516038  -0.11242268758018348  10.359298765937101    0
1768    550  -0.25000000000000666  10.126350005610277    0
1769    500  -0.24999999999999822  8.2115281693458897    0
1770    575.08784580800295  -0.20607709599851276  7.5180969608648169    0
1771    551.87529376581949  -12.303043464513552  25.782722871385005    0
1772    1512.5  -11.268872450237769  0    99
1773    1450  -9.0191779183716498  -11.6816917213023    0
1774    1870.0677227837839  -17.620830480890557  0    99
1775    1210.6141157797574  -9.2326384584230379  -11.905343358184965    0
1776    1937.7150955772099  -5335.3848498085554  0    99
1777    1000.9515943941711  15.434296901314816  0    99
1778    -3849.5510931282633  -8094.0902389085613  0    99
1779    500  -0.25000000000002282  -9.8106828196197551    0
1780    1582.0374052449815  3.2687026224907285  -7.8873688775151489    0
1781    1425.8976381989446  0.1988190994722755  25.863588427440423    0
1782    1857.2401220494255  3.3700610247127676  -8.0202241701552186    0
1783    905.27272399812068  -6211.4238423896186  4211.7484246460472    0
1784    1575  -0.24999999999997927  -7.5999302103123911    0
1785    3229.1460784925407  -5783.0678188091551  -4617.0555218695054    0
1786    1450  -0.25000000000000622  -8.4520745502235144    0
1787    1550  -21.270161229626432  0    99
1788    818.502802548972  -9.5279677926273028  -11.862965528391744    0
1789    200.06117121503922  -13.276299407157277  0    99
1790    1904.0787588908058  1.7893794454029432  12.577513360331142    0
1791    649.75081818301771  15.471656061378582  0    99
1792    506.6406282895303  -13.218914345076554  0    99
1793    173.84374716123327  30.580037573969602  0    99
1794    1742.5177891683638  13.736529513328662  -10.230701725041678    0
1795    169.19838185515948  1.0700062126760068  0    99
1796    1150  -6.4275621142546191  9.3219016029261326    0
1797    515.80255693107836  -7.7945779243403939  -14.755680225766271    0
1798    375  -0.2500000000000015  -7.472090375667662    0
1799    1850.5581724062629  31.06004329672896  28.055622866527216    0
1800    549.24338200785121  18.081552641627223  0    99
1801    1347.0487187179106  38.284515874455103  -29.839758745772212    0
1802    516.71637167678443  -9.0928315495989143  0    99
1803    482.2968730378858  -17.966133298552336  0    99
1804    1582.7641860198048  2.3653217830525737  0    99
1805    1425  -0.24999999999999895  12.921058907571526    0
1806    327.30694475511638  0.90347237755819076  -6.9404426073396657    0
1807    200  -7.0975732216353169  -6.6438635506779962    0
1808    387.5  7.4766532025788974  0    99
1809    1612.5  1.9454660227815008  0    99
1810    646.5526719702118  24.047766379162894  -23.012538443026475    0
1811    1346.3390717895995  39.207202966683205  29.722577749786506    0
1812    475.05670420870086  226.87215246460056  132.5923882152243    0
1813    549.67609100200013  31.481767146098051  -25.569447721580836    0
1814    931.09645708895289  -26.131973674913105  24.343324287815133    0
1815    1619.2347094963243  7.8810740390541438  0    99
1816    662.5  -2.4190433576457413  0    99
1817    -32.5  6.9371278513809287  -9.7940058371563623    0
1818    443.79400743325817  2.8529962833709108  19.690382468030229    0
1819    815.41886753552785  3.5191174293372729  0    99
1820    593.1059748800144  3.1970125599927868  8.6022204152837034    0
1821    1632.31324249216  3.4066212460799825  7.809499214132634    0
1822    551.11918880049745  33.6577589602513  25.762348889646788    0
1823    775  -12.157099820391066  -12.683145728647659    0
1824    373.48741524477549  15.548371333814348  0    99
1825    1725  -6.0880013073587627  8.5014749617004952    0
1826    525  -0.24999999999999556  -7.3721018875562443    0
1827    418.36006786768729  3.0699660661563626  -8.0959546950568946    0
1828    640.33716704752669  0.0011331461321297809  0    99
1829    806.19857455726799  -18.759555839640882  19.382311650730081    0
1830    12.5  6.2883097131792285  -8.2167287541692158    0
1831    218.32842044165582  0.34347513250333916  0    99
1832    510.74919436421777  -1.3740555318242154  0    99
1833    1430.5461134290435  2.5230567145217853  6.6683352468217194    0
1834    1625  -0.24999999999998845  -10.898165550143636    0
1835    1253.8636598456987  1.6818299228494222  -5.804901804353034    0
1836    -15106.041606558347  4309.0163755707863  9737.3248868756036    0
1837    553.29272393299061  9.7033827080768145  0    99
1838    838.36328331431332  -9.5700363352297266  0    99
1839    559.9335071747156  -0.23555336308072938  0    99
1840    545.43654854004205  11.073981589721679  0    99
1841    226.42997304499119  -18.21402433503895  0    99
1842    1624.3574865067683  20.482022760077971  14.440857126292883    0
1843    1450  -9.0191779183716498  8.5612848445716665    0
1844    895.73625343419792  1.8818732829010139  4.6346757402267986    0
1845    1162.5  8.3640658084972088  0    99
1846    1006.448041904249  -11.695847942565958  0    99
1847    493.93672681146671  -12.864303663037603  0    99
1848    1251.5719923454794  -14.475258915858438  -15.506466011340748    0
1849    1291.8605587431516  71.676373041203306  -1777.3471077812251    0
1850    200.16246176768831  35.784511825064619  0    99
1851    999.3309292362743  0.084535381862843373  7.9604059112525523    0
1852    231.78288675939379  -28.633872612065026  -24.752584202927277    0
1853    700  -0.25000000000000355  -7.8470844602269345    0
1854    925.61561875176415  0.057809375882067027  7.5562199375331716    0
1855    1425  -0.24999999999999822  6.0999792048960995    0
1856    1456.2879590633188  -10.148460552870397  0    99
1857    357.74135091382141  2.4294946950381178  0    99
1858    875  -6.0525370960947917  -6.6893784993014949    0
1859    10.937514390218524  16.143793097837399  -25.408010312215055    0
1860    225  -0.24999999999999911  7.1812974323324283    0
1861    403.72593138626223  20.521391877781813  16.972009514440888    0
1862    -7.5000000000000027  -1.2852782710929667  13.709259468186122    0
1863    950.44842926963747  21.678196845128682  -17.898811181032364    0
1864    1000.1520510271953  -8.1673441739847892  0    99
1865    -94.140795576159604  -134.9425163942615  -76.51712951206494    0
1866    1433.2945074805386  -14.211335804435828  0    99
1867    661.40233514166721  -14.936724410742523  17.555620211240232    0
1868    12.5  -11.109821495479283  0    99
1869    2010.1936616630719  -62.616704386348928  212.66730564688089    0
1870    1787.5  3.3815161297450107  0    99
1871    1667.9653858837692  3.267307058115426  -20.396825673803161    0
1872    800  -7.367996047706689  -13.624292089386008    0
1873    580.04917477682045  -14.615422011363645  0    99
1874    807.50626043843135  3.5031302192156661  -10.77035307168536    0
1875    1781.130975677356  2.8154878386780142  -14.898163636175161    0
1876    1550  -11.110413815455487  -13.115784685250681    0
1877    1268.3206692609415  3.0896653695292788  -9.1558693044842627    0
1878    250.67240357376386  -54.856540105475126  -67.703621624102922    0
1879    1753.8876551927965  -22.062138419209539  0    99
1880    1045.4384197915492  -9.3173136549025415  0    99
1881    612.5  8.2220721296419956  0    99
1882    1267.3247675536727  2.611708278924521  0    99
1883    530.74847511764881  -16.098511682627375  0    99
1884    506.38348470645053  4.3809901028400038  0    99
1885    1746.5306948997932  1.4846525501033947  6.588412021322485    0
1886    1657.0346141162308  3.267307058115426  -11.788250770783014    0
1887    2524.5173881449709  -189.88394553487333  534.62606355727962    0
1888    1578.8807375857077  1.6903687928538083  0    99
1889    1416.2437880469779  -16.331818412463374  0    99
1890    598.860296155779  -16.364166580534821  0    99
1891    1425  -10.171602768620577  -9.8515662296655204    0
1892    1000.0000000000001  -457.68114255328175  -719.89227643872653    0
1893    1716.913710166813  -86.247309373076092  -109.62232664880511    0
1894    1096.8186552041097  28.336896137212886  24.618542363966309    0
1895    1683.3533337269334  3.9266668634667568  15.021180139251308    0
1896    1737.9589383987234  -7.087621079379403  13.288204456523106    0
1897    500  -0.25000000000000389  -4.825708828228743    0
1898    1275  -0.25000000000000799  8.3579169774242494    0
1899    1801.067337666077  63.874801150249937  -57.438646179829732    0
1900    822.81701386171835  -4.323926381502563  58.080348213087625    0
1901    500.41032456517621  -8.6836136930300754  0    99
1902    1016.4393934677784  1.3496475796768452  0    99
1903    1429.8219901007114  16.688693692944007  18.50940388886729    0
1904    1078.1612170543831  1.3306085271915999  -5.0143810025812989    0
1905    529.59364770148545  -49.607571362651555  -82.829975281709636    0
1906    1448.425694956032  -8.9346519700015925  0    99
1907    1000.6566013811962  28.7545355711718  -21.933441823007026    0
1908    1579.2489256920278  -13.668618932801762  0    99
1909    -17.32300450264496  10.150919275935223  0    99
1910    1131.5042339193847  3.0021169596923811  -8.2461159722060433    0
1911    657.37735150207266  3.3745670031499886  0    99
1912    644.59221368762098  6.0762500827568253  0    99
1913    1424.2044989693236  -10.731257779275589  0    99
1914    1237.5  8.2190860221401074  0    99
1915    -103.53300842788785  -17.996258306186068  55.874897827777389    0
1916    1575  -0.24999999999999645  9.2139227813951461    0
1917    1087.1012830772202  -8.8781640967209245  0    99
1918    1580.817160155912  -6.5155275319203341  0    99
1919    -264.61356558977963  -19.166265284476601  198.56301984044455    0
1920    -11.828109070172079  2.5505060462384717  42.16248508701058    0
1921    154.21683890526927  8.319894415834618  52.103254216654811    0
1922    1070.5009491120334  1.9995254439832606  0    99
1923    2000  -0.25000000000004041  13.171179536020352    0
1924    475  -11.02273261828876  -18.722035151237719    0
1925    680.38218434839075  -12.748911087664357  29.750859111456784    0
1926    1577.0424720728854  0.77123603644273042  4.6607164586859353    0
1927    350.242841090995  -0.12857945450249275  -7.7681244996061709    0
1928    -27.850240819367972  -14.443679294148449  -21.407041608958345    0
1929    1042.2985396587276  -16.388714685917563  -16.123815157597228    0
1930    325  -2.6748171495333297  -4.5019377494867001    0
1931    1025  -0.24999999999999586  4.6847064190749563    0
1932    894.82112047954638  8.9562993779233864  13.949317946808378    0
1933    1325  -0.25000000000000133  7.7826982924349686    0
1934    42.5  10.011209172140033  0    99
1935    782.7239121949907  2.4780649855940853  0    99
1936    1669.1431617666119  2.6784191166940143  13.048352855691354    0
1937    349.36939917884393  17.563045423026043  0    99
1938    1750  -0.25000000000000222  -4.2963080715237769    0
1939    932.22582797049859  3.3629139852493166  0    99
1940    217.65423442447675  22.316042628414078  -23.904043756081201    0
1941    1729.5025027452971  -8.3237310820130475  0    99
1942    695.73969460695457  13.746732736537609  -13.764788072532625    0
1943    1829.9688830821312  19.076770116773066  0    99
1944    500.22028627999288  -15.491721215756618  -14.383384502857535    0
1945    2021.8166633346696  23.655335569889722  0    99
1946    1337.5  -3.563076903875682  0    99
1947    1412.5  22.654919859215607  0    99
1948    1019.2046515103152  15.434296901314813  14.340767843159357    0
1949    569.22138872647292  10.995087521710797  80.370124531344317    0
1950    921.72080868017042  1.3895956599148016  4.1776695210145345    0
1951    746.38550145956981  1.5572492702151084  -9.638232609678413    0
1952    484.62568534164888  -7.4502204004239463  0    99
1953    694.10519760536408  36.230657293781462  -41.651846490878796    0
1954    1312.5  8.1540572571470804  0    99
1955    177.54751116593457  -14.42413267703634  -21.987007165870576    0
1956    17.5  5.1360476121344707  7.5030527825352307    0
1957    19.699532565495844  -326.23432360805043  -198.41550019676654    0
1958    1741.3523009643379  -15.801352720417899  0    99
1959    1450  -5.0604892628013012  -4.5604660511838029    0
1960    1430.5461134290435  2.5230567145217777  0    99
1961    506.42278260120992  -6.9711315360109696  -7.3181958239242242    0
1962    1475  -0.24999999999998312  12.80103650356766    0
1963    -626.0404899123489  -579.75710137543683  0    99
1964    1487.254450425339  -32.374784911535357  32.641929542557477    0
1965    425  -9.7266004676850155  11.938121755921738    0
1966    851.42728611161363  21.488803302658631  0    99
1967    353.87564712269972  1.6878235613498718  5.7032991056573135    0
1968    1837.5  7.2853413086893175  0    99
1969    1074.0466779909862  21.483234976885235  16.828769690147112    0
1970    933.46365283184423  -10.138805989661071  13.243447831713745    0
1971    1025  -12.631589203940004  -13.552593160097111    0
1972    924.96564327930105  -8.7183959692312616  0    99
1973    1732.0731055149079  2.6918984286438761  0    99
1974    -185.03225457857707  964.64267294593901  -2139.8641116114204    0
1975    1642.68675750784  3.4066212460799825  -10.815882154434304    0
1976    772.42388663385452  -13.594270671399784  0    99
1977    897.41306840996288  39.836602902629579  34.586510997402755    0
1978    540.81595514127525  18.121908150195367  13.132119361251736    0
1979    350  -0.24999999999999853  -3.7882356924576848    0
1980    1574.5936071765859  16.726575442895985  0    99
1981    1867.7598779505745  3.3700610247127711  17.331095379291209    0
1982    275  -0.24999999999999289  -8.2699256392664466    0
1983    1165.9675679474483  -15.172076318979267  0    99
1984    1762.8115696420523  -12.072581258227679  -16.635271912092602    0
1985    1425  -1.3335411995520481  -8.8337953421160229    0
1986    301.38597793348328  -17.468411508479058  0    99
1987    1981.273553308924  16.125302729823314  17.765098890652894    0
1988    1063.4169014960457  -11.17361236705058  0    99
1989    800  -0.2860678864427233  -8.5973399872256699    0
1990    1931.245232047617  6.8473862718046545  0    99
1991    875  -6.0525370960947917  0    99
1992    60.356535240419021  15.57366010103901  0    99
1993    1287.5  -0.44580244146610681  0    99
1994    250  -5.6220233226606799  8.0940730437240891    0
1995    350.86973098866218  32.903567411956374  25.487461985211759    0
1996    1875  -10.012165931074865  -12.536632709593805    0
1997    1755.8520897816836  9.5938670765834342  -10.230701725041676    0
1998    1662.5  -3.5327527859065473  0    99
1999    1079.0467064171153  -11.396081231016854  -11.63459941750482    0
2000    200  -7.0975732216353178  0    99
2001    655.78134432758907  9.9472402943580072  -12.169720819793829    0
2002    313.60146563316948  -0.096876087255728827  -10.060137696088304    0
2003    1567.6501027774941  3.4519048649074628  0    99
2004    1312.8713278524037  -3.1800549202608654  0    99
2005    490.37454438681186  -1.0198628096569773  0    99
2006    -513.57992186160448  -352.67694655824016  -4664.2029387703087    0
2007    1106.7890037604918  5.4387590851435732  0    99
2008    930.35486966926942  23.812152339103662  24.267227167734251    0
2009    37.5  5.9420549027899456  -10.970733798861515    0
2010    1250.1074237174416  15.751541538972631  0    99
2011    906.18497240929264  6.9858398216226227  0    99
2012    1781.130975677356  2.8154878386780102  9.4027052292628781    0
2013    850  -11.856358731379952  -11.998146724229036    0
2014    1687.5  -22.720920213931706  0    99
2015    1453.9616436751417  1.7308218375708639  8.311483893353774    0
2016    354.05946468842353  10.27513482973537  0    99
2017    1586.9324872131824  -11.209377718994173  13.22985727168609    0
2018    1730.7514370452955  -15.727939514421209  -14.765325332890205    0
2019    1700  -0.25000000000001199  -10.210466412083141    0
2020    207.04281492712576  -5.1218061038695257  13.376650244002754    0
2021    1317.5080954196926  2.6449935283044725  0    99
2022    1731.1601363886778  -4.0382551860401392  -5.9479911119315609    0
2023    427.95215076826412  -11.33385044318943  0    99
2024    999.99999999999977  -126.5560319866243  -1072.5607742567031    0
2025    275  -0.25000000000000239  -4.0404940137360406    0
2026    224.7802875561627  -25.489912481436633  31.874663624231403    0
2027    2071.725218792295  -26.966189146077667  0    99
2028    1893.4599648242056  1.199115959583684  0    99
2029    624.47122929630086  -16.354792958440207  0    99
2030    1746.5306948997932  1.4846525501033963  0    99
2031    625.0086236756274  15.471656061378582  0    99
2032    1487.5  -3.4464831789309058  0    99
2033    393.17933985604526  -16.223794776841643  16.972009514440639    0
2034    1751.2333603465888  -11.697026339410469  0    99
2035    1075  -0.25000000000000022  -3.5969677415449501    0
2036    1225  -0.24999999999998432  4.8170219082526797    0
2037    723.39261258868237  -6.0531624643609758  0    99
2038    1657.7678198163462  2.3550489404281079  0    99
2039    770.04244873301138  -20.783420553750084  21.148220441053262    0
2040    1744.2821893890291  11.120918819648018  0    99
2041    1492.2596139497841  2.4321918406800584  0    99
2042    180.65572772767197  -14.652402029242097  0    99
2043    1025  -12.631589203939999  0    99
2044    1573.5283125424846  8.8305084517682495  0    99
2045    359.73751655080241  15.548371333814348  16.02486262252155    0
2046    1653.8815945482283  1.6907972741141477  -5.7619148617052458    0
2047    1307.7464748748348  2.3251836008778302  0    99
2048    74.237224635950369  118.71316155573334  110.21886430691279    0
2049    666.65143747391483  -23.759625784876388  -28.717785358007713    0
2050    1350  -0.25000000000000755  8.1806905871216333    0
2051    746.38550145956981  1.5572492702151068  8.4984011284478864    0
2052    1345.219272315343  13.856323915845433  -12.127713300280142    0
2053    389.0006934043185  -2.5265696003707037  0    99
2054    1075.211482701251  14.221313931845382  0    99
2055    1104.2676942910848  1.8838471455423802  8.1641801235151732    0
2056    1543.0818741513322  3.2090629243339053  -12.557103950523288    0
2057    1592.2358139801952  2.3653217830525746  0    99
2058    1642.5910013307609  3.2975524007942303  0    99
2059    1875  -0.25000000000000355  -10.006855475995893    0
2060    1929.7886373518252  2.1443186759126247  6.4655195010538096    0
2061    1050  -0.24999999999999467  5.0925986122154692    0
2062    776.87713617149575  12.111089865583462  0    99
2063    355.46351337782119  -8.2646056253120967  0    99
2064    782.02500682727737  -11.54443881766252  0    99
2065    1577.0424720728854  0.77123603644273364  -3.8651361043426524    0
2066    403.48853194127918  1.4942659706396006  0    99
2067    855.90136242767289  29.217904089612031  -29.435380148892882    0
2068    846.22798473444197  1.6360076327790016  5.211139837483981    0
2069    1375  -0.25000000000000222  -8.4712396134406553    0
2070    1425  -5.8467629774134391  0    99
2071    1000  -4.5155240769753355  4.4983482152960681    0
2072    1412.5  -4.8100700657422628  0    99
2073    557.33845098574898  5.2185536063112208  0    99
2074    1342.9727082296865  3.263645885156766  0    99
2075    1102.4531759314018  36.339330063470989  78.336762653385378    0
2076    1967.7735646929357  3.3632176535321436  -14.934955794992645    0
2077    1720.2863063420193  1.7138631028012883  0    99
2078    407.77681798369775  -3.1430558754056683  0    99
2079    715.49748689864009  -10.754030779650551  -13.909095959067049    0
2080    22.5  -9.7741504555129808  -15.047644544575013    0
2081    345.77937034433904  10.099637719430557  0    99
2082    1571.1680582696224  13.16883657682046  13.851507138966017    0
2083    1500  -0.25000000000002043  15.551128725669248    0
2084    225  -0.25000000000000178  -5.5773300749435819    0
2085    1950  -0.25000000000000133  5.4529040098352857    0
2086    414.03319077085968  -5.4685554502064555  9.8998175427745263    0
2087    1479.3065045057322  -13.709197604237964  -18.344638553196049    0
2088    1529.0727405917119  -19.990492480733913  -39.92670382965651    0
2089    1737.7269758844939  -63.286767484435686  -64.184316518946318    0
2090    950  -0.24999999999999745  -4.2236016055282688    0
2091    1933.406092756027  -9.46910763103641  0    99
2092    1430.0132912754866  -9.1702661675805253  8.6668509673547973    0
2093    1405.5854609682169  -19.773787729134042  -19.233951921849343    0
2094    1625  -0.24999999999999792  -5.3773963984605082    0
2095    1070.9389365037011  8.0282312999735073  -8.538080443119842    0
2096    -42.5  -6.6735892721703118  -10.836049205054007    0
2097    1528.799643663476  -9.7877739356297813  25.824644890320133    0
2098    1648.5636758359137  -15.488486916875242  0    99
2099    2038.5429915778179  -9.7674912806574454  0    99
2100    1205.7577075144404  7.8962832492644965  0    99
2101    1074.4830528246086  -12.093834994213475  0    99
2102    341.7928008146327  -11.211303594714609  0    99
2103    567.12504269359488  2.2948825802988857  0    99
2104    1650  -0.24999999999999734  15.117660738095992    0
2105    1304.469305949621  9.8504778550086645  -12.157621362939507    0
2106    1649.6466556781045  16.542826515068171  0    99
2107    1337.6311614896047  2.8642332013716847  -12.236241682815653    0
2108    47.500000000000007  -7.8832467994803412  13.261329037330473    0
2109    375.01283434850473  27.309196257795733  -21.684349843307761    0
2110    1049.3333407794955  15.770885281155877  0    99
2111    7064.4256696398288  268.79037930768118  3828.1503954641162    0
2112    2133.2425899561572  -57.807921093824689  -98.332986810184124    0
2113    893.22041952760674  -0.82132525272145029  0    99
2114    27.5  -12.529001696630752  0    99
2115    255.91105812957451  -9.1886017341095148  0    99
2116    300  -0.25000000000000711  -3.6576724200709565    0
2117    1812.5  10.656609724748575  0    99
2118    667.66195539814896  3.4190223009255165  7.7910361916365733    0
2119    459.34407167061983  -25.989810428028097  40.384129298391244    0
2120    1418.585727462164  -7.3091445653724882  6.9592621166679312    0
2121    3839.6507400237901  1906.9075975166827  6631.6223205477118    0
2122    1850  -0.25000000000000844  10.229458276685872    0
2123    925  -4.7944941510908592  -5.3211414927036005    0
2124    1923.4552615179616  -14.725318950669308  0    99
2125    276.51385347956068  -19.505129370908133  0    99
2126    1571.1425053217927  1.6787473391036505  0    99
2127    523.18495856695665  39.70030827625849  21.044759676430147    0
2128    1762.5  -6.100181028060919  0    99
2129    1596.1192624142923  1.6903687928538065  13.621767176528405    0
2130    574.0150979284025  19.538078279051525  15.790691441770427    0
2131    427.37836157062128  -23.384719968115405  -18.309814494198637    0
2132    852.25248304574893  11.137203348275907  0    99
2133    1743.1205245503497  -7.3385566503820456  0    99
2134    7.5000000000000018  -6.3987586892943078  -12.552575938456371    0
2135    929.85885918156544  -7.0519481410441642  -16.018256477048538    0
2136    914.9122290166938  31.472030084625445  -35.071455528592338    0
2137    984.51942039945277  -12.292935470228576  0    99
2138    999.99999999999966  1399.9343319958703  -400.00000000000006    0
2139    1943.627496666526  -8.7751030414340256  0    99
2140    1223.5158214940036  -10.191109067352201  0    99
2141    1020.7483287119184  1.8758356440408424  -12.155919993999385    0
2142    1097.2071810526536  1.1464094736732018  6.6894178925517789    0
2143    1612.8790228140983  -10.107608393015798  0    99
2144    1590.7311173243361  -12.60007642758889  -12.951881385106184    0
2145    211.9031355764929  -11.228533079296106  -18.310877490714738    0
2146    244.79412473145067  2.8496542125320765  0    99
2147    681.40818159892615  -6.3840143230923205  -31.225161071673199    0
2148    1419.4989626389242  -25.757059664144165  20.847006481955777    0
2149    1633.8380105783617  -12.003963111268606  0    99
2150    348.00250161183101  0.74874919408450458  5.5976542336818236    0
2151    1368.7418138785365  2.8790930607317216  9.4399980013383757    0
2152    1929.7886373518252  2.1443186759126247  -6.4334074770743204    0
2153    2.5  9.448365515011977  0    99
2154    1042.2392672155815  2.2761598259215683  0    99
2155    675  -0.25000000000000028  -5.0746139596175137    0
2156    1100  -6.1216418394035923  -6.7124875395569266    0
2157    667.62264849792734  3.3745670031499886  0    99
2158    221.4174244636593  3.1795646027118787  0    99
2159    848.26495493176185  37.225746729481052  26.040336624936145    0
2160    1600.1736610218795  -14.378479963621414  0    99
2161    1049.1084518960129  29.160711376226153  23.315080379992427    0
2162    1518.571474444796  2.9642627776020301  -8.4961885063280072    0
2163    1522.2866279743262  12.541458146339817  0    99
2164    678.87903767308183  -16.794609931812232  76.342313399592086    0
2165    1225.9904374713972  15.436516364634912  0    99
2166    403.92217285500737  -12.943806046352858  11.177401034734652    0
2167    1837.5  -4.8382920527258229  0    99
2168    1525  -2.7605892686308287  -8.3676001433766132    0
2169    644.88182133289763  1.3457192651116872  0    99
2170    925  -0.25  -4.454351941183333    0
2171    -632.18446878756276  -1026.5875596587134  811.79763168231068    0
2172    1069.3552859667168  -6.7596764078160803  0    99
2173    1699.3863819948406  -15.109327661638078  0    99
2174    724.75246361609902  -16.31364140114141  20.296538435533304    0
2175    561.65638274996218  3.9286038088544011  11.417228791003231    0
2176    1075.4462581809053  -3.6159839786628281  -11.470410710201094    0
2177    799.1092074623391  15.602233705588898  0    99
2178    532.0709607855016  4.5425050605859667  0    99
2179    721.7491127903827  9.6642994496143402  -7.6877637275769253    0
2180    1557.3415929952539  3.4207964976269425  12.274924814173714    0
2181    647.43154639013039  1.0342268049347749  -5.9277044737594755    0
2182    1755.5518264525754  -6.2517584978865806  0    99
2183    1300.5083017174561  -469.69182639409757  0    99
2184    540.81595514127525  18.121908150195367  -12.006257651353687    0
2185    147.56917517241698  -29.189728170539965  0    99
2186    1772.3207096244062  -17.706225274833375  0    99
2187    117.56908400312327  -35.69072599150833  48.485199063853884    0
2188    1901.7679293113201  -11.641896063216342  0    99
2189    875  -3.4273083641852211  4.5065503658401376    0
2190    1925  -2.2817314084366291  -6.316004674720471    0
2191    1232.0272917703135  3.2636458851567669  -10.281110823747811    0
2192    1900  -6.4208162335337624  8.4218626845388691    0
2193    431.20599256674183  2.8529962833709108  -8.078750743782118    0
2194    1724.5912959099132  -8.9574018896605381  0    99
2195    957.52857529967537  2.9983211501188656  0    99
2196    825  -3.7396352972631739  3.6800802728637434    0
2197    825.85985271975164  16.091772886007657  0    99
2198    1375  -0.24999999999999689  7.2302546652825921    0
2199    1075  -6.5138916941162881  7.7717612444298849    0
2200    891.00954618523178  -7.6989873451187592  9.374166706113396    0
2201    1919.3888987079135  13.251637065151604  0    99
2202    342.99591813430067  3.2799726389343014  0    99
2203    240.78409137596481  3.509625038065765  -9.1260490029713193    0
2204    1453.9616436751417  1.7308218375708633  0    99
2205    1281.8322271592915  5.3108705328716947  0    99
2206    1000  -0.25000000000000533  -3.6620058927524166    0
2207    1382.1171362179944  3.308568108997215  0    99
2208    219.87950806203355  -10.360181129565355  0    99
2209    1524.3029277809349  25.991827589824638  -20.405473615831536    0
2210    707.33804460185104  3.4190223009255165  0    99
2211    1132.3300528886443  59.87950577685524  182.78110899469684    0
2212    -15000  -30000  30000    1
2213    792.27608780500918  2.4780649855940844  0    99
2214    1408.6286726217427  4.064336310871326  13.872605031224479    0
2215    1632.739060782631  -6.1235097494112098  -8.1377809743020837    0
2216    272.86241597571217  12.449014730341755  0    99
2217    523.92149620628049  -12.216966170780086  9.6606662542467596    0
2218    462.5  22.716448902079943  0    99
2219    1343.6007362348714  -14.826419998039452  0    99
2220    1275.6651799132851  -32.673288392166796  31.400517770707921    0
2221    1760.0395021540471  3.8671510629661574  0    99
2222    -29.237536026804364  -13.901368464142045  0    99
2223    211.23388019461777  -1217.2140358247295  0    99
2224    1953.8500272431611  1.6750136215805389  -6.4071220785820975    0
2225    1244.5763760294899  10.692069556225606  -12.484638285575141    0
2226    1748.723288422025  -6.6394300830425186  0    99
2227    -56.30487426620148  23.796991756847483  0    99
2228    661.79996540382467  -13.617147299483136  0    99
2229    223.31623433849472  14.344160064261848  0    99
2230    1967.4799252628045  3.0200431952083502  0    99
2231    494.69821262510038  -5.7608306783561787  0    99
2232    1275  -0.24999999999999512  -7.5380208057009561    0
2233    1974.7441712539567  16.217656333088264  0    99
2234    1714.0851909331388  -20.223171933444014  24.876634865306791    0
2235    800  -0.24999999999999761  -4.207874520252048    0
2236    868.8084032696953  6.9707575202374379  0    99
2237    792.78096397187005  -12.857115933388986  0    99
2238    1375  -0.24999999999999276  -4.1433959958437638    0
2239    1175  -0.25000000000000133  4.5952397391100366    0
2240    418.36006786768729  3.0699660661563608  0    99
2241    282.00855030807173  3.2542751540358728  17.624959960870445    0
2242    393.22290584504367  3.2210300546207442  0    99
2243    1912.9232278699167  9.3965546101370769  -13.538415127807047    0
2244    -12.5  5.9133823900902884  8.1531179604650728    0
2245    397.70318204107053  -5.9240464272982907  0    99
2246    806.17449974237684  9.6573613073831233  9.884906183948889    0
2247    32.5  -7.0127647744445509  -9.2581927560964612    0
2248    52.415165870025923  9.6243018113633578  0    99
2249    285.57831962107804  -1.2284509474469996  0    99
2250    955.82644165729016  -15.845718766375215  0    99
2251    243.57790752177337  -3.9873192547867697  -6.1552098265012498    0
2252    1125  -9.4632739800378278  0    99
2253    -17.499999999999996  4.7691488288245099  -10.171445099038134    0
2254    -106.76349539453739  -13.587298902541676  0    99
2255    1079.9524807572707  -7.1910832784368157  0    99
2256    572.65082602003815  11.306874262401692  0    99
2257    1700  -0.25000000000000494  5.9103457555256123    0
2258    341.47051230160685  16.767410322092395  13.801843482351934    0
2259    490.03905624712371  -8.8539251557032213  12.750498292774763    0
2260    498.675586819285  -5.030785057238492  0    99
2261    995.14165037404371  8.5688070211576495  0    99
2262    1650  -8.2809286937709246  -8.1300954191350989    0
2263    1366.3717972253303  -11.124414926247431  0    99
2264    1878.8602790872462  -11.389969868359218  0    99
2265    -15784.488600823264  -7728.7479858033967  -15069.064529883814    0
2266    895.99717407662934  2.3712608068288628  0    99
2267    975  -0.25000000000000444  -16.070490938147337    0
2268    946.04531206804529  -11.350986900437809  0    99
2269    1000  -4.5155240769753346  0    99
2270    1914.386245105615  -7.8502295586893407  -11.573285189786606    0
2271    295.88958466864136  8.3153543530339409  0    99
2272    2166.4679804276161  441.40956124340084  0    99
2273    1570.989648535384  5.7035697464455826  6.5228310927443118    0
2274    906.56523538168926  1.0628007490193607  0    99
2275    1657.0196970842526  -32.539316822186834  40.87055625259697    0
2276    688.59692291474664  -14.283787708153278  0    99
2277    543.03945917142596  3.9175164437917736  0    99
2278    1442.5265238507588  2.443579588562494  0    99
2279    1569.2631736226338  -10.384275712603369  0    99
2280    1368.7250674777815  6.7780809321253823  0    99
2281    575  -0.25000000000000333  3.6557740812989765    0
2282    1101.2680397210434  19.265128293948234  0    99
2283    834.56549727898027  0.54616267977141075  0    99
2284    7.5000000000000018  1.601808967547909  10.660384281065173    0
2285    526.01009674147372  18.081552641627223  0    99
2286    794.87188071892115  9.4674829664051394  0    99
2287    419.36722559214479  20.221578792158397  -22.076943481370694    0
2288    2.5000000000000013  4.3934377207020185  -8.8571060720438179    0
2289    1751.150526267865  8.3255867962387331  0    99
2290    1519.68728246195  5.8406745569127034  0    99
2291    1574.6222157967411  -7.2016939154921102  0    99
2292    1520.9963186659454  -22.461691993679153  -18.874069804583812    0
2293    700.98331556600283  16.63425266240198  0    99
2294    317.94503760972265  3.2774811951386744  0    99
2295    1732.4568110642301  51.824772717720478  45.542907647091674    0
2296    1390.3157444096028  0.20279406148690327  0    99
2297    1833.1326765086635  1.2235246279817482  0    99
2298    684.62160872778793  -6.2971856439381302  0    99
2299    675.6677055751519  20.749236520781039  14.100243048435475    0
2300    680.08525007894764  -13.537801632751782  0    99
2301    1185.7678526412562  -1.4039001410281351  0    99
2302    1896.7385428481782  1.3807285759109234  7.7084155292987004    0
2303    656.01884791716736  -7.6348155800080724  0    99
2304    1807.8957993254767  3.6978996627383616  -15.628985548432789    0
2305    1219.9625644033756  8.5978336996108347  0    99
2306    1496.1245569076593  1.6877215461702939  -6.1241364057988852    0
2307    325.63060082115607  17.563045423026043  0    99
2308    27.499999999999996  -6.0150795396056518  9.2040339752034921    0
2309    462.5  8.2607209939937594  0    99
2310    450  -0.24999999999998135  -15.158368968029375    0
2311    1971.1499727568389  1.6750136215805378  4.3430349490709776    0
2312    -171.35111495777659  132.90928083142097  247.23226527690505    0
2313    1175  -10.929122933032808  -12.32904969944877    0
2314    1378.7330067205767  1.6165033602882837  3.8297641984507376    0
2315    1775  -5.9415234989538277  9.4263468405748689    0
2316    -1843.6384269835235  -1844.2033273809388  1630.3888394212549    0
2317    1516.0855104813634  -1.2098882590443258  0    99
2318    1133.4274323931879  -13.724347977904603  -13.12160163359707    0
2319    401.82561295540989  18.570925883302191  0    99
2320    798.13244382412495  -8.1044629273716033  0    99
2321    -15000  30000  -30000    1
2322    1081.7062951226435  -16.301863659135588  22.559059235883797    0
2323    697.56595605578423  -26.297542083036323  0    99
2324    1167.6831660866628  77.886448572297581  0    99
2325    1008.4287893743476  4.5136108663955756  21.572630401254251    0
2326    1413.717335933997  8.9224248967366719  0    99
2327    304.19478676008941  8.298443676139307  0    99
2328    1025  -6.7728082145354582  -6.7762965800485579    0
2329    975  -0.24999999999999969  5.1057231915129604    0
2330    1931.5860717704893  0.94290456301998038  0    99
2331    1646.1487717121981  1.6756141439009746  -5.3937727526710111    0
2332    1942.7197076330976  18.087395170196398  16.124410098933765    0
2333    1008.536288551435  1.3799879679104978  0    99
2334    1207.7312803588725  -1.2329799617404662  -45.791964043679044    0
2335    1074.6614046760444  -6.7906242550654863  0    99
2336    802.83075254923801  8.5009745580087532  0    99
2337    498.4903796364224  -7.3570704603914976  -7.3181958239242224    0
2338    282.27008515992895  -23.876622044538429  -25.114850062508257    0
2339    1300.2390607120817  -0.1304696439591897  -10.856849602021107    0
2340    673.18878589910537  -9.1393702670902162  0    99
2341    1350  -0.25000000000000755  3.9948460210140873    0
2342    228.84480989547293  -9.5413242643621388  0    99
2343    1381.6662261650276  14.002359253077257  18.109829003533363    0
2344    321.29879689315999  1.6006015534200067  -4.2410544619591741    0
2345    805.62014359666182  -6.1120418271872294  0    99
2346    375  -9.4688130052936756  11.143069566860968    0
2347    232.44181802703821  -15.215424504395822  17.806061671016067    0
2348    1253.8636598456987  1.6818299228494229  0    99
2349    77.53445768458505  -2.7311292368015323  0    99
2350    42.551550430229291  -11.3112348118973  -96.130402472364963    0
2351    1825  -0.24999999999995545  8.0170420230442048    0
2352    993.72818353255957  2.4365782123275936  0    99
2353    746.38550145956981  1.5572492702151075  0    99
2354    266.42756160262394  -1.5264124342966932  0    99
2355    1568.5361073104568  -4.1296572345337035  0    99
2356    1519.9804182889923  1.2456644896352831  0    99
2357    247.13356713471023  1.1832164326448771  5.9962733482722825    0
2358    950.00533816891004  16.215351523599566  0    99
2359    183.57334492891869  -145.42116313776611  122.81356360471892    0
2360    744.87026553091403  -8.432641204274768  0    99
2361    1755.0631591435542  2.2815795717771103  6.6652594195758059    0
2362    807.7831019495062  2.6198291899903561  0    99
2363    1387.8378918174142  -21.199795630700841  0    99
2364    1075.9186173712565  0.20930868562825911  5.8559396511443467    0
2365    1075  -3.8188649978626632  3.6216280347530097    0
2366    303.89145164034227  -9.170960610905464  0    99
2367    1650.0786920902369  -0.21065395488155558  -4.3219461330699342    0
2368    552.98417134655494  -11.230551505694448  0    99
2369    1453.5055632758265  16.346402439255559  16.923288679841011    0
2370    500  -0.24999999999999822  4.0106234502029263    0
2371    517.27349457367995  2.3945019792281075  0    99
2372    743.06286906959531  -3.0486424508591572  0    99
2373    846.22798473444197  1.6360076327790096  -10.303855503724781    0
2374    1945.4067473326447  39.276406878450487  -24.545991152638337    0
2375    265.70030189735138  -5.5461809390213412  15.115068877472408    0
2376    321.29879689315999  1.6006015534200058  9.2630941102932134    0
2377    1575  -3.8435711242476596  -4.0518000944550181    0
2378    101.32025484598847  -37.618873716884771  0    99
2379    543.34005133892788  -6.0725250524114491  0    99
2380    749.78877606759033  -15.145273736550919  20.809301547885923    0
2381    740.46322824034337  40.73555007938409  -99.155565130521268    0
2382    1004.409017776487  -3.107603675692153  57.576809120406615    0
2383    1003.992995803912  35.788900054221962  42.301439962522139    0
2384    989.98960411489793  6.3027240367595088  -11.348725058193311    0
2385    1416.7121302986627  1.736743532934359  0    99
2386    339.99564056729173  -6.2613441672379082  10.437683132468658    0
2387    1355.0352135434132  -13.276489678309865  0    99
2388    529.0376820053807  1.7688410026903698  0    99
2389    1850  -0.24999999999999897  5.0383565701317181    0
2390    1945.8166541799956  15.326481182847512  -13.604457698414402    0
2391    1889.3098717304831  53.736607233648918  -43.527119309104727    0
2392    556.7476488360893  8.7528188211855742  -11.219903239271508    0
2393    1450.2048919344595  31.218020375659471  -24.722427412608159    0
2394    891.30469387159383  -7.6450545799957084  -9.2308851478820433    0
2395    -1020.9842208242671  5636.6281310704499  0    99
2396    396.03173094801036  -8.4078952519137982  8.8931496577895963    0
2397    584.5021588247572  -51.510085841467202  -48.357921440289495    0
2398    873.63629512746832  21.349232971007002  0    99
2399    222.02103155440042  6.7130971568428262  6.68958603242484    0
2400    1667.2321801836538  2.3550489404281079  0    99
2401    1725  -0.25000000000000444  6.1633326135316624    0
2402    1650  -8.2809286937709246  0    99
2403    790.37315465605514  14.27838760310123  16.457638300323236    0
2404    1949.7110907683214  -7.2350745644679346  0    99
2405    556.69453781286279  -5.8820245735726164  0    99
2406    559.25790505549514  -8.023378337668813  11.727865101345571    0
2407    1649.8886571978746  30.567589084545716  23.838109702076927    0
2408    1828.7360211564505  -18.776091469442932  0    99
2409    308.96498712887927  -15.229948525946973  -14.063244285919446    0
2410    1477.0961062608424  -48.789533738824503  -52.152612830687232    0
2411    -1760.4919098930823  9883.8272548127898  5714.8669376609178    0
2412    1917.4238813582178  4.9409562074408706  0    99
2413    1078.1612170543831  1.3306085271916002  0    99
2414    1632.4089986692391  3.2975524007942294  0    99
2415    277.97011175686293  -2537.1027975462371  0    99
2416    781.71904419263058  53.484605111398039  0    99
2417    301.20315214607007  -30.284151776828168  27.851783478929644    0
2418    1949.3837504702713  -22.180716275731221  -20.443918954435862    0
2419    1394.9238725727544  35.600521253675169  58.504578591433805    0
2420    970.48092812951086  -16.556772464384789  0    99
2421    1833.0406337277111  -11.758537804988986  12.073994783406805    0
2422    1181.3999446927619  4.3491275409154309  0    99
2423    322.86798641627524  12.270311304130704  -11.629953464948574    0
2424    568.04316000069139  -4.6093474638568397  0    99
2425    1928.2967368720003  1.3983684360001578  0    99
2426    1084.7915595182521  -2.6757042629237864  0    99
2427    632.98820655919337  2.0837341392959421  0    99
2428    291.91459183495994  15.520248289303549  -13.694117326876173    0
2429    1775  -0.24999999999999289  -8.9735508585241384    0
2430    525  -0.25000000000000505  -3.5800770964390463    0
2431    1006.2178901702866  -5.4171451394818231  0    99
2432    921.74409596966063  3.8240656191466589  0    99
2433    1600  -0.25000000000000289  7.4445258696838525    0
2434    500.52734249523354  16.771560342257796  0    99
2435    281.68222428173931  15.423627033454508  0    99
2436    1756.0838062109292  17.94218122712115  19.474290363159412    0
2437    1143.8100371004682  88.218660810989149  -80.60261194908496    0
2438    703.84590198230921  1.6729509911545974  -4.1302991150643829    0
2439    411.42349561336511  -14.24286137582456  -43.836578023724883    0
2440    1689.7667346208029  14.63344080344913  -20.421067490447591    0
2441    -47.113702653617224  20.614191839116998  84.108265477567258    0
2442    1881.2112796124011  2.855639806200581  8.7574380836622652    0
2443    1054.5615802084508  -9.3173136549025415  0    99
2444    1650  -4.5717917886130852  7.7215601646214918    0
2445    725.7230928619183  -8.8185487675392906  -64.57277195421112    0
2446    1078.2240800675079  26.350156278990958  -17.889296768589041    0
2447    321.29879689315999  1.6006015534200058  3.872641526570062    0
2448    516.21885812111179  -3.3115260108415816  0    99
2449    500.09409024612961  97.226815034278985  157.29495570389923    0
2450    -97.900711620060122  17.262011961706545  -54.308897857980796    0
2451    1500  -0.24999999999999911  -4.4672723665564114    0
2452    279.46889693543051  7.6893297530170948  0    99
2453    829.92699923589282  -9.5279677926273028  -10.061527706848054    0
2454    925  -0.70259359866605187  3.7694249756473952    0
2455    1625.5105524365845  0.0052762182922965195  7.5282598505569895    0
2456    1433.6547841141603  -5.5592760769533296  0    99
2457    1136.5567202368093  -88.99046528718516  0    99
2458    1482.0557048928886  3.2778524464443262  -8.7866791789567404    0
2459    1475  -0.25000000000000266  -7.8455092421899852    0
2460    1348.6080961440155  -8.8143855972910572  0    99
2461    625  -0.24999999999999303  -5.0540126280466788    0
2462    868.43244180850104  1.0497812264413557  0    99
2463    325  -0.24999999999999778  3.945431397568929    0
2464    1556.9947799730492  24.835751416703381  -64.626597913087394    0
2465    1860.8466532413693  23.184721044817426  -29.113542829257568    0
2466    1687.5  0.18548946875958117  0    99
2467    1200  -6.1233675385057831  12.208778502363428    0
2468    1004.5106975946077  8.2812676236526173  0    99
2469    792.50070835460144  -2.5831831431563552  -6.3835838580499082    0
2470    1850.2459466563962  -0.12702667180192551  -7.7392742406329686    0
2471    278.07575931035115  -10.202059043132245  0    99
2472    753.82330934791457  -9.5723277691181536  0    99
2473    1750  -3.8755710805232977  5.6847036076212802    0
2474    1332.0272917703135  3.2636458851567669  0    99
2475    1222.781522082126  -17.168250336033793  15.984066134842186    0
2476    -531.91316944113021  -306.73836216846541  0    99
2477    456.4771542510772  -140.74348503308678  171.80069600282218    0
2478    1918.18742728847  -0.82393730516899422  0    99
2479    1271.1363401543013  1.6818299228494165  4.3744063985171842    0
2480    897.72514425821134  0.88742787089435282  -3.573057358525245    0
2481    295.58149343283674  -8.5960356117763173  16.054161854210953    0
2482    937.19077814032528  -5.8206098899519958  0    99
2483    1557.3498972225059  3.4519048649074624  0    99
2484    349.98438582525284  7.1221293829003542  -5.5634809229765612    0
2485    420.95147367108041  -8.0885693976574551  0    99
2486    1050.3824834628788  172.98899794015978  105.6157113187553    0
2487    1698.6654676304643  19.988637022412174  0    99
2488    554.35001109535938  1.9250055476796737  5.254508201196086    0
2489    1628.8512282878019  1.6756141439009764  0    99
2490    631.4860713962986  -9.2997112956536974  0    99
2491    -30000  -30000  15000    1
2492    1950  -4.0440392473368441  0    99
2493    2842.578192874691  -3758.9765498914749  0    99
2494    728.94895924015725  1.7244796200786447  4.3218564768841059    0
2495    225.33890852415402  15.583059883003441  19.837585306802836    0
2496    900  -7.749081200697729  0    99
2497    999.78061343163859  6.9405139032703431  -5.5967401870776765    0
2498    1850  -0.24999999999999667  -3.7735759292714044    0
2499    1682.8695618332774  -11.267715372586062  -17.081456393082572    0
2500    1176.5236800255386  -12.007738090190447  0    99
2501    1496.3260150063495  -16.682434637535486  0    99
2502    941.11987305725347  1.4291878611959152  0    99
2503    679.46655947626095  -22.019122303879151  -16.011894899238815    0
2504    679.46655947626095  -22.019122303879151  15.118441134943323    0
2505    533.24518027641307  0.21294998602723569  6.9557289912941238    0
2506    1325  -0.25000000000000133  3.7909662236571431    0
2507    550  -0.78189869996966355  5.0254194467744915    0
2508    900  -0.25000000000000139  4.3333376577574256    0
2509    1987.5  8.2300392362899828  0    99
2510    1812.5  -8.0293923622754413  0    99
2511    660.83366689973695  -52.56106236072543  44.221604864116451    0
2512    600  -8.691811278146389  11.782187630512906    0
2513    1618.594739573409  1.8187017183937311  0    99
2514    15450  30000  0    1
2515    1072.625504222807  0.93724788859649044  3.4174149026910552    0
2516    1076.7123751107715  7.7819164911806054  0    99
2517    1245.4678550969829  -2.4293742888425243  -15.550373491958652    0
2518    547.54945803815235  -9.7970349231744773  0    99
2519    275.2491765086491  26.876783124902158  -15.396279389958908    0
2520    1822.2113887589203  -10.995479779456874  0    99
2521    536.18236480393227  -10.003065327678621  0    99
2522    523.22453979958152  -13.612942608023694  0    99
2523    944.17934793363099  -7.1836431043024422  -9.3457715245143973    0
2524    953.85029140804818  1.6751457040240982  5.8107067146782114    0
2525    801.39227815073912  -5.2892778665233928  0    99
2526    1717.0395731683277  14.120942292592431  14.342547944451837    0
2527    1300  -0.25000000000000189  -5.3597555956433647    0
2528    967.78019062148644  3.3599046892567586  -8.267418268021224    0
2529    1101.4480338049709  0.47401690248542971  4.5453727391076733    0
2530    875  -3.4273083641852211  -3.344689249650747    0
2531    532.21098428105824  -11.932500408553004  -15.103272755055249    0
2532    861.95051795489542  -11.934881823131395  0    99
2533    1605.0890715252235  -7.967326673954485  0    99
2534    1631.253867453049  -5.5511728646874001  0    99
2535    1876.5266640985697  175.98155058761017  112.30802630236782    0
2536    291.56191788215529  15.316425560153764  13.607344959946856    0
2537    1993.8994693868729  125.59221097266791  0    99
2538    996.78181653921627  1.3590917303918548  3.8317694299640275    0
2539    1623.4272366192411  22.768181076542948  0    99
2540    -22.5  6.0877463984561562  7.554967294115321    0
2541    1969.8678354518545  -12.23636755423969  0    99
2542    353.87564712269972  1.6878235613498713  0    99
2543    1252.0331823119325  0.76659115596627625  4.9467740558142577    0
2544    399.6592862744468  -71.626177619928512  -58.200423426443905    0
2545    677.67784964045165  4.6713053495875609  0    99
2546    1244.7172748897081  2.3913625551459887  -7.5809727617507754    0
2547    1925  -0.24999999999999734  5.3285936278125554    0
2548    1376.5022139929299  -2.5625662698544383  46.554057671741845    0
2549    1125  -1.9792215407240161  -8.0740039543389486    0
2550    1531.2558631819295  15.229085515815036  14.956719724050329    0
2551    1574.115939775023  -12.452438899524823  11.219478240011824    0
2552    1857.5025263423447  3.064661254549768  0    99
2553    1047.2109312253458  8.2746069576828063  0    99
2554    672.04207115594591  16.634252662401984  0    99
2555    1843.336465002162  -18.232475674823586  0    99
2556    426.83964698571992  12.467589723230493  0    99
2557    1200.7527374367908  20.376713464981773  0    99
2558    522.58354944691871  9.7135355895452022  0    99
2559    649.39934884906495  39.328855936198622  29.45022114188323    0
2560    949.03576328379211  -116.60967574087576  -62.991335074725839    0
2561    184.26466627413157  -4.6652070274272113  39.872416655770763    0
2562    955.5071924693134  15.167600019692337  16.107143446215229    0
2563    415.23545203190395  -10.045629656165204  -12.791950760361816    0
2564    1550.4063928234141  16.726575442895985  0    99
2565    342.05657747883242  18.027103715953444  -14.29215101558821    0
2566    1004.167264779913  3.4562143852099032  0    99
2567    1356.5960874792725  0.88256516440371091  0    99
2568    930.67171161369015  -5.5545708624792542  0    99
2569    300  -5.9509474483395683  8.0584687706238753    0
2570    625.06872689031195  29.77899882306161  22.819531645602755    0
2571    953.29678055784655  -8.4607148876877272  0    99
2572    673.82547398459951  0.33726300770024098  6.8262880795406842    0
2573    950  -0.25000000000000022  4.3654537153341781    0
2574    703.48356756549356  -14.218984899306722  0    99
2575    1063.6458413238552  -13.707038954675649  -15.961890812874747    0
2576    560.99571431247648  -4.5970802860119235  -11.601947983099638    0
2577    1776.2812396945817  -28.528488689017983  29.947418109995809    0
2578    1828.8519563878579  8.9117903695042102  0    99
2579    974.46480700111636  14.044814988298981  0    99
2580    357.05641086158619  17.356869830478075  -11.37625120774482    0
2581    5538.8969911487757  9067.4400075717567  6166.2021959230833    0
2582    1903.2331040546142  1.3665520273070346  5.9034099581422348    0
2583    2136.6623591407415  -60.084374036398032  0    99
2584    862.87632601995369  95.115402773301867  70.321257626851491    0
2585    552.35449691897713  -6.8324989188279375  -5.7507225069410675    0
2586    946.06380958964132  8.6090576751432657  0    99
2587    1494.5447837245017  -8.3095343381762756  0    99
2588    1077.5032207702209  -4.3975244774369227  0    99
2589    571.72471530312316  5.6746397512029816  0    99
2590    756.52249069168352  3.0112453458417678  7.6783551625256399    0
2591    567.45806246677512  6.6614955199749879  -10.062235227866639    0
2592    579.09627690842456  7.3547883854043903  0    99
2593    571.07710967958076  1.7361616881130404  0    99
2594    882.03236349179156  3.336579176312521  -7.6954112546371629    0
2595    1002.9267611554395  -6.2227378942612148  -5.94054504337692    0
2596    587.32511681116273  32.196579416384893  51.48593474931883    0
2597    1025.1439728864366  15.294574711140934  0    99
2598    450  -0.249999999999996  11.028013095111456    0
2599    1101.8663523923747  -8.9606211289373974  11.077540896952911    0
2600    850  -0.24999999999999911  4.1621030823517353    0
2601    1020.7184227648482  8.3678411137868274  0    99
2602    1309.2221293662617  34.646074744699114  -26.304585919392053    0
2603    300  -0.24999999999999556  5.9488485632256829    0
2604    1330.7869980134012  -6.6023307110931269  0    99
2605    1846.2606241678302  21.181455616097224  0    99
2606    945.67450307624927  3.5850372218993591  0    99
2607    522.81485847043325  -7.2574454068804233  0    99
2608    856.21168200465058  4.9386185740836179  0    99
2609    1350  -0.24999999999999703  -3.9294848342149251    0
2610    796.40198453263656  12.941381642518891  -14.389113486004646    0
2611    -79.92241972430233  -38.023228672782693  -66.912188988158064    0
2612    903.25590403033937  3.8240656191466607  0    99
2613    375.1009185986004  59.096590483844842  0    99
2614    614.93332830985378  -0.52488088534955502  0    99
2615    -119.3081551150365  -67.051616333191248  -220.00744918144892    0
2616    1627.0264151168396  0.76320755841987065  3.6784441672136752    0
2617    -12.790178016780562  -11.098732637660623  0    99
2618    551.62286541295771  11.955735338331319  12.161100087874352    0
2619    1776.9837676459088  20.699712602106992  19.768718213122838    0
2620    1628.0382091320369  13.435726706188895  0    99
2621    1871.8167576367659  1.3416211816170542  8.9633679884943351    0
2622    64.060081042084605  1.5868868417344775  -15.989710920878771    0
2623    1800  -0.25000000000000089  4.5126877700775259    0
2624    1295.2356763187415  2.1321618406292382  9.5706331912825675    0
2625    1446.2450445673551  1.6274777163224039  -4.4112695676217193    0
2626    680.42870572980564  5.2961676537939733  -7.6877637275769173    0
2627    1487.2496271199918  -14.237406583944125  16.452123377869324    0
2628    464.12812428818694  -16.339357855005726  0    99
2629    -76.77068586243567  -0.68466548230974489  28.801700961529718    0
2630    1368.4039125207275  0.88256516440371091  0    99
2631    1506.268063634594  10.371943846220212  -13.199832985785994    0
2632    719.93913320123772  -3.0749710464824629  9.1910765696575716    0
2633    47.5  -2.9592583040266875  -12.970106302775857    0
2634    1006.7137448325815  -19.191051641019797  -22.548331893934709    0
2635    -27.5  -6.8344737825785487  -10.821767999878308    0
2636    1876.6866348115311  0.59331740576560965  5.6679308685040501    0
2637    475  -11.022732618288755  11.45041430873818    0
2638    675  -0.25000000000000067  3.4250018165869172    0
2639    510.78201280025274  31.377990662822889  -36.620643755739543    0
2640    450.65783566018649  -15.732553450770466  0    99
2641    546.47111221598175  -5.0318527830215718  -20.70186734597057    0
2642    1946.6136021064117  1.4431989467941055  -6.3840428767859185    0
2643    1759.187215513746  -13.569920118166358  12.659379808877954    0
2644    30000  15000  30000    1
2645    1697.1618014501889  10.341744131601933  0    99
2646    275  -6.0607252970200918  9.5468803243671267    0
2647    1477.7931928635378  41.432188717654  31.432982236810794    0
2648    1992.9693363452727  3.2653318273636316  0    99
2649    1506.9700223863022  -8.0383471539427696  -21.92729826123697    0
2650    722.95501883066902  7.2939461795311455  0    99
2651    1622.1928970882802  4.5038299783931759  0    99
2652    1452.2972418344282  10.037227498368036  0    99
2653    980.64986967821483  7.765184909716778  0    99
2654    1955.4800034404645  -8.2973016188682589  8.2630267557037413    0
2655    1261.885477358657  -0.62208171045022309  11.744899269052723    0
2656    1147.397812679236  -39.906088671774583  -30.580376818138589    0
2657    1343.779028349534  -4.6551800740215361  0    99
2658    1200  -0.25000000000001005  -3.8532356528740443    0
2659    1450  -0.25000000000000133  5.2419364212535449    0
2660    1181.618162139561  -7.1176424946587407  0    99
2661    1615.7111160560119  -3.8959575640640693  -8.1377809743020766    0
2662    -6042.3176667007265  -1422.6108529321332  10410.759723324585    0
2663    308.34432784578036  10.839452476984283  17.019374222125901    0
2664    27.499999999999996  4.1320212547682091  8.9283838336979251    0
2665    1943.4139282295107  0.94290456301997994  0    99
2666    956.62330872609925  -22.785159997421527  -23.369504170357352    0
2667    431.20599256674183  2.8529962833709064  12.453023027040041    0
2668    977.34227336483082  -9.885346113002921  26.406772282420693    0
2669    394.88745002623671  -34.544778301274349  50.51405251880125    0
2670    1858.3937254830469  -14.201959880564518  0    99
2671    1167.92766146542  3.2861692672900435  0    99
2672    620.87160944528  -8.7806357614944837  0    99
2673    1181.58535443507  -12.182216944014115  13.233066035954277    0
2674    991.40475475283574  -6.7024802863635067  0    99
2675    1599.010969237343  15.477535455413285  0    99
2676    1131.5042339193847  3.0021169596923825  0    99
2677    462.5  -3.5100122712667137  0    99
2678    1293.1677728407085  5.3108705328716947  0    99
2679    1789.9040493692594  -7.5912322585902032  0    99
2680    1118.4670301393994  3.0164849303002854  9.7816842408067561    0
2681    1371.6937336054609  1.403133197269498  3.7928757738902368    0
2682    927.40713412822811  12.158301870725412  0    99
2683    190.09755442845378  -10.285276258262027  14.372737688150783    0
2684    443.59678086120925  -9.06757123897426  0    99
2685    1349.6274875800714  -25.374670144476276  -23.031089882432649    0
2686    224.05723143678733  -6.6122358361753903  0    99
2687    1425  -3.320219852305256  -4.2789881995701613    0
2688    1727.9329872113271  4.3691992632855499  0    99
2689    690.88108196300198  -42.389642101742304  37.591078351518327    0
2690    516.63458828561977  15.109741852365808  -20.058084705297293    0
2691    1125.2735635151578  14.68541142640742  0    99
2692    1027.043366021084  0.77168301054205202  -7.5841880091999787    0
2693    1675  -0.24999999999999156  -11.676455196766987    0
2694    -37.5  -7.8207510952890233  10.998145655242514    0
2695    1338.2144712898203  -21.322711404667466  171.09735015967431    0
2696    1855.988105698515  -6.8778224665219589  0    99
2697    1542.9625947550185  3.2687026224907276  11.05424718646873    0
2698    779.84814607592409  37.270208489864388  -28.026780578010076    0
2699    1174.9463191842874  16.667899627159787  0    99
2700    280.21154748031819  2.3557737401590915  8.1043414747069491    0
2701    1870.5305181241067  -8.9547433330240427  0    99
2702    1343.6057930970485  -9.7393260328080444  -10.549203078885652    0
2703    600  -0.24999999999999556  7.6634384874986843    0
2704    481.71415593519953  3.1070779675997642  12.06653329321392    0
2705    1801.0670978183953  -14.768501297862109  0    99
2706    1057.7014603412724  -16.388714685917559  17.740642888255241    0
2707    1192.2742409397583  2.3914458591708221  0    99
2708    1445.2625716107289  7.8970136034411968  10.82921586104894    0
2709    850  -11.856358731379956  0    99
2710    475.30278658091436  10.038532605847422  361.28316395451645    0
2711    728.69394326041345  4.3453076602026854  0    99
2712    1853.8496474506776  1.6748237253388494  0    99
2713    587.5  -4.1526380674519929  0    99
2714    1730.9612032086845  5.8955883261248339  -7.862694146354106    0
2715    1525  -0.25000000000000605  4.5374453122924425    0
2716    1019.8059067199483  -7.2193588267503603  0    99
2717    1876.4232164797381  21.672733664968121  0    99
2718    555.33508455436902  0.92093929166831145  0    99
2719    497.16262661563627  -7.987623796458327  7.5697700928731013    0
2720    308.35541094501212  1.6708651450969185  0    99
2721    447.18790107414225  -19.074990570111684  22.866782921334337    0
2722    1148.6928806683829  0.40355966580852964  7.1448047228167582    0
2723    1205.4668659314921  15.023423657594886  -14.626102684812505    0
2724    1467.8226406341814  4.1573200889190121  0    99
2725    1599.399092822345  28.877563626825825  -22.040326100167174    0
2726    1326.8257465178294  -10.304515368183221  0    99
2727    1218.7548811086481  2.4416953110997688  0    99
2728    1996.3112300699311  1.5943849650344275  -10.284171979699352    0
2729    700  -0.25000000000000827  -3.8239829601757256    0
2730    343.43502956347749  -4.7213045182072131  0    99
2731    1424.3130837119829  16.781903247026388  0    99
2732    1646.1487717121981  1.6756141439009764  0    99
2733    -2370.0465976126334  -3477.3132037211017  4542.1761155430204    0
2734    1821.1081746414106  13.834623627634885  12.073994783406926    0
2735    578.9853693240882  14.405890372101062  -12.143062030262417    0
2736    1269.8169207520179  16.656323062204862  17.24999843412138    0
2737    1650  -4.5717917886130861  0    99
2738    1794.4431852377145  -17.236867627203935  -25.214453639193248    0
2739    901.18915293777854  8.6763362520040559  7.4339726981592209    0
2740    2029.5212848661265  -4.1066055055746817  35.92779273124787    0
2741    1867.7598779505745  3.3700610247127667  0    99
2742    283.71081442525485  4.043774515034241  0    99
2743    1221.7926752652299  1.3536623673850015  -9.9057702169506197    0
2744    1002.7374962250522  1.1187481125260788  4.3047032375522711    0
2745    845.04895234156731  15.771651603348753  14.871368438633539    0
2746    1926.7195886569634  0.60979432848173531  -3.8078324945505138    0
2747    976.09251794388274  -9.7902085991677428  0    99
2748    1675  -0.24999999999999156  -5.7713194497343805    0
2749    224.51939776816587  -11.234006744965157  10.50479059395467    0
2750    401.51503194143322  -119.29400010382435  91.342069862757654    0
2751    1359.6452258409483  -6.6257042172589138  0    99
2752    73.634591604600999  -26.497875872345681  39.710417861568175    0
2753    1801.1170837578588  18.722922479965799  0    99
2754    1937.4975523069504  -7.7921301195284078  -13.989229038136418    0
2755    2272.5300524692839  -2914.2706991232135  -1297.8855720488173    0
2756    948.26914027269186  -6.3885772839253203  0    99
2757    1529.9232698711039  -21.244113707501818  0    99
2758    2004.8005058076149  18.209389557603085  0    99
2759    1296.4045497042628  -10.481010990044393  0    99
2760    918.30139690318606  -14.346695517578723  -34.854183751883554    0
2761    -2309.8684627406028  6751.7998600706705  -5375.3856875603506    0
2762    1537.5  -3.5212450567103635  0    99
2763    1095.7423717386309  10.472162315686662  0    99
2764    575  -0.250000000000001  -7.4013613901668185    0
2765    348.61901557520105  -9.3114340263532878  0    99
2766    1508.5000467059738  -4.1745777093737573  0    99
2767    672.43625996055653  5.6822559115534066  0    99
2768    367.25864908617859  2.4294946950381195  0    99
2769    396.42384951373748  1.5380752431312656  0    99
2770    1850.1495324975156  11.464864548136818  0    99
2771    251.16819511614023  -6.4661138271066374  0    99
2772    733.22976265490865  16.275483619532935  13.212049299319485    0
2773    1324.5117600852038  -16.829146716045081  -15.098010794823269    0
2774    1333.9208763941822  -10.41304703059604  14.208645469285791    0
2775    651.7336163457843  8.2691042406893516  0    99
2776    1795.8796456176838  10.156374171191189  0    99
2777    199.34165022576178  42.964045757465335  44.533801642070848    0
2778    -164.08593487253432  -145.56202428481919  116.15328711083268    0
2779    81.185648213526605  -31.2405903058091  -36.914809919793001    0
2780    184.62811641319948  13.761755899499722  0    99
2781    1871.2041216082328  1.6479391958836587  0    99
2782    1550  -2.4596101675809052  -9.291466567635732    0
2783    1897.4550974056581  -7.08273873714489  0    99
2784    269.60353641756984  -13.56229585060596  0    99
2785    1215.3402823101853  -6.5346480126684252  0    99
2786    1829.0481349585868  1.7740674792934388  -6.7479251636456858    0
2787    1425  -3.320219852305256  3.2994027296285151    0
2788    1125  -0.24999999999999467  7.5379894686765656    0
2789    1322.6613840185908  8.2320230972936628  0    99
2790    1542.2358139801952  2.3653217830525746  0    99
2791    300.6646763361536  120.21258227928787  -82.112619621495213    0
2792    1356.366431162259  -3.5839675490121468  -5.9912408250104914    0
2793    1129.4826023280527  21.807224815756474  -21.663609384067225    0
2794    678.91663554246236  -7.7642887757633918  0    99
2795    1408.4807625670728  2.5230504942714882  0    99
2796    281.43834641845547  -5.3902805816171391  -6.1552098265012534    0
2797    1503.6184413913863  -11.601745214416564  0    99
2798    1093.2486254048417  3.1256872975791663  0    99
2799    1895.9325072535828  -12.84255152582284  -11.95123788732786    0
2800    -7499.9999999999955  -30000  15109.124999999998    1
2801    2000  -0.25000000000000044  -5.8930594044676088    0
2802    -17.5  -6.2671249870387244  -7.9425881102680531    0
2803    969.02945868884717  -6.8274096214763897  0    99
2804    942.19724273039378  6.3815805023553613  9.4146346537457379    0
2805    1900  -2.5982674092404672  4.8674025539745003    0
2806    800  -3.2540324580260607  3.4999488792684623    0
2807    952.47288692988229  -120.52301656266897  0    99
2808    395.37999517503607  12.097711016692283  0    99
2809    908.98429622922606  -7.4672599448781671  0    99
2810    605.00787782204407  2.2539389110220167  -10.862779593372954    0
2811    -255.53963507442307  -312.9480015638224  460.77013201049613    0
2812    928.7885736955194  1.644286847759723  0    99
2813    -12.499999999999995  -5.2715960129822692  7.1044975198443385    0
2814    1250  -0.25000000000000067  -4.3751144226223042    0
2815    766.31599279212776  -0.39094798316504786  0    99
2816    1471.0383563248583  1.7308218375708626  6.5329120072809896    0
2817    796.52797158245869  -11.687035167762609  11.430310258839643    0
2818    400.72547102285012  -4.3818829939986976  0    99
2819    1902.9457238685168  -6.2082500058379049  0    99
2820    1207.9736911901211  -4.2763261960069823  0    99
2821    671.24724869495208  1.9882123092244963  0    99
2822    1881.1144202532889  7.1444462860226672  0    99
2823    1500  -6.6220186574802726  8.0326366347984735    0
2824    1322.8728027987499  10.847040154772618  18.828344310549681    0
2825    582.7943390732986  1.2331570577177926  0    99
2826    700  -0.24999999999999778  7.7720134142375583    0
2827    1401.5200664871488  -15.726960335180234  0    99
2828    882.03236349179156  3.3365791763125205  0    99
2829    707.84787952796898  -6.9170911652701212  -8.1726582611935541    0
2830    422.41378203673685  1.0431089816315806  9.1931918188036104    0
2831    1373.6205376341197  21.139777191217107  0    99
2832    1297.4482628914434  -14.931348124333626  -26.810992527580396    0
2833    1644.2392685702548  2.200068865170584  8.7252677450735732    0
2834    1427.9239705550387  1.211985277519338  -4.53444643723045    0
2835    225  -3.7962121123211916  -3.1254586392490507    0
2836    450.93255654927782  -8.3686837401669827  0    99
2837    1161.100843264808  -5.3220809326053864  0    99
2838    925  -4.7944941510908592  0    99
2839    927.70979217608226  -6.9401050533911368  6.6011946125556475    0
2840    1721.3162983864195  -10.682328614094539  -10.79535583825302    0
2841    844.94103333944054  -6.8481145182915499  0    99
2842    1395.0231107831976  2.2384446084012497  12.780266996770369    0
2843    1524.2688857113267  7.9179508740781079  6.890682973581935    0
2844    506.69174007669466  -6.6016550911694631  0    99
2845    1605.7652905036757  7.8810740390541438  0    99
2846    1325  -0.25000000000000916  -3.8708395660490247    0
2847    1849.9794235753111  -12.908512471547018  0    99
2848    580.51923975040279  -7.0658108712104104  0    99
2849    1804.1728514547247  10.970366142377756  0    99
2850    619.36124239834589  -14.140876684246567  -14.571324009902076    0
2851    332.18343649315926  4.1343221581327754  0    99
2852    1860.5781792959531  -9.4273412411831714  -13.196096553710861    0
2853    1704.3636023792517  46.370285389681854  -43.485981975720478    0
2854    911.93116499509972  -12.509093110664233  -16.079209403176431    0
2855    130.30013469247001  2256.7845924868966  -1249.5233139453571    0
2856    1050  -6.3494267575027994  0    99
2857    1461.8458943651169  -16.615309540242958  25.863588427440412    0
2858    1421.256708337087  9.8302901202562971  -9.0002621015281754    0
2859    473.70464335581784  -11.65619514191977  0    99
2860    1814.6874398535142  1.3136086812365679  0    99
2861    1275.2672864964009  -26.582124247153864  0    99
2862    981.42594496251786  1.7375281358274588  0    99
2863    1281.7369173461605  -0.45142669538183622  0    99
2864    -7499.9999999999955  30000  -15109.124999999998    1
2865    1671.0018991670463  -14.761413649306132  0    99
2866    1675  -8.4251570770884534  0    99
2867    1704.356212880484  -8.5307692291399473  0    99
2868    22.5  -1.6361074963503643  -9.4278044967420485    0
2869    2000.3218500525018  -14.881663425664911  0    99
2870    2021.6539838384012  2.6771957082360163  0    99
2871    600.18246266605365  15.436427334857811  0    99
2872    883.29122581302306  -9.1093672295409593  0    99
2873    1647.9735848831604  0.76320755841987209  5.0415391049986882    0
2874    1118.2109962395082  5.4387590851435741  0    99
2875    569.99973166106554  -15.585745030042402  0    99
2876    1606.405260426591  1.8187017183937302  0    99
2877    1169.5163469673262  -7.8211047857036649  0    99
2878    1975  -0.25000000000000017  4.0529214724376343    0
2879    1279.1438312079808  13.096714642515973  -15.138601032572561    0
2880    820.18287885098789  2.1585605745060539  0    99
2881    960.61624935985151  -10.079259506277003  -12.579683939178544    0
2882    -7500  -15000  30000    1
2883    2250.0577825792075  645.33737089736246  581.05373996271589    0
2884    1440.1546058366969  -16.615309540242965  25.863588427440419    0
2885    1647.0450847090556  -21.924940587326041  22.822326961107571    0
2886    1245.9423886334278  8.4057102590846249  0    99
2887    1841.8673234913365  1.223524627981746  0    99
2888    443.79400743325817  2.8529962833709046  -7.7835267427858348    0
2889    -62.956007264718203  49.118330974854516  36.011845773920662    0
2890    1353.8121520893301  -6.1340326230770188  0    99
2891    920.55248848494693  -6.7176541510471335  5.4060932884944171    0
2892    819.84643035528893  10.001389711752434  -8.7162080622637372    0
2893    1030.20215184823  -7.2200516442181186  0    99
2894    372.30331789378403  8.0724446021971676  12.895383525612674    0
2895    1675  -4.6452398957641527  9.3464009009155138    0
2896    1523.5856998126492  -12.109829155824166  0    99
2897    890.29313952054486  -24.831489902682002  -68.250075958679261    0
2898    1323.8520977953247  -6.1262593549829898  0    99
2899    400.90734218588847  -6.3109907882388256  5.8192077098435577    0
2900    1127.8404723035769  1.1702361517884579  -4.6494678284052391    0
2901    803.43845109386575  3.9870099258159835  0    99
2902    1356.478042636855  -9.3534762831303428  10.652537434149025    0
2903    984.114198913064  -5.0260190098757951  7.7339787588215074    0
2904    750  -0.249999999999998  5.1180845695946244    0
2905    599.2203522673102  0.13982386634487654  -7.1168323018058945    0
2906    457.56113924982117  -12.303032881626416  11.998820057584627    0
2907    1050.0924672817534  -11.196776704420186  -10.052632958094428    0
2908    572.02940657946647  -20.44560363018239  -20.67693498742867    0
2909    1112.0025483039426  -16.534114967168247  0    99
2910    1764.3580048575527  32.106395397499014  54.324356068210847    0
2911    951.85635579365839  -4.8202602397654815  0    99
2912    1766.4018511747422  90.314531869857021  93.129077260182058    0
2913    1207.7551621439077  3.5927307447749097  -121.71953594022975    0
2914    668.60324535316329  -4.572240100701686  0    99
2915    902.74601206090574  1.1230060304528702  -3.6153538394904148    0
2916    288.84058147578662  2.8939561101234279  -10.858417570470493    0
2917    1096.4542951114718  1.5228524442641485  0    99
2918    602.68729764094064  12.282528465481569  13.49217141942594    0
2919    1475  -15.785435675664292  0    99
2920    850  -5.0821512589524582  -7.1753353560408808    0
2921    1253.0887076992144  -6.1213585118532423  -11.20187298732764    0
2922    1456.6822825878737  -3.9038183982784496  0    99
2923    229.42679464739462  1.9633973236973081  0    99
2924    1404.222474149899  1.8612370749494604  -5.2448401376209581    0
2925    1093.0184723664029  -13.172299122076048  -19.322814766881478    0
2926    1327.4395463943326  -4.6162849005677824  0    99
2927    902.43867271986142  25.379723029315116  14.313212196360471    0
2928    817.00393426697201  -3.8165785227575295  7.27442913714507    0
2929    -95.159460513137446  2087.0136554025357  -4364.537473178355    0
2930    1906.754549808333  -1.467738543145698  0    99
2931    1564.1592549899949  -7.8080112093613341  -10.566723439241432    0
2932    1014.9124050238247  -11.695847942565958  12.057114282394622    0
2933    776.22060202042189  -7.8674892231944469  0    99
2934    1705.9217967765035  -14.880034447338568  -15.209637594553737    0
2935    1779.9500528854198  -10.628205008550381  0    99
2936    42.5  -8.5015734330333927  0    99
2937    1418.9493973413487  -67.716687588100712  38.163369664303787    0
2938    1920.5525196156925  4.4659450862236687  -7.5355487279844322    0
2939    520.89411925640309  5.3534653185532211  -5.4760894919976355    0
2940    1150  -6.42756211425462  0    99
2941    1725  -4.9263621929174954  0    99
2942    1197.4492854319215  8.9812887151427958  0    99
2943    -146.67068977706259  479.66717114127255  320.36755437719683    0
2944    820.21526667386934  10.268488957249644  0    99
2945    802.86019367484244  1.1800968374211944  3.4289007756290766    0
2946    1857.3374469135008  -1.9967728832352392  5.6197901145566487    0
2947    1828.9882794837958  3.95183741069753  0    99
2948    1173.2115564572036  28.774343176337474  -23.945157995579208    0
2949    378.19873186526712  -10.306988038254495  0    99
2950    822.45725734737789  1.0213713263110331  3.5293873346682254    0
2951    1118.896042346588  -13.724347977904602  14.60751490562301    0
2952    2020.4200551426263  -16.679999843940546  0    99
2953    693.0725482850537  -7.0734015795270606  0    99
2954    -7.5  8.4010488321145456  0    99
2955    529.34509883707085  -9.3776579164178422  0    99
2956    1300  -0.24999999999999911  6.1860063221669659    0
2957    1474.3621380864008  17.591904469554926  0    99
2958    -877.75391372636022  -340.23983414015083  427.72005630346649    0
2959    1241.8272370097145  15.592661075007971  16.168848418088778    0
2960    1946.7032631279997  1.3983684360001576  0    99
2961    1915.8108364996531  -38.837567749496699  -40.94180732228142    0
2962    1369.9867762307845  14.363209752108922  -14.460916397590962    0
2963    1161.5497795204092  1.9086869034870826  12.319346831884745    0
2964    600  -8.6918112781463908  0    99
2965    1108.4361206447297  -8.3106227100392704  0    99
2966    255.55884443705841  54.563638828250269  -31.052810772783779    0
2967    823.85882360970459  8.7532359051861555  8.3061432900114589    0
2968    1904.119025190025  1.7403651197094998  0    99
2969    14062.5  9375  30000    1
2970    578.84016365711955  3.0222602979459801  0    99
2971    358.2651584416426  44.5987337782841  0    99
2972    1120.2808721588915  22.77460299465136  20.857727056670392    0
2973    1533.2365456734346  -12.179573259890475  0    99
2974    1966.0988331354758  92.492975655698203  0    99
2975    1993.7892281142208  97.969071023284215  195.29039212376381    0
2976    1791.1816159934872  -1.5615976422282136  6.8539935441172783    0
2977    1829.9794055460372  -8.2240670539617575  0    99
2978    1452.0863817833877  0.79319089169387513  -4.2878846489737787    0
2979    1920.9544965082653  2.4755658338850592  0    99
2980    375  -0.2500000000000015  -3.6314894396132145    0
2981    366.37926443734784  -10.159145761877014  -11.260052709896467    0
2982    656.95355886958703  -2.1616466905247829  0    99
2983    1274.968147463994  -13.542873474781512  0    99
2984    1394.6875912289088  6.3142510748807243  0    99
2985    1500.2205017869298  -6.8167488082549053  0    99
2986    1391.6103751582477  -10.791819536265164  0    99
2987    1934.871946517083  -122.95415962963386  -96.467882893925037    0
2988    1779.8508188487137  9.5347202462036797  0    99
2989    323.63041338467229  28.402522818818923  -35.414824612447632    0
2990    1377.19873737636  11.904869182868424  0    99
2991    1603.2096025802211  1.3548012901105735  -4.2697537135405543    0
2992    1792.4974147489991  25.331382275715249  -24.840185091936384    0
2993    1598.7899395966904  -4.2933286774750083  -22.926694840882732    0
2994    183.15810636211944  -443.5957628163809  354.1986528335209    0
2995    1378.7330067205767  1.6165033602882852  0    99
2996    1825  -0.25000000000000283  3.9110723518101569    0
2997    675.69801283517472  -6.9743489718010725  6.7811922325916401    0
2998    1824.9227259681661  -6.3228831741594673  0    99
2999    592.04765646642329  1.8095160479736445  0    99
3000    295.81610896308939  -11.259552204745161  0    99
3001    1379.7398915020899  -12.376911246644191  0    99
3002    1327.9619260305521  -7.5498852041691702  7.3080586588153631    0
3003    1872.4292691965286  12.361540917810602  0    99
3004    1528.4457818768244  -7.3487408570618635  0    99
3005    1424.2171016139609  -118.14852543558531  -71.273104213860165    0
3006    949.71494281088758  -10.015983805509148  9.2054701475284375    0
3007    372.30331789378403  8.0724446021971694  0    99
3008    1303.0195623512345  -7.8330966897132637  0    99
3009    2012.6273687100359  -6.465327025808751  0    99
3010    1120.7323057089152  1.8838471455423771  -4.9127826913050301    0
3011    729.37738107645589  0.64936233944929844  0    99
3012    591.15052068340367  -12.146549926690176  -13.313334407606375    0
3013    692.84162912632371  -0.91882626228783071  0    99
3014    195.55430243770678  1.9728487811465953  12.729052159142697    0
3015    200  -0.24999999999999897  -6.2361517128766941    0
3016    560.14444146167727  -51.95940521228934  41.682930028696369    0
3017    449.53111032592267  18.08363934754788  -16.315482105811228    0
3018    1372.2427933832064  -20.428486711302384  -20.522553328021417    0
3019    1053.0417295118166  8.5512245332333698  7.7144805996978834    0
3020    225  -3.7962121123211916  3.8522183144095221    0
3021    228.34115500594882  -6.692973848681067  -11.105558334737227    0
3022    600  -4.780901444102815  4.1732012152359159    0
3023    953.85029140804818  1.6751457040240998  0    99
3024    206.52231982537134  6.1700917880243855  0    99
3025    1299.0224527198263  19.092589181060148  0    99
3026    667.18229109406366  -10.584499965489151  -11.448542953554137    0
3027    -30000  -15000  0    1
3028    1419.9240695405679  72.699241511752632  0    99
3029    1926.353096899956  -8.1640285185646473  0    99
3030    1091.6741467929257  -3.6439961407150356  0    99
3031    1098.1413131654388  0.67934341728066783  -6.4604168176319687    0
3032    291.80458390394682  2.386725691657213  0    99
3033    1775  -0.25000000000000239  -4.3997140181978107    0
3034    1237.5  -3.563076903875682  0    99
3035    1250.7809092301959  10.515991395543971  9.4228074063922183    0
3036    1820.0364215404115  7.493513430753489  0    99
3037    1522.4845750418699  1.0077124790650458  -5.002139619604808    0
3038    1534.2630035344271  -13.548107695868364  -16.156564189175928    0
3039    1600  -1.4802495131208584  -4.1383205367601921    0
3040    3.6109720366355891  -9.0241572825211911  0    99
3041    1767.9931158322306  4.9035438886086142  0    99
3042    1184.7229526082881  52.827659805511018  0    99
3043    1377.4770449320811  7.0220753299424494  -6.3073178046422234    0
3044    1836.8664530606852  16.985805411071755  -21.199772590598208    0
3045    1621.828678144185  1.3356609279074743  4.1065843112369489    0
3046    1621.7704457696968  1.3165411705917114  0    99
3047    703.96153671378568  24.655725099996637  23.816387857213858    0
3048    574.57883268764306  -10.485380032478353  0    99
3049    1344.7958119119976  -0.55118390524725536  0    99
3050    1446.8850195068578  4.9406566254590629  0    99
3051    1896.8166661273003  3.9467157251901002  0    99
3052    -14582.015428475539  -13082.334992238064  16248.023142713308    0
3053    1804.701280190566  -7.8663767524105879  0    99
3054    457.040136266015  3.2700681330074866  -7.8179196127011448    0
3055    1853.8167373756701  7.2566292476848995  6.4648429419110842    0
3056    403.47427136695489  10.584869158534669  8.4341663472900876    0
3057    -1659.6496790342162  3564.7774495020567  -2051.0353719196087    0
3058    183.4753317216547  -0.5618363564920088  0    99
3059    300.03879949555119  6.6438531322169672  -5.5903562750086522    0
3060    15000  30000  30000    1
3061    1675  -4.6452398957641527  0    99
3062    967.47142470032463  2.9983211501188656  0    99
3063    899.87988182076049  7.9485577450831197  -7.1454431025862188    0
3064    675.29920142397418  -5.313115209423934  0    99
3065    1496.249270820515  -9.6656417819387883  -13.199832985786449    0
3066    1347.8029469825822  11.912914609817024  0    99
3067    1416.9233754314425  -5.8942507996412061  -8.1123782588439362    0
3068    450  -4.6754978019300051  5.744136248124593    0
3069    957.32474936049869  -2.2092672886202536  0    99
3070    199.03115763679415  20.092344860469247  0    99
3071    1668.0338776447818  -8.4591233813898263  -8.7238873232506826    0
3072    1404.8571353260074  29.562031680421128  29.628059414997239    0
3073    508.69087941913136  -9.9259234875901399  11.817513410309219    0
3074    1383.1291199436259  3.609266863092687  14.011082161381236    0
3075    1653.0364365029545  10.695086344161146  10.314818349406371    0
3076    400.08961019421048  -6.8683212748295226  -6.1177334551732914    0
3077    362.10623051808216  -5.9196863209893582  13.315751257553892    0
3078    1681.6001232717254  5.9659605845195225  0    99
3079    393.01844131540042  -1.0533972956303719  -5.5752571940981497    0
3080    393.01844131540042  -1.0533972956303719  5.5745025415311984    0
3081    1675.1633812305879  -27.213691490870794  22.7007036568241    0
3082    1254.9361582182489  9.7833886048565866  0    99
3083    1846.0759725545975  6.2895710555009661  0    99
3084    330.07206123529994  11.417191489700132  0    99
3085    900.67264730187503  27.002808202643557  -18.584757357462834    0
3086    1832.8829944220522  6.5407325826588139  9.396073375430408    0
3087    272.04913180377116  -7.3677184893072951  0    99
3088    744.27556381596844  10.364761562163947  0    99
3089    268.14258445405738  3.2907955156172086  -6.1552098265012365    0
3090    1564.8508227833458  -5.4796549307316704  10.844873069107985    0
3091    1531.2968648174253  7.0241309529539508  -9.8846569314618513    0
3092    1755.0631591435542  2.2815795717771059  0    99
3093    -3031.4088630049337  2806.6602951763284  -8305.341292734649    0
3094    878.70428951672147  1.6021447583607553  0    99
3095    1875.1169895560945  6.9980757534577105  0    99
3096    1314.5695355226603  -9.2049623799230815  14.804081686693815    0
3097    1923.0319845045656  -11.110382596094205  18.85243599683    0
3098    1384.9300954192565  -6.0049025207623625  0    99
3099    1150  -3.621658665992102  4.2748602867260423    0
3100    1691.5926137326135  5.9659605845195207  0    99
3101    1688.5460778048205  -11.267715372586064  0    99
3102    607.02821051541025  3.2641052577051131  0    99
3103    750  -6.0804460641852893  -7.1321989681494786    0
3104    1897.8277441478504  0.8361279260747958  3.6425818998785395    0
3105    1175  -6.5414719063360405  -5.6593590153618516    0
3106    564.40817435181339  -267.24916992059786  0    99
3107    1174.9767241271697  8.8339620262664944  0    99
3108    726.40187960209357  96.930146098504821  -58.474481976745992    0
3109    1284.625384275723  -7.5451683612914033  -9.4312821466555441    0
3110    1836.7184046732509  -13.14756988723116  -15.458787422108578    0
3111    746.12029903664086  14.051886212939385  12.438290860570856    0
3112    620.84571249197359  8.2383061445741674  0    99
3113    628.64263192536555  8.5656381817187608  0    99
3114    1029.2305298666715  8.1054031084246017  0    99
3115    603.6875145903515  1.5937572951757655  4.0305133779300863    0
3116    350  -5.2102874987667995  4.6543898604466545    0
3117    1672.5732665475869  11.493409024723963  0    99
3118    2017.4063267222264  -2.1563482281164177  -25.448308266134923    0
3119    276.50308851081678  -5.7216653153371517  0    99
3120    275  -0.24999999999999645  6.050345667765364    0
3121    1231.5222711452302  -9.0172450742543511  0    99
3122    351.94902143128468  24.736051830085355  -40.772782688658062    0
3123    1601.2665173684625  -10.126478075085718  -8.9665814600054432    0
3124    492.43607984957305  14.069779400032914  0    99
3125    498.64573436458909  8.9398779810164939  0    99
3126    421.51146805872082  1.4942659706395975  3.9767654394178384    0
3127    1203.2656969055463  1.3828484527731613  8.4058768880924077    0
3128    -47.5  -4.4414004614709146  9.3835445979330103    0
3129    1497.054892798177  1.2225536009115281  7.8436907361563675    0
3130    52.331326740077884  18.011072423779282  -18.532025296489689    0
3131    1060.4901248169047  -3.0856187275900879  0    99
3132    1952.4873669701215  13.864439403635878  0    99
3133    1432.2297702812796  5.4575113677037965  -13.873996798106736    0
3134    475  -6.3599076507584398  -9.1477214974329719    0
3135    1808.7204335109216  -2.216928581076071  0    99
3136    1065.7465713778136  66.81020197596213  0    99
3137    317.22391210148135  15.548371333814348  0    99
3138    604.54056331378968  62.474772810331238  172.2559143309937    0
3139    1092.8422487364558  -19.143433827739713  -51.380328217043484    0
3140    1194.8438149174094  13.590179506157316  15.6185634465606    0
3141    1100  -0.25000000000000122  -3.4434992857059021    0
3142    1553.8574946782073  1.6787473391036511  -5.0133882625318407    0
3143    1146.9894135439397  -175.34243340739999  0    99
3144    1206.4021826660485  1.8312737411432338  0    99
3145    1482.0557048928886  3.2778524464443244  0    99
3146    1475  -0.24999999999999792  -3.8231753616890192    0
3147    853.908099504956  1.7040497524780198  -6.7622118528248691    0
3148    617.0503420123955  -15.239132594006858  14.453216268937142    0
3149    753.26326198180675  -26.353630418689328  -24.403291490346323    0
3150    582.11790214106088  5.002333913126578  -7.9963283456990135    0
3151    1751.3686589191932  0.43432945959663938  4.4479992364201184    0
3152    1752.0383702391118  -4.6984877680694526  0    99
3153    1546.1192624142923  1.6903687928538065  5.3877633618945291    0
3154    37.5  -0.88680054635072203  11.080851732505817    0
3155    816.89677056409323  -0.32689063325185774  -8.8929338483168454    0
3156    425  -5.629875074867174  -8.0886565855031307    0
3157    425  -5.6298750748671731  5.7323157525430481    0
3158    676.19785867110465  -7.8817653559608702  -7.6877637275768951    0
3159    1693.7210614912465  24.974462985751646  24.193496583884208    0
3160    331.73358471764766  -1.6145273783631593  0    99
3161    2015.7793075575521  13.212452846019769  0    99
3162    -7.5000000000000018  -2.0910151588701309  -10.695648095614205    0
3163    1659.1345158497907  -13.500588069769044  0    99
3164    1944.8651019520062  -3.8865541743343783  0    99
3165    1951.8477697938863  -5.8199284675881211  -7.3875890179830339    0
3166    725  -0.24999999999999845  4.2353086518629475    0
3167    605.30856597574052  -13.401209109072466  -12.352652554716649    0
3168    928.29537751884652  6.9272470448294055  0    99
3169    1982.0306636547273  3.2653318273636316  0    99
3170    464.463454183203  1.7359854242561426  27.788712613068796    0
3171    -32.5  0.89551073786672664  9.7689417585588707    0
3172    1485.4823315942424  -13.903531240385934  0    99
3173    1079.5231135452468  -5.0970551537563287  -6.35615136381979    0
3174    1385.7241559656695  -11.951487615160332  -14.837247510144458    0
3175    773.1852515022739  -33.597577501323045  -74.576749625624359    0
3176    467.959863733985  3.2700681330074839  11.606134532923996    0
3177    474.71159375623756  26.395795322070871  23.798916917596973    0
3178    1137.6507658268958  -9.1870199642720856  0    99
3179    1818.5121587911406  -5.7260083942482902  0    99
3180    1826.3277830184115  -10.261129777690407  -9.8089555767742507    0
3181    856.9376984894883  -0.95470098425053496  0    99
3182    543.94605749849075  -1.0547477891651629  0    99
3183    950.8196379889298  -7.3356550619657188  -6.6371197818496999    0
3184    747.1634424739791  -9.5538057531344389  11.164917046616221    0
3185    539.54207711954143  -12.410074207820207  15.510137010811791    0
3186    853.94866428955368  1.6684504366989712  0    99
3187    1594.5372823594485  -8.1322243761233892  0    99
3188    2011.3410457992777  3.8320379240996383  0    99
3189    971.14970859195182  1.6751457040240982  -4.0678783376451264    0
3190    972.00921507302883  20.816232191276395  -20.506882560927707    0
3191    1096.8194308664199  -6.4292405349316173  0    99
3192    575  -0.25000000000000572  -3.5951257898685474    0
3193    1106.7305118991276  -0.33043983209312272  0    99
3194    519.60315384859632  -25.454421344428955  -37.204304275084382    0
3195    527.00989371926187  -5.4534194715878863  0    99
3196    865.38383996959499  -5.5385761588128046  0    99
3197    273.5932360722511  24.844907552474076  16.337980567113679    0
3198    1874.8070438538589  -9.5138470511172191  10.516342677572835    0
3199    1875.7206058124611  -6.6656064703474298  0    99
3200    1317.8261921529722  -2.366182314175965  -5.9046720902561169    0
3201    1327.3471444603172  5.7531251597610558  0    99
3202    1241.8534830485187  2.3280045591322116  0    99
3203    1250  -12.326821122437625  0    99
3204    204.51259656215134  2.0062982810756678  8.0278126798060399    0
3205    678.18071258249074  1.4922529225711696  0    99
3206    770.37653875121248  2.061730624393777  -8.6735945497892875    0
3207    279.53215047270191  2.0160752363509626  0    99
3208    1379.5384740061577  -6.9130527796584316  -6.3073178046421923    0
3209    382.90383721026132  1.6729531454108906  0    99
3210    369.60443274488927  -8.5836023233469607  0    99
3211    1801.9840787275837  41.092202141200467  43.638760612799061    0
3212    1029.1759871282422  13.829781121120932  -14.120110646241658    0
3213    1025.004097085955  -6.2022874451778058  0    99
3214    1532.7641860198048  2.3653217830525737  0    99
3215    1829.5227001274529  0.25174576124136094  0    99
3216    1154.9041715896149  -4.5252266927374309  -12.102574097926531    0
3217    494.65973536006777  20.877102182607096  16.641363149125237    0
3218    521.69213681839949  4.7744931113432889  0    99
3219    1797.2906995364447  -8.3722935572739008  -13.232192843628965    0
3220    1689.1731570487816  201.42761584753259  138.22214465349151    0
3221    393.61046320742611  20.305375592667762  -14.511905224100271    0
3222    1175.0224703206377  -6.5628305816715438  0    99
3223    -51.632649310994005  1.2843621170289445  34.17991512984397    0
3224    1209.3594400662239  -236.58973379052736  -157.43747623988421    0
3225    1549.5024823195206  31.69847853525879  -21.048073845489593    0
3226    1705.1185270275146  10.13225063551263  8.9308873853437998    0
3227    1353.3464834973101  3.6620500399077609  0    99
3228    1404.222474149899  1.8612370749494604  7.1416429674575284    0
3229    1500  -3.8265951324653704  0    99
3230    676.23100835030027  8.9265110818132776  7.7611624524918321    0
3231    47.5  5.7425485532659843  -7.8919259187760398    0
3232    452.2917944039944  0.89589720199720713  5.5730490511219539    0
3233    428.67538749499113  1.5876937474955715  5.991672766734613    0
3234    1109.6107134056333  2.5252547992365586  -9.6814758909245562    0
3235    1102.3280797140676  -6.3467947139541749  0    99
3236    550  -5.6829971726766413  0    99
3237    -50.859446676462227  -24.678353697387223  23.14556931602883    0
3238    206.67157955834418  0.34347513250333994  0    99
3239    995.98852781596565  -5.6156946669642904  -5.5967401870777191    0
3240    1293.2630826538395  -0.45142669538183622  0    99
3241    1143.4957660806153  3.0021169596923825  0    99
3242    425.38574620481376  -0.057126897593121839  4.0189945094651005    0
3243    445.9239636288284  10.728780018223118  0    99
3244    1043.3830790332138  13.406977170410979  -12.762083841381589    0
3245    1781.4461207456739  4.6665597408722785  -6.6866324383609648    0
3246    1770.7145738075535  -9.1072655693716058  0    99
3247    298.91834138511132  -6.5984699439230186  0    99
3248    250  -3.7664151494873579  3.7252102263231723    0
3249    247.77619432024957  -4.6485125163897916  0    99
3250    -190.91549645407707  -29.237342401292203  -123.40028259815617    0
3251    194.7407317187394  10.303872483225115  0    99
3252    597.97897255522946  34.596539549037942  -26.644449787575191    0
3253    1477.2513864925747  46.754927094649318  0    99
3254    1476.8837696114701  30.41753953565572  -23.313773789601235    0
3255    1775.8567671456058  -6.6831363731181712  0    99
3256    656.87014282444864  -4.9638005336414457  -11.405065974745733    0
3257    1924.4739614155176  8.4886543661971938  0    99
3258    1307.652213490569  34.574469181935626  26.355182553211179    0
3259    1424.0820191629832  31.13416140708939  -18.710639870643114    0
3260    1499.6262118951249  19.24051211453687  14.860670285428402    0
3261    1624.4109791737169  9.4308735208305272  -8.4252997886062158    0
3262    1038.9407783057159  40.13440984767459  -33.026478666306978    0
3263    456.49440633052438  13.851170128615351  13.389406868283974    0
3264    457.76063144937831  2.3753543613635228  0    99
3265    1550  -11.110413815455487  0    99
3266    328.20108085412642  -7.5183999934125767  0    99
3267    1695.1427470261056  -9.8686124336430403  8.9308873853438637    0
3268    1351.4517990204552  8.3767715954024595  7.1897462183547169    0
3269    1400  -8.4079768626148912  8.2901782166368996    0
3270    1836.1670705215881  -46.048329415590203  -38.149570787105993    0
3271    1278.8433148652575  2.4783710392025537  0    99
3272    1956.3517538882793  -4.4443844201797766  0    99
3273    1395.6240492590282  1.9379753704859528  5.6242131199873295    0
3274    1819.8613241519499  2.2402251534275206  0    99
3275    1641.7973243334959  -9.6142191664596055  0    99
3276    1656.4473415983994  -6.4263602411920058  0    99
3277    825.67265620371995  29.279431547590775  -17.645901861135457    0
3278    626.21910085728734  -8.2168966772928407  6.3909895055323247    0
3279    618.28534000093293  -4.3773629897071915  6.3909895055323247    0
3280    609.83925188257001  -1.0901024283071954  13.068384768352299    0
3281    485.0650330190478  14.069779400032912  -19.336738126517865    0
3282    1318.5212093519599  13.475870129837087  -12.90417871398745    0
3283    1342.0821842861155  -2.056824862097038  -7.5236866886607885    0
3284    1867.4048014767184  -1.6453964950723479  -6.7199149318956692    0
3285    -27.5  -6.8344737825785478  0    99
3286    351.56253092024031  -5.657907220292917  0    99
3287    1100  -4.0867249103538601  3.6333335399274151    0
3288    481.71415593519953  3.1070779675997691  0    99
3289    689.10416967598553  -1.2443733665428813  10.662140126828305    0
3290    1421.414265510195  1.5428672449025203  -4.8685167308578627    0
3291    600  -0.87682948436443509  3.7911202505905646    0
3292    450  -4.6754978019300051  0    99
3293    1728.9638660866672  0.96551746078025968  0    99
3294    1996.4871392313512  12.635677993922419  0    99
3295    948.90566920861613  -19.958254192524425  -12.151359530617956    0
3296    1817.8265549027944  -10.140497109780302  12.07399478340681    0
3297    522.6106836293269  2.6729111764335993  -20.657252720924689    0
3298    596.05611625191864  1.7219418740406742  0    99
3299    1825  -3.5680684384044294  -6.140060041148617    0
3300    1468.2651745209812  -1.5908530427811614  0    99
3301    1470.412215706591  -52.063979004632088  0    99
3302    1479.1269127999878  -8.638020910365718  0    99
3303    1498.0266109906736  11.967512613774883  0    99
3304    1365.0585925822147  81.141867920939433  151.45361775726207    0
3305    572.19789780689496  -6.5608992249924469  -5.4982435900176903    0
3306    449.2687349923408  -2.9006696317399578  -7.7070357875125559    0
3307    474.56864603081385  15.488584948036852  0    99
3308    475  -2.2415276702853379  8.9813412719725996    0
3309    1858.9125361210254  -10.333771148685354  19.761625337527335    0
3310    1150.7079154198457  15.618021026719154  0    99
3311    1000  -1.0657071342107054  3.4603875341726984    0
3312    1629.3840363814711  35.820227399873765  -27.840650199551625    0
3313    1222.6073064254438  4.8824721019844706  0    99
3314    848.63252162773074  0.43373918613464579  -5.3963313481288004    0
3315    1400  -0.25000000000000133  -4.5980865704978484    0
3316    1422.7691023806583  10.503668797553233  9.5105190562338144    0
3317    1783.2600307406669  -3.6458846009316046  0    99
3318    1623.679349933999  10.615523493702566  9.6736928222210938    0
3319    1225  -3.8554527300246395  -6.3797404230954449    0
3320    1008.8584314664591  -1.7528877083226191  12.757448085287461    0
3321    1675  -2.6854547641637128  -3.066786602737539    0
3322    450  -2.7017129061298411  -3.6380333276810664    0
3323    1925.9086513776269  -12.875775985457587  -13.220861051032042    0
3324    572.11758529465999  -6.6502275747768227  5.7265270831279    0
3325    457.41259726106239  -15.600476749852497  -15.658532815602442    0
3326    1522.872402817924  -6.5205898915625173  0    99
3327    1844.8218657459688  11.467529748980848  -12.141315970496349    0
3328    909.28310219800414  -13.83813598518698  15.18022101698363    0
3329    401.87432777273466  8.6619245465205346  0    99
3330    274.82098082158069  7.1825303251785382  -6.1552098265012267    0
3331    1330.5209957074746  -10.28803025200402  -9.7096204583658334    0
3332    137.34328742555525  -42.231017017778171  -59.089145075705382    0
3333    556.64177105762678  -161.37897022049276  85.176127733204325    0
3334    1478.7015829974423  1.6007914987211729  6.5202147601856604    0
3335    806.85703550880066  -6.6869942044413602  9.8849061839488463    0
3336    731.80762398931654  -0.818064966755917  -6.3412434939053695    0
3337    750.55167437112095  7.7692048197558501  0    99
3338    700.08405156045194  -8.0148846793239397  0    99
3339    1128.4188423893286  1.4594211946643121  3.9488207342236836    0
3340    1133.1461033988735  12.994848316657162  0    99
3341    1129.8176272977869  6.1611872999356079  25.242385068217878    0
3342    1135.4470585448605  -5.2268649794660496  11.288974992078328    0
3343    160.14679384204538  -154.15245992657901  -123.85067040904423    0
3344    1245.9452250160298  1.7773874919851003  0    99
3345    1928.6443242171058  19.351760491347854  0    99
3346    1111.4581221471719  -13.172299122076042  -19.322814766881475    0
3347    1996.3112300699311  1.5943849650344275  0    99
3348    932.38883098582812  -1.2596598891337356  -5.3137161320993087    0
3349    1987.5  -1.9567642668668404  0    99
3350    1978.6887699300689  1.5943849650344284  -10.284171979699352    0
3351    1767.4226906054187  -1.6846551529442491  0    99
3352    -22.5  -4.06342823901619  9.0908684931682977    0
3353    1373.3644316575535  -8.4570613652033231  0    99
3354    1196.1347605230008  1.6826197384996622  6.3165829255667685    0
3355    730.83047156619898  -6.1470331827937557  0    99
3356    1120.7323057089152  1.8838471455423793  0    99
3357    1086.4629896631743  102.90533025905434  -51.295700536002997    0
3358    1848.9266627028019  -40.043946522206724  54.231310306516711    0
3359    440.25014505058027  -9.8887477628538463  14.605701394970673    0
3360    955.52581575050112  -5.4735538553738801  6.3489584345434267    0
3361    1681.6916974563085  0.15831639918229809  0    99
3362    426.01024540718367  -6.3493785812477883  0    99
3363    856.00074547427425  -8.0168015611282382  0    99
3364    843.70090041736148  -13.160030760342977  11.194736113976612    0
3365    1504.2083113690178  -5.0194702256396555  0    99
3366    1818.5943845818772  -28.640686528550848  -27.75849949513109    0
3367    1492.991053683056  -3.0261373099283357  0    99
3368    1922.0779578997044  28.709647740475106  20.720865392276632    0
3369    585.62974702449651  -9.4914930352402358  13.06415950893807    0
3370    1808.5887716406301  4.8133204709925437  0    99
3371    1800.2898775675228  7.8774347928789625  6.8539935441172188    0
3372    1553.8574946782073  1.6787473391036505  0    99
3373    694.34962705334362  8.1083777754825483  0    99
3374    696.93189701268352  -4.9108009539204147  0    99
3375    -30.732030942511319  -3.4866346562653909  27.57396172485829    0
3376    1996.97825687873  7.1058057384553113  7.816236034687595    0
3377    1768.3493042250545  24.935011185094311  127.98448410643215    0
3378    998.37050378465369  -12.715068747342443  -15.708757132123145    0
3379    200  -3.9667867755018786  6.8938595039119797    0
3380    1496.8562206470137  -5.5616327087916764  -5.0544947042988415    0
3381    1324.5142023369774  -16.831222179163689  7.0809911774552017    0
3382    1601.680531619206  11.143708181059225  -10.595802101680501    0
3383    418.86818797749368  11.675799567117897  0    99
3384    -57.492748772360443  -387.41203952207815  216.72551132448663    0
3385    234.09547412787788  -2.988441236306298  0    99
3386    233.86980616933295  -11.24766877585207  -27.283640145523449    0
3387    219.61385598643062  -5.8300784527325016  -9.8575279281542656    0
3388    600  -4.780901444102815  0    99
3389    456.33826146324429  -5.039371928466398  0    99
3390    1303.4041483926026  10.719128216661396  0    99
3391    1925.1132657506769  14.267141889356273  11.851435332695361    0
3392    1444.7580808821178  99.216186944003709  -65.129959496258564    0
3393    1375.2373368730994  -4.1362729979967598  -23.898299029195378    0
3394    1550  -1.1444876471553058  -4.6838688439251674    0
3395    296.24197988492909  3.7008860136248183  0    99
3396    30000  30000  15000    1
3397    299.96897101109346  -10.660630436047949  -9.7948002835645198    0
3398    291.83631759644607  -4.8371307029970572  0    99
3399    300  -3.81441638410318  3.2924794931328756    0
3400    1825.0710370706881  14.347509424224627  -13.01146998398074    0
3401    1616.5945487113117  -6.8286555040308219  10.514765695766862    0
3402    1620.3319698572029  -7.864618006373413  0    99
3403    1619.5615087312462  -3.0406369262806727  0    99
3404    706.73701854345074  11.910033785317509  15.074387777921014    0
3405    1899.9059550949621  9.7206064650935424  -7.139275468422789    0
3406    1816.7016028824571  4.975104070054611  8.9169215068436607    0
3407    1346.8635131579547  6.7641743298191548  -5.9912408250104026    0
3408    430.34859717449513  6.0233247148370372  0    99
3409    1683.3739501804218  -5.7878625302321716  -8.3093713634959698    0
3410    775  -0.25000000000000222  -5.7870606146429306    0
3411    187.87292488997679  28.783644898782857  -27.145624970943523    0
3412    1938.8396631857242  -4.9620622060187429  7.0848609733853651    0
3413    1667.8297044486985  -8.3302925778982235  0    99
3414    1151.0390022772667  0.26950113863330749  3.8459650496420004    0
3415    1376.2994181275587  9.2654779843853827  9.6181906475763306    0
3416    1552.2231747088492  9.2235844987286768  0    99
3417    435.26232677414856  -4.7399795303328736  0    99
3418    1997.5796186566038  -3.5543099391794417  -29.965009677295669    0
3419    386.84860861632831  -9.1232933686992848  -16.360045489267939    0
3420    388.28343914034946  10.065617055523091  16.972009514440817    0
3421    1663.2692017355714  -13.020421949140914  21.084284623586917    0
3422    1845.9609314645597  2.1039384523875939  0    99
3423    323.43149444920095  8.2070670995775679  0    99
3424    883.62525390306325  57.547172856320429  -40.02711221171154    0
3425    907.0831742014999  12.960557066047873  -19.914129140543199    0
3426    269.50073112296906  3.8528254724463786  0    99
3427    1553.479455120035  -16.396600002882707  26.146879311006821    0
3428    324.13771079742185  -5.5242352791884297  0    99
3429    1143.9791048880413  11.09524723056586  0    99
3430    453.43592735739264  1.467963678696325  -4.1784250682175248    0
3431    750  -0.51027680216452698  -5.6543023602201909    0
3432    1175  -0.25000000000000178  -6.1887276476746269    0
3433    975  -0.25000000000000067  -4.1196001080377469    0
3434    398.29808592891936  -33.982040872727445  -26.692928064606033    0
3435    2005.7506351749087  19.034914133483298  -24.185436808204372    0
3436    1546.9201715712932  6.2449051352074409  0    99
3437    271.32317264106308  9.8616446084013631  11.842905553794921    0
3438    275  -3.4941833917050373  3.2981964980643181    0
3439    1603.6725777339761  -30.31588948502289  -19.481798297659694    0
3440    2005.6329514713598  2.5664757356798593  6.7935699767764772    0
3441    493.61806030895048  4.7008456849199582  0    99
3442    502.48020981750756  6.6020477782337057  6.1110758097744071    0
3443    519.21445356741197  7.7716361289658344  9.6606662542468182    0
3444    1500  -0.24999999999999667  4.5133762462024389    0
3445    1066.0789913568719  -1.6916589936847672  -8.2752260627858156    0
3446    1435.0217129958589  -3.9183605975099098  -10.22158979609447    0
3447    475  -0.25000000000000266  -6.5289088724942932    0
3448    487.39754468190262  -3.4582651317122677  -14.755680225766266    0
3449    1800.9471139106656  26.134749988215408  23.765317722980864    0
3450    1103.1000098478357  11.98118252342484  0    99
3451    1476.1984569678693  9.3542869465688447  0    99
3452    1546.228595265253  2.3121127681354121  0    99
3453    1751.8776980657292  -8.225573971874983  -8.5105210565151861    0
3454    431.87818400285846  0.21834597138368306  0    99
3455    329.1653673975382  1.478462934754198  0    99
3456    2013.0434577390738  21.760765917166811  25.296935924597335    0
3457    -8.2213656722789263  -21.013196141758581  -19.31338491652523    0
3458    1155.4890055655878  -1.4120624439274736  9.5655450904176753    0
3459    1843.4904293959457  3.633775397565485  7.3833079428009416    0
3460    1843.3535968345248  4.2699976477192436  -7.4454441599649996    0
3461    1947.3880537662842  -5.4161557095360955  5.0010621195089975    0
3462    1960.1824538607734  -8.1242429345169089  -18.76722917014736    0
3463    1400  -2.0620752823068909  5.7477480001874603    0
3464    1950  -1.917920425534525  -4.830656753422522    0
3465    598.34351406423866  -29.016534057586448  -35.725690394047867    0
3466    923.56442070870946  8.448046819049793  -6.7118759805611408    0
3467    1980.2095345008586  10.766548849884519  0    99
3468    749.69705279415939  -6.2509024593688416  0    99
3469    1143.1712350830944  -4.8798229712832208  -9.6706967959713417    0
3470    467.23936855062169  2.3753543613635233  0    99
3471    475  -0.25000000000000022  4.6244859754063228    0
3472    428.65078249664384  2.4719487463691374  0    99
3473    1317.8121376384593  -44.790143050811814  0    99
3474    1277.2534179974439  0.87670899872194097  -3.8522068100463986    0
3475    1103.8098791052232  2.5840674005290527  0    99
3476    599.28516560099467  8.228401569121587  0    99
3477    525  -3.5679837592854349  3.4668181151660544    0
3478    532.05389683779663  -5.1088005707239246  -6.9283198832792996    0
3479    862.7012617230464  -8.2182570642443054  13.082355664236566    0
3480    1875  -3.7903781862788404  4.0050553713653141    0
3481    1875  -3.7903781862788404  -5.1907027160571868    0
3482    1885.8828847223888  -5.4328088420302549  -10.107413086529622    0
3483    1328.4794828746756  2.2378790372959756  0    99
3484    1237.4301809486792  3.6133469985784723  12.463844357918642    0
3485    1255.771988236615  -7.1288534405251234  0    99
3486    1244.3283765360025  -7.1199926338140083  0    99
3487    1250.0128952351693  -6.6204060183232096  0    99
3488    1250  -3.721256257837025  4.0773989479246424    0
3489    1250  -3.721256257837025  0    99
3490    170.89867934255267  49.986319965962345  -84.031852024436375    0
3491    1381.8666806602284  -0.42068264724315263  -5.8173408358897518    0
3492    380.01567158280204  10.682636842440008  0    99
3493    383.93379888287944  -6.8806082176115551  0    99
3494    378.92011112363838  1.7100555618191813  9.0994351828212601    0
3495    368.13007564136211  -3.1412657531431014  0    99
3496    374.3213231275742  -7.3521026062307886  -5.5517899076404396    0
3497    1831.1616652299329  -3.910152086763941  5.9640571874272243    0
3498    1832.526603910165  -3.8366045810687748  0    99
3499    520.8308193392935  1.0818218992537081  0    99
3500    444.17988169723094  4.2798154161846513  0    99
3501    450  -1.479998544292505  3.6538059271977148    0
3502    478.52661651712862  1.5133082585643127  0    99
3503    758.64334138815752  -0.32694061633905847  0    99
3504    452.78220804379669  7.8839050347814181  0    99
3505    440.75574786606575  -1.2529979276014518  0    99
3506    302.9441147260892  -4.9091158009387961  0    99
3507    1818.6457667787467  40.56866343855495  -26.83361943386285    0
3508    251.88858379582143  0.69429189791072066  4.5207705207245166    0
3509    646.23254441811616  -21.959039027301976  -20.586377136521271    0
3510    1225.5328030288499  9.7639538657615859  8.3774261064657409    0
3511    453.54658680777231  3.5707897812949119  0    99
3512    757.61804043390623  8.1828150665638191  -12.222611115201147    0
3513    443.17123986670964  -1.3018624725731391  7.4137771548679465    0
3514    1542.3135122930778  -9.6818456504193726  10.367575707945033    0
3515    293.20997206217407  5.7900292172131245  8.7762900414522367    0
3516    325.13961993471332  -8.6196199936766007  9.5111567614396506    0
3517    1466.1492150085837  -11.289809804991929  0    99
3518    1244.3081918511293  5.0908489654644358  7.3097216300290437    0
3519    1428.7701864566141  272.26235839930297  0    99
3520    352.08803016362498  -9.0937887965354065  -8.4989644442196273    0
3521    423.34306206722277  7.1471625791566318  0    99
3522    696.44175085667837  -8.5610644360743287  -8.267210418512434    0
3523    482.45926233235065  -2.3675590992910696  -5.5311284780045407    0
3524    1732.1973721781185  -1.1949929747862817  6.1296772906786163    0
3525    2003.9710106293787  10.459927779789314  -8.862748561114195    0
3526    1825  -3.5680684384044294  0    99
3527    1825.9100540280817  0.2050270140408772  -4.1778585396512771    0
3528    1506.6428201506665  442.50201499824402  0    99
3529    1470.8446951239712  1.4988574040145108  0    99
3530    1484.6152556997035  -35.617038223387127  0    99
3531    1481.5445000861728  -3.1892196224909282  0    99
3532    1504.6685319239004  7.5013035003470758  0    99
3533    1518.1740125727115  -9.9603320122498271  10.408355485570642    0
3534    2002.075843227261  -12.302978585286418  -16.831737088584788    0
3535    1127.6590458066689  11.16235943202274  11.676279016490525    0
3536    1125  -0.25000000000000089  3.6265623615987059    0
3537    1131.2508314768879  -5.9111413390985188  0    99
3538    1117.9344222425484  -6.0074097905849593  0    99
3539    1124.634862396616  7.8527387929871795  0    99
3540    1378.9354049980336  -6.2317462496930718  0    99
3541    1368.1513101227861  -5.2900280908786463  -6.307317804642202    0
3542    1904.5963588788582  -106.91813201531885  95.56390903616429    0
3543    1860.6452976232861  -39.696896244877479  26.440108949022761    0
3544    2017.7369070162392  -29.531262415302187  -64.417423497152058    0
3545    1507.1422170734243  -8.5999599866432117  -10.325882050658718    0
3546    850.77153784990799  -6.453191237223213  0    99
3547    1805.3084996733601  1.2355304315380162  0    99
3548    1108.2629701199915  17.152058369798894  11.811495433902737    0
3549    702.00945424072256  8.9921903358668622  0    99
3550    693.93976679305456  3.5372872530814217  -5.8355337102013252    0
3551    1626.2940842928531  -9.0739250746962785  0    99
3552    780.72111045305974  9.8898390181835438  -12.901836271258034    0
3553    969.57818164287812  -6.12941470875273  -9.7274542170275176    0
3554    984.30159867707334  -3.2164714350116155  -9.6464823837190217    0
3555    2014.4371148491543  12.279535222267807  -62.873349374726949    0
3556    1826.476729143767  -4.9879826403508947  4.5676488296022777    0
3557    282.95222034412802  -6.6559844444431082  0    99
3558    2004.1277120538377  8.5942866727182796  0    99
3559    2000  -0.24999999999999689  6.2009202205718656    0
3560    2017.8155182426256  -6.4778684283017434  19.857857078617972    0
3561    494.68421766428668  0.31650255856412191  0    99
3562    491.87287476600039  9.2396997814021056  -10.858577799195228    0
3563    1496.9430359857674  6.1112518712512021  0    99
3564    473.8905150934678  1.4184873588596492  -18.858496298594986    0
3565    756.33201163341687  5.4546764069770077  0    99
3566    475  -6.3599076507584398  0    99
3567    472.26838581261563  8.1693880232014955  0    99
3568    1729.52345629158  6.2659213471694324  7.6888930156500095    0
3569    1759.0604096270979  -1.6619046443817798  -7.9650228802860283    0
3570    -4.0004925060795964  -3.9709154852199973  -31.973851286325651    0
3571    1844.7275025614824  -7.3459273196156154  0    99
3572    1404.222474149899  1.8612370749494591  0    99
3573    621.82550178707845  -20.500001895025235  -82.478368462618391    0
3574    1972.7270761232105  8.7299041972399269  0    99
3575    1978.4731631407601  6.3733229888152332  6.1735742293585929    0
3576    750  -3.538968668115134  -2.979832484646646    0
3577    1146.5811576106714  1.4594211946643192  -6.8990071996465447    0
3578    1890.6613717279515  4.3873615774696688  -10.06352709897908    0
3579    1332.6700061047793  -1.8281020515050397  0    99
3580    1247.0224525789633  -5.1841037596919293  -4.7252573664094557    0
3581    1255.2200844501244  -2.6363851504563129  0    99
3582    1238.2726052465573  -10.412704538121972  12.24633789643986    0
3583    379.49202286791365  5.5470142966079141  -5.5517899076404396    0
3584    380.58321933532756  -4.1074008677483498  -5.5517899076404387    0
3585    378.61729687436156  5.2666100523550998  0    99
3586    375  -0.24999999999999933  5.5193705793458863    0
3587    375  -6.1494592824288379  0    99
3588    1834.7586300917844  -5.6018986419294539  -9.2214212433472653    0
3589    1818.8054605051336  1.4573585017756956  -8.1106572159748094    0
3590    1126.8185320349951  -5.3874315487328346  0    99
3591    203.5825755363407  3.1795646027118782  0    99
3592    1916.7227660829335  -7.898827448416248  8.8518907279169614    0
3593    606.3541936967747  -6.7363563611246038  0    99
3594    912.53416103633663  -223.91234972020158  0    99
3595    1128.6788186757324  -8.6610531911050614  7.5678443369558011    0
3596    252.66970005668813  6.6627378144377998  -6.1552098265012285    0
3597    769.41072514324276  -6.5900526690905048  0    99
3598    1484.3334955993296  -7.6874056783690818  -9.9365624895317222    0
3599    346.31907737939588  1.590461310302052  0    99
3600    1866.8145803865179  -91.14044884046713  44.767525863109682    0
3601    852.71274372837377  -9.4870521418322582  9.2261888069609448    0
3602    1843.4719666676312  -3.233671198071165  -6.2633385940498298    0
3603    1472.5668481122993  -9.6153894896318093  0    99
3604    777.24573909512833  -12.669085144852822  11.757100318713618    0
3605    -67.834637642417789  8.0085324280743162  0    99
3606    1277.2534179974439  0.87670899872194097  4.2539934824906469    0
3607    1527.436870732743  67.626030045971035  -47.533299840343162    0
3608    1596.1192624142923  1.6903687928538083  0    99
3609    1232.6917774657911  48.344830443959822  0    99
3610    773.22565621077649  -5.0431443373757574  0    99
3611    772.52313749146163  -8.7881960717091196  -6.4584766425232347    0
3612    1071.1087943081075  -76.108767910010386  -51.502985206445906    0
3613    1318.3972095467391  -4.520857646444802  5.7868322580460561    0
3614    796.72432772175637  4.8027710870944276  0    99
3615    253.43624450660457  -25.976631069184741  -50.485964309433626    0
3616    1797.2906995364447  -8.3722935572739026  0    99
3617    1281.7055229178202  -8.73077216522924  0    99
3618    1138.0532433157648  -22.59170924646881  12.973971814630893    0
3619    1275  -7.231613908197807  0    99
3620    1347.1639561446068  560.31577252442651  317.50917148024553    0
3621    1399.9244298369847  18.484436637252433  0    99
3622    440.95835065773298  -14.038441390827311  -16.717668796687455    0
3623    -93.865939476727348  0.056472377691989095  550.00581878401692    0
3624    1383.7491301665964  -2.5750356898079292  -57.185412340911363    0
3625    300.13910278558785  -3.8661384643991044  0    99
3626    1774.5816395603881  20.036031261150566  -14.208275127123613    0
3627    1775.6879333456229  0.093966672811518492  6.601829005833892    0
3628    1397.5318390689065  31.098934435336488  -23.787302551090807    0
3629    832.86808567592345  -3.8165785227575304  7.2744291371450691    0
3630    1273.614297164982  15.751541538972631  0    99
3631    1247.8632683870101  0.81836580649502078  3.7663761199057144    0
3632    2058.2069726446707  -25.467782703591947  -155.4103949974496    0
3633    1470.3455559721062  -5.6408899145211793  -5.8343423019394978    0
3634    1594.4750002083592  -6.0411970751110742  -7.7419435513406984    0
3635    778.00713267780247  6.2060762968797398  0    99
3636    1393.1589270502072  14.183836523168639  -12.76577323443764    0
3637    1284.8813080559537  -4.7831017597310748  9.7138033451878485    0
3638    1603.2096025802211  1.3548012901105735  3.8867800087399096    0
3639    1781.5152496991698  -13.463381011284497  -15.995812131463584    0
3640    727.12818480380929  -4.7814091654127626  0    99
3641    1993.6043675887738  -5.7377670331676782  0    99
3642    202.24915188244759  12.847339082063762  0    99
3643    425  -3.6766143537338323  0    99
3644    1157.07233853458  3.2861692672900435  0    99
3645    616.67977584112066  4.672908218648816  0    99
3646    1597.9575279271146  0.77123603644273364  3.7887943774379411    0
3647    197.33441174856389  15.001539210363575  -14.670424554193247    0
3648    1716.9746813816564  3.7019784389041033  8.363257786739748    0
3649    1146.5811576106714  1.4594211946643132  0    99
3650    1600.6106483119056  10.248964337888664  9.1426359625678906    0
3651    1205.7759393862923  -12.944952389692968  0    99
3652    1046.4787402814191  3.8219215278753693  0    99
3653    846.22798473444197  1.6360076327790103  0    99
3654    2005.5489410459534  2.9028999318539599  0    99
3655    1232.0272917703135  3.2636458851567669  0    99
3656    1094.735660772091  17.237499447182728  -17.578010623767128    0
3657    1041.2486199618961  -3.5326191729787357  7.7144805996978789    0
3658    721.70436860744621  3.4084014504835123  0    99
3659    1384.1262924741966  -45.047813546327625  -113.37145720516622    0
3660    967.92119883013788  -105.38139132435042  70.843895999746664    0
3661    1321.7173678667862  3.9326268930558639  0    99
3662    408.60710553021693  -33.809114816729647  21.836207252076832    0
3663    1315.1563633427834  -32.401242870054688  15.506102232697232    0
3664    1505.4849425950647  -17.555298213663029  23.758161439019148    0
3665    719.64008807321272  6.216884065673197  8.6363690910516322    0
3666    1008.2875394294455  -263.90890104615062  148.28967622566711    0
3667    782.58399459956979  7.1489408959033423  10.100570639190732    0
3668    1050  -11.338896986276463  9.9120562486958619    0
3669    189.41915720905305  -3.4965779838101581  -9.4162495174267011    0
3670    1227.5159578538567  5.2290586620287982  0    99
3671    1298.4234802921678  -5.9379372746705403  0    99
3672    1272.8415327966347  0.82923360168267823  -3.8443341538374645    0
3673    1320.7336083224468  -71.94164264924126  35.123241965158662    0
3674    1850.8004395107716  6.7616944879011625  -5.4988889210789376    0
3675    -42.5  4.9445036357715155  -7.3755288061250095    0
3676    1409.034923060605  -12.305098422708014  0    99
3677    1196.6087633382172  4.3144372253989136  0    99
3678    1283.2617576568985  4.5019085435644044  -11.337701474188222    0
3679    772.14091626098923  -7.8455754801037809  7.5922031644834966    0
3680    274.29161813674881  -45.420714261401933  0    99
3681    273.45201250117844  -4.3148154069819471  0    99
3682    1276.018876796333  8.5650285594806412  -8.1516252876077111    0
3683    1902.1568863488592  0.82844317442957915  -3.4904011201279292    0
3684    1858.2282953749539  17.265042355989436  -12.421959740735971    0
3685    357.03300069731745  -3.0092663317867849  0    99
3686    1900  -2.5172887329271583  -3.5421166145535152    0
3687    648.23789814453414  -7.8308362765416355  0    99
3688    1375.1745143007859  -4.9025249954172265  0    99
3689    839.63041309866969  -3.3233602519581016  0    99
3690    1978.8028185835835  -11.649014518473741  0    99
3691    1772.6015576703248  10.59992012636698  0    99
3692    1953.8500272431611  1.6750136215805389  0    99
3693    1044.2319736145628  6.4779182181005748  8.3817263147932159    0
3694    1473.6940894374479  13.5856168179597  13.299688695398846    0
3695    900  -4.3004564420565758  -3.8051791990768362    0
3696    1981.6565443319978  -2.6016893254398825  0    99
3697    1653.8815945482283  1.6907972741141468  4.5262110805031277    0
3698    1557.65047723058  -1.4660044744667493  6.1252445155555479    0
3699    1402.2269178077456  0.86345890387277535  3.5708214837287642    0
3700    1033.3652649333358  3.9179461033583669  0    99
3701    1920.9404024336866  -5.9734188346361297  0    99
3702    1599.828399691859  -9.0238779011022245  0    99
3703    548.79663254595187  7.1329253577066822  -5.7507225069410879    0
3704    1299.7479231896837  -9.2466570909284354  -8.6818692352854097    0
3705    1275  -3.4094072025495148  -3.9797162953986818    0
3706    675  -3.0510099363002268  -2.7973282272820574    0
3707    628.67553024888059  3.8900695311865756  0    99
3708    1375  -0.27889537993796409  3.5100717709480431    0
3709    1367.8928030592911  -6.0886834027302736  7.5520855825917073    0
3710    1984.9599811053081  -5.7377670331676773  10.691974931333331    0
3711    1978.6887699300689  1.5943849650344284  -4.4633576920734219    0
3712    1922.6760426078451  0.91197869607746607  -3.3526478220824218    0
3713    191.33210385421341  2.5651342428392421  0    99
3714    1020.8144900377041  3.495698359023232  0    99
3715    876.65002202231403  12.337533780769906  0    99
3716    1716.9746813816564  3.7019784389041033  -8.0690630500384959    0
3717    728.08165331213138  -7.8978703751039596  8.8898969719849816    0
3718    517.73162899050374  -5.3961219989071978  8.8778984384083195    0
3719    1650.1484748017758  -1.2703050759627008  -12.533961266762221    0
3720    1581.5427785088793  -7.6007415577171873  -11.450950828331022    0
3721    1873.0037654304913  0.74811728475438999  -4.5733587070939885    0
3722    881.85600827802693  -3.3860869408641303  0    99
3723    421.51146805872082  1.4942659706395995  -4.0479773475284473    0
3724    -7141.4743505401357  -2590.0966479901958  -15759.649931626871    0
3725    332.04097482839359  1.2534445027649093  7.4874384414804789    0
3726    1865.0242047346057  2.7905718865941984  -21.052466604069274    0
3727    872.42588868275084  1.0370556586245709  4.4644091311153877    0
3728    1979.4749199125699  0.48286391145114216  0    99
3729    1349.9167214489426  -4.9629951367107603  0    99
3730    1650  -2.645910130972295  3.7128084553344243    0
3731    1849.8854946568192  -7.8074685090579363  -6.0074112372206248    0
3732    1550  -6.0057529477685909  0    99
3733    78.79340444005652  22.510543664989786  31.525362227234442    0
3734    576.05031039180938  20.937712250085553  -36.426392869350366    0
3735    222.53504957904545  0.98247521047726893  3.6963878281096618    0
3736    1044.6096481464431  6.4158141516099754  -7.9544153717516339    0
3737    1910.5811341212634  191.56594871913694  -287.36886593262358    0
3738    1228.6567977305162  1.6874204892630811  0    99
3739    1231.7180679323244  -3.2289790626687096  0    99
3740    1047.2205911077931  1.139704446103504  -4.0613072366020102    0
3741    1924.5729211318956  -4.7802816959944847  0    99
3742    420.6718837762084  -3.7685155363384304  0    99
3743    1850.3649558852103  -7.283915572927337  0    99
3744    1296.1566851347425  2.4783710392025537  0    99
3745    1125  -1.7535092716697975  -3.9430690163566675    0
3746    1398.8863784753573  -8.5985389487309138  0    99
3747    591.93698905644351  -11.41490411958959  0    99
3748    195.68831166816227  1.9058441659188607  5.6029312023911313    0
3749    1000  1406.640943992174  -759.95922471985682    0
3750    1678.6522213470125  3.0149343894853113  0    99
3751    1929.7968463355351  -6.7145468837092857  11.913044736757556    0
3752    1580.1018395574206  -55.230797911855362  147.66044075497223    0
3753    778.75400745617719  2.3031388313117791  0    99
3754    1275  -4.0355709177581023  4.3594514841235208    0
3755    2010.3231791020387  48.166137945180751  -130.19123598304341    0
3756    1500.2121570465169  -1.7398693299342884  -13.199832985786273    0
3757    1708.4409113351455  0.69258790782126267  0    99
3758    4256.898872536095  -1366.746595656097  5444.1947461043555    0
3759    1394.9243582575752  1.5254446026974056  0    99
3760    1202.6577987851413  -7.5415015287670553  0    99
3761    1550  -0.25000000000000044  4.2959059442526382    0
3762    430.43704517862966  -4.3992868494621797  0    99
3763    -2.5000000000000009  5.3164565082696571  8.0971546265492282    0
3764    1151.5619123630768  8.2505121896891609  0    99
3765    615.14291393138524  2.2969948563885252  -9.7909508603805477    0
3766    1674.3741582300088  -6.248175751917481  -8.7238873232506844    0
3767    9.8305183609844455  -8.1801823504775406  -70.843753174202519    0
3768    199.66938401923704  -0.084692009618522635  4.4546456045697802    0
3769    1192.6647397227184  -16.949813040915892  -16.469166556530983    0
3770    645.34466247291755  -12.549086429244587  -11.718957772380541    0
3771    643.97446751017765  -3.9401361095284395  0    99
3772    639.68159580045392  -4.6594924405746738  10.300097347192519    0
3773    830.06772393366066  6.7794855721159193  0    99
3774    1150  -0.24999999999999956  -4.3951544540872014    0
3775    1955.9880930864158  31.70356789770625  47.539493077468265    0
3776    1327.0510162152266  10.861466549183588  -8.5215688915898422    0
3777    379.03547733531269  1.4120819342860522  0    99
3778    1580.6528097491705  11.889205227656344  0    99
3779    200  -3.8532351178134889  -3.4261466710712223    0
3780    1700  -0.2500000000000025  -5.0287185818834157    0
3781    1975  -6.9565577253290876  -7.5849207000658501    0
3782    303.99941080275545  3.5560356936960655  0    99
3783    1950.3281475546621  7.6092405390095861  0    99
3784    1989.343818219894  68.86291996748156  0    99
3785    1200  -0.24999999999999756  4.5128684128403229    0
3786    243.62083239223196  -86.065793379126504  57.863818517841693    0
3787    1776.6479519132561  2524.6056942523551  -1404.2576394780795    0
3788    211.5863910569422  -8.1539011211922201  0    99
3789    825  -0.25000000000000711  -6.7427434952104779    0
3790    1706.5752701583815  6.3703233572618663  -7.6195924969832909    0
3791    1652.6352727034468  8.8353388730168234  0    99
3792    1478.7015829974423  1.6007914987211715  0    99
3793    1318.7369216122638  6.1518325066153565  -7.9973301018012641    0
3794    1800.8190996525034  -5.528278358640871  0    99
3795    47.5  1.9481072112553708  9.8961894043707641    0
3796    425  -1.9552995997959466  -4.7607579911885471    0
3797    1496.2211392164963  2.2097077318089831  0    99
3798    1671.1184054517717  1.6907972741141477  6.1154278022901547    0
3799    1163.9042296850519  -13.140745278781099  15.236663335070958    0
3800    1137.5  -1.6187425439359373  0    99
3801    856.91489852252471  2.033870117357802  7.3788308548244714    0
3802    1982.1698036273765  0.075105421649029724  6.8045710501197529    0
3803    1156.4368277427309  -2.257996858874483  0    99
3804    2443.4963129373346  -11.966068046320402  286.37474385107294    0
3805    3025.3687471581206  -648.72449876161158  1286.0897451558064    0
3806    1541.5710593184451  -10.904728218713275  0    99
3807    1802.4449470795125  5.8351327797044998  -7.9719975709718458    0
3808    1224.7676567946755  9.2192923717522781  -7.3375319184323029    0
3809    1881.5400351757944  1.199115959583684  0    99
3810    754.6378017343651  1.4245671873223724  0    99
3811    1267.9274673449424  -7.0281403538243765  -10.374543929217229    0
3812    546.30394795517384  1.9439515778340306  0    99
3813    1609.2486531585123  0.52676015335919113  12.54994983471841    0
3814    484.40997631067415  -32.56229557498353  27.973639434560859    0
3815    98.366308466765247  46.62480439954426  101.46134651980992    0
3816    1671.546665919755  -8.3362528274288188  -20.347819175794793    0
3817    -232.34913896393576  -677.15176778610407  -553.04786444875958    0
3818    527.17589619298042  6.8503185485234512  0    99
3819    266.33321408855227  60.904798847875533  33.296221753622149    0
3820    1446.0734545496091  1.3049110792634591  0    99
3821    650  -0.25000000000000089  -3.5276195824139411    0
3822    1050  -3.5812454199091315  -4.1579192911067926    0
3823    1613.5847627486289  -106.32209001589956  306.73697967945537    0
3824    1103.8342611164026  4.4710407603598528  -6.575608821119423    0
3825    1978.6059320375207  -6.8553692997359743  6.1735742293586195    0
3826    642.87407530506914  13.133488849909781  11.894069998680049    0
3827    1709.0610033296196  -11.893455454996452  13.668064265255783    0
3828    1781.0571003441694  3.2032415277249164  0    99
3829    603.72685328564842  -46.655141425392728  -176.51804947197417    0
3830    1572.9701732245671  0.76491338771648321  -3.5377114542912835    0
3831    1507.596957470882  1.9956764004928029  0    99
3832    401.70303932921826  52.731691160247692  -34.948348918134386    0
3833    1676.6296430264542  7.983274971985006  -6.4955207206397576    0
3834    1050  -3.5812454199091315  2.883491414830559    0
3835    652.06976543433007  -5.4064248242761099  0    99
3836    1441.4813412122444  -5.3166683314400007  0    99
3837    1056.1927000252779  -0.00593809858294847  0    99
3838    2003.0128206626466  1.2564103313233017  -3.1334891130483067    0
3839    507.39124880575713  47.645569185013969  -300.10879808189122    0
3840    1923.2671740495823  -6.9311102868374679  6.5404491586410973    0
3841    1057.0190598055169  -4.3867992929859918  7.7144805996978825    0
3842    1581.3746562135179  19.00688603959124  -14.795983362978561    0
3843    1589.4993990170135  -2.5788743921839492  -57.539874853368481    0
3844    954.91735249064959  10.261650604870932  0    99
3845    356.00878383064509  126.3454771419017  0    99
3846    1227.0210027948601  -6.2072244182551817  0    99
3847    131.86747716926675  11.01955534211249  251.86089970250251    0
3848    850  -3.6894862152775825  -3.1490944360746504    0
3849    1878.2614571518218  1.3807285759109234  -4.1738549925129922    0
3850    1053.2379913892512  1.3689956946256141  -4.0976795545855715    0
3851    876.94610392703419  0.72305196351712109  3.685264815440644    0
3852    1150  -3.6216586659921024  0    99
3853    653.07010003269238  4.1090867182525725  0    99
3854    555.18342825645129  -15.901782593567454  61.289044670340218    0
3855    505.90022743247152  -0.5190138719046129  0    99
3856    1108.5891656280526  16.733844398002713  -12.948791839466173    0
3857    508.63826094444181  1.6847830468903779  -8.2695001755398696    0
3858    2010.9925044313206  -3.2266138857384767  -12.833867660811524    0
3859    881.12159954683796  18.842716461254078  -15.475243862571812    0
3860    680.7402705637046  -3.0299478315800235  0    99
3861    371.4987459781326  3.7153290731346376  0    99
3862    1693.3326947315243  0.39493609717992012  0    99
3863    1867.9737476652879  9.8031515261925239  -11.259866850551319    0
3864    1671.834397989707  5.7952254306154014  0    99
3865    1572.9701732245671  0.76491338771648254  3.6615050114260077    0
3866    1404.8755420553114  10.897336806279196  0    99
3867    1405.4642346731489  -6.3350121414329408  0    99
3868    1143.262796820417  -5.2895836550652797  0    99
3869    1452.151383313771  -5.7584804207106712  0    99
3870    1040.5149413400809  -5.882632778628075  -9.2009171231473417    0
3871    1273.4427930100383  67.714332416307727  -119.35940159550761    0
3872    1053.5904156184181  3.5385700809069891  0    99
3873    1155.7937800460131  -8.3185389303752277  0    99
3874    1907.7045605185401  2.8369754204918642  -10.278521786928017    0
3875    1376.296828642387  -7.712186976823693  6.9491875632696729    0
3876    -17.708317856809291  21.56404250165437  15.873575605968632    0
3877    -55.672250412451085  11.230886036686609  0    99
3878    1698.6189374472726  -9.3630239623927842  -7.6195924969832616    0
3879    -316.46886094816858  -1741.4698784676079  -1197.4073310342133    0
3880    1625  -4.17552491850563  4.2061845009724088    0
3881    594.84825512124382  -6.7363563611246029  -6.0899363005238296    0
3882    1225.5986954585842  28.84702949365894  15.18091941252694    0
3883    541.53459011184191  -3.3089933208366205  8.5256173832613769    0
3884    1277.8238608075842  11.216541328606475  10.231250417752623    0
3885    1005.0199089548319  8.3451805288128789  12.037303811307487    0
3886    1775  -3.8181700098526008  3.8186485658101796    0
3887    1242.0779389890874  80.345813623003892  42.549299963870951    0
3888    -4602.8325741554791  -13015.944075786683  -9291.8560116106328    0
3889    1671.1557157374491  1.9046785353677416  0    99
3890    700.44591289718312  -4.4948926757304992  0    99
3891    307.54997552047195  5.7849893553497873  8.7624534205612061    0
3892    884.00122240687119  -0.30593224789042339  6.82791983220479    0
3893    527.550304632902  12.565303957021602  -8.5372725076349028    0
3894    1503.5523256205754  3.3759732489771221  0    99
3895    1852.5874998308373  -10.261769012040379  9.6664541129778669    0
3896    503.45358879085518  2.1961153936254139  0    99
3897    1408.1177227293356  -20.253541665280686  12.721251023093993    0
3898    527.550304632902  12.565303957021602  7.9183408670817785    0
3899    880.70964074017957  6.734806363313373  6.8636904142181656    0
3900    1180.9105925891467  -0.55705754653788242  0    99
3901    1461.2863324045732  -7.0339030248653067  10.140038113849148    0
3902    769.74587336512911  5.9991192433706413  0    99
3903    1298.3865530829223  7.8246049219498222  -5.8747928637519333    0
3904    1504.5644117236372  5.3158024800605226  -7.4968876760898082    0
3905    1770.8871653851604  -38.556475511042478  -35.075387728809268    0
3906    649.33628913221355  -6.1752419116981807  -8.9057392981413983    0
3907    481.41232543852016  -92.686207845343432  87.019123944370463    0
3908    877.0948816881164  37.096981521565269  19.611801471412285    0
3909    581.2303341995148  -2.7994174340094857  -5.4982435900176858    0
3910    1427.9239705550387  1.2119852775193385  3.2215035636857237    0
3911    1472.6238157744142  -13.157703013647568  12.638443520608268    0
3912    1371.6535165026899  3.6620500399077609  0    99
3913    2004.7419666016403  -8.140199616031417  0    99
3914    626.28978747241013  -6.7714415608568466  0    99
3915    1898.1880624376042  13.791346504686523  0    99
3916    844.77099768900632  10.586656396065498  0    99
3917    1998.7253367723888  -9.0151100791773189  0    99
3918    -82.157102832077399  -22.447261829555927  -29.903546687518432    0
3919    700  -2.632827412126951  4.0154288408032839    0
3920    905.33365477896064  -7.0257486073585458  -11.478735953680449    0
3921    1151.0986966018302  104.11830397585175  389.88056219097734    0
3922    972.67939908030417  7.4381783507401993  0    99
3923    1175  -3.176867942578379  -3.3228277404010105    0
3924    294.98312402038823  -0.19719870431612607  0    99
3925    1308.3682654003921  -199.337428409457  138.04903200212968    0
3926    1550  -3.4029914006061817  0    99
3927    1525.9991982194576  -4.6457844525404717  0    99
3928    1578.0233579465419  -13.571649121927454  -31.367661926732048    0
3929    1594.8532435006348  9.3193685196944269  0    99
3930    342.91929364742134  1645.2431799898936  -933.76355950883362    0
3931    319.99802186441411  22.519516831562189  14.853631672747285    0
3932    1168.5379003160081  -2.2938003405367393  0    99
3933    1153.6600815000718  -5.0246103901233612  -4.567076530744048    0
3934    1556.4064695600009  -4.7043721741873821  0    99
3935    200  -3.96678677550188  0    99
3936    1508.4362794238546  5.9737327463791452  10.730258594640416    0
3937    622.5237082614658  -4.9256615993094268  0    99
3938    667.96361554765076  8.8375471997988626  -8.1031864188521077    0
3939    1554.0296928305436  5.6654750850335764  6.1408683072940251    0
3940    1525  -2.8226723945366885  -3.9257642986296477    0
3941    1653.4434074719475  4.2027052597586039  0    99
3942    1867.4719099201809  -34.937804071499158  -28.293790229447339    0
3943    227.11351126394976  8.5199932894164441  0    99
3944    600  -0.24999999999999983  -3.5020226086569175    0
3945    625.34916224470396  -3.9256749262354576  0    99
3946    14996.573604060912  30000  14996.573604060915    1
3947    1623.9396233522571  -5.3800324153782171  0    99
3948    1906.6095329096108  -4.3526519588371375  -7.235408066154033    0
3949    632.36483102770762  -2.898468041413965  6.3909895055323265    0
3950    -2483.399984741734  -5403.4707116925347  0    99
3951    624.4260700163378  -5.8091271921921175  -5.1817087296839119    0
3952    397.08429917240824  6.6797764511322066  -5.449507837433111    0
3953    2017.2611647305073  -41.108096548791963  37.844976692646185    0
3954    1808.6043097720672  1.5064321294902008  8.1964149766912033    0
3955    550.69651244173633  -8.8847335260872402  8.0251666565248172    0
3956    333.84948098152591  192.87316934000273  114.78307286466084    0
3957    602.61965014845782  4.9086102924067063  0    99
3958    1543.7219320233157  -4.9047139727439273  0    99
3959    775  -3.2872435995216356  3.5711225907511168    0
3960    319.71063502301689  -39.567878204983913  -27.94042794095855    0
3961    1770.42860594835  1.373878098235747  0    99
3962    707.53165205071662  -7.9674236855766143  0    99
3963    350  -1.645020651437187  3.5405737393206871    0
3964    1549.487790024908  18.377438862928795  17.616725827182254    0
3965    605.99358342590608  11.235687874922448  0    99
3966    1227.8846131976661  25.201699798088637  -14.994512616007587    0
3967    382.3030588183081  35.529906237933233  39.476375184420121    0
3968    220.62634292323256  16.979820352572997  54.538488003309695    0
3969    977.87153122444897  4.3436779967661003  0    99
3970    1192.0410263751735  -5.2412313760076836  0    99
3971    -15000  11250  -30000    1
3972    205.96558272666493  -5.7348986426555726  0    99
3973    706.25348352040908  -7.7022094515205914  9.8649868962994791    0
3974    1780.1618933976238  -0.86352459681624971  0    99
3975    1443.1860183485817  -1.5957526320487965  5.6246538508918977    0
3976    1033.3652649333358  8.0530130663006396  10.363070329852871    0
3977    1421.4387867838423  7.9235986033304666  0    99
3978    871.71899220481134  1.3905038975943254  -5.1194244541585174    0
3979    847.70618758003798  -4.4346600677575694  0    99
3980    1152.879960888677  4.1730864664839178  0    99
3981    695.55587881033716  3.2673151153411908  0    99
3982    1628.9467445635346  -13.420796906044639  9.8823192997103444    0
3983    1157.2663921118708  -17.110557017451676  -9.5423814291425746    0
3984    1401.3964913658031  -5.2035222761920359  0    99
3985    -1362.6088021553624  -3939.2277080581384  -2176.9468106065979    0
3986    653.41115452645352  5.0542712687023492  -7.2578229617934991    0
3987    302.73984703450782  1.119923517253913  3.1309511097327491    0
3988    1685.6707611662659  -8.3524877298754205  -46.749652933695231    0
3989    633.4923725603719  -3.8776222991097669  -7.6571618575596085    0
3990    272.61687989426804  -5.7798322142623313  -6.1552098265012569    0
3991    793.59974684573331  6.2621169384288979  -8.4830612751992884    0
3992    68.403526883497577  0.70086971988395974  22.296212718419042    0
3993    603.82278969721801  1.4025174517848191  0    99
3994    1516.0907133033204  3.3043784074086604  7.1638208890427526    0
3995    795.82630354486594  1.102982364447282  0    99
3996    1576.3566294505213  -27.149716768517038  -15.28595649236116    0
3997    1202.7986495618418  4.5151041146762827  0    99
3998    1421.0309915060368  3.3361757401654693  0    99
3999    1817.4646514500027  -49.385101367436675  237.49679425751702    0
4000    1899.8513378863588  -4.4537816438162121  0    99
4001    -548.58236034416132  3909.2306337589685  0    99
4002    602.99358124803223  -6.3549574913659548  -6.7185482707450266    0
4003    1303.2478855886047  5.3181398932086346  0    99
4004    1767.0740838248671  1.6643222744157162  8.2485770164093655    0
4005    1221.8864030554023  1.7596713129247217  0    99
4006    973.64310920396053  -5.7291255044655029  0    99
4007    845.76073249562751  -4.9964841381056697  6.4538479562599509    0
4008    1725  -2.8358367569829053  3.2695723699879409    0
4009    1771.8489965043361  -4.8476508074825473  0    99
4010    444.84195053988896  0.044109481069432022  0    99
4011    1675  -2.6854547641637128  4.6732004504577569    0
4012    2082.9693008029253  -40.535576272212829  71.866493450129866    0
4013    1267.0047955625341  271.54933920548518  0    99
4014    766.41729350564481  13.096121808438998  12.836219511401053    0
4015    475.98132796254174  9.7998553129430359  -46.413423257124876    0
4016    1496.7673362811058  -33.628455841056493  -28.131560516887589    0
4017    1402.6082303703024  -8.7248611422273363  -8.2599880830432948    0
4018    904.40888254698802  -4.9537131470629205  0    99
4019    208.17200088476713  -10.883744646897441  114.88003262327328    0
4020    980.88903428597553  4.7321887620943066  -8.1582881382627637    0
4021    900.99781983162211  -4.4483017267627361  0    99
4022    1525.5770789130763  -7.4866081677234284  7.0264083601752709    0
4023    1144.2074211738416  18.022387825175773  -15.057967394112666    0
4024    875.76044604180845  -21.696886403378429  35.895842080632818    0
4025    -63.741562621456026  17.123624424978086  -23.350983410300156    0
4026    1219.0594304223373  -2.8117831076724431  0    99
4027    1155.7420608053637  7.3500205608647047  -8.2497242528225154    0
4028    1025  -3.5050337686095627  -3.6392556321668867    0
4029    1238.7648269680933  -13.735110722589964  -9.4093591067369537    0
4030    848.13235629761539  16.017450852010239  -13.384781946046008    0
4031    1149.6647789526201  435.4751484909566  0    99
4032    877.99153915144427  7.0299980175087411  0    99
4033    570.57284605481641  8.7562997469635278  9.7370234134353826    0
4034    891.27138651984296  2.08050578561393  -10.954355301155717    0
4035    1025  -3.5050337686095623  0    99
4036    1528.8807375857077  1.6903687928538083  0    99
4037    1592.3933266547533  48.302417698262964  0    99
4038    1192.6280777240572  7.4404943428191812  -9.5106007808525757    0
4039    904.22132650159426  -9.5324487960044806  8.3529623119303889    0
4040    1900.0740486131824  -7.2766662069653023  -9.2613591215023732    0
4041    1527.0424720728854  0.77123603644273364  -3.6012694645865126    0
4042    1529.6925818498673  9.6847574999084785  0    99
4043    202.46495042095455  0.98247521047726893  -3.2398406960474695    0
4044    1154.5119726688999  6.9523883378183715  7.9467662458556445    0
4045    1774.6997479827864  -3.9162669134569108  0    99
4046    1223.2580507327223  0.62097463363881467  -4.7490826868537948    0
4047    978.83692169570429  -5.3657322574576813  0    99
4048    1971.1499727568389  1.6750136215805396  -6.8875470851838463    0
4049    879.99120146485734  -7.8149572575369115  11.763242237663082    0
4050    227.33606700854276  0.91803350427137387  3.685170895025299    0
4051    1897.1886116892083  1.155694155395806  -3.5504300009154783    0
4052    428.70068995290075  26.648513202958096  24.535185002495961    0
4053    1170.697473826754  0.76572919032856301  0    99
4054    1847.5165020267871  -4.6124385781307105  0    99
4055    1178.4670689874642  2.1641610731366585  0    99
4056    1876.1064018806037  33.489740124263982  23.275038722897371    0
4057    703.84590198230921  1.6729509911545988  4.0947606879046452    0
4058    616.43542229002639  -191.76159584466177  -320.46750134763874    0
4059    725  -3.3573521213336326  -2.8426039153646192    0
4060    1003.9335897050119  24.408114161440356  25.027032367807202    0
4061    1674.9754990948218  -18.169034083783412  -10.956887895141161    0
4062    1332.1641434600615  18.682464007326296  -25.079450400300054    0
4063    1198.1515379334719  -5.7678458043233034  0    99
4064    770.3372587665408  1.5661609899463826  0    99
4065    -132.75500472898494  41.067479454331369  1313.1187112103585    0
4066    1873.0037654304913  0.7481172847543891  3.6754623352289091    0
4067    -74.164629465282616  -118.90960078667666  86.361834200884132    0
4068    669.47746911525894  -4.6153136299819542  -7.5826186805768403    0
4069    267.28883550194217  12.431953527728286  -17.884136504473069    0
4070    291.50676834749726  -1.2265804816935102  6.6094161255032171    0
4071    876.94610392703419  0.72305196351712164  -4.235929662903942    0
4072    792.06545380958619  -4.5873212885470647  7.8172774359163517    0
4073    775  -3.2872435995216356  -3.1521560241239097    0
4074    793.21079735200146  6.1076575971963587  8.8065290762543142    0
4075    1778.1723295091288  1.7063459558420306  0    99
4076    896.48128384521635  -15.702735746760407  -24.130472900335153    0
4077    519.29676728477125  21.836302224492151  21.344368632528649    0
4078    1968.8085936753844  -5.4688485332538708  0    99
4079    780.05321637207192  -6.0831653295581027  -9.4429647619227666    0
4080    1422.3670744183589  1.066462790820518  3.1916832803268043    0
4081    922.79127893968121  -16.821259968819579  -10.096689442693801    0
4082    652.18102130823968  -9.8226746494734751  8.9385109080046909    0
4083    1959.6214438051386  -16.001416673056262  -43.649828033506566    0
4084    1696.9677341715364  -8.1156076595001547  0    99
4085    1824.6369552897754  7.004480926132314  5.9640571874270982    0
4086    230.17419617216706  6.3062715459132477  10.105392897122687    0
4087    1979.1458087932024  -18.980576002675956  15.278613258438563    0
4088    475  -3.5866686360477864  0    99
4089    1167.8971543024034  0.45040506185349144  6.9763491580519768    0
4090    922.86347307269102  -19.829525831568453  11.175652326997739    0
4091    560.43244682472175  -10.817549028678151  -44.839425711433606    0
4092    1307.7358728864094  7.1865484369542401  8.9273370558130569    0
4093    1772.8745868683095  5.6667034260125302  0    99
4094    1667.8298542502587  -2.9709066642947923  0    99
4095    1676.6814032014588  7.9315695958090302  6.4783051150323292    0
4096    980.88903428597553  4.7321887620943066  7.4734832644908051    0
4097    1275.6184791176754  8.8745156084118246  0    99
4098    491.81833214436051  1.9413966295902596  7.813254717178177    0
4099    -5485.7177002111503  -5798.7002974498  -3962.1791581223561    0
4100    1329.7247894099726  4.5790184437355919  -6.4011544025546705    0
4101    737.35436188508356  -2.2764302598834023  -17.599331519611663    0
4102    1794.0630007647212  3.8336230911259075  0    99
4103    1597.5326158039609  34.052735455643237  0    99
4104    1146.7722627020009  -5.0246103901233612  -4.567076530744048    0
4105    617.34454378657563  8.1126825106277316  11.064855959498139    0
4106    4132.2725819626776  641.78898175031804  0    99
4107    2022.2674427574734  -34.261490302747085  -30.685215592065951    0
4108    1057.5949244506833  -5.5916203100950934  -9.3089588336769467    0
4109    -26.961400546321386  -50.257234674419955  -38.748636136687431    0
4110    368.32268731034799  6.5546532486285489  -8.6035385195245038    0
4111    1696.331354156978  4.3888169712731928  0    99
4112    1099.543564824655  -4.3708301975622117  0    99
4113    679.5135125333876  3.3323730762501871  5.8063373292837523    0
4114    1596.6913484209147  41.800932943436976  27.221027397197631    0
4115    1800  -2.1883763818654156  -8.2473038384273174    0
4116    234.1145153986977  -2.6196138986898418  9.7561825658227246    0
4117    -4.3483764522792523  -7.9986432671857646  0    99
4118    403.72681414683348  4.9569517983229421  5.3843745992312222    0
4119    1623.2777424187088  -8.2804467189030078  -8.1377809743020855    0
4120    199.62491367136718  8.2398813886955669  -6.6541895683856866    0
4121    1531.988712961682  -3.1068487764215185  0    99
4122    971.6118013926681  3.4160572914451044  0    99
4123    1850.6388603678395  -4.1375498526149528  0    99
4124    1551.8260013859785  -8.5580833816120396  9.133680335175649    0
4125    787.24729912163366  -10.502497920766826  -23.631599548548962    0
4126    546.89372845132971  6.6062024229756791  6.7062439752721748    0
4127    5753.0447569986054  178.89849306336043  -2080.8571800902309    0
4128    1530.4680239968966  4.0671590803775741  6.7171000971424624    0
4129    683.9854402631837  -3.1138760441772213  -8.5813469967329432    0
4130    1770.0121573297947  7.9824458372054083  -8.89392564405955    0
4131    1209.3815643598678  5.214612500738939  -10.123012630901146    0
4132    1591.774826010758  -4.6726444888783671  8.2634126693736274    0
4133    1177.8306638786953  6.0792858095603908  -5.707122498165158    0
4134    307.88862444226845  -6.0462448719739923  6.293823314760421    0
4135    534.36091110890982  -36.329732890986982  34.520290708422493    0
4136    970.21282834556428  5.9401363929000688  7.7339787588214888    0
4137    1801.0884138773254  -9.4731459043698294  8.4374678418956996    0
4138    619.5494010601152  0.81642332615660917  0    99
4139    829.89590761337695  1.9161195854218191  0    99
4140    1175  -3.6915783750771305  0    99
4141    471.48819397495066  3.7670452655660487  0    99
4142    1575.7680589424845  95.162545083808624  51.297874121850072    0
4143    1998.4389783536137  7.0825336190538204  0    99
4144    263.49022739048218  527.94071409633625  0    99
4145    1696.5179732890481  1.1260434877086019  0    99
4146    1546.9926510370301  -4.7043721741873874  4.2601779351294669    0
4147    1903.1172347938509  18.243420691705523  15.334356184651156    0
4148    1194.9181208215082  -7.5718136682282857  -8.1097114436595685    0
4149    1201.2891350894122  -4.4075420808884269  0    99
4150    575.8516485939216  -5.8269276633402081  0    99
4151    502.4658193933596  6.5776230693253037  -5.7826603141673223    0
4152    1792.9576935844766  -2.23342784951517  0    99
4153    903.06475421570406  -48.047277401177908  74.564636661508587    0
4154    1628.6721635087945  -10.113543485918541  -23.703361226805423    0
4155    976.13301824182736  -4.0181670135655025  0    99
4156    1232.7015360675396  370.95424839011343  193.4645844629483    0
4157    1602.8577278266982  -10.482223541527365  10.543476787653042    0
4158    1474.8355646952884  -0.16778234764418887  4.5394514657818599    0
4159    480.03165720704584  -4.9732881434031118  0    99
4160    750  -3.538968668115134  2.8883601141859447    0
4161    972.08804724207516  -9.4362601648825351  8.8823353159927052    0
4162    1475.3406635871902  -5.7289947796096579  0    99
4163    755.52374985759695  -5.8836457717937947  9.8874592703330038    0
4164    1658.8721110045915  -35.479928480687668  -96.623276617707859    0
4165    -63.741562621456026  17.123624424978086  21.120159821702611    0
4166    822.45725734737789  1.0213713263110291  -3.4911989601430902    0
4167    1843.595781741315  -3.4016608013963183  5.9041061336217249    0
4168    1178.4666866154375  -5.1001622345874011  4.6413458159097392    0
4169    396.73798332198891  6.0210911904228235  5.4576001031017611    0
4170    1625  -3.2042168600223877  -2.955446740481082    0
4171    189.64386143896766  -9.1235873649505947  0    99
4172    300.98552307367919  -5.88317926381478  -5.6170919464318354    0
4173    1478.7083554801829  -6.8820800901199375  8.5283876739129596    0
4174    1682.3214860464345  -7.2328371663584026  0    99
4175    1800  -3.2278035421084605  -3.827633978294001    0
4176    496.94018742726769  -8.1315831539568055  -92.434543671130655    0
4177    1561.8957253324918  -28.95273478536053  67.584474816522743    0
4178    270.13116767881445  -0.07481715152288293  0    99
4179    1435.5831085190616  -17.080901971413269  -28.720602772016232    0
4180    1472.1412391455838  6.5451732881136211  -5.8343423019395084    0
4181    -79.764132102480616  63.875128762910833  -39.787567866853422    0
4182    479.31581246940129  9.9755978170438766  0    99
4183    1320.7336083224468  -71.941642649241246  -36.562035316679207    0
4184    1546.9926510370301  -4.7043721741873874  -3.5139554897808338    0
4185    1173.2830000466881  -5.1407295867056124  4.671728500973134    0
4186    1694.7813977011292  7.6394277823378127  -8.8517831646176557    0
4187    1677.4074589035479  0.95372945177397783  3.7533510081532269    0
4188    759.37124475983626  -2.208918574488731  -10.48803685147762    0
4189    1147.8877587799188  45.128143659211631  -28.529985849073711    0
4190    1017.5030357489674  -3.5012693639522188  -6.9136754644441805    0
4191    1767.6709573848987  -6.0158207618934387  -8.283428719614129    0
4192    -112.85028680361083  163.00788534801387  -81.960033781911378    0
4193    -42.466136270607223  373.78407243512657  0    99
4194    1447.3540272232365  596.63864828656097  -299.38148003965375    0
4195    1704.4612285081291  7.4574268623259776  0    99
4196    1253.021247609722  -5.1574214979791675  -4.7040874131244035    0
4197    1418.0830474172487  -0.045804301156566751  9.5105190562338109    0
4198    491.99049474001282  1.386185790169125  -7.8831623278468026    0
4199    1303.8192245437158  -302.37433386131738  0    99
4200    1971.1499727568389  1.6750136215805389  0    99
4201    974.43166297983987  -17.156324474121668  -24.013348887397989    0
4202    208.00889847335492  19.742796554569804  14.013179620433801    0
4203    1307.2126938320268  -207.71184457061543  0    99
4204    1280.1430363504735  -138.29247192309134  -65.122242923149344    0
4205    1975  -0.24999999999999933  -3.9620218480839338    0
4206    477.32476693347451  -4.9732881434031126  4.5164595574855841    0
4207    1413.1083651459865  -8.5643952929551084  21.118090007550755    0
4208    1694.7813977011292  7.6394277823378127  9.1765051799518229    0
4209    375  -3.4776320679398585  3.0567253284574374    0
4210    1296.0678323041057  12.213319010608792  0    99
4211    1600  -4.9514598813149897  4.0909694124651654    0
4212    1177.8306638786953  6.0792858095603908  5.8164029499881682    0
4213    1718.1921386036065  -3.511993844594735  6.4759996860663191    0
4214    477.32476693347456  -4.9732881434031126  -4.5738607487164851    0
4215    1069.7605143804446  -199.13794831208804  -110.95241462439898    0
4216    1349.5212445859181  -109.27939680381482  105.97697642988848    0
4217    1685.5982242260309  -35.319449449227321  -28.62856660077988    0
4218    1992.7897124029323  -1.2712832131401024  -5.1420859898496758    0
4219    1992.7897124029323  -1.2712832131401024  5.7144371245309076    0
4220    483.18318653113795  -11.48303599799404  -8.6659497691531868    0
4221    2003.0128206626466  1.2564103313233024  3.2781374347738317    0
4222    1301.702082401843  -4.5074905467972446  0    99
4223    1016.9426599602281  5.8563734037158275  9.0487286764265384    0
4224    1613.4950061308245  -16.44183546927658  -19.392436207281996    0
4225    1318.5111265880309  6.889956261569548  8.6492538381034034    0
4226    1240.8977841524436  -35.167845254393242  -18.871629366752103    0
4227    1704.2917801825508  2.8047201911009014  0    99
4228    359.79601139304037  -2.8628947536580287  -9.5784468893657344    0
4229    1534.5398341347368  -6.0341035597979689  -9.3613473876258855    0
4230    1775.8829656791575  25.334831545577735  0    99
4231    468.74126149520805  -4.9732881434031135  0    99
4232    1600  -4.9514598813149906  0    99
4233    1028.8027734869329  3.5479654080263696  0    99
4234    1027.6910025226555  1.0955012613277009  -3.3486501077725324    0
4235    11875.29775971346  -3304.5559188829616  0    99
4236    631.76390030029199  5.2121540765914789  -8.2635662541567267    0
4237    196.25041808958017  5.0188551463006359  0    99
4238    1653.1857855464634  4.2039671171830166  -27.919298578388236    0
4239    1303.9571180286225  1.5068577037185993  0    99
4240    217.95333673858528  -4.271046743828613  7.9113163119104843    0
4241    523.17365328589131  39.786819481599842  0    99
4242    414.12735351100457  -5.4555748728118445  0    99
4243    420.04121799068321  39.396328900263207  72.217590785089953    0
4244    1928.675370916817  1643.8351381432933  -933.80055199525293    0
4245    777.16187237530369  0.83093618765187127  3.4326996459986572    0
4246    780.63779311447536  4.6865547777536447  -6.9478307043564591    0
4247    786.27067193900132  -3.2104663380730711  -59.315914330934973    0
4248    1391.7859247569434  3.7705312468921877  -8.4569492324705617    0
4249    1146.7192182334866  6.8706037410504415  0    99
4250    1022.2405422632073  1.1297288683963203  -4.7686093237812308    0
4251    1204.6405958843225  -4.8097324633061973  -5.9087846130561346    0
4252    974.85315859643538  23.180285377060201  19.069239927322752    0
4253    642.07415065757289  3.5479614047452745  8.0798138141740328    0
4254    3400.8672733190747  448.34998319547515  0    99
4255    1974.7178947625448  -7.0837901818747939  0    99
4256    1994.3244550540512  97.010515952796226  53.822715288679412    0
4257    913.20228420086403  -39.653046219615945  -23.549314511553746    0
4258    825  -3.7396352972631735  -3.6436609833223463    0
4259    1645.2262896549282  10.395637950680207  0    99
4260    2035.5713812156662  -123.37861091876968  84.334573750377629    0
4261    2967.2909720836433  165.54366946981384  0    99
4262    1773.7790392673207  -5.9266283284902741  -5.4757059180901377    0
4263    300.37866285633999  7.2368449248297093  6.882837163947114    0
4264    1675.3056355031022  24.081311585942256  0    99
4265    1575  -4.0317304302738979  4.1435445407134761    0
4266    93.313057711927001  1028.5103622485167  0    99
4267    1579.1548044813944  25.557179029415639  -44.163905441724253    0
4268    1222.741423032865  -5.2101097991316916  0    99
4269    1227.6158669901274  -10.264551550469294  9.5078842063820748    0
4270    1054.3854384503343  8.7645731164567202  -11.869271722878889    0
4271    2005.9419969931198  2.7494987704852694  -10.582141970222752    0
4272    1400.56098177985  6.8731963934195894  0    99
4273    1448.2304573403637  -4.9324108948038319  0    99
4274    1993.4860100645087  -11.562227999508551  -9.6158513781992738    0
4275    447.31528684592757  1.0923565770362231  -3.7962433973488086    0
4276    1229.6027800553493  190.82407810220644  100.83528364539842    0
4277    1669.4326881338948  4.2097196691637873  -6.5764987576001595    0
4278    1686.298921552547  57.228158388546269  0    99
4279    301.94702834982979  0.58065524008119151  16.951384187452263    0
4280    869.20202147983173  18.439771868675205  21.022130791610376    0
4281    1300  -3.0241785756915971  -2.9223112275894292    0
4282    1667.0096848052542  17.746519429254647  -14.262514433042632    0
4283    1214.588395852548  -2.0643622476309424  9.5500744286449795    0
4284    2001.2726938308626  -5.4077158605005922  0    99
4285    695.35867153262154  -7.7022094515205861  9.8649868962994773    0
4286    1653.8846230744966  -75.554785910215401  -45.379502626149659    0
4287    468.20143537868569  6.6198360295361951  -8.9678523718146916    0
4288    297.32821928521508  1.0858903573924557  3.1237999023394725    0
4289    1203.2242607104722  1.3254486229144447  0    99
4290    472.25177448707871  1.1241127564606535  -3.4078767084618433    0
4291    193.76237944001991  -4.4173444918067712  0    99
4292    1553.3394483257409  -3.3831263649091445  0    99
4293    1204.5666018638256  3.1277871130626771  -5.4578052505066434    0
4294    827.53078543084291  1.0153927154214757  -3.490090618469222    0
4295    205.06203447500684  4.0805745599010876  -9.4162495174266851    0
4296    631.26896180650431  -3.4802299851285681  0    99
4297    1772.6911953001099  0.90440234994504443  3.6263945209140651    0
4298    611.89207344982378  15.440060985749646  -10.69610004976272    0
4299    978.29587021585235  1.1954857757998765  0    99
4300    772.62657270715613  0.93671364642194965  3.4524485405147134    0
4301    697.26062827576061  1.1196858621197237  3.7593369401263432    0
4302    607.4777332811351  -1.200376887859135  -5.3346747754663451    0
4303    1220.6659203358422  3.686032848770318  5.4265742762508573    0
4304    624.9555356667455  50.684005297017151  0    99
4305    620.22200735671822  25.951719508868948  -30.884790944221407    0
4306    1796.5758272159192  1.4620863920404372  -4.7591182750382881    0
4307    694.98318162497537  9.3356294520719612  11.293689529471649    0
4308    1022.0425114030036  -4.8581560973085347  4.4133647996906218    0
4309    1027.96770140729  -4.8491558267896551  4.4071112200967573    0
4310    1852.153947655388  -5.8545497616014721  5.5764143031254614    0
4311    471.75713453786909  -37.611118224127118  -181.91909532972039    0
4312    1200.2899724751896  -6.4015830020744477  5.9072754595130146    0
4313    1167.8860229006805  0.45826217846429901  -6.5774313996240288    0
4314    721.73519727691723  -9.6372296840657121  -7.4902508333988216    0
4315    1802.6560138542845  1.0780069271422863  -4.3348842622366579    0
4316    782.65806384608493  -5.4766705779445326  8.7381770539744537    0
4317    1777.8418905079652  5.8713261136670774  4.8449272083252577    0
4318    1700.815237632454  -5.5956031615887438  0    99
4319    475  -2.100035496121464  -3.3573147646620951    0
4320    1233.3233299599003  -81.207063679000754  -48.007996224845883    0
4321    1299.6792633824914  19.050233984999103  20.479069573050467    0
4322    1793.3797020454026  4.4980095672061591  -16.408655474851848    0
4323    1795.5617897385257  0.42636181110931526  0    99
4324    6078.7478963895137  354.05415791542418  0    99
4325    827.53078543084291  1.0153927154214757  3.5282918535780694    0
4326    1641.8633617816436  17.476786213177149  -11.750261387660835    0
4327    1978.0340711950385  -4.6056538909513751  0    99
4328    2076.7292870550814  -52.507138270006379  -58.060498515206632    0
4329    1300  -3.0241785756915971  3.3030553117113417    0
4330    1182.9025994316501  17.641000737656146  -12.766966074325403    0
4331    1650.9411582513253  41.442795986021054  0    99
4332    207.14108916466506  -3.5824163171883399  -7.9745835697318297    0
4333    1570.5089332176933  47.186991050975585  72.793403913808731    0
4334    976.28419113603343  -6.9053906189625351  -6.6214634178980285    0
4335    975.75699255862821  -6.1381735826561155  5.5502628999217105    0
4336    1475  -3.2710369017351346  2.6551929214112819    0
4337    1551.6775246385189  -4.7043721741873856  4.1769940612966971    0
4338    1554.0501718031842  -5.9536933624448976  -5.8026855421738128    0
4339    272.44036620457109  1.0298168977144546  3.1604578518121413    0
4340    478.37792246577879  5.7951206338525472  5.5123625990470213    0
4341    478.37792246577885  5.7951206338525454  -5.5311284780045513    0
4342    1694.5397918651042  2.4402144730846924  -5.6375087723917865    0
4343    -118.81221131054451  479.1798539119041  -341.20902870809402    0
4344    368.65468056888119  -4.8990831462418383  8.2661789749237364    0
4345    1694.5102034913066  2.5691246904216598  5.6598967747336442    0
4346    1291.3654826373624  18.307094546101972  -11.442532576612759    0
4347    1280.866437498064  -139.36381280597564  66.904671736638704    0
4348    1307.2221833076403  -3.3008763215918808  0    99
4349    472.02423307950414  -4.9732881434031126  4.175412529232351    0
4350    30000  -30000  -15000    1
4351    9142.3452186751565  -2900.7931665843489  -4245.7913881143813    0
4352    195.22712046371183  0.91391342272756826  0    99
4353    775.6636782768868  7.2556081092882367  7.0951628726365499    0
4354    1780.8147301119207  16.167494643659033  9.6388816813846141    0
4355    2049.8018755784587  321.39702776763602  0    99
4356    1640.2201480045489  16.542826515068171  11.730667661548141    0
4357    304.01145332068995  -9.67392025245341  37.22902369752866    0
4358    1225.3171605533564  -3.8375956596484793  0    99
4359    1056.6466754105616  26.861021516649171  -25.946575221913697    0
4360    2018.8005106174874  11.599095474366164  -16.249445252059246    0
4361    1400.029981197704  11.767558968724941  9.9751926065459919    0
4362    1450  -3.2371945786609131  2.8993283082577817    0
4363    1675.9179494265591  42.274642524440864  0    99
4364    1224.8141073245249  -5.9966818630039906  5.3298379973559946    0
4365    1305.0118461219051  -4.6777600729886757  -7.6017744477736784    0
4366    1293.051746598552  -4.4418131936652365  -7.3332313843096397    0
4367    1982.1240701054999  -7.722883849474373  -5.4335069660192996    0
4368    2000  -3.2741607363669121  -3.198838469246736    0
4369    2000  -3.2741607363669121  3.3402423521768094    0
4370    1215.883551958083  -110.84110720490321  -164.67786423794905    0
4371    466.65608922712181  -2.4491772758898538  -9.8349130466327832    0
4372    1689.9568312499071  -0.11849801756797973  -15.941992511796174    0
4373    774.56682878169181  25.019317997177172  0    99
4374    627.21474363722916  19.215922862251333  -16.10687120038212    0
4375    766.29396835203977  -0.95959742366595835  10.10057063919071    0
4376    980.44906687678281  -1.929874339981454  4.3263788069837421    0
4377    718.43865478714167  -3.2935959776445634  -6.0328405595927963    0
4378    727.78933680618479  -23.190434321687281  -17.352875346794974    0
4379    1700  -3.2613115281464351  -2.8081187491527397    0
4380    1700  -3.2613115281464351  3.2051131870465288    0
4381    831.71906530762431  4.6107873145342477  10.990076143399349    0
4382    1974.9744756447685  -3.9692619948982526  0    99
4383    1471.7103541765632  -4.979516944249097  8.6866070405437341    0
4384    268.02506098469291  -2.9248306026920194  8.1817232815254162    0
4385    480.71464309078664  17.570652758627855  13.829795889742837    0
4386    1284.5786800804451  30.593698641646888  -32.048431253983608    0
4387    1306.2086774192635  -4.4360338271693003  7.4378724475737616    0
4388    30000  -11250.37499916675  -14999.999993333111    1
4389    18468.224084267749  -6071.6929825155166  -12359.550010532432    0
4390    2031.8235326688011  224.80217216883648  0    99
4391    1991.3039083240481  494.97659886589526  249.53329349550515    0
4392    283.79617815825407  -37.310633263709931  76.267078566385891    0
4393    2032.6735164564313  29.134550467848015  -40.812959273624735    0
4394    1671.4166463974932  56.479596910755689  -32.846081983441749    0
4395    1671.4166463974932  56.479596910755681  31.065791356076161    0
4396    2006.2660086091776  -6.4118240291617479  9.6860498782960711    0
4397    1996.9437480621507  -6.4118240291617479  9.6860498782960711    0
4398    1979.9759883995539  -19.473218059857604  -15.513208926645849    0
4399    2003.5492705765264  -6.8486236267301486  -10.25540067677829    0
4400    783.37848568776337  37.936472427934568  19.291530241870575    0
4401    1708.025098460256  -4.6736508247966793  7.8058761437073088    0
4402    1707.7874700211978  -4.4849735095931367  -7.6195924969832696    0
4403    1972.0315231091574  -5.2946487573711511  4.9678841763051498    0
4404    2060.3612748881565  269.46119804279527  177.09753209562606    0
4405    1797.7183947323783  1128.3069825063503  0    99
4406    2035.6544739338915  95.73251210813261  -67.947295333093138    0
4407    2048.505305280542  5.3480691479807234  -26.393724598539098    0
4408    1655.0584794547799  136.86018324150524  0    99
4409    1970.461966310105  -42.957974911187947  -33.173324211500386    0
4410    2077.1272115942052  294.93083642781318  533.97296124108823    0
4411    2162.8789523457349  88.962512048371849  -102.79521336021587    0
4412    1669.8766558748134  288.81319641013573  0    99
4413    1966.091650189283  -95.156791227800468  -56.949054077158522    0
4414    2621.3847923932653  114.6532030961302  0    99
4415    2403.958912834858  99.582703591732596  -376.86742978908205    0
4416    1684.877812093634  450.9949767049701  182.43590661881197    0
4417    1684.877812093634  450.9949767049701  -184.06548001267274    0
4418    2632.6084308103009  -668.60576377432415  -865.60227222082949    0
4419    1677.8794125363418  872.09627786857448  358.07873312487533    0
# Generated by tetgen -pq1.8kAaen CSEM_input_model.poly 
